file	percent	reads	taxon_id	taxon_name
ERR10036469.out	30.139774	50083087	74968	Ferroplasma
ERR10036469.out	22.916239	38079781	119977	Acidithiobacillus
ERR10036469.out	19.518358	32433543	1763	Mycobacterium
ERR10036469.out	1.196206	1987729	507753	Acidiplasma
ERR10036469.out	0.541202	899313	2302	Thermoplasma
ERR10036469.out	0.455249	756485	1747777	Cuniculiplasma
ERR10036469.out	0.360410	598891	46631	Picrophilus
ERR10036469.out	0.283936	471815	1866885	Mycolicibacterium
ERR10036469.out	0.136552	226908	286	Pseudomonas
ERR10036469.out	0.131104	217854	28033	Sulfobacillus
ERR10036469.out	0.123883	205856	1883	Streptomyces
ERR10036469.out	0.076975	127909	482135	Thermogymnomonas
ERR10036469.out	0.070029	116367	121038	Ferrimicrobium
ERR10036469.out	0.069024	114697	1827	Rhodococcus
ERR10036469.out	0.068017	113023	2490204	Candidatus Mancarchaeum
ERR10036469.out	0.062992	104674	1073531	Mycolicibacter
ERR10036469.out	0.049892	82906	1817	Nocardia
ERR10036469.out	0.046409	77117	670516	Mycobacteroides
ERR10036469.out	0.040797	67792	919	Thiobacillus
ERR10036469.out	0.039770	66085	44249	Paenibacillus
ERR10036469.out	0.039380	65437	32008	Burkholderia
ERR10036469.out	0.037113	61671	109262	Halothiobacillus
ERR10036469.out	0.036895	61309	522	Acidiphilium
ERR10036469.out	0.033235	55226	32012	Thiomonas
ERR10036469.out	0.031872	52961	12914	Acidianus
ERR10036469.out	0.030719	51045	2207	Methanosarcina
ERR10036469.out	0.027899	46360	1822464	Paraburkholderia
ERR10036469.out	0.025567	42484	1870884	Clostridioides
ERR10036469.out	0.024405	40553	1765964	Acidihalobacter
ERR10036469.out	0.023862	39652	445	Legionella
ERR10036469.out	0.023019	38250	1485	Clostridium
ERR10036469.out	0.022832	37940	1386	Bacillus
ERR10036469.out	0.022385	37197	2013	Nocardiopsis
ERR10036469.out	0.022183	36861	179	Leptospirillum
ERR10036469.out	0.021645	35968	2284	Sulfolobus
ERR10036469.out	0.021012	34916	1839	Nocardioides
ERR10036469.out	0.019863	33007	1716	Corynebacterium
ERR10036469.out	0.019617	32598	53634	Acidimicrobium
ERR10036469.out	0.018672	31027	469	Acinetobacter
ERR10036469.out	0.018259	30341	182639	Kribbella
ERR10036469.out	0.018070	30027	149698	Massilia
ERR10036469.out	0.017844	29651	106589	Cupriavidus
ERR10036469.out	0.017781	29546	1847	Pseudonocardia
ERR10036469.out	0.017546	29156	643949	Ferrithrix
ERR10036469.out	0.016965	28190	642	Aeromonas
ERR10036469.out	0.016755	27842	1663	Arthrobacter
ERR10036469.out	0.016723	27788	1813	Amycolatopsis
ERR10036469.out	0.016653	27672	1609233	Acidithrix
ERR10036469.out	0.016121	26788	65047	Mitsuaria
ERR10036469.out	0.015369	25538	164450	Vulcanisaeta
ERR10036469.out	0.015231	25309	379546	Aciduliprofundum
ERR10036469.out	0.014875	24718	29330	Alicyclobacillus
ERR10036469.out	0.014421	23964	570	Klebsiella
ERR10036469.out	0.014258	23692	379	Rhizobium
ERR10036469.out	0.014248	23676	2745	Halomonas
ERR10036469.out	0.014072	23383	986106	Acidiferrobacter
ERR10036469.out	0.013801	22933	231454	Dyella
ERR10036469.out	0.013317	22128	1854	Frankia
ERR10036469.out	0.012828	21316	1873	Micromonospora
ERR10036469.out	0.012559	20869	338	Xanthomonas
ERR10036469.out	0.012308	20452	914	Nitrosomonas
ERR10036469.out	0.012268	20385	848	Fusobacterium
ERR10036469.out	0.012257	20368	1678	Bifidobacterium
ERR10036469.out	0.011778	19571	68287	Mesorhizobium
ERR10036469.out	0.011731	19493	1865	Actinoplanes
ERR10036469.out	0.011609	19290	2053	Gordonia
ERR10036469.out	0.011351	18862	92793	Aquabacterium
ERR10036469.out	0.011281	18746	561	Escherichia
ERR10036469.out	0.011277	18739	329162	Chroogloeocystis
ERR10036469.out	0.011174	18567	364316	Verminephrobacter
ERR10036469.out	0.010946	18189	2005359	Faecalicatena
ERR10036469.out	0.010708	17794	2804231	Lederbergia
ERR10036469.out	0.010679	17745	1988	Actinomadura
ERR10036469.out	0.010628	17660	200414	Caldisphaera
ERR10036469.out	0.010422	17319	450526	Trichocoleus
ERR10036469.out	0.010397	17276	13687	Sphingomonas
ERR10036469.out	0.010230	16999	48736	Ralstonia
ERR10036469.out	0.010123	16821	662758	Candidatus Parvarchaeum
ERR10036469.out	0.010097	16778	40323	Stenotrophomonas
ERR10036469.out	0.009906	16460	374	Bradyrhizobium
ERR10036469.out	0.009788	16264	237	Flavobacterium
ERR10036469.out	0.009741	16186	662	Vibrio
ERR10036469.out	0.009539	15851	416	Methylomonas
ERR10036469.out	0.009371	15571	29580	Janthinobacterium
ERR10036469.out	0.009305	15462	83681	Nonomuraea
ERR10036469.out	0.009290	15437	47251	Leptolyngbya
ERR10036469.out	0.009241	15355	165696	Novosphingobium
ERR10036469.out	0.009096	15115	75309	Rhodanobacter
ERR10036469.out	0.008984	14929	41980	Metallosphaera
ERR10036469.out	0.008900	14789	84406	Virgibacillus
ERR10036469.out	0.008851	14707	5506	Fusarium
ERR10036469.out	0.008850	14706	2742	Marinobacter
ERR10036469.out	0.008822	14660	1152	Pseudanabaena
ERR10036469.out	0.008784	14597	1186	Calothrix
ERR10036469.out	0.008773	14578	665874	Limnohabitans
ERR10036469.out	0.008661	14392	34072	Variovorax
ERR10036469.out	0.008334	13848	29548	Rhodothermus
ERR10036469.out	0.008276	13752	416212	Ferrovum
ERR10036469.out	0.008216	13652	1835	Saccharopolyspora
ERR10036469.out	0.008143	13532	662756	Candidatus Micrarchaeum
ERR10036469.out	0.008087	13438	1551504	Candidatus Babela
ERR10036469.out	0.007962	13230	119979	Thermithiobacillus
ERR10036469.out	0.007858	13058	222	Achromobacter
ERR10036469.out	0.007717	12823	114248	Tepidimonas
ERR10036469.out	0.007686	12772	52972	Polaromonas
ERR10036469.out	0.007605	12638	33882	Microbacterium
ERR10036469.out	0.007556	12556	33057	Thauera
ERR10036469.out	0.007548	12543	12916	Acidovorax
ERR10036469.out	0.007469	12411	46913	Devosia
ERR10036469.out	0.007392	12284	327159	Candidatus Accumulibacter
ERR10036469.out	0.007383	12268	429	Methylobacter
ERR10036469.out	0.007317	12158	173479	Gemmatimonas
ERR10036469.out	0.007265	12073	401469	Undibacterium
ERR10036469.out	0.007036	11692	28453	Sphingobacterium
ERR10036469.out	0.006942	11535	1827195	Caballeronia
ERR10036469.out	0.006873	11421	75654	Duganella
ERR10036469.out	0.006844	11372	68	Lysobacter
ERR10036469.out	0.006807	11311	2597221	Candidatus Acididesulfobacter
ERR10036469.out	0.006678	11096	209	Helicobacter
ERR10036469.out	0.006554	10890	1344552	Noviherbaspirillum
ERR10036469.out	0.006488	10781	963	Herbaspirillum
ERR10036469.out	0.006459	10733	482	Neisseria
ERR10036469.out	0.006438	10698	106633	Thioalkalivibrio
ERR10036469.out	0.006384	10609	50709	Acidocella
ERR10036469.out	0.006366	10579	2571160	Trinickia
ERR10036469.out	0.006310	10485	101191	Methanomethylovorans
ERR10036469.out	0.006294	10459	434	Acetobacter
ERR10036469.out	0.006129	10184	517	Bordetella
ERR10036469.out	0.006046	10047	1707	Cellulomonas
ERR10036469.out	0.006014	9994	175304	Lentibacillus
ERR10036469.out	0.005885	9779	2705406	Sulfuracidifex
ERR10036469.out	0.005880	9770	357	Agrobacterium
ERR10036469.out	0.005830	9688	35832	Bilophila
ERR10036469.out	0.005788	9618	84567	Pedobacter
ERR10036469.out	0.005759	9569	2220	Methanolobus
ERR10036469.out	0.005701	9473	5884	Paramecium
ERR10036469.out	0.005690	9455	453161	Candidatus Nitrotoga
ERR10036469.out	0.005676	9431	547	Enterobacter
ERR10036469.out	0.005654	9395	1218803	Metallibacterium
ERR10036469.out	0.005636	9365	1751296	Sinirhodobacter
ERR10036469.out	0.005633	9361	1778653	Sulfuriferula
ERR10036469.out	0.005603	9310	673534	Plantactinospora
ERR10036469.out	0.005544	9212	1392997	Candidatus Methanoperedens
ERR10036469.out	0.005540	9205	47204	Pyronema
ERR10036469.out	0.005523	9177	13724	Thiocystis
ERR10036469.out	0.005520	9172	2321	Methanohalobium
ERR10036469.out	0.005473	9095	125216	Roseomonas
ERR10036469.out	0.005467	9085	1350	Enterococcus
ERR10036469.out	0.005345	8881	1234	Nitrospira
ERR10036469.out	0.005326	8851	626	Xenorhabdus
ERR10036469.out	0.005295	8799	191	Azospirillum
ERR10036469.out	0.005287	8785	57493	Kocuria
ERR10036469.out	0.005258	8738	12960	Azoarcus
ERR10036469.out	0.005249	8722	37914	Dietzia
ERR10036469.out	0.005248	8721	5379	Suillus
ERR10036469.out	0.005242	8711	623276	Maritalea
ERR10036469.out	0.005187	8619	2263	Thermococcus
ERR10036469.out	0.005177	8602	1129	Synechococcus
ERR10036469.out	0.005107	8487	129337	Geobacillus
ERR10036469.out	0.005089	8457	407	Methylobacterium
ERR10036469.out	0.005014	8331	872	Desulfovibrio
ERR10036469.out	0.004921	8177	1301	Streptococcus
ERR10036469.out	0.004909	8157	47420	Hydrogenophaga
ERR10036469.out	0.004887	8120	838	Prevotella
ERR10036469.out	0.004848	8056	305976	Pusillimonas
ERR10036469.out	0.004836	8036	2126330	Candidatus Kentron
ERR10036469.out	0.004820	8010	890	Desulfuromonas
ERR10036469.out	0.004810	7993	34067	Cycloclasticus
ERR10036469.out	0.004788	7956	2828348	Occultella
ERR10036469.out	0.004773	7932	2222	Methanothrix
ERR10036469.out	0.004732	7863	28228	Colwellia
ERR10036469.out	0.004728	7857	110932	Leifsonia
ERR10036469.out	0.004695	7801	1279	Staphylococcus
ERR10036469.out	0.004674	7766	2100760	Saccharolobus
ERR10036469.out	0.004670	7760	45989	Methanoculleus
ERR10036469.out	0.004667	7755	3052	Chlamydomonas
ERR10036469.out	0.004610	7661	249529	Caldanaerobacter
ERR10036469.out	0.004605	7652	62608	Thermocladium
ERR10036469.out	0.004571	7596	1298	Deinococcus
ERR10036469.out	0.004553	7565	5754	Acanthamoeba
ERR10036469.out	0.004534	7534	358023	Lutibacter
ERR10036469.out	0.004477	7439	1654	Actinomyces
ERR10036469.out	0.004442	7382	2233	Archaeoglobus
ERR10036469.out	0.004442	7381	283	Comamonas
ERR10036469.out	0.004428	7358	165779	Anaerococcus
ERR10036469.out	0.004411	7329	2172	Methanobrevibacter
ERR10036469.out	0.004367	7256	1253	Pediococcus
ERR10036469.out	0.004335	7204	53246	Pseudoalteromonas
ERR10036469.out	0.004329	7194	5094	Talaromyces
ERR10036469.out	0.004278	7109	5820	Plasmodium
ERR10036469.out	0.004258	7075	44013	Polynucleobacter
ERR10036469.out	0.004246	7056	64968	Marinospirillum
ERR10036469.out	0.004228	7026	53460	Nakamurella
ERR10036469.out	0.004196	6973	182899	Persephonella
ERR10036469.out	0.004170	6929	2980	Tribonema
ERR10036469.out	0.004152	6899	395331	Methanoregula
ERR10036469.out	0.004127	6857	28231	Geobacter
ERR10036469.out	0.004081	6782	535	Chromobacterium
ERR10036469.out	0.004020	6680	413	Methylococcus
ERR10036469.out	0.003998	6643	1203	Scytonema
ERR10036469.out	0.003977	6609	5052	Aspergillus
ERR10036469.out	0.003971	6598	242605	Luteibacter
ERR10036469.out	0.003938	6544	93217	Pandoraea
ERR10036469.out	0.003932	6534	256616	Parvibaculum
ERR10036469.out	0.003913	6503	511745	Methylacidiphilum
ERR10036469.out	0.003851	6399	28067	Rubrivivax
ERR10036469.out	0.003843	6386	38501	Blastococcus
ERR10036469.out	0.003830	6364	2282740	Desulfallas
ERR10036469.out	0.003797	6309	228398	Streptacidiphilus
ERR10036469.out	0.003790	6298	107	Spirosoma
ERR10036469.out	0.003778	6278	305899	Endozoicomonas
ERR10036469.out	0.003774	6271	1643951	Pseudothermotoga
ERR10036469.out	0.003771	6266	48073	Microbulbifer
ERR10036469.out	0.003766	6258	85074	Halochromatium
ERR10036469.out	0.003715	6173	89966	Hymenobacter
ERR10036469.out	0.003706	6158	69578	Cryobacterium
ERR10036469.out	0.003703	6154	81416	Methanofollis
ERR10036469.out	0.003652	6069	940557	Granulicella
ERR10036469.out	0.003643	6053	2040	Aeromicrobium
ERR10036469.out	0.003612	6002	102234	Cyanobacterium
ERR10036469.out	0.003593	5970	570266	Methanocella
ERR10036469.out	0.003592	5968	1073	Rhodopseudomonas
ERR10036469.out	0.003542	5886	2063	Kitasatospora
ERR10036469.out	0.003529	5864	33877	Agromyces
ERR10036469.out	0.003487	5795	43356	Kutzneria
ERR10036469.out	0.003441	5718	1860	Geodermatophilus
ERR10036469.out	0.003414	5673	2420	Thermosipho
ERR10036469.out	0.003397	5644	695999	Actinophytocola
ERR10036469.out	0.003390	5633	363276	Ktedonobacter
ERR10036469.out	0.003340	5550	1156568	Methylovirgula
ERR10036469.out	0.003335	5542	2316	Methanosphaera
ERR10036469.out	0.003320	5516	73029	Dechloromonas
ERR10036469.out	0.003318	5513	1091	Chlorobium
ERR10036469.out	0.003261	5418	400657	Hydrocoleum
ERR10036469.out	0.003253	5406	83618	Pseudoxanthomonas
ERR10036469.out	0.003250	5400	72763	Tessaracoccus
ERR10036469.out	0.003207	5329	85043	Williamsia
ERR10036469.out	0.003200	5318	648800	Solibacillus
ERR10036469.out	0.003194	5308	375288	Parabacteroides
ERR10036469.out	0.003191	5302	613	Serratia
ERR10036469.out	0.003188	5298	682522	Ilumatobacter
ERR10036469.out	0.003181	5286	165301	Lentzea
ERR10036469.out	0.003175	5276	27331	Protomyces
ERR10036469.out	0.003152	5238	40222	Methylophaga
ERR10036469.out	0.003146	5228	2260	Pyrococcus
ERR10036469.out	0.003146	5228	202746	Sulfurimonas
ERR10036469.out	0.003143	5222	2767892	Secundilactobacillus
ERR10036469.out	0.003142	5221	28065	Rhodoferax
ERR10036469.out	0.003140	5217	2192	Methanocorpusculum
ERR10036469.out	0.003128	5198	265	Paracoccus
ERR10036469.out	0.003128	5198	744724	Halarchaeum
ERR10036469.out	0.003124	5191	329857	Cohnella
ERR10036469.out	0.003123	5189	75687	Neptunomonas
ERR10036469.out	0.003120	5185	2794998	Maridesulfovibrio
ERR10036469.out	0.003104	5158	2820403	Rhabdothermincola
ERR10036469.out	0.003094	5141	1060	Rhodobacter
ERR10036469.out	0.003064	5091	85072	Allochromatium
ERR10036469.out	0.003060	5085	73778	Methylocaldum
ERR10036469.out	0.003053	5073	4842	Rhizopus
ERR10036469.out	0.003039	5050	28253	Marinomonas
ERR10036469.out	0.002996	4979	1649642	Oleiagrimonas
ERR10036469.out	0.002992	4971	1030	Thiothrix
ERR10036469.out	0.002972	4938	832	Fibrobacter
ERR10036469.out	0.002905	4828	35829	Acetivibrio
ERR10036469.out	0.002896	4813	666508	Phycisphaera
ERR10036469.out	0.002888	4799	1696	Brevibacterium
ERR10036469.out	0.002873	4774	2675234	Alkalihalobacillus
ERR10036469.out	0.002869	4768	1051	Ectothiorhodospira
ERR10036469.out	0.002865	4761	1322061	Rhizoctonia
ERR10036469.out	0.002864	4759	896	Desulfococcus
ERR10036469.out	0.002856	4745	83677	Thermobifida
ERR10036469.out	0.002855	4744	5179	Sclerotinia
ERR10036469.out	0.002848	4733	4821	Piromyces
ERR10036469.out	0.002833	4708	2795777	Maioricimonas
ERR10036469.out	0.002822	4689	203470	Tepidiphilus
ERR10036469.out	0.002809	4667	400947	Deefgea
ERR10036469.out	0.002794	4642	317661	Quadrisphaera
ERR10036469.out	0.002774	4610	83551	Parachlamydia
ERR10036469.out	0.002769	4602	1021	Beggiatoa
ERR10036469.out	0.002768	4599	2160	Methanobacterium
ERR10036469.out	0.002762	4590	165695	Sphingobium
ERR10036469.out	0.002743	4558	810	Chlamydia
ERR10036469.out	0.002733	4541	5690	Trypanosoma
ERR10036469.out	0.002729	4534	830	Butyrivibrio
ERR10036469.out	0.002729	4534	2489210	Candidatus Aramenus
ERR10036469.out	0.002728	4533	2767842	Lactiplantibacillus
ERR10036469.out	0.002706	4496	1400133	Allobacillus
ERR10036469.out	0.002701	4489	1912216	Cutibacterium
ERR10036469.out	0.002694	4476	22	Shewanella
ERR10036469.out	0.002683	4458	171	Leptospira
ERR10036469.out	0.002669	4435	35798	Nitrosospira
ERR10036469.out	0.002663	4425	352450	Simplicispira
ERR10036469.out	0.002659	4418	59753	Alcanivorax
ERR10036469.out	0.002659	4418	196118	Methanocaldococcus
ERR10036469.out	0.002650	4404	1056	Thiocapsa
ERR10036469.out	0.002626	4364	2005	Microbispora
ERR10036469.out	0.002595	4312	240411	Chitinimonas
ERR10036469.out	0.002589	4302	136491	Atopobacter
ERR10036469.out	0.002586	4297	2017961	Sulfodiicoccus
ERR10036469.out	0.002584	4294	5320	Pleurotus
ERR10036469.out	0.002579	4286	102106	Collinsella
ERR10036469.out	0.002578	4284	65502	Cryptosporangium
ERR10036469.out	0.002542	4224	28050	Lachnospira
ERR10036469.out	0.002532	4208	58120	Planotetraspora
ERR10036469.out	0.002509	4169	79206	Desulfosporosinus
ERR10036469.out	0.002488	4135	528	Ochrobactrum
ERR10036469.out	0.002480	4121	2060	Tsukamurella
ERR10036469.out	0.002480	4121	106591	Ensifer
ERR10036469.out	0.002476	4115	1335483	Shimwellia
ERR10036469.out	0.002460	4087	1155385	Proteiniclasticum
ERR10036469.out	0.002454	4077	2000	Streptosporangium
ERR10036469.out	0.002450	4071	544	Citrobacter
ERR10036469.out	0.002441	4057	41949	Candidatus Microthrix
ERR10036469.out	0.002435	4046	2383	Epulopiscium
ERR10036469.out	0.002423	4026	2767879	Companilactobacillus
ERR10036469.out	0.002418	4018	2370	Xylella
ERR10036469.out	0.002404	3995	102231	Gloeocapsa
ERR10036469.out	0.002404	3995	1884934	Paramaledivibacter
ERR10036469.out	0.002392	3975	29404	Microlunatus
ERR10036469.out	0.002384	3961	44000	Caldicellulosiruptor
ERR10036469.out	0.002373	3944	39773	Methylomicrobium
ERR10036469.out	0.002372	3941	513557	Syntrophorhabdus
ERR10036469.out	0.002364	3928	293088	Martelella
ERR10036469.out	0.002362	3925	117156	Actinopolymorpha
ERR10036469.out	0.002361	3923	41674	Stygiolobus
ERR10036469.out	0.002337	3883	2422	Fervidobacterium
ERR10036469.out	0.002330	3872	762296	Methylovulum
ERR10036469.out	0.002325	3863	47	Archangium
ERR10036469.out	0.002323	3860	20	Phenylobacterium
ERR10036469.out	0.002310	3838	365348	Pelosinus
ERR10036469.out	0.002305	3831	194	Campylobacter
ERR10036469.out	0.002291	3807	2335	Thermotoga
ERR10036469.out	0.002287	3800	2750262	Leekyejoonella
ERR10036469.out	0.002268	3769	226	Alteromonas
ERR10036469.out	0.002256	3749	2034	Curtobacterium
ERR10036469.out	0.002255	3747	2879	Ectocarpus
ERR10036469.out	0.002242	3726	551	Erwinia
ERR10036469.out	0.002234	3712	191494	Conexibacter
ERR10036469.out	0.002207	3667	96	Gallionella
ERR10036469.out	0.002206	3666	79328	Chitinophaga
ERR10036469.out	0.002197	3651	2276	Pyrobaculum
ERR10036469.out	0.002191	3641	1914449	Rugosibacter
ERR10036469.out	0.002186	3633	2949	Symbiodinium
ERR10036469.out	0.002186	3633	233189	Anaerolinea
ERR10036469.out	0.002183	3628	2789775	Actinomarinicola
ERR10036469.out	0.002181	3624	174951	Ramlibacter
ERR10036469.out	0.002160	3589	590	Salmonella
ERR10036469.out	0.002155	3581	349	Zoogloea
ERR10036469.out	0.002148	3570	1347386	Anaerosalibacter
ERR10036469.out	0.002131	3541	2799491	Antrihabitans
ERR10036469.out	0.002124	3530	1843210	Anaerocolumna
ERR10036469.out	0.002119	3521	71655	Brenneria
ERR10036469.out	0.002102	3493	44471	Microcoleus
ERR10036469.out	0.002088	3470	1107	Chloroflexus
ERR10036469.out	0.002081	3458	145260	Methanothermobacter
ERR10036469.out	0.002079	3454	157	Treponema
ERR10036469.out	0.002078	3453	39845	Actinokineospora
ERR10036469.out	0.002075	3448	270	Thermus
ERR10036469.out	0.002069	3438	186650	Microvirga
ERR10036469.out	0.002044	3397	75	Caulobacter
ERR10036469.out	0.002044	3396	414715	Actinospica
ERR10036469.out	0.002038	3386	1101	Prosthecochloris
ERR10036469.out	0.002016	3350	2779861	Linnemannia
ERR10036469.out	0.002005	3331	1064	Rhodocyclus
ERR10036469.out	0.001999	3321	1079922	Commensalibacter
ERR10036469.out	0.001994	3314	59613	Skermania
ERR10036469.out	0.001993	3311	551759	Aromatoleum
ERR10036469.out	0.001983	3295	202907	Collimonas
ERR10036469.out	0.001974	3281	142577	Prauserella
ERR10036469.out	0.001972	3277	118	Planctomyces
ERR10036469.out	0.001972	3277	36862	Ideonella
ERR10036469.out	0.001970	3273	497726	Nitrososphaera
ERR10036469.out	0.001964	3263	105850	Acidilobus
ERR10036469.out	0.001958	3254	60136	Sulfitobacter
ERR10036469.out	0.001943	3228	46254	Oenococcus
ERR10036469.out	0.001940	3223	35823	Arthrospira
ERR10036469.out	0.001940	3223	112040	Zobellia
ERR10036469.out	0.001922	3194	81	Hyphomicrobium
ERR10036469.out	0.001912	3177	40544	Sutterella
ERR10036469.out	0.001900	3157	588605	Robinsoniella
ERR10036469.out	0.001898	3154	441	Gluconobacter
ERR10036469.out	0.001897	3152	2529408	Schaalia
ERR10036469.out	0.001891	3142	469322	Steroidobacter
ERR10036469.out	0.001884	3131	1541670	Methylacidimicrobium
ERR10036469.out	0.001884	3131	2126281	Mycolicibacillus
ERR10036469.out	0.001882	3128	53335	Pantoea
ERR10036469.out	0.001881	3125	2071	Saccharothrix
ERR10036469.out	0.001869	3105	127457	Thiobaca
ERR10036469.out	0.001867	3103	338191	Nitrosopumilus
ERR10036469.out	0.001863	3095	1403714	Parapusillimonas
ERR10036469.out	0.001857	3086	423349	Mucilaginibacter
ERR10036469.out	0.001857	3085	53457	Janibacter
ERR10036469.out	0.001848	3070	2077	Sporolactobacillus
ERR10036469.out	0.001847	3069	50935	Physcia
ERR10036469.out	0.001841	3060	34008	Rhodovulum
ERR10036469.out	0.001835	3050	318147	Paucibacter
ERR10036469.out	0.001833	3046	219181	Ottowia
ERR10036469.out	0.001831	3043	281915	Curvibacter
ERR10036469.out	0.001829	3040	2795779	Rosistilla
ERR10036469.out	0.001828	3038	239759	Alistipes
ERR10036469.out	0.001819	3022	335058	Pelomonas
ERR10036469.out	0.001818	3021	55968	Leucobacter
ERR10036469.out	0.001812	3011	55080	Brevibacillus
ERR10036469.out	0.001803	2996	290425	Advenella
ERR10036469.out	0.001799	2990	458032	Chloracidobacterium
ERR10036469.out	0.001797	2986	893	Desulfobulbus
ERR10036469.out	0.001794	2981	773	Bartonella
ERR10036469.out	0.001789	2973	85079	Thiohalocapsa
ERR10036469.out	0.001789	2972	274591	Hoeflea
ERR10036469.out	0.001787	2970	281472	Jiangella
ERR10036469.out	0.001786	2968	38832	Micromonas
ERR10036469.out	0.001779	2956	104267	Tenacibaculum
ERR10036469.out	0.001779	2956	152267	Pigmentiphaga
ERR10036469.out	0.001778	2954	50714	Acidisphaera
ERR10036469.out	0.001777	2953	2779937	Podila
ERR10036469.out	0.001777	2952	76886	Caldivirga
ERR10036469.out	0.001775	2949	5296	Puccinia
ERR10036469.out	0.001768	2938	246875	Algoriphagus
ERR10036469.out	0.001767	2937	265570	Sulfurovum
ERR10036469.out	0.001767	2937	2767073	Trebonia
ERR10036469.out	0.001767	2936	13134	Magnetospirillum
ERR10036469.out	0.001766	2935	1649465	Luteibaculum
ERR10036469.out	0.001764	2931	58842	Sagittula
ERR10036469.out	0.001762	2928	65551	Meiothermus
ERR10036469.out	0.001756	2918	1569	Sporosarcina
ERR10036469.out	0.001752	2911	312063	Azohydromonas
ERR10036469.out	0.001749	2906	414371	Aureimonas
ERR10036469.out	0.001742	2894	44055	Aureococcus
ERR10036469.out	0.001737	2886	596499	Nitriliruptor
ERR10036469.out	0.001730	2874	32207	Rothia
ERR10036469.out	0.001723	2863	120831	Dyadobacter
ERR10036469.out	0.001716	2851	655184	Candidatus Thioglobus
ERR10036469.out	0.001714	2848	100860	Aphanomyces
ERR10036469.out	0.001712	2844	183669	Macromonas
ERR10036469.out	0.001708	2839	82105	Cladophialophora
ERR10036469.out	0.001707	2837	1998	Planomonospora
ERR10036469.out	0.001702	2829	741759	Tomitella
ERR10036469.out	0.001701	2827	2490452	Serpentinomonas
ERR10036469.out	0.001670	2775	1612157	Pararhodospirillum
ERR10036469.out	0.001657	2753	204037	Dickeya
ERR10036469.out	0.001654	2748	413435	Solimonas
ERR10036469.out	0.001643	2730	2147	Acholeplasma
ERR10036469.out	0.001638	2722	970	Selenomonas
ERR10036469.out	0.001631	2711	1073987	Halorientalis
ERR10036469.out	0.001630	2709	1525371	Neorhizobium
ERR10036469.out	0.001624	2699	65007	Planoprotostelium
ERR10036469.out	0.001621	2693	1760987	Methylomagnum
ERR10036469.out	0.001614	2682	133	Methylocystis
ERR10036469.out	0.001609	2674	1177	Nostoc
ERR10036469.out	0.001602	2662	221427	Polytolypa
ERR10036469.out	0.001592	2645	629	Yersinia
ERR10036469.out	0.001592	2645	39643	Sorangium
ERR10036469.out	0.001585	2634	1855416	Qipengyuania
ERR10036469.out	0.001584	2632	245876	Nitratireductor
ERR10036469.out	0.001584	2632	407217	Aquitalea
ERR10036469.out	0.001583	2631	5073	Penicillium
ERR10036469.out	0.001580	2625	223927	Oxalicibacterium
ERR10036469.out	0.001563	2597	90974	Acrocarpospora
ERR10036469.out	0.001562	2596	71927	Termitomyces
ERR10036469.out	0.001559	2590	16	Methylophilus
ERR10036469.out	0.001559	2590	776	Coxiella
ERR10036469.out	0.001551	2577	5455	Colletotrichum
ERR10036469.out	0.001548	2573	29487	Photorhabdus
ERR10036469.out	0.001547	2570	816	Bacteroides
ERR10036469.out	0.001544	2566	47670	Lautropia
ERR10036469.out	0.001538	2555	168658	Rhodoblastus
ERR10036469.out	0.001527	2537	1273155	Thiohalobacter
ERR10036469.out	0.001526	2536	1229970	Glaciimonas
ERR10036469.out	0.001525	2534	48075	Marinobacterium
ERR10036469.out	0.001524	2533	265975	Oribacterium
ERR10036469.out	0.001514	2515	1511694	Thioalbus
ERR10036469.out	0.001513	2514	467975	Iamia
ERR10036469.out	0.001512	2512	88138	Modestobacter
ERR10036469.out	0.001512	2512	1080709	Methanomassiliicoccus
ERR10036469.out	0.001508	2506	204456	Gemmobacter
ERR10036469.out	0.001506	2503	84565	Sodalis
ERR10036469.out	0.001504	2500	414878	Catenulispora
ERR10036469.out	0.001503	2497	1579505	Rubripirellula
ERR10036469.out	0.001498	2489	57488	Thiorhodococcus
ERR10036469.out	0.001498	2489	1648491	Aquihabitans
ERR10036469.out	0.001497	2488	402649	Actinomycetospora
ERR10036469.out	0.001486	2470	59732	Chryseobacterium
ERR10036469.out	0.001480	2459	256319	Chlorobaculum
ERR10036469.out	0.001465	2435	1434050	Zhongshania
ERR10036469.out	0.001462	2429	2599625	Candidatus Dormibacter
ERR10036469.out	0.001457	2421	4919	Pichia
ERR10036469.out	0.001442	2396	475	Moraxella
ERR10036469.out	0.001437	2388	1434032	Pontimonas
ERR10036469.out	0.001436	2386	57739	Vogesella
ERR10036469.out	0.001430	2377	165697	Sphingopyxis
ERR10036469.out	0.001422	2363	54066	Xylophilus
ERR10036469.out	0.001420	2360	28219	Brachymonas
ERR10036469.out	0.001414	2350	2831443	Heliomicrobium
ERR10036469.out	0.001408	2340	235888	Salinibacterium
ERR10036469.out	0.001407	2338	88	Leptothrix
ERR10036469.out	0.001406	2337	497	Psychrobacter
ERR10036469.out	0.001403	2332	236756	Candidatus Scalindua
ERR10036469.out	0.001403	2331	53357	Intrasporangium
ERR10036469.out	0.001402	2329	1218	Prochlorococcus
ERR10036469.out	0.001400	2327	100715	Chloroherpeton
ERR10036469.out	0.001393	2314	45654	Desulfonema
ERR10036469.out	0.001391	2311	1783488	Phytoactinopolyspora
ERR10036469.out	0.001389	2308	437504	Granulosicoccus
ERR10036469.out	0.001388	2307	5948	Stylonychia
ERR10036469.out	0.001384	2299	2202177	Candidatus Methylumidiphilus
ERR10036469.out	0.001375	2284	1579476	Candidatus Chloroploca
ERR10036469.out	0.001374	2283	5251	Ceratobasidium
ERR10036469.out	0.001374	2283	697025	Hoyosella
ERR10036469.out	0.001368	2273	33981	Kineococcus
ERR10036469.out	0.001366	2270	83461	Corallococcus
ERR10036469.out	0.001359	2258	321315	Sphaerisporangium
ERR10036469.out	0.001358	2257	290174	Aquimarina
ERR10036469.out	0.001358	2256	1357	Lactococcus
ERR10036469.out	0.001354	2250	2321111	Aliarcobacter
ERR10036469.out	0.001353	2248	300264	Silvimonas
ERR10036469.out	0.001351	2245	1433992	Chitinivorax
ERR10036469.out	0.001344	2234	127	Isosphaera
ERR10036469.out	0.001343	2231	80865	Delftia
ERR10036469.out	0.001341	2228	1400859	Candidatus Contendobacter
ERR10036469.out	0.001337	2221	129001	Syntrophothermus
ERR10036469.out	0.001334	2217	2817139	Weizmannia
ERR10036469.out	0.001329	2209	507	Alcaligenes
ERR10036469.out	0.001317	2188	42255	Rubrobacter
ERR10036469.out	0.001313	2182	3071	Chlorella
ERR10036469.out	0.001313	2182	83614	Luteimonas
ERR10036469.out	0.001313	2181	1436289	Candidatus Symbiobacter
ERR10036469.out	0.001311	2178	97050	Ruegeria
ERR10036469.out	0.001306	2170	2767880	Dellaglioa
ERR10036469.out	0.001305	2169	1676142	Wenzhouxiangella
ERR10036469.out	0.001303	2166	1433987	Amantichitinum
ERR10036469.out	0.001297	2156	1742993	Pseudarthrobacter
ERR10036469.out	0.001288	2140	2330	Halanaerobium
ERR10036469.out	0.001277	2122	303379	Herminiimonas
ERR10036469.out	0.001276	2120	43668	Brachybacterium
ERR10036469.out	0.001274	2117	146937	Azospira
ERR10036469.out	0.001273	2116	86671	Roseospira
ERR10036469.out	0.001270	2111	125287	Ornithinimicrobium
ERR10036469.out	0.001268	2107	91942	Hortaea
ERR10036469.out	0.001267	2106	2433	Roseobacter
ERR10036469.out	0.001267	2106	182709	Oceanobacillus
ERR10036469.out	0.001260	2093	1074468	Candidimonas
ERR10036469.out	0.001251	2079	2282742	Desulfofarcimen
ERR10036469.out	0.001242	2063	1765682	Acidibacillus
ERR10036469.out	0.001235	2053	53318	Desulfocapsa
ERR10036469.out	0.001231	2045	352	Azotobacter
ERR10036469.out	0.001228	2040	1099	Pelodictyon
ERR10036469.out	0.001225	2035	4855	Mortierella
ERR10036469.out	0.001223	2033	46239	Mesoplasma
ERR10036469.out	0.001223	2032	154116	Georgenia
ERR10036469.out	0.001220	2028	57494	Nesterenkonia
ERR10036469.out	0.001219	2025	958	Bdellovibrio
ERR10036469.out	0.001214	2018	56747	Fibularhizoctonia
ERR10036469.out	0.001206	2004	178898	Carboxydocella
ERR10036469.out	0.001204	2001	5723	Tritrichomonas
ERR10036469.out	0.001204	2001	378210	Methyloversatilis
ERR10036469.out	0.001204	2000	768669	Thermogemmatispora
ERR10036469.out	0.001196	1988	62703	Oidium
ERR10036469.out	0.001195	1985	234	Brucella
ERR10036469.out	0.001193	1983	2837485	Evansella
ERR10036469.out	0.001193	1982	190818	Geoglobus
ERR10036469.out	0.001192	1980	2175	Methanohalophilus
ERR10036469.out	0.001186	1971	1578	Lactobacillus
ERR10036469.out	0.001181	1963	6	Azorhizobium
ERR10036469.out	0.001173	1949	577469	Demequina
ERR10036469.out	0.001173	1949	1738658	Sulfurirhabdus
ERR10036469.out	0.001172	1947	1995	Microtetraspora
ERR10036469.out	0.001170	1944	104175	Oscillochloris
ERR10036469.out	0.001170	1944	2024965	Dictyobacter
ERR10036469.out	0.001169	1942	13	Dictyoglomus
ERR10036469.out	0.001167	1939	2597222	Candidatus Acidulodesulfobacterium
ERR10036469.out	0.001166	1938	1849	Actinopolyspora
ERR10036469.out	0.001158	1925	456492	Saccharibacillus
ERR10036469.out	0.001157	1922	83867	Palaeococcus
ERR10036469.out	0.001157	1922	907364	Phytohabitans
ERR10036469.out	0.001153	1916	2425	Teredinibacter
ERR10036469.out	0.001153	1916	1524249	Pseudohongiella
ERR10036469.out	0.001148	1907	99479	Tetrasphaera
ERR10036469.out	0.001145	1903	2822410	Methylotuvimicrobium
ERR10036469.out	0.001136	1887	28100	Phyllobacterium
ERR10036469.out	0.001134	1884	75905	Thermocrinis
ERR10036469.out	0.001131	1879	1132027	Chromatocurvus
ERR10036469.out	0.001127	1872	1434001	Extensimonas
ERR10036469.out	0.001127	1872	1649468	Melaminivora
ERR10036469.out	0.001124	1867	184923	Methylocapsa
ERR10036469.out	0.001118	1858	69655	Sulfurisphaera
ERR10036469.out	0.001115	1852	41275	Brevundimonas
ERR10036469.out	0.001111	1846	404432	Salinicola
ERR10036469.out	0.001108	1841	2675232	Neobacillus
ERR10036469.out	0.001107	1839	1227	Nitrosococcus
ERR10036469.out	0.001104	1834	1237	Piscirickettsia
ERR10036469.out	0.001100	1828	1078904	Candidatus Nitrosotalea
ERR10036469.out	0.001099	1827	1851	Saccharomonospora
ERR10036469.out	0.001099	1827	85413	Bosea
ERR10036469.out	0.001085	1803	46352	Agrococcus
ERR10036469.out	0.001081	1796	35127	Thalassiosira
ERR10036469.out	0.001075	1787	285107	Thioclava
ERR10036469.out	0.001072	1781	44675	Geothrix
ERR10036469.out	0.001071	1780	160800	Methylosarcina
ERR10036469.out	0.001071	1780	2571199	Tengunoibacter
ERR10036469.out	0.001068	1775	63132	Geitlerinema
ERR10036469.out	0.001068	1775	162289	Peptoniphilus
ERR10036469.out	0.001068	1774	99	Ancylobacter
ERR10036469.out	0.001063	1766	53244	Desulfonatronovibrio
ERR10036469.out	0.001051	1746	568394	Pseudogulbenkiania
ERR10036469.out	0.001048	1741	213485	Micavibrio
ERR10036469.out	0.001043	1733	316612	Methylibium
ERR10036469.out	0.001042	1731	65496	Actinoalloteichus
ERR10036469.out	0.001039	1726	74721	Stachybotrys
ERR10036469.out	0.001039	1726	2039723	Thiomicrorhabdus
ERR10036469.out	0.001036	1722	2109346	Parvibium
ERR10036469.out	0.001035	1720	151754	Xenophilus
ERR10036469.out	0.001031	1714	2249	Halococcus
ERR10036469.out	0.001031	1713	111782	Tolypothrix
ERR10036469.out	0.001027	1707	2071614	Raineya
ERR10036469.out	0.001025	1704	390988	Actinocatenispora
ERR10036469.out	0.001025	1703	299566	Adhaeribacter
ERR10036469.out	0.001023	1700	146936	Azonexus
ERR10036469.out	0.001022	1699	1335745	Spiribacter
ERR10036469.out	0.001022	1698	33886	Rathayibacter
ERR10036469.out	0.001019	1693	541	Zymomonas
ERR10036469.out	0.001019	1693	58113	Glycomyces
ERR10036469.out	0.001015	1686	2375	Sporomusa
ERR10036469.out	0.001014	1685	2680020	Tautonia
ERR10036469.out	0.001012	1682	86795	Marmoricola
ERR10036469.out	0.001012	1681	669368	Coleofasciculus
ERR10036469.out	0.001007	1674	1434011	Komagataeibacter
ERR10036469.out	0.001005	1670	1458928	Okeania
ERR10036469.out	0.001003	1666	1755683	Candidatus Berkiella
ERR10036469.out	0.001001	1664	1096776	Flexivirga
ERR10036469.out	0.001001	1663	253183	Myceligenerans
ERR10036469.out	0.001001	1663	360239	Tepidicella
ERR10036469.out	0.001000	1661	43773	Syntrophus
ERR10036469.out	0.000999	1660	28236	Petrotoga
ERR10036469.out	0.000999	1660	877559	Thecamonas
ERR10036469.out	0.000997	1657	1068	Rhodomicrobium
ERR10036469.out	0.000994	1652	5931	Ichthyophthirius
ERR10036469.out	0.000994	1652	70994	Lewinella
ERR10036469.out	0.000994	1651	359407	Methylotenera
ERR10036469.out	0.000991	1646	1890407	Candidatus Nanopusillus
ERR10036469.out	0.000988	1642	311181	Denitratisoma
ERR10036469.out	0.000986	1638	4783	Phytophthora
ERR10036469.out	0.000982	1631	2866728	Reticulibacter
ERR10036469.out	0.000980	1629	35812	Roseococcus
ERR10036469.out	0.000980	1628	349742	Sedimenticola
ERR10036469.out	0.000979	1627	32	Myxococcus
ERR10036469.out	0.000974	1619	28105	Sinorhizobium
ERR10036469.out	0.000969	1611	1621534	Paraglaciecola
ERR10036469.out	0.000966	1606	104204	Streptomonospora
ERR10036469.out	0.000962	1598	244364	Methylohalobius
ERR10036469.out	0.000961	1597	52959	Polaribacter
ERR10036469.out	0.000961	1597	1502941	Pleionea
ERR10036469.out	0.000957	1590	28443	Herbidospora
ERR10036469.out	0.000951	1581	315078	Cudoniella
ERR10036469.out	0.000951	1580	5569	Cenococcum
ERR10036469.out	0.000942	1566	157920	Cellulosimicrobium
ERR10036469.out	0.000942	1566	265488	Rhodopirellula
ERR10036469.out	0.000939	1561	2270	Thermoproteus
ERR10036469.out	0.000939	1560	207599	Solirubrobacter
ERR10036469.out	0.000935	1553	1754	Thermoanaerobacter
ERR10036469.out	0.000935	1553	2303498	Candidatus Nanoclepta
ERR10036469.out	0.000934	1552	2662170	Gandjariella
ERR10036469.out	0.000933	1551	4888	Smittium
ERR10036469.out	0.000930	1546	155977	Acaryochloris
ERR10036469.out	0.000930	1545	568988	Candidatus Regiella
ERR10036469.out	0.000929	1544	2302914	Chloropicon
ERR10036469.out	0.000921	1530	1075397	Halolamina
ERR10036469.out	0.000920	1529	33986	Exiguobacterium
ERR10036469.out	0.000920	1528	29002	Cercospora
ERR10036469.out	0.000920	1528	55528	Guillardia
ERR10036469.out	0.000915	1521	40751	Thioploca
ERR10036469.out	0.000915	1520	1048752	Candidatus Caldarchaeum
ERR10036469.out	0.000913	1517	724	Haemophilus
ERR10036469.out	0.000912	1515	1005722	Phormidesmis
ERR10036469.out	0.000910	1512	35753	Dactylosporangium
ERR10036469.out	0.000907	1507	586	Providencia
ERR10036469.out	0.000906	1505	1198243	Rugosimonospora
ERR10036469.out	0.000904	1503	1434010	Jatrophihabitans
ERR10036469.out	0.000892	1483	180541	Salinisphaera
ERR10036469.out	0.000886	1472	218207	Desulfatibacillum
ERR10036469.out	0.000886	1472	1425377	Haloechinothrix
ERR10036469.out	0.000883	1468	230666	Chitinibacter
ERR10036469.out	0.000883	1468	2136118	Candidatus Sulfopaludibacter
ERR10036469.out	0.000882	1466	2019	Thermomonospora
ERR10036469.out	0.000882	1466	1565313	Methyloprofundus
ERR10036469.out	0.000881	1464	2498709	Candidatus Cryosericum
ERR10036469.out	0.000877	1458	85076	Marichromatium
ERR10036469.out	0.000873	1450	1129704	Kyrpidia
ERR10036469.out	0.000867	1441	53365	Catellatospora
ERR10036469.out	0.000867	1441	133193	Alkalilimnicola
ERR10036469.out	0.000867	1440	422440	Stenoxybacter
ERR10036469.out	0.000864	1435	33973	Acidobacterium
ERR10036469.out	0.000862	1433	3066	Volvox
ERR10036469.out	0.000860	1429	1744881	Sulfuricaulis
ERR10036469.out	0.000858	1425	2733	Symbiobacterium
ERR10036469.out	0.000857	1424	2678534	Corticimicrobacter
ERR10036469.out	0.000856	1422	55193	Malassezia
ERR10036469.out	0.000850	1413	2029	Kibdelosporangium
ERR10036469.out	0.000847	1407	5782	Dictyostelium
ERR10036469.out	0.000846	1406	81461	Thermanaerovibrio
ERR10036469.out	0.000841	1397	49184	Kineosporia
ERR10036469.out	0.000841	1397	2864378	Carbonactinospora
ERR10036469.out	0.000840	1396	2717339	Rhabdaerophilum
ERR10036469.out	0.000835	1387	89583	Gluconacetobacter
ERR10036469.out	0.000833	1384	626119	Ruania
ERR10036469.out	0.000832	1383	279	Xanthobacter
ERR10036469.out	0.000832	1383	482460	Sediminibacillus
ERR10036469.out	0.000832	1383	945733	Hyella
ERR10036469.out	0.000829	1378	1125	Microcystis
ERR10036469.out	0.000827	1374	1649479	Permianibacter
ERR10036469.out	0.000826	1372	377315	Mariprofundus
ERR10036469.out	0.000824	1369	1154	Spirulina
ERR10036469.out	0.000819	1361	359336	Castellaniella
ERR10036469.out	0.000818	1359	1920515	Actinocrinis
ERR10036469.out	0.000816	1356	1502725	Effusibacillus
ERR10036469.out	0.000815	1355	1679449	Pseudooceanicola
ERR10036469.out	0.000812	1350	367298	Phycicoccus
ERR10036469.out	0.000811	1348	122277	Pectobacterium
ERR10036469.out	0.000811	1347	44011	Ferrimonas
ERR10036469.out	0.000808	1342	2132	Spiroplasma
ERR10036469.out	0.000802	1332	64001	Nevskia
ERR10036469.out	0.000801	1331	1637	Listeria
ERR10036469.out	0.000800	1330	568987	Candidatus Hamiltonella
ERR10036469.out	0.000800	1329	89404	Glaciecola
ERR10036469.out	0.000797	1325	1263	Ruminococcus
ERR10036469.out	0.000797	1324	191373	Pelotomaculum
ERR10036469.out	0.000797	1324	217161	Chamaesiphon
ERR10036469.out	0.000796	1323	45667	Halobacillus
ERR10036469.out	0.000795	1321	596707	Sinomonas
ERR10036469.out	0.000792	1316	904708	Arenicella
ERR10036469.out	0.000790	1313	265980	Alkalimonas
ERR10036469.out	0.000788	1309	204446	Zavarzinia
ERR10036469.out	0.000788	1309	748770	Dolichospermum
ERR10036469.out	0.000786	1306	60919	Sanguibacter
ERR10036469.out	0.000783	1301	195964	Asanoa
ERR10036469.out	0.000782	1299	161492	Anaeromyxobacter
ERR10036469.out	0.000781	1297	265487	Blastopirellula
ERR10036469.out	0.000779	1295	1918540	Muribaculum
ERR10036469.out	0.000776	1289	182269	Aurantimonas
ERR10036469.out	0.000776	1289	1329200	Fictibacillus
ERR10036469.out	0.000775	1287	1620700	Alkalinema
ERR10036469.out	0.000774	1286	1129544	Rhizophagus
ERR10036469.out	0.000773	1285	114627	Alkaliphilus
ERR10036469.out	0.000773	1284	1730	Eubacterium
ERR10036469.out	0.000772	1283	2225	Methanococcoides
ERR10036469.out	0.000772	1283	85947	Didymosphaeria
ERR10036469.out	0.000770	1279	2603324	Acidibrevibacterium
ERR10036469.out	0.000769	1278	1648508	Ciceribacter
ERR10036469.out	0.000766	1273	556178	Humibacillus
ERR10036469.out	0.000763	1268	5269	Ustilago
ERR10036469.out	0.000763	1268	135575	Idiomarina
ERR10036469.out	0.000762	1266	1742990	Paeniglutamicibacter
ERR10036469.out	0.000761	1264	1826864	Candidatus Nitrosocosmicus
ERR10036469.out	0.000759	1262	1234545	Parasphingopyxis
ERR10036469.out	0.000757	1258	1929135	Halofilum
ERR10036469.out	0.000750	1246	121820	Roseinatronobacter
ERR10036469.out	0.000747	1241	1743	Propionibacterium
ERR10036469.out	0.000746	1240	392735	Uliginosibacterium
ERR10036469.out	0.000743	1234	198251	Candidatus Pelagibacter
ERR10036469.out	0.000743	1234	1499082	Sulfurisoma
ERR10036469.out	0.000741	1232	2759736	Lacticaseibacillus
ERR10036469.out	0.000740	1230	373984	Rivularia
ERR10036469.out	0.000740	1229	85108	Halorhodospira
ERR10036469.out	0.000738	1227	1236218	Melghirimyces
ERR10036469.out	0.000737	1224	2320199	Abyssibacter
ERR10036469.out	0.000734	1220	400634	Lysinibacillus
ERR10036469.out	0.000732	1217	1844270	Stenomitos
ERR10036469.out	0.000731	1214	121087	Ostreobium
ERR10036469.out	0.000729	1212	1255275	Oceanotoga
ERR10036469.out	0.000729	1212	1742989	Glutamicibacter
ERR10036469.out	0.000728	1209	965	Oceanospirillum
ERR10036469.out	0.000726	1206	1155738	Moorea
ERR10036469.out	0.000725	1205	5761	Naegleria
ERR10036469.out	0.000720	1197	70774	Hydrogenophilus
ERR10036469.out	0.000719	1195	58108	Actinocorallia
ERR10036469.out	0.000717	1192	168934	Thalassospira
ERR10036469.out	0.000717	1192	2800373	Priestia
ERR10036469.out	0.000717	1191	1784953	Sediminivirga
ERR10036469.out	0.000717	1191	2793122	Vallicoccus
ERR10036469.out	0.000716	1190	65504	Virgisporangium
ERR10036469.out	0.000714	1187	630749	Spongiibacter
ERR10036469.out	0.000712	1183	254250	Isoptericola
ERR10036469.out	0.000707	1175	490567	Arenimonas
ERR10036469.out	0.000707	1174	2767358	Mycoplasmopsis
ERR10036469.out	0.000706	1173	504090	Kushneria
ERR10036469.out	0.000705	1171	1114981	Piscinibacter
ERR10036469.out	0.000702	1167	908623	Euzebya
ERR10036469.out	0.000700	1164	1047	Chromatium
ERR10036469.out	0.000699	1162	57133	Hydnum
ERR10036469.out	0.000699	1162	1747770	Egibacter
ERR10036469.out	0.000697	1159	404	Methylobacillus
ERR10036469.out	0.000695	1155	28209	Chelatococcus
ERR10036469.out	0.000695	1155	869806	Marivirga
ERR10036469.out	0.000694	1154	644355	Inhella
ERR10036469.out	0.000693	1152	2058951	Tieghemostelium
ERR10036469.out	0.000691	1149	45234	Cordyceps
ERR10036469.out	0.000691	1149	685950	Fervidicoccus
ERR10036469.out	0.000691	1148	42054	Chromohalobacter
ERR10036469.out	0.000689	1145	1742983	Occallatibacter
ERR10036469.out	0.000687	1142	1676125	Thermogutta
ERR10036469.out	0.000687	1141	5579	Aureobasidium
ERR10036469.out	0.000687	1141	267849	Nitrincola
ERR10036469.out	0.000685	1139	1295378	Methylogaea
ERR10036469.out	0.000684	1136	1907535	Candidatus Thiosymbion
ERR10036469.out	0.000682	1134	2249306	Solimicrobium
ERR10036469.out	0.000682	1133	41247	Mycena
ERR10036469.out	0.000681	1132	190972	Sedimentibacter
ERR10036469.out	0.000681	1132	573139	Shimia
ERR10036469.out	0.000681	1132	2720802	Candidatus Avispirillum
ERR10036469.out	0.000678	1127	1031282	Candidatus Marithrix
ERR10036469.out	0.000677	1125	5712	Bodo
ERR10036469.out	0.000676	1124	5533	Rhodotorula
ERR10036469.out	0.000674	1120	2742598	Limosilactobacillus
ERR10036469.out	0.000671	1115	44258	Caloramator
ERR10036469.out	0.000668	1110	203697	Derxia
ERR10036469.out	0.000668	1110	238749	Diaphorobacter
ERR10036469.out	0.000666	1107	1217416	Halioglobus
ERR10036469.out	0.000665	1105	702	Plesiomonas
ERR10036469.out	0.000664	1103	12967	Blastocystis
ERR10036469.out	0.000660	1097	2029873	Monaibacterium
ERR10036469.out	0.000659	1095	171673	Inquilinus
ERR10036469.out	0.000659	1095	204447	Skermanella
ERR10036469.out	0.000659	1095	1434021	Motilibacter
ERR10036469.out	0.000658	1094	904	Acidaminococcus
ERR10036469.out	0.000656	1090	34102	Sphaerotilus
ERR10036469.out	0.000656	1090	295418	Rubellimicrobium
ERR10036469.out	0.000655	1088	1266053	Algiphilus
ERR10036469.out	0.000654	1087	86017	Salpingoeca
ERR10036469.out	0.000654	1087	492233	Thiohalorhabdus
ERR10036469.out	0.000651	1081	2813788	Litchfieldia
ERR10036469.out	0.000649	1079	1543705	Nitrospirillum
ERR10036469.out	0.000644	1070	54260	Ferroglobus
ERR10036469.out	0.000640	1064	1033	Afipia
ERR10036469.out	0.000640	1064	515417	Amphritea
ERR10036469.out	0.000639	1062	1185872	Desertifilum
ERR10036469.out	0.000638	1060	1562	Desulfotomaculum
ERR10036469.out	0.000634	1054	2719313	Enterocloster
ERR10036469.out	0.000632	1051	84646	Candidatus Odyssella
ERR10036469.out	0.000632	1051	1544982	Mizugakiibacter
ERR10036469.out	0.000631	1049	1257	Peptostreptococcus
ERR10036469.out	0.000631	1049	74030	Roseovarius
ERR10036469.out	0.000631	1049	1912923	Candidatus Syntrophoarchaeum
ERR10036469.out	0.000631	1048	1857932	Parahaliea
ERR10036469.out	0.000630	1047	67575	Rheinheimera
ERR10036469.out	0.000629	1046	255204	Pseudoclavibacter
ERR10036469.out	0.000629	1046	2791032	Candolleomyces
ERR10036469.out	0.000629	1045	32014	Iodobacter
ERR10036469.out	0.000629	1045	53392	Thiodictyon
ERR10036469.out	0.000628	1044	683756	Kinneretia
ERR10036469.out	0.000627	1042	1775292	Motiliproteus
ERR10036469.out	0.000625	1039	1847725	Lawsonella
ERR10036469.out	0.000623	1035	167375	Cyanobium
ERR10036469.out	0.000620	1031	56688	Halorubrum
ERR10036469.out	0.000620	1030	160795	Ureibacillus
ERR10036469.out	0.000620	1030	596495	Sciscionella
ERR10036469.out	0.000619	1029	1148163	Paralcaligenes
ERR10036469.out	0.000616	1024	65097	Euhalothece
ERR10036469.out	0.000616	1024	458839	Actinotalea
ERR10036469.out	0.000615	1022	425	Methylosinus
ERR10036469.out	0.000611	1016	572511	Blautia
ERR10036469.out	0.000607	1008	2865859	Arenibaculum
ERR10036469.out	0.000605	1006	286104	Winogradskyella
ERR10036469.out	0.000605	1005	1508537	Kallotenue
ERR10036469.out	0.000604	1003	56433	Couchioplanes
ERR10036469.out	0.000602	1000	648799	Thermotalea
ERR10036469.out	0.000600	997	1011	Sporocytophaga
ERR10036469.out	0.000599	996	28048	Acidothermus
ERR10036469.out	0.000599	996	689760	Planosporangium
ERR10036469.out	0.000598	994	2735	Verrucomicrobium
ERR10036469.out	0.000598	994	1193503	Gilliamella
ERR10036469.out	0.000598	993	613121	Smaragdicoccus
ERR10036469.out	0.000598	993	1924097	Senegalia
ERR10036469.out	0.000596	991	526215	Thalassobaculum
ERR10036469.out	0.000595	988	1170227	Candidatus Methylomirabilis
ERR10036469.out	0.000594	987	2239	Halobacterium
ERR10036469.out	0.000594	987	445219	Reyranella
ERR10036469.out	0.000593	986	1041	Erythrobacter
ERR10036469.out	0.000592	983	141948	Thermomonas
ERR10036469.out	0.000592	983	1184396	Mesotoga
ERR10036469.out	0.000590	980	5658	Leishmania
ERR10036469.out	0.000590	980	89956	Polarella
ERR10036469.out	0.000589	979	46255	Weissella
ERR10036469.out	0.000589	978	5277	Leucosporidium
ERR10036469.out	0.000587	976	1912215	Acidipropionibacterium
ERR10036469.out	0.000585	972	2675231	Mesobacillus
ERR10036469.out	0.000585	972	2767887	Ligilactobacillus
ERR10036469.out	0.000584	971	300275	Lachancea
ERR10036469.out	0.000582	967	400060	Paludibacterium
ERR10036469.out	0.000582	967	472058	Schumannella
ERR10036469.out	0.000581	966	1940136	Tibeticola
ERR10036469.out	0.000581	965	5962	Stentor
ERR10036469.out	0.000578	960	2289	Desulfobacter
ERR10036469.out	0.000577	959	4753	Pneumocystis
ERR10036469.out	0.000575	956	388463	Edaphobacter
ERR10036469.out	0.000572	951	1232	Nitrosovibrio
ERR10036469.out	0.000572	951	2813766	Candidatus Laterigemmans
ERR10036469.out	0.000571	948	429014	Desulfopila
ERR10036469.out	0.000568	944	898	Desulfomicrobium
ERR10036469.out	0.000568	944	2747271	Calidithermus
ERR10036469.out	0.000566	941	28263	Arcanobacterium
ERR10036469.out	0.000566	940	133407	Acytostelium
ERR10036469.out	0.000563	936	286130	Sulfuricurvum
ERR10036469.out	0.000561	933	1825023	Candidatus Nitrosotenuis
ERR10036469.out	0.000561	932	29465	Veillonella
ERR10036469.out	0.000559	929	41891	Coccomyxa
ERR10036469.out	0.000559	929	136099	Knoellia
ERR10036469.out	0.000558	928	2202	Methanospirillum
ERR10036469.out	0.000558	928	189330	Dorea
ERR10036469.out	0.000558	927	451512	Mangrovibacter
ERR10036469.out	0.000558	927	885864	Jeongeupia
ERR10036469.out	0.000555	923	263377	Salipiger
ERR10036469.out	0.000553	919	2713642	Methylicorpusculum
ERR10036469.out	0.000552	918	1193515	Snodgrassella
ERR10036469.out	0.000552	917	2040262	Allobranchiibius
ERR10036469.out	0.000549	912	35838	Holophaga
ERR10036469.out	0.000549	912	1522056	Flaviflexus
ERR10036469.out	0.000548	910	172900	Victivallis
ERR10036469.out	0.000548	910	2717325	Brevilactibacter
ERR10036469.out	0.000547	909	45669	Salinicoccus
ERR10036469.out	0.000546	908	1861863	Sinimarinibacterium
ERR10036469.out	0.000546	908	2137425	Novimethylophilus
ERR10036469.out	0.000545	905	33951	Acetobacterium
ERR10036469.out	0.000545	905	82986	Tatumella
ERR10036469.out	0.000544	904	490731	Kwoniella
ERR10036469.out	0.000544	904	574786	Mytilinidion
ERR10036469.out	0.000542	901	46432	Reticulomyxa
ERR10036469.out	0.000542	901	2282523	Methylorubrum
ERR10036469.out	0.000542	900	2299	Desulfosarcina
ERR10036469.out	0.000540	897	585890	Chitiniphilus
ERR10036469.out	0.000539	895	117999	Denitrovibrio
ERR10036469.out	0.000538	894	2058187	Cavenderia
ERR10036469.out	0.000536	891	40	Stigmatella
ERR10036469.out	0.000536	890	55	Polyangium
ERR10036469.out	0.000536	890	217063	Oleomonas
ERR10036469.out	0.000534	888	13289	Tilletia
ERR10036469.out	0.000533	886	459520	Neptuniibacter
ERR10036469.out	0.000532	884	1141978	Candidatus Magnetomorum
ERR10036469.out	0.000531	882	599651	Bermanella
ERR10036469.out	0.000530	881	93	Stella
ERR10036469.out	0.000530	881	397275	Andreprevotia
ERR10036469.out	0.000530	881	1240886	Oculatella
ERR10036469.out	0.000530	880	168694	Salinispora
ERR10036469.out	0.000527	876	1740	Thermodesulfobacterium
ERR10036469.out	0.000527	875	85	Hyphomonas
ERR10036469.out	0.000527	875	1768185	Terracidiphilus
ERR10036469.out	0.000525	872	5529	Metarhizium
ERR10036469.out	0.000525	872	204475	Gemmiger
ERR10036469.out	0.000521	866	29407	Rhodoplanes
ERR10036469.out	0.000521	865	2184	Methanococcus
ERR10036469.out	0.000519	862	1249554	Aliidiomarina
ERR10036469.out	0.000516	858	1495038	Mesoaciditoga
ERR10036469.out	0.000516	857	2661779	Sapientia
ERR10036469.out	0.000516	857	2811380	Entomobacter
ERR10036469.out	0.000513	853	335405	Sphingosinicella
ERR10036469.out	0.000513	852	29521	Brachyspira
ERR10036469.out	0.000512	850	2824551	Bieblia
ERR10036469.out	0.000511	849	133925	Olsenella
ERR10036469.out	0.000510	848	1577789	Candidatus Methanogranum
ERR10036469.out	0.000510	847	3087	Scenedesmus
ERR10036469.out	0.000509	846	2767320	Aldersonia
ERR10036469.out	0.000509	845	414051	Caenispirillum
ERR10036469.out	0.000508	844	76831	Myroides
ERR10036469.out	0.000508	844	221279	Candidatus Competibacter
ERR10036469.out	0.000508	844	2033601	Thermosulfuriphilus
ERR10036469.out	0.000506	840	64	Herpetosiphon
ERR10036469.out	0.000506	840	100048	Trematosphaeria
ERR10036469.out	0.000506	840	1649512	Vulcaniibacterium
ERR10036469.out	0.000504	838	28895	Thermoanaerobacterium
ERR10036469.out	0.000504	838	200670	Crenothrix
ERR10036469.out	0.000504	838	245561	Acidomyces
ERR10036469.out	0.000503	836	33874	Catenuloplanes
ERR10036469.out	0.000503	836	2721118	Candidatus Pseudolachnospira
ERR10036469.out	0.000501	833	2093	Mycoplasma
ERR10036469.out	0.000501	833	908626	Angustibacter
ERR10036469.out	0.000499	829	1550243	Aetokthonos
ERR10036469.out	0.000498	828	2651583	Geomonas
ERR10036469.out	0.000496	825	10	Cellvibrio
ERR10036469.out	0.000496	825	478070	Labrenzia
ERR10036469.out	0.000496	825	510690	Sneathiella
ERR10036469.out	0.000494	821	795750	Ignavibacterium
ERR10036469.out	0.000493	819	396811	Fulvivirga
ERR10036469.out	0.000493	819	1911556	Sediminispirochaeta
ERR10036469.out	0.000492	818	36853	Desulfitobacterium
ERR10036469.out	0.000491	816	43676	Promicromonospora
ERR10036469.out	0.000490	814	139331	Denitromonas
ERR10036469.out	0.000490	814	258255	Pseudovibrio
ERR10036469.out	0.000489	813	2750082	Candidatus Stahlbacteria
ERR10036469.out	0.000488	811	88551	Amoebophrya
ERR10036469.out	0.000487	810	2801844	Arachnia
ERR10036469.out	0.000486	808	5800	Eimeria
ERR10036469.out	0.000486	808	768650	Thermosporothrix
ERR10036469.out	0.000483	803	34372	Blumeria
ERR10036469.out	0.000483	802	212111	Thiospirillum
ERR10036469.out	0.000483	802	2041017	Quisquiliibacterium
ERR10036469.out	0.000482	801	2791	Porphyridium
ERR10036469.out	0.000482	801	311411	Pseudoruegeria
ERR10036469.out	0.000480	798	1215913	Litorilinea
ERR10036469.out	0.000480	797	2800384	Pseudidiomarina
ERR10036469.out	0.000479	796	906	Megasphaera
ERR10036469.out	0.000477	792	55079	Aneurinibacillus
ERR10036469.out	0.000477	792	1938335	Sulfuritortus
ERR10036469.out	0.000476	791	412033	Celerinatantimonas
ERR10036469.out	0.000475	790	40566	Actinosynnema
ERR10036469.out	0.000475	789	1906945	Parageobacillus
ERR10036469.out	0.000473	786	2767345	Jongsikchunia
ERR10036469.out	0.000472	785	2837507	Robertmurraya
ERR10036469.out	0.000472	784	763439	Caenimonas
ERR10036469.out	0.000471	783	881616	Herbiconiux
ERR10036469.out	0.000466	775	953	Wolbachia
ERR10036469.out	0.000466	775	207244	Anaerostipes
ERR10036469.out	0.000466	774	5240	Tulasnella
ERR10036469.out	0.000466	774	1434016	Longimycelium
ERR10036469.out	0.000465	773	2772198	Sulfurimicrobium
ERR10036469.out	0.000463	770	160674	Raoultella
ERR10036469.out	0.000463	769	2718863	Pararobbsia
ERR10036469.out	0.000462	768	32636	Halothermothrix
ERR10036469.out	0.000461	766	935200	Sulfuricella
ERR10036469.out	0.000460	765	5543	Trichoderma
ERR10036469.out	0.000460	764	1400827	Plasticicumulans
ERR10036469.out	0.000459	763	105135	Anaeromyces
ERR10036469.out	0.000459	762	203522	Longispora
ERR10036469.out	0.000457	759	238783	Pseudorhodobacter
ERR10036469.out	0.000456	758	704093	Anaerobacillus
ERR10036469.out	0.000455	756	215802	Enhygromyxa
ERR10036469.out	0.000455	756	256818	Gulosibacter
ERR10036469.out	0.000455	756	1763546	Vermiphilus
ERR10036469.out	0.000454	755	5110	Claviceps
ERR10036469.out	0.000453	752	13641	Polysphondylium
ERR10036469.out	0.000453	752	1653174	Actinotignum
ERR10036469.out	0.000449	746	37359	Plasmodiophora
ERR10036469.out	0.000448	745	146	Spirochaeta
ERR10036469.out	0.000448	745	361607	Patulibacter
ERR10036469.out	0.000448	744	2545692	Candidatus Methanoliparum
ERR10036469.out	0.000447	742	45247	Leucothrix
ERR10036469.out	0.000447	742	51323	Oltmannsiellopsis
ERR10036469.out	0.000446	741	29907	Sporothrix
ERR10036469.out	0.000446	741	53370	Pilimelia
ERR10036469.out	0.000444	737	286801	Segniliparus
ERR10036469.out	0.000442	735	214906	Histophilus
ERR10036469.out	0.000442	735	261963	Kangiella
ERR10036469.out	0.000442	734	70411	Frateuria
ERR10036469.out	0.000442	734	292833	Candidatus Rhabdochlamydia
ERR10036469.out	0.000442	734	457933	Elioraea
ERR10036469.out	0.000441	733	96492	Frigoribacterium
ERR10036469.out	0.000441	733	118004	Chrysiogenes
ERR10036469.out	0.000441	733	455433	Pelagicoccus
ERR10036469.out	0.000441	733	670486	Dehalogenimonas
ERR10036469.out	0.000441	732	2843200	Miltoncostaea
ERR10036469.out	0.000440	731	35750	Sporichthya
ERR10036469.out	0.000440	731	2058189	Heterostelium
ERR10036469.out	0.000439	730	1398561	Wangella
ERR10036469.out	0.000438	728	76008	Fusibacter
ERR10036469.out	0.000438	728	2871671	Spongiactinospora
ERR10036469.out	0.000437	726	1508657	Ruminiclostridium
ERR10036469.out	0.000437	726	2614439	Candidatus Magnetaquicoccus
ERR10036469.out	0.000436	724	4873	Gigaspora
ERR10036469.out	0.000434	722	2251	Haloferax
ERR10036469.out	0.000433	720	2273	Desulfurococcus
ERR10036469.out	0.000433	720	28884	Hydrogenovibrio
ERR10036469.out	0.000432	718	2204	Methanomicrobium
ERR10036469.out	0.000432	718	99593	Thermohalobacter
ERR10036469.out	0.000432	718	1379908	Rufibacter
ERR10036469.out	0.000431	717	2268	Thermofilum
ERR10036469.out	0.000429	713	44260	Moorella
ERR10036469.out	0.000429	713	196080	Terasakiella
ERR10036469.out	0.000426	708	37924	Thermocrispum
ERR10036469.out	0.000426	708	1241326	Rhizomicrobium
ERR10036469.out	0.000425	707	4756	Neocallimastix
ERR10036469.out	0.000424	704	1372	Planococcus
ERR10036469.out	0.000424	704	2368	Arhodomonas
ERR10036469.out	0.000424	704	693074	Caldisericum
ERR10036469.out	0.000423	703	380240	Candidatus Brocadia
ERR10036469.out	0.000423	703	1506553	Lachnoclostridium
ERR10036469.out	0.000421	700	36048	Tuber
ERR10036469.out	0.000421	700	418098	Candidatus Magnetoglobus
ERR10036469.out	0.000421	699	392733	Terriglobus
ERR10036469.out	0.000420	698	196081	Scardovia
ERR10036469.out	0.000419	697	323449	Pontibacter
ERR10036469.out	0.000419	696	5864	Babesia
ERR10036469.out	0.000418	695	1016	Capnocytophaga
ERR10036469.out	0.000417	693	2778528	Specibacter
ERR10036469.out	0.000416	691	28581	Allomyces
ERR10036469.out	0.000416	691	1649488	Rivicola
ERR10036469.out	0.000415	690	352449	Giesbergeria
ERR10036469.out	0.000414	688	437506	Robiginitomaculum
ERR10036469.out	0.000413	687	2047815	Quasibacillus
ERR10036469.out	0.000410	682	43927	Halobaculum
ERR10036469.out	0.000410	681	5790	Physarum
ERR10036469.out	0.000410	681	1653176	Cereibacter
ERR10036469.out	0.000409	680	40463	Peniophora
ERR10036469.out	0.000409	680	154746	Dentipellis
ERR10036469.out	0.000409	679	4871	Endogone
ERR10036469.out	0.000409	679	57479	Microvirgula
ERR10036469.out	0.000407	677	1911565	Marispirochaeta
ERR10036469.out	0.000406	675	42232	Spirilliplanes
ERR10036469.out	0.000406	675	196119	Methanotorris
ERR10036469.out	0.000406	675	690086	Salinarimonas
ERR10036469.out	0.000406	674	33073	Zymobacter
ERR10036469.out	0.000404	672	1573	Clavibacter
ERR10036469.out	0.000404	672	5324	Trametes
ERR10036469.out	0.000404	672	57665	Sulfurospirillum
ERR10036469.out	0.000404	672	1017280	Pseudoflavonifractor
ERR10036469.out	0.000403	670	657	Photobacterium
ERR10036469.out	0.000403	670	660628	Insolitispirillum
ERR10036469.out	0.000403	670	1518149	Thalassotalea
ERR10036469.out	0.000403	669	288021	Kordiimonas
ERR10036469.out	0.000403	669	1434038	Rudaeicoccus
ERR10036469.out	0.000403	669	1769726	Niveibacterium
ERR10036469.out	0.000402	668	2613912	Conexivisphaera
ERR10036469.out	0.000401	667	105	Runella
ERR10036469.out	0.000401	667	908935	Yimella
ERR10036469.out	0.000400	665	76890	Asticcacaulis
ERR10036469.out	0.000399	663	2828366	Caldichromatium
ERR10036469.out	0.000398	661	1163	Anabaena
ERR10036469.out	0.000398	661	2784	Porphyra
ERR10036469.out	0.000398	661	323413	Dokdonella
ERR10036469.out	0.000397	660	745	Pasteurella
ERR10036469.out	0.000397	660	1082930	Pelagibacterium
ERR10036469.out	0.000397	660	2183612	Klenkia
ERR10036469.out	0.000397	659	2800686	Tsuneonella
ERR10036469.out	0.000395	657	2600304	Baekduia
ERR10036469.out	0.000395	656	4797	Pythium
ERR10036469.out	0.000395	656	46468	Orenia
ERR10036469.out	0.000395	656	234816	Auriculariopsis
ERR10036469.out	0.000394	654	113286	Pseudoramibacter
ERR10036469.out	0.000394	654	231052	Saccharibacter
ERR10036469.out	0.000394	654	2666130	Candidatus Methanofastidiosum
ERR10036469.out	0.000393	653	1154586	Gaiella
ERR10036469.out	0.000392	651	359337	Marinimicrobium
ERR10036469.out	0.000391	650	225143	Oceanisphaera
ERR10036469.out	0.000391	649	360731	Candidatus Jettenia
ERR10036469.out	0.000389	647	264147	Millisia
ERR10036469.out	0.000387	643	314122	Dactylellina
ERR10036469.out	0.000387	643	1538466	Rhizocola
ERR10036469.out	0.000386	642	907197	Psychrosphaera
ERR10036469.out	0.000386	641	1434009	Homoserinimonas
ERR10036469.out	0.000385	640	5190	Ascobolus
ERR10036469.out	0.000385	640	484508	Ornithinibacillus
ERR10036469.out	0.000385	640	1508451	Polymorphobacter
ERR10036469.out	0.000385	639	76634	Mycetocola
ERR10036469.out	0.000384	638	74385	Gracilibacillus
ERR10036469.out	0.000384	638	2732587	Candidatus Vesicomyosocius
ERR10036469.out	0.000383	636	59739	Flammeovirga
ERR10036469.out	0.000382	635	1291539	Candidatus Methanomethylophilus
ERR10036469.out	0.000382	635	1813600	Candidatus Tenderia
ERR10036469.out	0.000382	634	5758	Entamoeba
ERR10036469.out	0.000381	633	59195	Rickettsiella
ERR10036469.out	0.000381	633	166953	Kaistia
ERR10036469.out	0.000381	633	435913	Fodinicola
ERR10036469.out	0.000380	632	42	Cystobacter
ERR10036469.out	0.000379	629	63261	Moesziomyces
ERR10036469.out	0.000379	629	1395977	Aidingimonas
ERR10036469.out	0.000377	627	2491136	Candidatus Viridilinea
ERR10036469.out	0.000376	625	1644057	Salinigranum
ERR10036469.out	0.000376	624	71151	Methanocalculus
ERR10036469.out	0.000374	622	2717	Cardiobacterium
ERR10036469.out	0.000373	620	1890244	Saitozyma
ERR10036469.out	0.000373	620	2212691	Thiolinea
ERR10036469.out	0.000373	619	2295	Desulfobacterium
ERR10036469.out	0.000372	618	2767323	Buchananella
ERR10036469.out	0.000371	617	1884922	Herbihabitans
ERR10036469.out	0.000371	616	381430	Panacagrimonas
ERR10036469.out	0.000370	614	44937	Achromatium
ERR10036469.out	0.000370	614	2282741	Desulfofundulus
ERR10036469.out	0.000369	613	1269	Micrococcus
ERR10036469.out	0.000368	612	1213188	Zancudomyces
ERR10036469.out	0.000368	612	1558474	Oceanococcus
ERR10036469.out	0.000367	610	68335	Coprothermobacter
ERR10036469.out	0.000367	610	1397107	Aliifodinibius
ERR10036469.out	0.000366	609	212791	Enhydrobacter
ERR10036469.out	0.000366	608	1926259	Pseudactinotalea
ERR10036469.out	0.000365	607	530098	Blastosporella
ERR10036469.out	0.000365	607	1913444	Candidatus Thiodiazotropha
ERR10036469.out	0.000365	606	78156	Pseudogymnoascus
ERR10036469.out	0.000364	605	2047735	Mangrovitalea
ERR10036469.out	0.000363	603	61434	Dehalococcoides
ERR10036469.out	0.000363	603	170610	Halomicronema
ERR10036469.out	0.000361	600	200473	Brumimicrobium
ERR10036469.out	0.000360	599	48463	Prosthecobacter
ERR10036469.out	0.000360	599	1820341	Crenalkalicoccus
ERR10036469.out	0.000360	598	1233054	Oceanicella
ERR10036469.out	0.000359	597	231683	Saccharospirillum
ERR10036469.out	0.000359	597	1769008	Anoxybacter
ERR10036469.out	0.000359	597	1855365	Candidatus Kryptonium
ERR10036469.out	0.000359	596	5806	Cryptosporidium
ERR10036469.out	0.000359	596	1195526	Gryllotalpicola
ERR10036469.out	0.000357	594	29331	Amphibacillus
ERR10036469.out	0.000357	593	2853408	Gefionella
ERR10036469.out	0.000356	592	1573806	Mariniphaga
ERR10036469.out	0.000354	589	49894	Acetomicrobium
ERR10036469.out	0.000354	589	2729624	Planctomonas
ERR10036469.out	0.000353	587	5357	Lentinus
ERR10036469.out	0.000353	587	121871	Haloterrigena
ERR10036469.out	0.000352	585	206664	Desulfonauticus
ERR10036469.out	0.000351	584	53572	Deferribacter
ERR10036469.out	0.000351	583	532	Beijerinckia
ERR10036469.out	0.000351	583	28000	Perkinsus
ERR10036469.out	0.000351	583	141450	Oleiphilus
ERR10036469.out	0.000350	582	2767893	Lentilactobacillus
ERR10036469.out	0.000350	581	72358	Trachipleistophora
ERR10036469.out	0.000350	581	1647190	Aquibacillus
ERR10036469.out	0.000349	580	158483	Cedecea
ERR10036469.out	0.000349	580	1543704	Niveispirillum
ERR10036469.out	0.000348	578	1120752	Nodosilinea
ERR10036469.out	0.000347	577	2737	Vagococcus
ERR10036469.out	0.000347	577	651456	Kosmotoga
ERR10036469.out	0.000347	577	1914234	Fimbriiglobus
ERR10036469.out	0.000347	576	227979	Jeotgalicoccus
ERR10036469.out	0.000345	574	268408	Rhodovarius
ERR10036469.out	0.000345	574	2571159	Mycetohabitans
ERR10036469.out	0.000345	573	158851	Trabulsiella
ERR10036469.out	0.000345	573	1048954	Tothia
ERR10036469.out	0.000345	573	1655637	Lokiarchaeum
ERR10036469.out	0.000345	573	2705466	Lacisediminimonas
ERR10036469.out	0.000345	573	2779860	Gryganskiella
ERR10036469.out	0.000344	571	33024	Phascolarctobacterium
ERR10036469.out	0.000343	570	620	Shigella
ERR10036469.out	0.000342	568	227873	Pannonibacter
ERR10036469.out	0.000342	568	1477505	Eoetvoesia
ERR10036469.out	0.000341	566	41955	Amanita
ERR10036469.out	0.000341	566	70110	Penicilliopsis
ERR10036469.out	0.000341	566	150247	Anoxybacillus
ERR10036469.out	0.000341	566	155862	Methanothermococcus
ERR10036469.out	0.000339	564	4859	Basidiobolus
ERR10036469.out	0.000339	563	112054	Dictyopteris
ERR10036469.out	0.000339	563	502117	Kalaharituber
ERR10036469.out	0.000337	560	35796	Nitrococcus
ERR10036469.out	0.000337	560	54312	Tychonema
ERR10036469.out	0.000337	560	2685905	Salicibibacter
ERR10036469.out	0.000337	560	2779859	Entomortierella
ERR10036469.out	0.000335	556	252356	Maribacter
ERR10036469.out	0.000335	556	337004	Microcella
ERR10036469.out	0.000334	555	2713	Aquifex
ERR10036469.out	0.000333	553	5206	Cryptococcus
ERR10036469.out	0.000333	553	56635	Aeropyrum
ERR10036469.out	0.000332	552	65356	Albugo
ERR10036469.out	0.000332	552	77566	Hepatocystis
ERR10036469.out	0.000332	552	182402	Rubritepida
ERR10036469.out	0.000332	552	447020	Adlercreutzia
ERR10036469.out	0.000332	551	497721	Desulfoluna
ERR10036469.out	0.000330	548	1940406	Candidatus Moduliflexus
ERR10036469.out	0.000329	547	29882	Laccaria
ERR10036469.out	0.000329	547	68288	Cyclobacterium
ERR10036469.out	0.000329	547	307506	Raphidocelis
ERR10036469.out	0.000329	547	1970195	Ancylomarina
ERR10036469.out	0.000327	544	1647	Erysipelothrix
ERR10036469.out	0.000327	544	215579	Schlegelella
ERR10036469.out	0.000327	544	293815	Pseudourostyla
ERR10036469.out	0.000327	543	2723	Hirschia
ERR10036469.out	0.000327	543	391952	Aquincola
ERR10036469.out	0.000326	542	262	Francisella
ERR10036469.out	0.000323	537	93827	Gymnopus
ERR10036469.out	0.000323	536	1081	Rhodospirillum
ERR10036469.out	0.000323	536	2027529	Cumulibacter
ERR10036469.out	0.000323	536	2675233	Metabacillus
ERR10036469.out	0.000322	535	188905	Jannaschia
ERR10036469.out	0.000321	534	93171	Candidatus Entotheonella
ERR10036469.out	0.000321	534	1705729	Candidatus Adiutrix
ERR10036469.out	0.000321	533	1198	Phormidium
ERR10036469.out	0.000321	533	990721	Christensenella
ERR10036469.out	0.000321	533	1434005	Fontimonas
ERR10036469.out	0.000320	532	236052	Propionicimonas
ERR10036469.out	0.000320	531	83766	Propionivibrio
ERR10036469.out	0.000319	530	70451	Diacronema
ERR10036469.out	0.000317	527	57039	Malonomonas
ERR10036469.out	0.000317	527	66848	Desulfonatronum
ERR10036469.out	0.000317	527	1546255	Mumia
ERR10036469.out	0.000317	526	60892	Desulfobacca
ERR10036469.out	0.000316	525	215251	Meira
ERR10036469.out	0.000316	525	246263	Hydrogenivirga
ERR10036469.out	0.000316	525	453229	Desulfarculus
ERR10036469.out	0.000315	523	1911549	Raineyella
ERR10036469.out	0.000314	522	1777753	Candidatus Finniella
ERR10036469.out	0.000314	521	1433402	Glycocaulis
ERR10036469.out	0.000314	521	1649506	Thermoflavifilum
ERR10036469.out	0.000312	518	156973	Dysgonomonas
ERR10036469.out	0.000311	517	169133	Citricoccus
ERR10036469.out	0.000311	517	1769012	Arachidicoccus
ERR10036469.out	0.000311	516	129957	Carboxydothermus
ERR10036469.out	0.000311	516	1156392	Pseudokineococcus
ERR10036469.out	0.000310	515	111500	Muricauda
ERR10036469.out	0.000309	514	47830	Lachnellula
ERR10036469.out	0.000309	514	453849	Henriciella
ERR10036469.out	0.000309	513	635	Edwardsiella
ERR10036469.out	0.000308	511	187492	Thalassolituus
ERR10036469.out	0.000307	510	120212	Subtercola
ERR10036469.out	0.000307	510	225842	Formosa
ERR10036469.out	0.000307	510	288793	Salinimonas
ERR10036469.out	0.000306	509	4830	Mucor
ERR10036469.out	0.000306	509	2051044	Tuwongella
ERR10036469.out	0.000306	508	78916	Piptocephalis
ERR10036469.out	0.000305	507	2732160	Candidatus Prometheoarchaeum
ERR10036469.out	0.000305	506	31324	Goniomonas
ERR10036469.out	0.000305	506	1232588	Saprochaete
ERR10036469.out	0.000304	505	1070	Rhodopila
ERR10036469.out	0.000303	503	111142	Alishewanella
ERR10036469.out	0.000301	501	574347	Modicisalibacter
ERR10036469.out	0.000301	501	1769746	Pseudobacteriovorax
ERR10036469.out	0.000301	501	2795865	Thalassoglobus
ERR10036469.out	0.000301	501	2806694	Candidatus Nitronauta
ERR10036469.out	0.000301	500	283168	Odoribacter
ERR10036469.out	0.000301	500	283810	Stackebrandtia
ERR10036469.out	0.000301	500	1537406	Bacterioplanes
ERR10036469.out	0.000300	499	184430	Coprinellus
ERR10036469.out	0.000300	499	2692417	Ktedonosporobacter
ERR10036469.out	0.000299	497	13205	Pholiota
ERR10036469.out	0.000299	497	33096	Gonium
ERR10036469.out	0.000299	497	413496	Cronobacter
ERR10036469.out	0.000298	496	33001	Desulfurella
ERR10036469.out	0.000298	496	42360	Daldinia
ERR10036469.out	0.000298	496	2052799	Jimgerdemannia
ERR10036469.out	0.000298	495	196079	Oceanobacter
ERR10036469.out	0.000297	493	323620	Shinella
ERR10036469.out	0.000297	493	1472699	Algisphaera
ERR10036469.out	0.000296	492	224135	Candidatus Glomeribacter
ERR10036469.out	0.000295	491	34435	Macrolepiota
ERR10036469.out	0.000295	491	130795	Crossiella
ERR10036469.out	0.000295	490	886360	Rudaea
ERR10036469.out	0.000294	489	160798	Marinitoga
ERR10036469.out	0.000294	489	2282761	Zhengella
ERR10036469.out	0.000294	488	512381	Acidisoma
ERR10036469.out	0.000293	487	71950	Psilocybe
ERR10036469.out	0.000293	487	1097465	Pararhodobacter
ERR10036469.out	0.000293	487	1164863	Enteractinococcus
ERR10036469.out	0.000293	487	1169538	Vitrella
ERR10036469.out	0.000292	486	45402	Aquabacter
ERR10036469.out	0.000292	486	1742977	Tepidicaulis
ERR10036469.out	0.000292	485	354354	Niastella
ERR10036469.out	0.000292	485	1712422	Euryhalocaulis
ERR10036469.out	0.000291	484	1652133	Halobacteriovorax
ERR10036469.out	0.000291	483	1608298	Thiolapillus
ERR10036469.out	0.000291	483	2795775	Lignipirellula
ERR10036469.out	0.000290	482	32257	Kingella
ERR10036469.out	0.000289	481	1243	Leuconostoc
ERR10036469.out	0.000289	481	182623	Smithella
ERR10036469.out	0.000289	480	73918	Thermaerobacter
ERR10036469.out	0.000289	480	296014	Algicola
ERR10036469.out	0.000289	480	2136116	Candidatus Sulfotelmatobacter
ERR10036469.out	0.000286	476	1378	Gemella
ERR10036469.out	0.000286	475	461281	Ogataea
ERR10036469.out	0.000286	475	863253	Marinicella
ERR10036469.out	0.000286	475	2837506	Niallia
ERR10036469.out	0.000285	474	1742992	Paenarthrobacter
ERR10036469.out	0.000284	472	187	Aquaspirillum
ERR10036469.out	0.000284	472	40413	Desulforhopalus
ERR10036469.out	0.000284	472	100474	Batrachochytrium
ERR10036469.out	0.000284	472	168657	Hydrogenobaculum
ERR10036469.out	0.000284	472	204474	Dichotomicrobium
ERR10036469.out	0.000283	471	40996	Elsinoe
ERR10036469.out	0.000283	471	580596	Butyricicoccus
ERR10036469.out	0.000283	470	86026	Mollisia
ERR10036469.out	0.000282	469	35103	Pseudocohnilembus
ERR10036469.out	0.000282	468	13786	Trebouxia
ERR10036469.out	0.000282	468	212743	Rhizobacter
ERR10036469.out	0.000282	468	364710	Endocarpon
ERR10036469.out	0.000282	468	475794	Haliea
ERR10036469.out	0.000281	467	2707020	Aerosticca
ERR10036469.out	0.000280	466	1190	Fischerella
ERR10036469.out	0.000280	466	501022	Glaciibacter
ERR10036469.out	0.000280	465	40144	Tricholoma
ERR10036469.out	0.000280	465	427753	Humibacter
ERR10036469.out	0.000279	464	63594	Stachyamoeba
ERR10036469.out	0.000279	464	2779867	Actinomortierella
ERR10036469.out	0.000278	462	216851	Faecalibacterium
ERR10036469.out	0.000278	462	2035811	Pseudodesulfovibrio
ERR10036469.out	0.000277	461	71245	Kazachstania
ERR10036469.out	0.000277	461	444704	Andalucia
ERR10036469.out	0.000277	460	186831	Acetoanaerobium
ERR10036469.out	0.000277	460	1017183	Camelimonas
ERR10036469.out	0.000276	458	241192	Thermodesulfatator
ERR10036469.out	0.000276	458	1617805	Amylibacter
ERR10036469.out	0.000275	457	59	Vitreoscilla
ERR10036469.out	0.000275	457	2769459	Limoniibacter
ERR10036469.out	0.000274	455	841	Roseburia
ERR10036469.out	0.000274	455	342943	Sinobaca
ERR10036469.out	0.000274	455	698776	Cellulosilyticum
ERR10036469.out	0.000273	454	1410680	Methyloglobulus
ERR10036469.out	0.000273	454	2792075	Pontixanthobacter
ERR10036469.out	0.000273	453	1184606	Austwickia
ERR10036469.out	0.000271	451	420644	Piscibacillus
ERR10036469.out	0.000271	451	1804994	Longimicrobium
ERR10036469.out	0.000270	448	5890	Tetrahymena
ERR10036469.out	0.000270	448	48001	Desulfobotulus
ERR10036469.out	0.000270	448	64159	Desulfurobacterium
ERR10036469.out	0.000269	447	474995	Ophiocordyceps
ERR10036469.out	0.000268	446	2796146	Candidatus Nitrosacidococcus
ERR10036469.out	0.000268	445	32199	Buchnera
ERR10036469.out	0.000268	445	82345	Ornithinicoccus
ERR10036469.out	0.000268	445	314343	Sideroxydans
ERR10036469.out	0.000268	445	416916	Aggregatibacter
ERR10036469.out	0.000268	445	1522432	Pseudoduganella
ERR10036469.out	0.000268	445	1648511	Cnuella
ERR10036469.out	0.000268	445	2055876	Metakosakonia
ERR10036469.out	0.000267	444	202696	Jaapia
ERR10036469.out	0.000267	444	393005	Tamlana
ERR10036469.out	0.000267	444	576341	Halovibrio
ERR10036469.out	0.000266	442	33196	Botrytis
ERR10036469.out	0.000266	442	116071	Micropruina
ERR10036469.out	0.000266	442	1903434	Atlantibacter
ERR10036469.out	0.000265	441	158481	Hahella
ERR10036469.out	0.000265	441	397456	Gulbenkiania
ERR10036469.out	0.000265	441	2315209	Hondaea
ERR10036469.out	0.000265	440	1443919	Tabrizicola
ERR10036469.out	0.000264	438	583	Proteus
ERR10036469.out	0.000263	437	29526	Syntrophobacter
ERR10036469.out	0.000263	437	1470540	Jeotgalibaca
ERR10036469.out	0.000263	437	1805495	Moramonas
ERR10036469.out	0.000262	436	208447	Oceanithermus
ERR10036469.out	0.000262	436	2034504	Sulfurivermis
ERR10036469.out	0.000262	435	188143	Enterovibrio
ERR10036469.out	0.000261	434	109944	Gonapodya
ERR10036469.out	0.000261	433	1233426	Roseofilum
ERR10036469.out	0.000260	432	1000999	Acidipila
ERR10036469.out	0.000260	432	1851468	Vanrija
ERR10036469.out	0.000259	431	104264	Cellulophaga
ERR10036469.out	0.000259	430	29298	Planobispora
ERR10036469.out	0.000259	430	1755825	Egicoccus
ERR10036469.out	0.000258	429	406099	Aquisalimonas
ERR10036469.out	0.000258	429	1779002	Halocalculus
ERR10036469.out	0.000258	428	2806742	Bailinhaonella
ERR10036469.out	0.000256	425	568	Hafnia
ERR10036469.out	0.000256	425	780	Rickettsia
ERR10036469.out	0.000255	424	86085	Gymnopilus
ERR10036469.out	0.000255	424	120961	Roseiflexus
ERR10036469.out	0.000255	424	655352	Cohaesibacter
ERR10036469.out	0.000255	424	1055688	Sandaracinus
ERR10036469.out	0.000253	421	2357	Desulfomonile
ERR10036469.out	0.000253	420	1775688	Jiella
ERR10036469.out	0.000252	419	1649268	Endobacter
ERR10036469.out	0.000252	418	243627	Hydrocarboniphaga
ERR10036469.out	0.000252	418	1973274	Niameybacter
ERR10036469.out	0.000252	418	2044848	Siccirubricoccus
ERR10036469.out	0.000251	417	44057	Aureoumbra
ERR10036469.out	0.000251	417	134813	Natronorubrum
ERR10036469.out	0.000251	417	1555240	Caulochytrium
ERR10036469.out	0.000250	416	123	Pirellula
ERR10036469.out	0.000250	415	2024958	Alkalispirochaeta
ERR10036469.out	0.000249	413	5307	Phlebia
ERR10036469.out	0.000249	413	363408	Nonlabens
ERR10036469.out	0.000249	413	754249	Luteimicrobium
ERR10036469.out	0.000248	412	862071	Syntrophaceticus
ERR10036469.out	0.000247	411	143452	Pseudoperonospora
ERR10036469.out	0.000247	410	99906	Alkalibacterium
ERR10036469.out	0.000247	410	1840214	Lentimicrobium
ERR10036469.out	0.000246	409	286114	Synchytrium
ERR10036469.out	0.000246	409	335927	Thalassobius
ERR10036469.out	0.000246	409	447237	Frondihabitans
ERR10036469.out	0.000246	409	857334	Candidatus Dactylopiibacterium
ERR10036469.out	0.000246	409	1433999	Domibacillus
ERR10036469.out	0.000246	409	2800681	Aurantiacibacter
ERR10036469.out	0.000246	408	34416	Microbotryum
ERR10036469.out	0.000246	408	1321364	Tistlia
ERR10036469.out	0.000246	408	1920251	Antricoccus
ERR10036469.out	0.000245	407	1408818	Youngiibacter
ERR10036469.out	0.000244	406	283735	Leeuwenhoekiella
ERR10036469.out	0.000244	405	2902	Emiliania
ERR10036469.out	0.000244	405	378268	Infundibulicybe
ERR10036469.out	0.000244	405	1295327	Croceicoccus
ERR10036469.out	0.000244	405	1974209	Rhodohalobacter
ERR10036469.out	0.000244	405	2675229	Peribacillus
ERR10036469.out	0.000244	405	2767884	Lapidilactobacillus
ERR10036469.out	0.000243	403	13242	Rarobacter
ERR10036469.out	0.000243	403	36922	Diaporthe
ERR10036469.out	0.000241	401	67572	Psychromonas
ERR10036469.out	0.000241	401	110564	Clonostachys
ERR10036469.out	0.000241	401	308865	Elizabethkingia
ERR10036469.out	0.000241	400	2805645	Pedococcus
ERR10036469.out	0.000240	399	91559	Methanimicrococcus
ERR10036469.out	0.000240	399	93681	Roseateles
ERR10036469.out	0.000240	399	432330	Tumebacillus
ERR10036469.out	0.000239	397	1593364	Candidatus Nitrosopelagicus
ERR10036469.out	0.000239	397	2754714	Candidatus Hakubanella
ERR10036469.out	0.000239	397	2815296	Jejubacter
ERR10036469.out	0.000238	396	157932	Paucimonas
ERR10036469.out	0.000238	396	1649453	Gimesia
ERR10036469.out	0.000238	396	2321187	Poseidonibacter
ERR10036469.out	0.000238	395	29909	Tolypocladium
ERR10036469.out	0.000238	395	1565532	Rouxiella
ERR10036469.out	0.000237	394	380738	Candidatus Kuenenia
ERR10036469.out	0.000237	393	47054	Dethiosulfovibrio
ERR10036469.out	0.000237	393	556257	Pseudolabrys
ERR10036469.out	0.000237	393	2045060	Methyloterricola
ERR10036469.out	0.000236	392	48969	Sporolithon
ERR10036469.out	0.000236	392	81525	Monosiga
ERR10036469.out	0.000236	392	647960	Marinactinospora
ERR10036469.out	0.000235	390	1649475	Paludibaculum
ERR10036469.out	0.000234	389	158876	Yokenella
ERR10036469.out	0.000234	389	276836	Rozella
ERR10036469.out	0.000234	389	1738655	Woeseia
ERR10036469.out	0.000233	388	578092	Lineolata
ERR10036469.out	0.000233	388	1472762	Enorma
ERR10036469.out	0.000233	387	208215	Parvularcula
ERR10036469.out	0.000233	387	1775176	Corallincola
ERR10036469.out	0.000232	386	40118	Candidatus Magnetobacterium
ERR10036469.out	0.000232	386	84108	Slackia
ERR10036469.out	0.000232	386	120652	Methylocella
ERR10036469.out	0.000232	386	1121253	Catelliglobosispora
ERR10036469.out	0.000232	386	1677050	Novibacillus
ERR10036469.out	0.000232	385	674734	Alloactinosynnema
ERR10036469.out	0.000231	384	91914	Asaia
ERR10036469.out	0.000230	383	880756	Fistulifera
ERR10036469.out	0.000230	382	5581	Beauveria
ERR10036469.out	0.000230	382	63743	Natronomonas
ERR10036469.out	0.000230	382	498374	Candidatus Nitrosocaldus
ERR10036469.out	0.000230	382	499551	Methanolinea
ERR10036469.out	0.000230	382	1155934	Marininema
ERR10036469.out	0.000229	380	864	Pectinatus
ERR10036469.out	0.000229	380	2747	Carnobacterium
ERR10036469.out	0.000229	380	41687	Scedosporium
ERR10036469.out	0.000229	380	142841	Selenihalanaerobacter
ERR10036469.out	0.000228	379	109893	Powellomyces
ERR10036469.out	0.000227	378	109967	Rhizoclosmatium
ERR10036469.out	0.000227	378	1231242	Ferrovibrio
ERR10036469.out	0.000227	378	1921582	Orrella
ERR10036469.out	0.000227	378	2039240	Anaerotignum
ERR10036469.out	0.000226	376	54298	Chroococcidiopsis
ERR10036469.out	0.000226	376	2598729	Ophirina
ERR10036469.out	0.000225	374	1654931	Crenobacter
ERR10036469.out	0.000224	373	476278	Thiohalospira
ERR10036469.out	0.000224	373	1427378	Acetatifactor
ERR10036469.out	0.000224	372	61593	Thiorhodovibrio
ERR10036469.out	0.000223	371	1343556	Hazenella
ERR10036469.out	0.000223	370	836	Porphyromonas
ERR10036469.out	0.000223	370	2594176	Edaphochlamys
ERR10036469.out	0.000222	369	4910	Kluyveromyces
ERR10036469.out	0.000222	369	1649490	Rubinisphaera
ERR10036469.out	0.000222	369	2884243	Musicola
ERR10036469.out	0.000221	368	2651578	Thermoanaerosceptrum
ERR10036469.out	0.000221	367	1042323	Pacificibacter
ERR10036469.out	0.000220	366	203133	Propionimicrobium
ERR10036469.out	0.000220	366	2608792	Candidatus Argoarchaeum
ERR10036469.out	0.000220	366	2752545	Exilibacterium
ERR10036469.out	0.000220	366	2856573	Infirmifilum
ERR10036469.out	0.000220	365	113	Gemmata
ERR10036469.out	0.000220	365	361050	Rubritalea
ERR10036469.out	0.000220	365	397268	Thiohalomonas
ERR10036469.out	0.000220	365	2786989	Koleobacter
ERR10036469.out	0.000219	364	5598	Alternaria
ERR10036469.out	0.000219	364	2204160	Methylocucumis
ERR10036469.out	0.000218	363	4895	Schizosaccharomyces
ERR10036469.out	0.000218	363	261933	Pleomorphomonas
ERR10036469.out	0.000218	362	83373	Galdieria
ERR10036469.out	0.000217	361	202949	Thermanaeromonas
ERR10036469.out	0.000217	360	262406	Thermobaculum
ERR10036469.out	0.000217	360	747294	Pseudorhodoferax
ERR10036469.out	0.000216	359	52225	Mitsuokella
ERR10036469.out	0.000216	359	1654719	Pseudochelatococcus
ERR10036469.out	0.000216	359	2650549	Hydrocarboniclastica
ERR10036469.out	0.000215	358	433923	Pseudacidovorax
ERR10036469.out	0.000215	358	1270155	Falsibacillus
ERR10036469.out	0.000215	357	1763452	Tianweitania
ERR10036469.out	0.000215	357	2022127	Komarekiella
ERR10036469.out	0.000214	356	667113	Actinoallomurus
ERR10036469.out	0.000214	356	1227948	Sphingomicrobium
ERR10036469.out	0.000214	356	1511635	Aquisphaera
ERR10036469.out	0.000214	356	1522128	Catalinimonas
ERR10036469.out	0.000214	355	18	Pelobacter
ERR10036469.out	0.000214	355	1649499	Swingsia
ERR10036469.out	0.000213	354	745410	Gallaecimonas
ERR10036469.out	0.000213	354	1920241	Aliikangiella
ERR10036469.out	0.000213	354	2795782	Botrimarina
ERR10036469.out	0.000212	353	293136	Desulfitibacter
ERR10036469.out	0.000212	353	1649470	Minicystis
ERR10036469.out	0.000212	353	1795633	Terrilactibacillus
ERR10036469.out	0.000212	352	53	Nannocystis
ERR10036469.out	0.000212	352	131324	Pseudocercospora
ERR10036469.out	0.000212	352	551771	Vulcanibacillus
ERR10036469.out	0.000211	351	946234	Flavonifractor
ERR10036469.out	0.000211	351	1036719	Verticillium
ERR10036469.out	0.000211	350	46949	Storeatula
ERR10036469.out	0.000211	350	312278	Emticicia
ERR10036469.out	0.000211	350	1810868	Mycoavidus
ERR10036469.out	0.000211	350	1860077	Sulfuriflexus
ERR10036469.out	0.000209	348	862	Syntrophomonas
ERR10036469.out	0.000209	348	53452	Lamprocystis
ERR10036469.out	0.000209	348	150830	Roseibium
ERR10036469.out	0.000209	348	471826	Candidatus Desulforudis
ERR10036469.out	0.000209	348	759360	Oleibacter
ERR10036469.out	0.000209	347	2316020	Mediterraneibacter
ERR10036469.out	0.000208	346	643701	Marinoscillum
ERR10036469.out	0.000208	346	689697	Salisaeta
ERR10036469.out	0.000208	346	1145345	Bauldia
ERR10036469.out	0.000207	344	290180	Roseivirga
ERR10036469.out	0.000207	344	1367968	Sinosporangium
ERR10036469.out	0.000207	344	2025987	Nothophytophthora
ERR10036469.out	0.000207	344	2714592	Crateriforma
ERR10036469.out	0.000206	342	261827	Algibacter
ERR10036469.out	0.000206	342	2866729	Ktedonospora
ERR10036469.out	0.000205	341	1649474	Nibribacter
ERR10036469.out	0.000205	341	1649510	Variibacter
ERR10036469.out	0.000205	340	909656	Phocaeicola
ERR10036469.out	0.000205	340	1659417	Marinithermofilum
ERR10036469.out	0.000205	340	1686313	Fenollaria
ERR10036469.out	0.000205	340	1784839	Tenggerimyces
ERR10036469.out	0.000204	339	332246	Halalkalicoccus
ERR10036469.out	0.000204	339	745364	Luteipulveratus
ERR10036469.out	0.000204	339	1914229	Aliidongia
ERR10036469.out	0.000203	338	81682	Methylovorus
ERR10036469.out	0.000203	338	1260114	Vermamoeba
ERR10036469.out	0.000203	337	70447	Ostreococcus
ERR10036469.out	0.000203	337	643217	Afifella
ERR10036469.out	0.000202	336	334857	Goodfellowiella
ERR10036469.out	0.000202	336	1960290	Pacificimonas
ERR10036469.out	0.000202	335	232523	Hylemonella
ERR10036469.out	0.000202	335	263066	Malikia
ERR10036469.out	0.000202	335	459786	Oscillibacter
ERR10036469.out	0.000202	335	1654787	Thiopseudomonas
ERR10036469.out	0.000202	335	2706529	Segeticoccus
ERR10036469.out	0.000201	334	71684	Panaeolus
ERR10036469.out	0.000201	334	2511164	Microchloropsis
ERR10036469.out	0.000200	333	34444	Lactarius
ERR10036469.out	0.000200	333	1903858	Pseudorhizobium
ERR10036469.out	0.000200	332	227388	Thermodesulfobium
ERR10036469.out	0.000200	332	390805	Geosporobacter
ERR10036469.out	0.000199	331	84404	Hippea
ERR10036469.out	0.000199	331	2721103	Candidatus Heteroclostridium
ERR10036469.out	0.000199	330	372085	Paracercomonas
ERR10036469.out	0.000198	329	2849	Phaeodactylum
ERR10036469.out	0.000198	329	53355	Terrabacter
ERR10036469.out	0.000198	329	55998	Stigeoclonium
ERR10036469.out	0.000198	329	2212731	Thiofilum
ERR10036469.out	0.000197	328	846	Oxalobacter
ERR10036469.out	0.000197	328	261825	Agarivorans
ERR10036469.out	0.000197	328	1795363	Dinghuibacter
ERR10036469.out	0.000196	326	1164882	Lachnoanaerobaculum
ERR10036469.out	0.000196	326	1221880	Psychrobacillus
ERR10036469.out	0.000196	326	1649505	Thermocatellispora
ERR10036469.out	0.000196	325	4863	Coemansia
ERR10036469.out	0.000196	325	344063	Oryzihumus
ERR10036469.out	0.000196	325	1874625	Lipingzhangella
ERR10036469.out	0.000196	325	2676755	Croceibacterium
ERR10036469.out	0.000194	323	89092	Ignavigranum
ERR10036469.out	0.000194	322	28196	Arcobacter
ERR10036469.out	0.000194	322	1763521	Paludisphaera
ERR10036469.out	0.000194	322	2714751	Lichenibacterium
ERR10036469.out	0.000193	321	31353	Compsopogon
ERR10036469.out	0.000193	320	45785	Nadsonia
ERR10036469.out	0.000193	320	47022	Orbilia
ERR10036469.out	0.000193	320	69961	Azomonas
ERR10036469.out	0.000192	319	32067	Leptotrichia
ERR10036469.out	0.000192	319	162171	Magnetococcus
ERR10036469.out	0.000192	319	454159	Kiloniella
ERR10036469.out	0.000192	319	929509	Solitalea
ERR10036469.out	0.000192	319	1434702	Taibaiella
ERR10036469.out	0.000192	319	2249462	Ferrigenium
ERR10036469.out	0.000191	318	93682	Roseivivax
ERR10036469.out	0.000191	318	289201	Pontibacillus
ERR10036469.out	0.000191	317	83174	Valsa
ERR10036469.out	0.000191	317	148959	Wallemia
ERR10036469.out	0.000191	317	1073986	Halobellus
ERR10036469.out	0.000190	316	42837	Ammonifex
ERR10036469.out	0.000190	316	2022711	Methanonatronarchaeum
ERR10036469.out	0.000190	316	2767083	Candidatus Hadarchaeum
ERR10036469.out	0.000190	315	59735	Bergeyella
ERR10036469.out	0.000190	315	1484107	Galbitalea
ERR10036469.out	0.000190	315	2720806	Candidatus Gallimonas
ERR10036469.out	0.000189	314	196136	Methanosalsum
ERR10036469.out	0.000189	314	242060	Cystoisospora
ERR10036469.out	0.000189	314	1820337	Haloparvum
ERR10036469.out	0.000188	313	66862	Ammoniphilus
ERR10036469.out	0.000188	313	499228	Tepidanaerobacter
ERR10036469.out	0.000188	312	1524217	Labilithrix
ERR10036469.out	0.000188	312	2060094	Aminipila
ERR10036469.out	0.000187	311	13275	Suttonella
ERR10036469.out	0.000187	311	155415	Monosporascus
ERR10036469.out	0.000187	311	191303	Turicibacter
ERR10036469.out	0.000187	311	1763552	Baia
ERR10036469.out	0.000187	310	59282	Blastochloris
ERR10036469.out	0.000186	309	64561	Umbelopsis
ERR10036469.out	0.000186	309	157591	Sterolibacterium
ERR10036469.out	0.000186	309	376469	Olivibacter
ERR10036469.out	0.000186	309	466152	Singulisphaera
ERR10036469.out	0.000186	309	1427172	Aminivibrio
ERR10036469.out	0.000186	309	1501224	Hydrogenispora
ERR10036469.out	0.000186	309	1792291	Marinagarivorans
ERR10036469.out	0.000186	309	2018671	Imhoffiella
ERR10036469.out	0.000185	307	230494	Reinekea
ERR10036469.out	0.000185	307	379068	Galbibacter
ERR10036469.out	0.000185	307	2814902	Propylenella
ERR10036469.out	0.000184	306	1158	Oscillatoria
ERR10036469.out	0.000184	306	5149	Chaetomium
ERR10036469.out	0.000184	306	267408	Arsenicicoccus
ERR10036469.out	0.000184	306	332100	Planifilum
ERR10036469.out	0.000184	306	2017975	Candidatus Frackibacter
ERR10036469.out	0.000184	305	579	Kluyvera
ERR10036469.out	0.000184	305	35089	Gregarina
ERR10036469.out	0.000183	304	31988	Aminobacter
ERR10036469.out	0.000183	304	35140	Chrysochromulina
ERR10036469.out	0.000183	304	41201	Ewingella
ERR10036469.out	0.000183	304	43996	Catonella
ERR10036469.out	0.000183	304	233099	Ectothiorhodosinus
ERR10036469.out	0.000183	304	233191	Caldilinea
ERR10036469.out	0.000183	304	1434046	Sphingorhabdus
ERR10036469.out	0.000183	304	2675102	Aestuariisphingobium
ERR10036469.out	0.000182	303	2683336	Abyssisolibacter
ERR10036469.out	0.000182	303	2804525	Lichenicola
ERR10036469.out	0.000182	302	2050	Mobiluncus
ERR10036469.out	0.000182	302	4828	Absidia
ERR10036469.out	0.000181	300	186191	Marinithermus
ERR10036469.out	0.000181	300	1912771	Halodesulfovibrio
ERR10036469.out	0.000180	299	48558	Pyricularia
ERR10036469.out	0.000180	299	941338	Bhargavaea
ERR10036469.out	0.000179	298	302485	Phaeobacter
ERR10036469.out	0.000179	298	489140	Geminicoccus
ERR10036469.out	0.000179	297	1924101	Numidum
ERR10036469.out	0.000179	297	1926253	Chthonobacter
ERR10036469.out	0.000178	296	2023	Thermoactinomyces
ERR10036469.out	0.000178	295	42418	Halanaerobacter
ERR10036469.out	0.000177	294	4815	Spizellomyces
ERR10036469.out	0.000177	294	2716544	Chimaeribacter
ERR10036469.out	0.000176	293	57495	Dermacoccus
ERR10036469.out	0.000176	293	200903	Paraliobacillus
ERR10036469.out	0.000176	293	239934	Akkermansia
ERR10036469.out	0.000176	293	752201	Sphaerospermopsis
ERR10036469.out	0.000176	293	758601	Deinobacterium
ERR10036469.out	0.000176	293	1137960	Allokutzneria
ERR10036469.out	0.000176	292	5399	Agrocybe
ERR10036469.out	0.000176	292	376488	Halotalea
ERR10036469.out	0.000176	292	1348611	Vallitalea
ERR10036469.out	0.000176	292	1628153	Carboxylicivirga
ERR10036469.out	0.000176	292	1734465	Tamaricihabitans
ERR10036469.out	0.000175	290	5740	Giardia
ERR10036469.out	0.000175	290	224455	Hyalangium
ERR10036469.out	0.000175	290	361177	Altererythrobacter
ERR10036469.out	0.000175	290	382513	Telmatospirillum
ERR10036469.out	0.000175	290	561555	Zhouia
ERR10036469.out	0.000175	290	1804663	Haematospirillum
ERR10036469.out	0.000175	290	2545693	Candidatus Methanolliviera
ERR10036469.out	0.000175	290	2837508	Rossellomorea
ERR10036469.out	0.000174	289	332248	Truepera
ERR10036469.out	0.000174	289	505692	Chromera
ERR10036469.out	0.000173	288	1400055	Murinocardiopsis
ERR10036469.out	0.000173	288	1431823	Candidatus Omnitrophus
ERR10036469.out	0.000173	288	1769718	Athalassotoga
ERR10036469.out	0.000173	287	101100	Dissophora
ERR10036469.out	0.000173	287	599652	Tropicimonas
ERR10036469.out	0.000173	287	2072583	Neohortaea
ERR10036469.out	0.000173	287	2303321	Superficieibacter
ERR10036469.out	0.000172	286	2697	Heliobacterium
ERR10036469.out	0.000172	286	365532	Belnapia
ERR10036469.out	0.000172	286	388809	Blyttiomyces
ERR10036469.out	0.000172	285	3044	Dunaliella
ERR10036469.out	0.000172	285	5305	Phanerochaete
ERR10036469.out	0.000172	285	37991	Xylaria
ERR10036469.out	0.000172	285	1891915	Actinocrispum
ERR10036469.out	0.000172	285	2282756	Pueribacillus
ERR10036469.out	0.000171	284	499	Thermomicrobium
ERR10036469.out	0.000171	284	455358	Balneola
ERR10036469.out	0.000171	284	490828	Lutimaribacter
ERR10036469.out	0.000171	284	2025617	Ketobacter
ERR10036469.out	0.000170	283	583360	Umezawaea
ERR10036469.out	0.000170	283	1940407	Candidatus Vecturithrix
ERR10036469.out	0.000170	282	5721	Trichomonas
ERR10036469.out	0.000170	282	2304691	Thermoclostridium
ERR10036469.out	0.000169	281	31375	Paralemanea
ERR10036469.out	0.000169	281	650341	Leeia
ERR10036469.out	0.000169	281	669357	Geminocystis
ERR10036469.out	0.000169	281	696745	Alkalibaculum
ERR10036469.out	0.000169	280	248744	Marvinbryantia
ERR10036469.out	0.000169	280	291183	Lacinutrix
ERR10036469.out	0.000169	280	331971	Thalassobacillus
ERR10036469.out	0.000169	280	472568	Devriesea
ERR10036469.out	0.000168	279	1007082	Nitrosarchaeum
ERR10036469.out	0.000168	279	1505663	Erysipelatoclostridium
ERR10036469.out	0.000168	279	2710870	Allorhizocola
ERR10036469.out	0.000168	279	2767886	Levilactobacillus
ERR10036469.out	0.000167	278	2314	Methanoplanus
ERR10036469.out	0.000167	278	34484	Entomophthora
ERR10036469.out	0.000166	276	162491	Oerskovia
ERR10036469.out	0.000166	276	1070314	Halorussus
ERR10036469.out	0.000166	276	1434022	Naasia
ERR10036469.out	0.000166	276	1609627	Hydrogenibacillus
ERR10036469.out	0.000165	275	44261	Oxobacter
ERR10036469.out	0.000165	275	926359	Natronoarchaeum
ERR10036469.out	0.000165	275	1648505	Chiayiivirga
ERR10036469.out	0.000165	275	1742974	Pyruvatibacter
ERR10036469.out	0.000165	274	200890	Paramoeba
ERR10036469.out	0.000165	274	1331730	Chryseoglobus
ERR10036469.out	0.000165	274	2676252	Alginatibacterium
ERR10036469.out	0.000164	273	1375	Aerococcus
ERR10036469.out	0.000164	273	44748	Sporobacter
ERR10036469.out	0.000164	273	52605	Myxosarcina
ERR10036469.out	0.000164	272	2781897	Lichenicoccus
ERR10036469.out	0.000163	271	1222	Prochlorothrix
ERR10036469.out	0.000163	271	43673	Jonesia
ERR10036469.out	0.000163	271	364409	Granulibacter
ERR10036469.out	0.000163	271	1146865	Rivibacter
ERR10036469.out	0.000163	271	1217823	Xylona
ERR10036469.out	0.000163	271	1891669	Candidatus Neptunochlamydia
ERR10036469.out	0.000162	270	54304	Planktothrix
ERR10036469.out	0.000162	269	265976	Serinicoccus
ERR10036469.out	0.000162	269	2706000	Casimicrobium
ERR10036469.out	0.000162	269	2837511	Sutcliffiella
ERR10036469.out	0.000161	268	40466	Sparassis
ERR10036469.out	0.000161	268	53416	Lonepinella
ERR10036469.out	0.000161	268	190323	Plantibacter
ERR10036469.out	0.000161	268	1775716	Methylobrevis
ERR10036469.out	0.000161	267	191028	Leisingera
ERR10036469.out	0.000161	267	373053	Calditerricola
ERR10036469.out	0.000160	266	212744	Rugamonas
ERR10036469.out	0.000160	266	417293	Lentimonas
ERR10036469.out	0.000160	266	1448052	Globisporangium
ERR10036469.out	0.000160	266	1649279	Epibacterium
ERR10036469.out	0.000159	265	1649466	Marinicauda
ERR10036469.out	0.000159	265	2171995	Candidatus Nanosyncoccus
ERR10036469.out	0.000159	265	2546365	Rippkaea
ERR10036469.out	0.000159	264	35836	Desulfacinum
ERR10036469.out	0.000159	264	55170	Didymella
ERR10036469.out	0.000159	264	2250122	Candidatus Bipolaricaulis
ERR10036469.out	0.000158	263	5605	Saitoella
ERR10036469.out	0.000158	263	80744	Serpula
ERR10036469.out	0.000158	263	314318	Prolixibacter
ERR10036469.out	0.000158	263	390846	Echinicola
ERR10036469.out	0.000157	261	405750	Pleurostomum
ERR10036469.out	0.000157	261	1064513	Lamprobacter
ERR10036469.out	0.000156	260	112008	Ignatzschineria
ERR10036469.out	0.000156	260	412764	Spathaspora
ERR10036469.out	0.000156	260	2794837	Schnuerera
ERR10036469.out	0.000156	259	29175	Neospora
ERR10036469.out	0.000156	259	367188	Haladaptatus
ERR10036469.out	0.000155	258	2691417	Lacipirellula
ERR10036469.out	0.000155	257	442527	Scopulibacillus
ERR10036469.out	0.000155	257	649460	Filimonas
ERR10036469.out	0.000155	257	1535192	Desulfocarbo
ERR10036469.out	0.000154	256	690565	Serinibacter
ERR10036469.out	0.000154	256	1400054	Allocatelliglobosispora
ERR10036469.out	0.000154	256	2233801	Ahniella
ERR10036469.out	0.000153	255	5552	Trichosporon
ERR10036469.out	0.000153	255	383614	Brasilonema
ERR10036469.out	0.000153	254	1632780	Phreatobacter
ERR10036469.out	0.000153	254	2036025	Pontibacterium
ERR10036469.out	0.000153	254	2815315	Pelomicrobium
ERR10036469.out	0.000152	253	33071	Gloeobacter
ERR10036469.out	0.000152	253	36910	Clavispora
ERR10036469.out	0.000152	253	244127	Anaerotruncus
ERR10036469.out	0.000152	253	332102	Fluviicola
ERR10036469.out	0.000152	253	1775697	Melghiribacillus
ERR10036469.out	0.000152	252	88723	Natrinema
ERR10036469.out	0.000152	252	156885	Thioflavicoccus
ERR10036469.out	0.000152	252	1606872	Flavimarina
ERR10036469.out	0.000151	251	34098	Blattabacterium
ERR10036469.out	0.000151	251	102115	Stanieria
ERR10036469.out	0.000151	251	180162	Cetobacterium
ERR10036469.out	0.000151	251	1172191	Catenovulum
ERR10036469.out	0.000151	251	1778601	Apibacter
ERR10036469.out	0.000150	250	100883	Coprobacillus
ERR10036469.out	0.000150	250	222439	Streblomastix
ERR10036469.out	0.000150	249	152053	Starkeya
ERR10036469.out	0.000150	249	477695	Thermogladius
ERR10036469.out	0.000150	249	630701	Perkinsela
ERR10036469.out	0.000149	248	538	Eikenella
ERR10036469.out	0.000149	248	2857	Nitzschia
ERR10036469.out	0.000149	248	50729	Ampelomyces
ERR10036469.out	0.000149	248	1433990	Aureivirga
ERR10036469.out	0.000149	247	34016	Rhodobium
ERR10036469.out	0.000149	247	126838	Micractinium
ERR10036469.out	0.000149	247	471798	Shimazuella
ERR10036469.out	0.000149	247	1470349	Candidatus Stoquefichus
ERR10036469.out	0.000149	247	2767206	Candidatus Reconcilibacillus
ERR10036469.out	0.000148	246	390250	Labedella
ERR10036469.out	0.000148	246	405552	Haloactinospora
ERR10036469.out	0.000148	246	651660	Paenisporosarcina
ERR10036469.out	0.000148	246	1643958	Roseiarcus
ERR10036469.out	0.000148	246	1649497	Spelaeicoccus
ERR10036469.out	0.000148	246	1649508	Thermorudis
ERR10036469.out	0.000148	246	1827307	Ventosimonas
ERR10036469.out	0.000148	246	1979385	Candidatus Roseilinea
ERR10036469.out	0.000148	246	2026172	Chengkuizengella
ERR10036469.out	0.000148	246	2822332	Segnochrobactrum
ERR10036469.out	0.000147	245	392332	Geoalkalibacter
ERR10036469.out	0.000147	245	2837509	Schinkia
ERR10036469.out	0.000147	244	27977	Nosema
ERR10036469.out	0.000147	244	358905	Serendipita
ERR10036469.out	0.000147	244	404235	Maritimibacter
ERR10036469.out	0.000146	243	2279	Staphylothermus
ERR10036469.out	0.000146	243	71666	Waddlia
ERR10036469.out	0.000146	243	308926	Diversispora
ERR10036469.out	0.000146	243	444459	Flagellimonas
ERR10036469.out	0.000146	243	504465	Rhodovastum
ERR10036469.out	0.000146	243	1434002	Falsirhodobacter
ERR10036469.out	0.000146	243	1495649	Thermoflexus
ERR10036469.out	0.000146	242	29888	Calocera
ERR10036469.out	0.000146	242	57499	Kytococcus
ERR10036469.out	0.000146	242	82802	Trichococcus
ERR10036469.out	0.000145	241	115780	Desulfotignum
ERR10036469.out	0.000145	241	178440	Opitutus
ERR10036469.out	0.000145	241	2766734	Faecalibacter
ERR10036469.out	0.000144	240	5583	Exophiala
ERR10036469.out	0.000144	240	50989	Rickenella
ERR10036469.out	0.000144	240	69894	Tindallia
ERR10036469.out	0.000144	240	224458	Pyxidicoccus
ERR10036469.out	0.000144	240	292632	Subdoligranulum
ERR10036469.out	0.000144	240	1052105	Purpureocillium
ERR10036469.out	0.000144	240	1789690	Flaviaesturariibacter
ERR10036469.out	0.000144	240	1860139	Chitinispirillum
ERR10036469.out	0.000144	239	4951	Yarrowia
ERR10036469.out	0.000144	239	280472	Aquiflexum
ERR10036469.out	0.000144	239	336827	Rhodonellum
ERR10036469.out	0.000144	239	2781120	Thiosulfativibrio
ERR10036469.out	0.000144	239	2784135	Shackletoniella
ERR10036469.out	0.000143	238	5706	Phytomonas
ERR10036469.out	0.000143	238	104239	Pterula
ERR10036469.out	0.000143	237	4875	Glomus
ERR10036469.out	0.000143	237	985001	Piscicoccus
ERR10036469.out	0.000143	237	2038733	Oryzisolibacter
ERR10036469.out	0.000142	236	78412	Cylindrodendrum
ERR10036469.out	0.000142	236	83654	Leclercia
ERR10036469.out	0.000142	236	1433300	Alteribacillus
ERR10036469.out	0.000141	235	49279	Gelidibacter
ERR10036469.out	0.000141	235	90268	Apophysomyces
ERR10036469.out	0.000141	235	1082702	Lonsdalea
ERR10036469.out	0.000141	235	1326739	Calderihabitans
ERR10036469.out	0.000141	234	146813	Dendrosporobacter
ERR10036469.out	0.000141	234	1217101	Haloactinopolyspora
ERR10036469.out	0.000141	234	1829937	Longimonas
ERR10036469.out	0.000141	234	2100741	Oleiharenicola
ERR10036469.out	0.000140	233	5450	Arthromyces
ERR10036469.out	0.000140	233	78924	Dimargaris
ERR10036469.out	0.000140	233	274470	Alkalibacter
ERR10036469.out	0.000140	233	979650	Haplosporangium
ERR10036469.out	0.000140	233	1535326	Candida
ERR10036469.out	0.000140	233	1914252	Thermodesulfitimonas
ERR10036469.out	0.000140	233	2675230	Cytobacillus
ERR10036469.out	0.000140	232	27308	Ascoidea
ERR10036469.out	0.000140	232	417127	Zunongwangia
ERR10036469.out	0.000140	232	2071601	Thermostaphylospora
ERR10036469.out	0.000140	232	2094023	Glaesserella
ERR10036469.out	0.000140	232	2607661	Methanofervidicoccus
ERR10036469.out	0.000139	231	191392	Auxenochlorella
ERR10036469.out	0.000139	231	253238	Ethanoligenens
ERR10036469.out	0.000139	231	1427149	Halomicroarcula
ERR10036469.out	0.000138	230	4765	Achlya
ERR10036469.out	0.000138	230	73229	Emmonsia
ERR10036469.out	0.000138	230	1434004	Fonticella
ERR10036469.out	0.000138	230	1434045	Sinomicrobium
ERR10036469.out	0.000138	230	1594166	Oricola
ERR10036469.out	0.000138	230	1648520	Conyzicola
ERR10036469.out	0.000138	230	2808942	Fluviibacter
ERR10036469.out	0.000138	229	50955	Geosiphon
ERR10036469.out	0.000138	229	146935	Azovibrio
ERR10036469.out	0.000138	229	162027	Haliangium
ERR10036469.out	0.000138	229	193383	Rhodoglobus
ERR10036469.out	0.000138	229	439698	Pseudosporangium
ERR10036469.out	0.000138	229	1172428	Thermotomaculum
ERR10036469.out	0.000138	229	1649459	Hungatella
ERR10036469.out	0.000138	229	2005375	Alkalicoccus
ERR10036469.out	0.000137	228	47747	Hyaloscypha
ERR10036469.out	0.000137	228	379065	Caldalkalibacillus
ERR10036469.out	0.000137	228	482629	Hassalia
ERR10036469.out	0.000137	228	1849530	Oblitimonas
ERR10036469.out	0.000137	228	1937972	Bernardetia
ERR10036469.out	0.000137	228	2498454	Lucifera
ERR10036469.out	0.000137	227	2699295	Embleya
ERR10036469.out	0.000136	226	713	Actinobacillus
ERR10036469.out	0.000136	226	53387	Friedmanniella
ERR10036469.out	0.000136	226	85073	Thermochromatium
ERR10036469.out	0.000136	226	171163	Halosimplex
ERR10036469.out	0.000136	226	186188	Xylanimonas
ERR10036469.out	0.000136	226	246873	Crocinitomix
ERR10036469.out	0.000136	226	394505	Salirhabdus
ERR10036469.out	0.000136	226	411566	Candidatus Midichloria
ERR10036469.out	0.000136	226	2705399	Hypericibacter
ERR10036469.out	0.000135	225	5973	Halteria
ERR10036469.out	0.000135	225	37467	Pisolithus
ERR10036469.out	0.000135	225	41273	Tissierella
ERR10036469.out	0.000135	225	111830	Defluviicoccus
ERR10036469.out	0.000135	225	290731	Aminiphilus
ERR10036469.out	0.000135	224	340096	Tuberibacillus
ERR10036469.out	0.000135	224	374469	Vanderwaltozyma
ERR10036469.out	0.000135	224	633130	Thalassobium
ERR10036469.out	0.000135	224	1521255	Candidatus Paracaedibacter
ERR10036469.out	0.000135	224	1918951	Methylotetracoccus
ERR10036469.out	0.000135	224	1996557	Candidatus Nanobsidianus
ERR10036469.out	0.000135	224	2211178	Evtepia
ERR10036469.out	0.000134	223	109882	Chytriomyces
ERR10036469.out	0.000134	223	623282	Psychrilyobacter
ERR10036469.out	0.000134	223	1134403	Melioribacter
ERR10036469.out	0.000134	222	41879	Pycnococcus
ERR10036469.out	0.000134	222	370735	Zhihengliuella
ERR10036469.out	0.000134	222	661182	Perlucidibaca
ERR10036469.out	0.000134	222	1406135	Breoghania
ERR10036469.out	0.000134	222	2795426	Novipirellula
ERR10036469.out	0.000133	221	68034	Sporotomaculum
ERR10036469.out	0.000133	221	139133	Sistotremastrum
ERR10036469.out	0.000133	221	198705	Lampropedia
ERR10036469.out	0.000133	221	1032526	Pedosphaera
ERR10036469.out	0.000133	221	1246635	Desulfamplus
ERR10036469.out	0.000133	221	1548510	Microbacter
ERR10036469.out	0.000132	220	2781	Gracilariopsis
ERR10036469.out	0.000132	220	369926	Brooklawnia
ERR10036469.out	0.000132	220	1633384	Mitosporidium
ERR10036469.out	0.000132	220	1955420	Silicimonas
ERR10036469.out	0.000132	220	2767888	Liquorilactobacillus
ERR10036469.out	0.000132	219	74317	Maricaulis
ERR10036469.out	0.000132	219	445670	Thiohalophilus
ERR10036469.out	0.000132	219	947567	Litoreibacter
ERR10036469.out	0.000132	219	1812772	Pseudomassariella
ERR10036469.out	0.000132	219	1904377	Acuticoccus
ERR10036469.out	0.000131	218	475230	Pullulanibacillus
ERR10036469.out	0.000131	218	551208	Chitinilyticum
ERR10036469.out	0.000131	218	1689250	Gorillibacterium
ERR10036469.out	0.000131	218	2078575	Psychromicrobium
ERR10036469.out	0.000131	218	2608728	Acidisarcina
ERR10036469.out	0.000131	218	2803850	Mammaliicoccus
ERR10036469.out	0.000131	217	2768	Chondrus
ERR10036469.out	0.000131	217	171003	Caloranaerobacter
ERR10036469.out	0.000131	217	263510	Crocosphaera
ERR10036469.out	0.000131	217	448176	Granulicoccus
ERR10036469.out	0.000131	217	1424614	Thermoactinospora
ERR10036469.out	0.000131	217	1884792	Pseudoflavitalea
ERR10036469.out	0.000131	217	2038697	Williamwhitmania
ERR10036469.out	0.000130	216	28261	Thermodesulfovibrio
ERR10036469.out	0.000130	216	29832	Hanseniaspora
ERR10036469.out	0.000130	216	50056	Marinosulfonomonas
ERR10036469.out	0.000130	216	332518	Halospina
ERR10036469.out	0.000130	216	1029631	Amnibacterium
ERR10036469.out	0.000129	215	659693	Oceanibaculum
ERR10036469.out	0.000129	215	1167830	Litorimonas
ERR10036469.out	0.000129	215	1434030	Phytomonospora
ERR10036469.out	0.000129	215	1647181	Allonocardiopsis
ERR10036469.out	0.000129	215	1779136	Bradymonas
ERR10036469.out	0.000129	214	1123	Chlorogloeopsis
ERR10036469.out	0.000129	214	153232	Oceanicaulis
ERR10036469.out	0.000129	214	2800678	Alteraurantiacibacter
ERR10036469.out	0.000128	213	5873	Theileria
ERR10036469.out	0.000128	213	171436	Tistrella
ERR10036469.out	0.000128	212	5810	Toxoplasma
ERR10036469.out	0.000128	212	89958	Natronincola
ERR10036469.out	0.000128	212	92944	Ketogulonicigenium
ERR10036469.out	0.000128	212	155493	Gallibacterium
ERR10036469.out	0.000128	212	2026349	Enterovirga
ERR10036469.out	0.000127	211	75984	Mannheimia
ERR10036469.out	0.000127	211	168470	Laribacter
ERR10036469.out	0.000127	211	875170	Celeribacter
ERR10036469.out	0.000126	210	152161	Stappia
ERR10036469.out	0.000126	210	299261	Tateyamaria
ERR10036469.out	0.000126	210	475087	Methanosphaerula
ERR10036469.out	0.000126	210	1276290	Caldibacillus
ERR10036469.out	0.000126	210	1481960	Peptoclostridium
ERR10036469.out	0.000126	209	1047167	Zymoseptoria
ERR10036469.out	0.000126	209	1579506	Roseimaritima
ERR10036469.out	0.000126	209	1647175	Aestuariispira
ERR10036469.out	0.000126	209	2480624	Candidatus Moanabacter
ERR10036469.out	0.000125	208	248038	Mucispirillum
ERR10036469.out	0.000125	208	283785	Bizionia
ERR10036469.out	0.000125	208	366580	Bowmanella
ERR10036469.out	0.000125	208	937605	Hymenopellis
ERR10036469.out	0.000125	208	2699245	Carideicomes
ERR10036469.out	0.000125	208	2874214	Terrihabitans
ERR10036469.out	0.000125	207	101126	Hesseltinella
ERR10036469.out	0.000125	207	145474	Helicosporidium
ERR10036469.out	0.000125	207	574899	Haloferula
ERR10036469.out	0.000125	207	1314700	Oceanibacterium
ERR10036469.out	0.000125	207	1930932	Thioflexothrix
ERR10036469.out	0.000124	206	5626	Grifola
ERR10036469.out	0.000124	206	34111	Monoraphidium
ERR10036469.out	0.000124	206	84111	Eggerthella
ERR10036469.out	0.000124	206	146918	Salinibacter
ERR10036469.out	0.000124	206	223785	Hydrogenimonas
ERR10036469.out	0.000124	206	1400058	Hwanghaeicola
ERR10036469.out	0.000124	206	1602338	Emcibacter
ERR10036469.out	0.000124	206	1855362	Candidatus Thermokryptus
ERR10036469.out	0.000124	206	1911577	Oryzomicrobium
ERR10036469.out	0.000123	205	159345	Roseibacterium
ERR10036469.out	0.000123	205	427925	Dethiobacter
ERR10036469.out	0.000123	205	1538468	Povalibacter
ERR10036469.out	0.000123	205	1884930	Maledivibacter
ERR10036469.out	0.000123	205	2828338	Croceimicrobium
ERR10036469.out	0.000123	204	211469	Kineosphaera
ERR10036469.out	0.000123	204	295577	Chthoniobacter
ERR10036469.out	0.000123	204	334767	Ignisphaera
ERR10036469.out	0.000123	204	663242	Albimonas
ERR10036469.out	0.000122	203	33170	Eremothecium
ERR10036469.out	0.000122	203	1501143	Neosynechococcus
ERR10036469.out	0.000122	202	49277	Psychroserpens
ERR10036469.out	0.000122	202	83764	Formivibrio
ERR10036469.out	0.000122	202	1572860	Hartmannibacter
ERR10036469.out	0.000122	202	1813601	Pseudoroseicyclus
ERR10036469.out	0.000121	201	213223	Geothermobacter
ERR10036469.out	0.000120	200	984996	Mobilicoccus
ERR10036469.out	0.000120	200	2661811	Longirhabdus
ERR10036469.out	0.000120	199	33926	Candidatus Phytoplasma
ERR10036469.out	0.000120	199	143222	Salegentibacter
ERR10036469.out	0.000120	199	146825	Halorhabdus
ERR10036469.out	0.000120	199	2282743	Desulfohalotomaculum
ERR10036469.out	0.000119	198	29574	Taylorella
ERR10036469.out	0.000119	198	338583	Polymorphospora
ERR10036469.out	0.000119	198	2721100	Candidatus Heritagella
ERR10036469.out	0.000119	197	5182	Hymenoscyphus
ERR10036469.out	0.000119	197	87171	Natronohydrobacter
ERR10036469.out	0.000119	197	285105	Tepidimicrobium
ERR10036469.out	0.000119	197	466108	Biostraticola
ERR10036469.out	0.000119	197	548651	Dothidotthia
ERR10036469.out	0.000119	197	998014	Cocleimonas
ERR10036469.out	0.000118	196	2494209	Capsulimonas
ERR10036469.out	0.000117	195	34000	Acidomonas
ERR10036469.out	0.000117	195	47789	Tetrabaena
ERR10036469.out	0.000117	195	85274	Rhodovibrio
ERR10036469.out	0.000117	195	518755	Roseibacillus
ERR10036469.out	0.000117	195	1418588	Tersicoccus
ERR10036469.out	0.000117	194	74855	Terfezia
ERR10036469.out	0.000117	194	80662	Piloderma
ERR10036469.out	0.000117	194	940550	Gilvimarinus
ERR10036469.out	0.000117	194	2126548	Miniphocibacter
ERR10036469.out	0.000116	193	63742	Natrialba
ERR10036469.out	0.000116	193	77021	Cylindrospermopsis
ERR10036469.out	0.000116	193	529881	Aquiluna
ERR10036469.out	0.000116	193	1902578	Candidatus Tokpelaia
ERR10036469.out	0.000116	193	2005371	Mangrovihabitans
ERR10036469.out	0.000116	193	2873978	Phycocomes
ERR10036469.out	0.000116	192	58050	Moritella
ERR10036469.out	0.000116	192	1763508	Lachnotalea
ERR10036469.out	0.000116	192	2866025	Maribrevibacterium
ERR10036469.out	0.000115	191	801	Candidatus Symbiopectobacterium
ERR10036469.out	0.000115	191	42308	Hypoxylon
ERR10036469.out	0.000115	191	52607	Xenococcus
ERR10036469.out	0.000115	191	65402	Acidaminobacter
ERR10036469.out	0.000115	191	85078	Thiococcus
ERR10036469.out	0.000115	191	395590	Zasmidium
ERR10036469.out	0.000115	191	2027863	Paraphaeobacter
ERR10036469.out	0.000114	190	78914	Thamnocephalis
ERR10036469.out	0.000114	190	1884449	Salipaludibacillus
ERR10036469.out	0.000114	190	2692113	Gleimia
ERR10036469.out	0.000114	190	2824158	Aquirhabdus
ERR10036469.out	0.000114	189	1097466	Defluviimonas
ERR10036469.out	0.000114	189	1501226	Romboutsia
ERR10036469.out	0.000113	188	3049	Polytomella
ERR10036469.out	0.000113	188	688353	Lichtheimia
ERR10036469.out	0.000113	188	1492710	Oxynema
ERR10036469.out	0.000113	188	1849828	Paeniclostridium
ERR10036469.out	0.000113	187	375928	Natranaerobius
ERR10036469.out	0.000113	187	1004301	Flavihumibacter
ERR10036469.out	0.000113	187	1649455	Halopolyspora
ERR10036469.out	0.000113	187	1792303	Sphaerimonospora
ERR10036469.out	0.000113	187	2680004	Protaetiibacter
ERR10036469.out	0.000112	186	1294511	Naumannella
ERR10036469.out	0.000112	186	1629825	Lanmaoa
ERR10036469.out	0.000111	185	34474	Fomitopsis
ERR10036469.out	0.000111	185	38946	Paracoccidioides
ERR10036469.out	0.000111	185	114185	Candidatus Carsonella
ERR10036469.out	0.000111	185	135587	Histomonas
ERR10036469.out	0.000111	185	470018	Rachicladosporium
ERR10036469.out	0.000111	184	599653	Tropicibacter
ERR10036469.out	0.000111	184	1433996	Desulfobaculum
ERR10036469.out	0.000111	184	1607807	Candidatus Methanoplasma
ERR10036469.out	0.000111	184	1649486	Rhizorhabdus
ERR10036469.out	0.000111	184	1692042	Sulfurifustis
ERR10036469.out	0.000111	184	1915412	Candidatus Methanosuratus
ERR10036469.out	0.000111	184	2031119	Jiulongibacter
ERR10036469.out	0.000111	184	2837503	Gottfriedia
ERR10036469.out	0.000110	183	100175	Papillibacter
ERR10036469.out	0.000110	183	243023	Pochonia
ERR10036469.out	0.000110	183	281119	Candidatus Amoebophilus
ERR10036469.out	0.000110	183	324777	Marssonina
ERR10036469.out	0.000110	183	1434024	Natronoflexus
ERR10036469.out	0.000110	183	1774136	Garicola
ERR10036469.out	0.000110	182	5218	Exidia
ERR10036469.out	0.000110	182	41874	Bathycoccus
ERR10036469.out	0.000110	182	61653	Methylopila
ERR10036469.out	0.000110	182	83612	Psychroflexus
ERR10036469.out	0.000110	182	160034	Zopfia
ERR10036469.out	0.000110	182	2714737	Alienimonas
ERR10036469.out	0.000109	181	992	Flexibacter
ERR10036469.out	0.000109	181	84593	Verrucosispora
ERR10036469.out	0.000109	181	109875	Catenaria
ERR10036469.out	0.000109	181	112488	Dissoconium
ERR10036469.out	0.000109	181	112497	Ramularia
ERR10036469.out	0.000109	181	561442	Anaerovirgula
ERR10036469.out	0.000109	181	1302778	Pseudoscardovia
ERR10036469.out	0.000109	181	1954472	Crassisporium
ERR10036469.out	0.000109	181	2593683	Ancrocorticia
ERR10036469.out	0.000108	180	52676	Atractomorpha
ERR10036469.out	0.000108	180	54258	Ignicoccus
ERR10036469.out	0.000108	180	54788	Stagonospora
ERR10036469.out	0.000108	180	66831	Facklamia
ERR10036469.out	0.000108	180	476201	Cardiosporidium
ERR10036469.out	0.000108	180	1283313	Alloprevotella
ERR10036469.out	0.000108	180	1742991	Pseudoglutamicibacter
ERR10036469.out	0.000108	179	81055	Wolfiporia
ERR10036469.out	0.000108	179	184869	Varibaculum
ERR10036469.out	0.000108	179	947525	Miniimonas
ERR10036469.out	0.000108	179	1654934	Desulfoprunum
ERR10036469.out	0.000107	178	4769	Saprolegnia
ERR10036469.out	0.000107	178	56999	Amaricoccus
ERR10036469.out	0.000107	178	59740	Persicobacter
ERR10036469.out	0.000107	178	1042315	Armatimonas
ERR10036469.out	0.000107	178	2038280	Robbsia
ERR10036469.out	0.000107	177	34037	Rahnella
ERR10036469.out	0.000107	177	45156	Cyanidioschyzon
ERR10036469.out	0.000107	177	1077886	Thermanaerothrix
ERR10036469.out	0.000107	177	1191515	Ornithinibacter
ERR10036469.out	0.000107	177	1446465	Candidatus Acetothermum
ERR10036469.out	0.000107	177	1937664	Criibacterium
ERR10036469.out	0.000107	177	2767885	Latilactobacillus
ERR10036469.out	0.000106	176	797121	Kipferlia
ERR10036469.out	0.000106	176	2419833	Candidatus Ozemobacter
ERR10036469.out	0.000105	175	2016	Streptoalloteichus
ERR10036469.out	0.000105	175	5024	Venturia
ERR10036469.out	0.000105	175	63958	Demetria
ERR10036469.out	0.000105	175	88358	Thermodesulforhabdus
ERR10036469.out	0.000105	175	253255	Soehngenia
ERR10036469.out	0.000105	175	282132	Candidatus Protochlamydia
ERR10036469.out	0.000105	175	359169	Thermopolyspora
ERR10036469.out	0.000105	175	1616789	Salinispira
ERR10036469.out	0.000105	174	5036	Histoplasma
ERR10036469.out	0.000105	174	241409	Geosmithia
ERR10036469.out	0.000105	174	2828371	Calidifontimicrobium
ERR10036469.out	0.000104	173	581	Morganella
ERR10036469.out	0.000104	173	137583	Thalassomonas
ERR10036469.out	0.000104	173	222991	Alkanindiges
ERR10036469.out	0.000104	173	599737	Wickerhamomyces
ERR10036469.out	0.000104	173	1434013	Labedaea
ERR10036469.out	0.000104	173	2782231	Kaistella
ERR10036469.out	0.000104	173	2803845	Usitatibacter
ERR10036469.out	0.000104	172	44744	Haematococcus
ERR10036469.out	0.000104	172	908251	Branchiibius
ERR10036469.out	0.000104	172	1434025	Neiella
ERR10036469.out	0.000103	171	39948	Dialister
ERR10036469.out	0.000103	171	45153	Westerdykella
ERR10036469.out	0.000103	171	67608	Microdochium
ERR10036469.out	0.000103	171	186475	Kouleothrix
ERR10036469.out	0.000103	171	204476	Labrys
ERR10036469.out	0.000103	171	1123951	Thalassocella
ERR10036469.out	0.000102	170	74556	Thraustotheca
ERR10036469.out	0.000102	170	157226	Jeotgalibacillus
ERR10036469.out	0.000102	170	191767	Plesiocystis
ERR10036469.out	0.000102	170	1382832	Telmatocola
ERR10036469.out	0.000102	170	2023242	Galliscardovia
ERR10036469.out	0.000102	170	2795774	Polystyrenella
ERR10036469.out	0.000102	169	5538	Scytalidium
ERR10036469.out	0.000102	169	68793	Botryobasidium
ERR10036469.out	0.000102	169	1085622	Propioniciclava
ERR10036469.out	0.000102	169	1324129	Pseudenhygromyxa
ERR10036469.out	0.000102	169	1443590	Ferriphaselus
ERR10036469.out	0.000102	169	2723776	Lichenihabitans
ERR10036469.out	0.000101	168	79808	Coniochaeta
ERR10036469.out	0.000101	168	182061	Tetrapyrgos
ERR10036469.out	0.000101	168	348581	Propionicicella
ERR10036469.out	0.000101	168	402170	Lapillicoccus
ERR10036469.out	0.000101	168	1344362	Rehaibacterium
ERR10036469.out	0.000101	168	1434034	Pricia
ERR10036469.out	0.000101	168	1649495	Seonamhaeicola
ERR10036469.out	0.000101	168	1699066	Candidatus Arcanobacter
ERR10036469.out	0.000101	168	2676837	Desertihabitans
ERR10036469.out	0.000101	168	2795783	Pirellulimonas
ERR10036469.out	0.000100	167	933	Thiomicrospira
ERR10036469.out	0.000100	166	1007	Saprospira
ERR10036469.out	0.000100	166	5683	Leptomonas
ERR10036469.out	0.000100	166	51366	Salinivibrio
ERR10036469.out	0.000100	166	53328	Desulfospira
ERR10036469.out	0.000100	166	64322	Carnimonas
ERR10036469.out	0.000100	166	349312	Krasilnikovia
ERR10036469.out	0.000100	166	1434037	Rubrivirga
ERR10036469.out	0.000100	166	1849718	Labilibacter
ERR10036469.out	0.000099	165	1121	Aphanothece
ERR10036469.out	0.000099	165	45299	Clathrospora
ERR10036469.out	0.000099	165	132607	Planktothricoides
ERR10036469.out	0.000099	165	229219	Blastomyces
ERR10036469.out	0.000099	165	399320	Sphaerochaeta
ERR10036469.out	0.000099	165	907202	Rubricoccus
ERR10036469.out	0.000099	165	1382931	Ardenticatena
ERR10036469.out	0.000099	165	2041181	Caldovatus
ERR10036469.out	0.000099	164	2056	Sphaerobacter
ERR10036469.out	0.000099	164	4867	Linderina
ERR10036469.out	0.000099	164	5314	Ganoderma
ERR10036469.out	0.000099	164	71944	Hypholoma
ERR10036469.out	0.000099	164	230355	Methanolacinia
ERR10036469.out	0.000099	164	945765	Romeria
ERR10036469.out	0.000099	164	1005038	Fimbriimonas
ERR10036469.out	0.000099	164	1549126	Desulfatiglans
ERR10036469.out	0.000099	164	2301194	Pokkaliibacter
ERR10036469.out	0.000098	163	80635	Coniophora
ERR10036469.out	0.000098	163	354349	Pseudochrobactrum
ERR10036469.out	0.000098	163	1612611	Pararhizobium
ERR10036469.out	0.000098	163	1851509	Naganishia
ERR10036469.out	0.000098	163	1930924	Haematomicrobium
ERR10036469.out	0.000098	163	1940855	Hypnocyclicus
ERR10036469.out	0.000097	162	1142	Synechocystis
ERR10036469.out	0.000097	162	1121254	Hamadaea
ERR10036469.out	0.000097	162	2676233	Sphingosinithalassobacter
ERR10036469.out	0.000097	161	33652	Cafeteria
ERR10036469.out	0.000097	161	68903	Terracoccus
ERR10036469.out	0.000097	161	112902	Propionispora
ERR10036469.out	0.000097	161	242508	Dothistroma
ERR10036469.out	0.000097	161	561108	Jaminaea
ERR10036469.out	0.000097	161	1835332	Verticiella
ERR10036469.out	0.000097	161	2712271	Xylanivirga
ERR10036469.out	0.000097	161	2740558	Lacisediminihabitans
ERR10036469.out	0.000096	160	40354	Fonsecaea
ERR10036469.out	0.000096	160	84756	Beutenbergia
ERR10036469.out	0.000096	160	204286	Cobetia
ERR10036469.out	0.000096	160	331525	Kribbia
ERR10036469.out	0.000096	160	747074	Tepidamorphus
ERR10036469.out	0.000096	160	1069494	Trueperella
ERR10036469.out	0.000096	160	1472344	Basilea
ERR10036469.out	0.000096	160	1940143	Dankookia
ERR10036469.out	0.000096	160	2293313	Candidatus Syntrophocurvum
ERR10036469.out	0.000096	160	2590445	Pelagibaculum
ERR10036469.out	0.000096	160	2709666	Pseudolysobacter
ERR10036469.out	0.000096	160	2795692	Nitrosophilus
ERR10036469.out	0.000096	160	2884102	Qaidamihabitans
ERR10036469.out	0.000096	159	2044	Pimelobacter
ERR10036469.out	0.000096	159	29828	Lipomyces
ERR10036469.out	0.000096	159	34433	Leucoagaricus
ERR10036469.out	0.000096	159	209260	Swaminathania
ERR10036469.out	0.000096	159	1036132	Kistimonas
ERR10036469.out	0.000096	159	1206353	Lizonia
ERR10036469.out	0.000096	159	1937999	Hugenholtzia
ERR10036469.out	0.000095	158	5587	Rhinocladiella
ERR10036469.out	0.000095	158	34019	Liberibacter
ERR10036469.out	0.000095	158	41953	Pseudo-nitzschia
ERR10036469.out	0.000095	158	278028	Naumovozyma
ERR10036469.out	0.000095	158	444599	Hansschlegelia
ERR10036469.out	0.000095	158	1914443	Allostreptomyces
ERR10036469.out	0.000095	158	2164137	Candidatus Lumbricidophila
ERR10036469.out	0.000095	158	2812025	Syntrophotalea
ERR10036469.out	0.000094	157	5453	Ascochyta
ERR10036469.out	0.000094	157	81894	Prosthecomicrobium
ERR10036469.out	0.000094	157	184431	Coprinopsis
ERR10036469.out	0.000094	157	1493516	Paramicrosporidium
ERR10036469.out	0.000094	157	1911573	Haloprofundus
ERR10036469.out	0.000094	156	47182	Ascodesmis
ERR10036469.out	0.000094	156	186829	Agitococcus
ERR10036469.out	0.000094	156	286729	Alkaliflexus
ERR10036469.out	0.000094	156	1434028	Ornatilinea
ERR10036469.out	0.000094	156	1755832	Haloimpatiens
ERR10036469.out	0.000093	155	695982	Halogranum
ERR10036469.out	0.000093	155	1341120	Pseudohaliea
ERR10036469.out	0.000093	155	1400386	Bythopirellula
ERR10036469.out	0.000093	154	34487	Conidiobolus
ERR10036469.out	0.000093	154	76833	Actinobaculum
ERR10036469.out	0.000093	154	1148150	Desulfosoma
ERR10036469.out	0.000093	154	1524214	Vulgatibacter
ERR10036469.out	0.000093	154	2026842	Bifiguratus
ERR10036469.out	0.000092	153	43987	Geotrichum
ERR10036469.out	0.000092	153	82373	Anaerovibrio
ERR10036469.out	0.000092	153	119044	Filomicrobium
ERR10036469.out	0.000092	153	143016	Jakoba
ERR10036469.out	0.000092	153	451373	Rudanella
ERR10036469.out	0.000092	153	1808977	Candidatus Methylospira
ERR10036469.out	0.000092	153	2676247	Aquirufa
ERR10036469.out	0.000092	153	2720809	Candidatus Alangreenwoodia
ERR10036469.out	0.000091	152	5140	Neurospora
ERR10036469.out	0.000091	152	5395	Paxillus
ERR10036469.out	0.000091	152	139111	Dendrothele
ERR10036469.out	0.000091	152	2837504	Heyndrickxia
ERR10036469.out	0.000091	151	150173	Phialocephala
ERR10036469.out	0.000091	151	160598	Rhynchopus
ERR10036469.out	0.000091	151	229045	Trichomonascus
ERR10036469.out	0.000090	150	27320	Metschnikowia
ERR10036469.out	0.000090	150	38037	Rhynchosporium
ERR10036469.out	0.000090	150	1616833	Hydrococcus
ERR10036469.out	0.000090	150	1918450	Cuneatibacter
ERR10036469.out	0.000090	150	2126006	Enteroscipio
ERR10036469.out	0.000090	150	2789201	Candidatus Vampirococcus
ERR10036469.out	0.000090	149	100815	Madurella
ERR10036469.out	0.000090	149	1759371	Inmirania
ERR10036469.out	0.000089	148	109326	Anaerovorax
ERR10036469.out	0.000089	148	136088	Malawimonas
ERR10036469.out	0.000089	148	489909	Nosocomiicoccus
ERR10036469.out	0.000089	148	1458243	Pseudomaricurvus
ERR10036469.out	0.000089	148	1562565	Pyrinomonas
ERR10036469.out	0.000089	148	2483368	Sedimentisphaera
ERR10036469.out	0.000089	148	2563777	Lactimicrobium
ERR10036469.out	0.000088	147	2721119	Candidatus Pseudoruminococcus
ERR10036469.out	0.000088	146	2237	Haloarcula
ERR10036469.out	0.000088	146	45141	Cucurbitaria
ERR10036469.out	0.000088	146	132605	Limnothrix
ERR10036469.out	0.000088	146	393661	Congregibacter
ERR10036469.out	0.000088	146	1494427	Tepidibacillus
ERR10036469.out	0.000088	146	1929105	Anaeromicrobium
ERR10036469.out	0.000088	146	2676121	Galactobacter
ERR10036469.out	0.000087	145	112987	Neochlamydia
ERR10036469.out	0.000087	145	1484898	Methyloceanibacter
ERR10036469.out	0.000087	145	1707752	Hanstruepera
ERR10036469.out	0.000087	145	1921784	Kiritimatiella
ERR10036469.out	0.000087	145	2709685	Parasphingorhabdus
ERR10036469.out	0.000087	144	4836	Phycomyces
ERR10036469.out	0.000087	144	6033	Encephalitozoon
ERR10036469.out	0.000087	144	34104	Streptobacillus
ERR10036469.out	0.000087	144	1303912	Desulfatitalea
ERR10036469.out	0.000087	144	2807511	Humisphaera
ERR10036469.out	0.000086	143	13705	Syncephalastrum
ERR10036469.out	0.000086	143	201152	Carpediemonas
ERR10036469.out	0.000086	143	332951	Halovivax
ERR10036469.out	0.000086	143	2478349	Indioceanicola
ERR10036469.out	0.000085	142	2195	Methanogenium
ERR10036469.out	0.000085	142	1511648	Defluviitoga
ERR10036469.out	0.000085	142	2883512	Citrifermentans
ERR10036469.out	0.000085	141	56106	Cylindrospermum
ERR10036469.out	0.000085	141	162291	Planomicrobium
ERR10036469.out	0.000085	141	1068904	Primorskyibacter
ERR10036469.out	0.000085	141	1769738	Compostibacillus
ERR10036469.out	0.000085	141	2651725	Leptothoe
ERR10036469.out	0.000084	140	36739	Dermabacter
ERR10036469.out	0.000084	140	133269	Hydrogenothermus
ERR10036469.out	0.000084	140	140458	Thermacetogenium
ERR10036469.out	0.000084	140	427922	Desulfurivibrio
ERR10036469.out	0.000084	140	591374	Caldanaerovirga
ERR10036469.out	0.000084	139	58122	Spirillospora
ERR10036469.out	0.000084	139	254245	Aquicella
ERR10036469.out	0.000084	139	347533	Zobellella
ERR10036469.out	0.000084	139	1927833	Candidatus Fukatsuia
ERR10036469.out	0.000084	139	2211641	Yoonia
ERR10036469.out	0.000084	139	2860291	Geomesophilobacter
ERR10036469.out	0.000083	138	246861	Grimontia
ERR10036469.out	0.000083	138	2795013	Candidatus Fermentimicrarchaeum
ERR10036469.out	0.000082	137	34100	Filibacter
ERR10036469.out	0.000082	137	68756	Clavulina
ERR10036469.out	0.000082	137	292636	Thermoflavimicrobium
ERR10036469.out	0.000082	137	718013	Thermasporomyces
ERR10036469.out	0.000082	137	1100891	Paenalcaligenes
ERR10036469.out	0.000082	137	1125862	Deferrisoma
ERR10036469.out	0.000082	137	1494215	Verruconis
ERR10036469.out	0.000082	137	2650923	Aestuariivirga
ERR10036469.out	0.000082	137	2750657	Pontiella
ERR10036469.out	0.000082	137	2762385	Daejeonella
ERR10036469.out	0.000082	136	5027	Pyrenophora
ERR10036469.out	0.000082	136	63298	Pseudozyma
ERR10036469.out	0.000082	136	353799	Halostagnicola
ERR10036469.out	0.000082	136	2765402	Natrarchaeobaculum
ERR10036469.out	0.000081	135	28233	Geotoga
ERR10036469.out	0.000081	135	1491576	Magnaporthiopsis
ERR10036469.out	0.000081	135	2720805	Candidatus Flemingibacterium
ERR10036469.out	0.000081	135	2731402	Antribacter
ERR10036469.out	0.000081	134	13366	Brettanomyces
ERR10036469.out	0.000081	134	292691	Gramella
ERR10036469.out	0.000081	134	361106	Desulfoglaeba
ERR10036469.out	0.000081	134	1133570	Cesiribacter
ERR10036469.out	0.000081	134	2547964	Parashewanella
ERR10036469.out	0.000080	133	47720	Lyophyllum
ERR10036469.out	0.000080	133	301203	Karstenula
ERR10036469.out	0.000080	133	568214	Marihabitans
ERR10036469.out	0.000080	133	580880	Amorphus
ERR10036469.out	0.000080	133	766728	Meyerozyma
ERR10036469.out	0.000080	133	862261	Caldanaerobius
ERR10036469.out	0.000080	133	2767889	Loigolactobacillus
ERR10036469.out	0.000079	132	50	Chondromyces
ERR10036469.out	0.000079	132	31980	Acetitomaculum
ERR10036469.out	0.000079	132	34451	Cortinarius
ERR10036469.out	0.000079	132	267986	Owenweeksia
ERR10036469.out	0.000079	132	511678	Aliivibrio
ERR10036469.out	0.000079	132	1313115	Magnetovibrio
ERR10036469.out	0.000079	132	1618113	Saccharicrinis
ERR10036469.out	0.000079	132	1940395	Caenibacillus
ERR10036469.out	0.000079	132	2250589	Xinfangfangia
ERR10036469.out	0.000079	131	107449	Phaffia
ERR10036469.out	0.000079	131	497742	Desulfatirhabdium
ERR10036469.out	0.000079	131	1635133	Aestuariicella
ERR10036469.out	0.000079	131	1775468	Silvibacterium
ERR10036469.out	0.000079	131	1960084	Rodentibacter
ERR10036469.out	0.000079	131	2774146	Frigoriglobus
ERR10036469.out	0.000078	130	110934	Agreia
ERR10036469.out	0.000078	130	178469	Arenibacter
ERR10036469.out	0.000078	130	366614	Haematobacter
ERR10036469.out	0.000078	130	1433993	Chryseolinea
ERR10036469.out	0.000078	130	1485594	Methyloligella
ERR10036469.out	0.000078	130	2489367	Candidatus Cyclonatronum
ERR10036469.out	0.000078	130	2599621	Candidatus Eremiobacter
ERR10036469.out	0.000078	130	2710873	Botryobacter
ERR10036469.out	0.000078	129	82978	Budvicia
ERR10036469.out	0.000078	129	117062	Tephrocybe
ERR10036469.out	0.000078	129	124426	Ustilaginoidea
ERR10036469.out	0.000078	129	196013	Caldimonas
ERR10036469.out	0.000078	129	398041	Flavisolibacter
ERR10036469.out	0.000078	129	446680	Eudoraea
ERR10036469.out	0.000078	129	503005	Dasania
ERR10036469.out	0.000078	129	767891	Candidatus Puniceispirillum
ERR10036469.out	0.000078	129	2597258	Candidatus Macondimonas
ERR10036469.out	0.000077	128	40840	Succiniclasticum
ERR10036469.out	0.000077	128	46205	Pseudobutyrivibrio
ERR10036469.out	0.000077	128	53945	Octadecabacter
ERR10036469.out	0.000077	128	77674	Paracraurococcus
ERR10036469.out	0.000077	128	332157	Larkinella
ERR10036469.out	0.000077	128	436357	Thalassococcus
ERR10036469.out	0.000077	128	453209	Coleophoma
ERR10036469.out	0.000077	128	529883	Rhodoluna
ERR10036469.out	0.000077	128	2056696	Cysteiniphilum
ERR10036469.out	0.000076	127	637	Arsenophonus
ERR10036469.out	0.000076	127	911	Nitrobacter
ERR10036469.out	0.000076	127	62100	Candidatus Endobugula
ERR10036469.out	0.000076	127	336803	Thorsellia
ERR10036469.out	0.000076	127	376170	Haloplanus
ERR10036469.out	0.000076	127	1434047	Spinactinospora
ERR10036469.out	0.000076	127	1655429	Savagea
ERR10036469.out	0.000076	127	1914260	Arsenicibacter
ERR10036469.out	0.000076	127	2795973	Stieleria
ERR10036469.out	0.000076	126	1649	Kurthia
ERR10036469.out	0.000076	126	2770	Cyanidium
ERR10036469.out	0.000076	126	47025	Dactylella
ERR10036469.out	0.000076	126	94642	Besnoitia
ERR10036469.out	0.000076	126	291967	Acaricomes
ERR10036469.out	0.000076	126	1348508	Roseimicrobium
ERR10036469.out	0.000076	126	1866960	Amphiamblys
ERR10036469.out	0.000075	125	5402	Russula
ERR10036469.out	0.000075	125	212790	Sulfurihydrogenibium
ERR10036469.out	0.000075	125	460517	Komagataella
ERR10036469.out	0.000075	125	1211036	Mangrovimonas
ERR10036469.out	0.000075	125	2880942	Zeimonas
ERR10036469.out	0.000075	124	28222	Desulfobacula
ERR10036469.out	0.000075	124	29287	Natronococcus
ERR10036469.out	0.000075	124	44474	Pleurocapsa
ERR10036469.out	0.000075	124	152180	Ahrensia
ERR10036469.out	0.000075	124	237444	Ulvibacter
ERR10036469.out	0.000075	124	299330	Lobosporangium
ERR10036469.out	0.000075	124	336830	Arsukibacterium
ERR10036469.out	0.000075	124	1049006	Fortiea
ERR10036469.out	0.000075	124	1351751	Parastagonospora
ERR10036469.out	0.000075	124	1354494	Phialemoniopsis
ERR10036469.out	0.000075	124	1400060	Roseibaca
ERR10036469.out	0.000074	123	90372	Thiomargarita
ERR10036469.out	0.000074	123	221102	Moniliophthora
ERR10036469.out	0.000074	123	996924	Mastigocoleus
ERR10036469.out	0.000074	123	1213720	Stomatobaculum
ERR10036469.out	0.000073	122	43947	Tolumonas
ERR10036469.out	0.000073	122	1519186	Nguyenibacter
ERR10036469.out	0.000073	122	1522431	Thermosulfurimonas
ERR10036469.out	0.000073	122	1868323	Candidatus Thermochlorobacter
ERR10036469.out	0.000073	121	40456	Fistulina
ERR10036469.out	0.000073	121	889388	Chryseomicrobium
ERR10036469.out	0.000073	121	1676651	Limnochorda
ERR10036469.out	0.000073	121	1738645	Caproiciproducens
ERR10036469.out	0.000073	121	2767882	Furfurilactobacillus
ERR10036469.out	0.000072	120	56112	Dehalobacter
ERR10036469.out	0.000072	120	69474	Orientia
ERR10036469.out	0.000072	120	147067	Thermobispora
ERR10036469.out	0.000072	120	690621	Georgfuchsia
ERR10036469.out	0.000072	119	4930	Saccharomyces
ERR10036469.out	0.000072	119	66526	Balamuthia
ERR10036469.out	0.000072	119	81463	Anaeromusa
ERR10036469.out	0.000072	119	1249016	Otariodibacter
ERR10036469.out	0.000072	119	1330546	Pluralibacter
ERR10036469.out	0.000072	119	1395974	Tardiphaga
ERR10036469.out	0.000072	119	1462351	Candidatus Aerophobus
ERR10036469.out	0.000072	119	2039718	Marivibrio
ERR10036469.out	0.000072	119	2767318	Boudabousia
ERR10036469.out	0.000072	119	2837501	Fredinandcohnia
ERR10036469.out	0.000071	118	40558	Botryotinia
ERR10036469.out	0.000071	118	401624	Ceraceosorus
ERR10036469.out	0.000070	117	51668	Tetragenococcus
ERR10036469.out	0.000070	117	95228	Vannella
ERR10036469.out	0.000070	117	180950	Tricholomella
ERR10036469.out	0.000070	117	320933	Salinibacillus
ERR10036469.out	0.000070	117	1434015	Limimonas
ERR10036469.out	0.000070	117	1504669	Rhizodiscina
ERR10036469.out	0.000070	117	1649454	Glaciihabitans
ERR10036469.out	0.000070	117	2676781	Aquisediminimonas
ERR10036469.out	0.000070	117	2730923	Roseicella
ERR10036469.out	0.000070	116	70188	Olpidium
ERR10036469.out	0.000070	116	90243	Oligella
ERR10036469.out	0.000070	116	105983	Apiotrichum
ERR10036469.out	0.000070	116	649462	Gracilimonas
ERR10036469.out	0.000070	116	665568	Paraoerskovia
ERR10036469.out	0.000070	116	1553903	Oligoflexus
ERR10036469.out	0.000070	116	1848399	Crassaminicella
ERR10036469.out	0.000069	115	1111	Porphyrobacter
ERR10036469.out	0.000069	115	36046	Elaphomyces
ERR10036469.out	0.000069	115	109763	Harpochytrium
ERR10036469.out	0.000069	115	245186	Loktanella
ERR10036469.out	0.000069	115	481178	Seohaeicola
ERR10036469.out	0.000069	115	1945896	Vitiosangium
ERR10036469.out	0.000069	114	5369	Boletus
ERR10036469.out	0.000069	114	43220	Capronia
ERR10036469.out	0.000069	114	71917	Rhodocollybia
ERR10036469.out	0.000069	114	442869	Acanthopleuribacter
ERR10036469.out	0.000069	114	582491	Rubidibacter
ERR10036469.out	0.000069	114	1223423	Neokomagataea
ERR10036469.out	0.000069	114	1649471	Mobilitalea
ERR10036469.out	0.000069	114	2004797	Luteitalea
ERR10036469.out	0.000069	114	2582836	Desulfohalovibrio
ERR10036469.out	0.000069	114	2768738	Spartinivicinus
ERR10036469.out	0.000068	113	44747	Holospora
ERR10036469.out	0.000068	113	81466	Aminobacterium
ERR10036469.out	0.000068	113	241421	Crinalium
ERR10036469.out	0.000068	113	355929	Yonghaparkia
ERR10036469.out	0.000068	113	393029	Desulfurispirillum
ERR10036469.out	0.000067	112	35721	Parasitella
ERR10036469.out	0.000067	112	68776	Cyathus
ERR10036469.out	0.000067	112	78910	Syncephalis
ERR10036469.out	0.000067	112	109168	Desulfotalea
ERR10036469.out	0.000067	112	1278221	Auraticoccus
ERR10036469.out	0.000067	112	1637744	Aminicella
ERR10036469.out	0.000067	112	2078948	Epidermidibacterium
ERR10036469.out	0.000067	111	1175	Aphanizomenon
ERR10036469.out	0.000067	111	78141	Oidiodendron
ERR10036469.out	0.000067	111	191301	Caminibacter
ERR10036469.out	0.000067	111	987053	Rhodoligotrophos
ERR10036469.out	0.000067	111	1034479	Chloroidium
ERR10036469.out	0.000067	111	1408194	Endomicrobium
ERR10036469.out	0.000067	111	2837510	Siminovitchia
ERR10036469.out	0.000066	110	83400	Roseospirillum
ERR10036469.out	0.000066	110	184027	Golovinomyces
ERR10036469.out	0.000066	110	187144	Caldithrix
ERR10036469.out	0.000066	110	459532	Terribacillus
ERR10036469.out	0.000066	110	516086	Clostridiisalibacter
ERR10036469.out	0.000066	110	1582879	Ezakiella
ERR10036469.out	0.000066	110	1679002	Candidatus Methylopumilus
ERR10036469.out	0.000066	110	2678529	Kineobactrum
ERR10036469.out	0.000066	110	2787008	Thermogemmata
ERR10036469.out	0.000066	110	2839095	Candidatus Methylacidithermus
ERR10036469.out	0.000066	109	5333	Schizophyllum
ERR10036469.out	0.000066	109	33055	Candidatus Kinetoplastibacterium
ERR10036469.out	0.000066	109	150203	Blastomonas
ERR10036469.out	0.000066	109	667112	Lutispora
ERR10036469.out	0.000066	109	2767890	Paucilactobacillus
ERR10036469.out	0.000066	109	2807414	Anatilimnocola
ERR10036469.out	0.000065	108	35235	Vavraia
ERR10036469.out	0.000065	108	186035	Fragilariopsis
ERR10036469.out	0.000065	108	365032	Aureispira
ERR10036469.out	0.000065	108	999506	Pseudofulvimonas
ERR10036469.out	0.000065	108	1401161	Sodiomyces
ERR10036469.out	0.000065	108	2661936	Ferruginivarius
ERR10036469.out	0.000064	107	5230	Auricularia
ERR10036469.out	0.000064	107	153265	Aequorivita
ERR10036469.out	0.000064	107	202771	Zooshikella
ERR10036469.out	0.000064	107	1274351	Kroppenstedtia
ERR10036469.out	0.000064	107	2201383	Mangrovicoccus
ERR10036469.out	0.000064	107	2731450	Limnoglobus
ERR10036469.out	0.000064	107	2840454	Candidatus Formimonas
ERR10036469.out	0.000064	106	4953	Zygosaccharomyces
ERR10036469.out	0.000064	106	5260	Melampsora
ERR10036469.out	0.000064	106	39965	Hypsizygus
ERR10036469.out	0.000064	106	45244	Emericellopsis
ERR10036469.out	0.000064	106	45787	Wickerhamiella
ERR10036469.out	0.000064	106	150059	Halonatronum
ERR10036469.out	0.000064	106	150372	Escovopsis
ERR10036469.out	0.000064	106	210567	Cadophora
ERR10036469.out	0.000064	106	1003010	Strigomonas
ERR10036469.out	0.000064	106	1230698	Marisediminicola
ERR10036469.out	0.000064	106	2680005	Pseudolysinimonas
ERR10036469.out	0.000064	106	2689587	Suicoccus
ERR10036469.out	0.000064	106	2758103	Candidatus Manganitrophus
ERR10036469.out	0.000064	106	2819029	Candidatus Denitrolinea
ERR10036469.out	0.000064	106	2824145	Antarcticimicrobium
ERR10036469.out	0.000063	105	64895	Borreliella
ERR10036469.out	0.000063	105	72221	Thelohania
ERR10036469.out	0.000063	105	1988031	Candidatus Promineofilum
ERR10036469.out	0.000063	105	2689590	Stagnimonas
ERR10036469.out	0.000063	105	2767877	Apilactobacillus
ERR10036469.out	0.000063	104	346096	Paludibacter
ERR10036469.out	0.000063	104	1949218	Telluribacter
ERR10036469.out	0.000062	103	129577	Oceanimonas
ERR10036469.out	0.000062	103	159730	Thermovenabulum
ERR10036469.out	0.000062	103	273135	Candidatus Cardinium
ERR10036469.out	0.000062	103	449972	Chelativorans
ERR10036469.out	0.000062	103	1335631	Frischella
ERR10036469.out	0.000062	103	1763531	Confluentibacter
ERR10036469.out	0.000062	103	1924093	Anaeromassilibacillus
ERR10036469.out	0.000062	103	2758906	Entomomonas
ERR10036469.out	0.000061	102	939	Hydrogenobacter
ERR10036469.out	0.000061	102	43431	Sphaerosporella
ERR10036469.out	0.000061	102	83235	Postia
ERR10036469.out	0.000061	102	192992	Thermoleophilum
ERR10036469.out	0.000061	102	1759417	Pseudohalocynthiibacter
ERR10036469.out	0.000061	102	2709671	Saezia
ERR10036469.out	0.000061	102	2860205	Canicola
ERR10036469.out	0.000061	101	87266	Lasallia
ERR10036469.out	0.000061	101	660514	Novispirillum
ERR10036469.out	0.000061	101	2814446	Roseiconus
ERR10036469.out	0.000061	101	2846763	Pseudoprimorskyibacter
ERR10036469.out	0.000061	101	2857076	Anthocerotibacter
ERR10036469.out	0.000060	100	47212	Trichophaea
ERR10036469.out	0.000060	100	95729	Stemphylium
ERR10036469.out	0.000060	100	197752	Pleurosigma
ERR10036469.out	0.000060	100	574697	Butyricimonas
ERR10036469.out	0.000060	100	1132766	Alpinimonas
ERR10036469.out	0.000060	100	1392389	Intestinimonas
ERR10036469.out	0.000060	100	2720800	Candidatus Avimicrobium
ERR10036469.out	0.000060	99	28073	Lyngbya
ERR10036469.out	0.000060	99	68785	Sphaerobolus
ERR10036469.out	0.000060	99	70190	Chroococcus
ERR10036469.out	0.000060	99	118259	Plenodomus
ERR10036469.out	0.000060	99	329881	Friedmanniomyces
ERR10036469.out	0.000060	99	577310	Parasutterella
ERR10036469.out	0.000060	99	1348505	Polycladomyces
ERR10036469.out	0.000059	98	45132	Botryosphaeria
ERR10036469.out	0.000059	98	47424	Armillaria
ERR10036469.out	0.000059	98	56489	Thelephora
ERR10036469.out	0.000059	98	59585	Corynespora
ERR10036469.out	0.000059	98	1434000	Eilatimonas
ERR10036469.out	0.000059	98	1445504	Gynuella
ERR10036469.out	0.000059	98	1519373	Amphiplicatus
ERR10036469.out	0.000059	98	1890291	Falcatimonas
ERR10036469.out	0.000058	97	101	Flectobacillus
ERR10036469.out	0.000058	97	252301	Oceanicola
ERR10036469.out	0.000058	97	337670	Pilibacter
ERR10036469.out	0.000058	97	604195	Cyberlindnera
ERR10036469.out	0.000058	97	1659840	Sanghuangporus
ERR10036469.out	0.000058	97	1763555	Risungbinella
ERR10036469.out	0.000058	97	1780299	Anaerosolibacter
ERR10036469.out	0.000058	97	2756312	Flavimobilis
ERR10036469.out	0.000058	96	5309	Athelia
ERR10036469.out	0.000058	96	34348	Mixia
ERR10036469.out	0.000058	96	561367	Salinimicrobium
ERR10036469.out	0.000058	96	653686	Wenxinia
ERR10036469.out	0.000058	96	2036017	Consotaella
ERR10036469.out	0.000058	96	2303493	Zestosphaera
ERR10036469.out	0.000058	96	2841677	Candidatus Pseudothioglobus
ERR10036469.out	0.000057	95	45662	Desulfohalobium
ERR10036469.out	0.000057	95	101851	Glarea
ERR10036469.out	0.000057	95	1433997	Diaminobutyricimonas
ERR10036469.out	0.000057	95	2307285	Flavipsychrobacter
ERR10036469.out	0.000057	94	5193	Morchella
ERR10036469.out	0.000057	94	5600	Phialophora
ERR10036469.out	0.000057	94	113604	Tetrapisispora
ERR10036469.out	0.000057	94	336277	Roseicyclus
ERR10036469.out	0.000057	94	543311	Parvimonas
ERR10036469.out	0.000057	94	622681	Candidatus Planktophila
ERR10036469.out	0.000057	94	1037661	Microthyrium
ERR10036469.out	0.000057	94	1084558	Oceanicoccus
ERR10036469.out	0.000057	94	2855184	Oryzomonas
ERR10036469.out	0.000057	94	2855478	Salibaculum
ERR10036469.out	0.000056	93	105767	Tremella
ERR10036469.out	0.000056	93	651553	Haloglycomyces
ERR10036469.out	0.000056	93	658061	Candidatus Koribacter
ERR10036469.out	0.000056	93	767528	Geomicrobium
ERR10036469.out	0.000056	93	1080193	Hyunsoonleella
ERR10036469.out	0.000056	93	1206748	Nitrolancea
ERR10036469.out	0.000055	92	214904	Tepidibacter
ERR10036469.out	0.000055	92	372047	Trichodelitschia
ERR10036469.out	0.000055	92	475966	Leptolinea
ERR10036469.out	0.000055	92	1078860	Bryocella
ERR10036469.out	0.000055	92	1196389	Zygotorulaspora
ERR10036469.out	0.000055	92	1274363	Polycyclovorans
ERR10036469.out	0.000055	92	1471399	Draconibacterium
ERR10036469.out	0.000055	92	1870822	Candidatus Aegiribacteria
ERR10036469.out	0.000055	92	1914156	Chiua
ERR10036469.out	0.000055	92	2173855	Marinitenerispora
ERR10036469.out	0.000055	91	40459	Hericium
ERR10036469.out	0.000055	91	69965	Macrococcus
ERR10036469.out	0.000055	91	114154	Dichomitus
ERR10036469.out	0.000055	91	700450	Siphonobacter
ERR10036469.out	0.000055	91	1003337	Angomonas
ERR10036469.out	0.000055	91	1288026	Arcticibacter
ERR10036469.out	0.000055	91	2759657	Cyanidiococcus
ERR10036469.out	0.000055	91	2767881	Fructilactobacillus
ERR10036469.out	0.000054	90	4780	Plasmopara
ERR10036469.out	0.000054	90	31983	Helcococcus
ERR10036469.out	0.000054	90	48728	Rhabdochromatium
ERR10036469.out	0.000054	90	64652	Lepista
ERR10036469.out	0.000054	90	269258	Nitratiruptor
ERR10036469.out	0.000054	90	415014	Proteiniborus
ERR10036469.out	0.000054	90	866547	Guyanagaster
ERR10036469.out	0.000054	90	1209946	Roseicitreum
ERR10036469.out	0.000054	90	1400135	Sporosalibacterium
ERR10036469.out	0.000054	90	1500560	Tilletiopsis
ERR10036469.out	0.000054	90	2819281	Acidiluteibacter
ERR10036469.out	0.000054	89	5010	Taphrina
ERR10036469.out	0.000054	89	5280	Tilletiaria
ERR10036469.out	0.000054	89	36658	Volvariella
ERR10036469.out	0.000054	89	79598	Heliorestis
ERR10036469.out	0.000054	89	285810	Pyrenochaeta
ERR10036469.out	0.000054	89	1890059	Serpentinicella
ERR10036469.out	0.000054	89	2109263	Abditibacterium
ERR10036469.out	0.000054	89	2838250	Kaustia
ERR10036469.out	0.000053	88	29849	Gaeumannomyces
ERR10036469.out	0.000053	88	42367	Hirsutella
ERR10036469.out	0.000053	88	147572	Piedraia
ERR10036469.out	0.000053	88	456826	Candidatus Cloacimonas
ERR10036469.out	0.000053	88	1608404	Puniceibacterium
ERR10036469.out	0.000053	88	2703874	Albitalea
ERR10036469.out	0.000053	88	2773294	Desulfolutivibrio
ERR10036469.out	0.000052	87	1119	Aphanocapsa
ERR10036469.out	0.000052	87	82976	Buttiauxella
ERR10036469.out	0.000052	87	154346	Thiorhodospira
ERR10036469.out	0.000052	87	203804	Candidatus Blochmannia
ERR10036469.out	0.000052	87	1182780	Magnetospira
ERR10036469.out	0.000052	87	1840210	Corticibacterium
ERR10036469.out	0.000052	87	2302916	Chloroparvula
ERR10036469.out	0.000052	86	109632	Galerina
ERR10036469.out	0.000052	86	475961	Longilinea
ERR10036469.out	0.000052	86	488937	Desulfonatronospira
ERR10036469.out	0.000052	86	909928	Negativicoccus
ERR10036469.out	0.000052	86	1007342	Desulfurispira
ERR10036469.out	0.000052	86	1445609	Hephaestia
ERR10036469.out	0.000052	86	2038244	Agaribacterium
ERR10036469.out	0.000052	86	2211639	Pseudaestuariivita
ERR10036469.out	0.000052	86	2679998	Arundinibacter
ERR10036469.out	0.000052	86	2795780	Symmachiella
ERR10036469.out	0.000051	85	2179	Methanothermus
ERR10036469.out	0.000051	85	2349	Haliscomenobacter
ERR10036469.out	0.000051	85	98402	Drechmeria
ERR10036469.out	0.000051	85	123375	Solobacterium
ERR10036469.out	0.000051	85	1263978	Candidatus Endolissoclinum
ERR10036469.out	0.000051	85	1330547	Kosakonia
ERR10036469.out	0.000051	85	1648503	Canibacter
ERR10036469.out	0.000051	85	1955413	Abyssicoccus
ERR10036469.out	0.000051	84	2308	Pyrodictium
ERR10036469.out	0.000051	84	13000	Chalara
ERR10036469.out	0.000051	84	33042	Coprococcus
ERR10036469.out	0.000051	84	51194	Desulfofustis
ERR10036469.out	0.000051	84	93368	Pseudaminobacter
ERR10036469.out	0.000051	84	139389	Plicaturopsis
ERR10036469.out	0.000051	84	370954	Staphylotrichum
ERR10036469.out	0.000051	84	659428	Marivita
ERR10036469.out	0.000051	84	1221209	Methylomarinum
ERR10036469.out	0.000051	84	1330545	Lelliottia
ERR10036469.out	0.000050	83	37817	Desulfuromusa
ERR10036469.out	0.000050	83	351195	Salimicrobium
ERR10036469.out	0.000050	83	518753	Luteolibacter
ERR10036469.out	0.000050	83	1150774	Natribacillus
ERR10036469.out	0.000050	83	1769713	Flexilinea
ERR10036469.out	0.000050	83	2004661	Hyphobacterium
ERR10036469.out	0.000050	83	2024982	Notoacmeibacter
ERR10036469.out	0.000050	83	2042899	Andreesenia
ERR10036469.out	0.000050	83	2582840	Desulfocurvibacter
ERR10036469.out	0.000050	83	2590586	Histidinibacterium
ERR10036469.out	0.000050	83	2767322	Bowdeniella
ERR10036469.out	0.000050	83	2821512	Algihabitans
ERR10036469.out	0.000050	83	2822655	Endobacterium
ERR10036469.out	0.000050	83	2838311	Natronoglycomyces
ERR10036469.out	0.000049	82	1862	Dermatophilus
ERR10036469.out	0.000049	82	44639	Choiromyces
ERR10036469.out	0.000049	82	265103	Trichoglossum
ERR10036469.out	0.000049	82	504481	Sediminibacterium
ERR10036469.out	0.000049	82	1236988	Geofilum
ERR10036469.out	0.000049	82	1541818	Sedimentitalea
ERR10036469.out	0.000049	82	1987010	Massilimaliae
ERR10036469.out	0.000049	82	2211638	Limimaricola
ERR10036469.out	0.000049	82	2714594	Bremerella
ERR10036469.out	0.000049	81	2319	Methanopyrus
ERR10036469.out	0.000049	81	44417	Cyclospora
ERR10036469.out	0.000049	81	86331	Mogibacterium
ERR10036469.out	0.000049	81	136498	Phalansterium
ERR10036469.out	0.000049	81	184977	Decorospora
ERR10036469.out	0.000049	81	217510	Fulvimarina
ERR10036469.out	0.000049	81	1564515	Phaeodactylibacter
ERR10036469.out	0.000049	81	2678887	Oleisolibacter
ERR10036469.out	0.000049	81	2770094	Biomaibacter
ERR10036469.out	0.000048	80	36065	Cantharellus
ERR10036469.out	0.000048	80	66735	Diplodia
ERR10036469.out	0.000048	80	327281	Acephala
ERR10036469.out	0.000048	80	396388	Aestuariimicrobium
ERR10036469.out	0.000048	80	485576	Aquisalibacillus
ERR10036469.out	0.000048	80	1052683	Obba
ERR10036469.out	0.000048	80	1541822	Pseudophaeobacter
ERR10036469.out	0.000048	80	2036021	Agarilytica
ERR10036469.out	0.000048	79	56054	Bogoriella
ERR10036469.out	0.000048	79	983507	Ponticoccus
ERR10036469.out	0.000048	79	1495041	Thermopetrobacter
ERR10036469.out	0.000047	78	5352	Lentinula
ERR10036469.out	0.000047	78	59738	Marinilabilia
ERR10036469.out	0.000047	78	60846	Halogeometricum
ERR10036469.out	0.000047	78	146784	Bacteriovorax
ERR10036469.out	0.000047	78	869896	Halonotius
ERR10036469.out	0.000047	78	1077265	Chthonomonas
ERR10036469.out	0.000046	77	98443	Richelia
ERR10036469.out	0.000046	77	147559	Delphinella
ERR10036469.out	0.000046	77	387095	Maribius
ERR10036469.out	0.000046	77	1176129	Aulographum
ERR10036469.out	0.000046	77	1774589	Lunatimonas
ERR10036469.out	0.000046	77	1874526	Kovacikia
ERR10036469.out	0.000046	77	1882482	Testicularia
ERR10036469.out	0.000046	77	1912503	Candidatus Izimaplasma
ERR10036469.out	0.000046	77	2022712	Candidatus Methanohalarchaeum
ERR10036469.out	0.000046	77	2026179	Desulfocucumis
ERR10036469.out	0.000046	77	2689591	Stenotrophobium
ERR10036469.out	0.000046	77	2807415	Urbifossiella
ERR10036469.out	0.000046	76	42447	Anaerobranca
ERR10036469.out	0.000046	76	139105	Cylindrobasidium
ERR10036469.out	0.000046	76	153497	Kozakia
ERR10036469.out	0.000046	76	175660	Pyrrhoderma
ERR10036469.out	0.000046	76	180962	Flammula
ERR10036469.out	0.000046	76	204473	Angulomicrobium
ERR10036469.out	0.000046	76	314126	Drechslerella
ERR10036469.out	0.000046	76	483422	Estrella
ERR10036469.out	0.000046	76	519427	Sharpea
ERR10036469.out	0.000046	76	600332	Zavarzinella
ERR10036469.out	0.000046	76	1934947	Immundisolibacter
ERR10036469.out	0.000046	76	2315418	Candidatus Sumerlaea
ERR10036469.out	0.000046	76	2834378	Entomospira
ERR10036469.out	0.000046	76	2883098	Candidatus Mesenet
ERR10036469.out	0.000045	75	33194	Bipolaris
ERR10036469.out	0.000045	75	100034	Massariosphaeria
ERR10036469.out	0.000045	75	155196	Fulvimonas
ERR10036469.out	0.000045	75	331654	Alkalibacillus
ERR10036469.out	0.000045	75	1632778	Diaminobutyricibacter
ERR10036469.out	0.000045	75	1930845	Ndongobacter
ERR10036469.out	0.000045	75	2815782	Bullifex
ERR10036469.out	0.000045	74	45292	Massarina
ERR10036469.out	0.000045	74	81411	Aminomonas
ERR10036469.out	0.000045	74	144548	Heliocybe
ERR10036469.out	0.000045	74	171868	Thermovibrio
ERR10036469.out	0.000045	74	201096	Alicycliphilus
ERR10036469.out	0.000045	74	416949	Parapedobacter
ERR10036469.out	0.000045	74	559173	Fructobacillus
ERR10036469.out	0.000045	74	656899	Schlesneria
ERR10036469.out	0.000045	74	947096	Porospora
ERR10036469.out	0.000045	74	1433986	Actibacterium
ERR10036469.out	0.000045	74	1644102	Flavicella
ERR10036469.out	0.000045	74	1758230	Corticibacter
ERR10036469.out	0.000045	74	1763447	Halosiccatus
ERR10036469.out	0.000045	74	1855364	Candidatus Kryptobacter
ERR10036469.out	0.000045	74	1981958	Pseudomicrostroma
ERR10036469.out	0.000045	74	2692118	Winkia
ERR10036469.out	0.000044	73	4998	Kockovaella
ERR10036469.out	0.000044	73	68779	Ramaria
ERR10036469.out	0.000044	73	418453	Desulfovirgula
ERR10036469.out	0.000044	73	482136	Fangia
ERR10036469.out	0.000044	73	496496	Viridibacillus
ERR10036469.out	0.000044	73	866673	Marinifilum
ERR10036469.out	0.000044	73	1143004	Methyloferula
ERR10036469.out	0.000044	73	1254401	Sunxiuqinia
ERR10036469.out	0.000044	73	1386924	Aestuariibaculum
ERR10036469.out	0.000044	73	1434049	Thermophagus
ERR10036469.out	0.000044	73	1609595	Microseira
ERR10036469.out	0.000044	73	1631197	Allosalinactinospora
ERR10036469.out	0.000044	73	1861843	Terasakiispira
ERR10036469.out	0.000043	72	36913	Lodderomyces
ERR10036469.out	0.000043	72	317045	Kuraishia
ERR10036469.out	0.000043	72	518733	Microterricola
ERR10036469.out	0.000043	72	1176354	Hamiltosporidium
ERR10036469.out	0.000043	72	1268272	Paraperlucidibaca
ERR10036469.out	0.000043	72	1540147	Tortispora
ERR10036469.out	0.000043	72	1936111	Fuerstia
ERR10036469.out	0.000043	72	2707768	Calorimonas
ERR10036469.out	0.000043	72	2800680	Alteriqipengyuania
ERR10036469.out	0.000043	71	5644	Stereum
ERR10036469.out	0.000043	71	84034	Propionispira
ERR10036469.out	0.000043	71	85273	Rhodothalassium
ERR10036469.out	0.000043	71	232244	Belliella
ERR10036469.out	0.000043	71	379899	Niabella
ERR10036469.out	0.000043	71	388829	Hydnomerulius
ERR10036469.out	0.000043	71	1054211	Sulfuritalea
ERR10036469.out	0.000043	71	2066435	Arboricoccus
ERR10036469.out	0.000043	71	2661806	Solirhodobacter
ERR10036469.out	0.000042	70	936	Thiovulum
ERR10036469.out	0.000042	70	38447	Monilinia
ERR10036469.out	0.000042	70	70742	Peronospora
ERR10036469.out	0.000042	70	133746	Punctularia
ERR10036469.out	0.000042	70	172190	Coniella
ERR10036469.out	0.000042	70	418700	Litoricola
ERR10036469.out	0.000042	70	449810	Lutimonas
ERR10036469.out	0.000042	70	470095	Pseudovirgaria
ERR10036469.out	0.000042	70	531859	Glonium
ERR10036469.out	0.000042	70	714959	Polyplosphaeria
ERR10036469.out	0.000042	70	1734920	Pseudorhodoplanes
ERR10036469.out	0.000042	70	2035349	Oceanispirochaeta
ERR10036469.out	0.000042	70	2720801	Candidatus Avimonas
ERR10036469.out	0.000042	70	2748674	Zhaonella
ERR10036469.out	0.000042	69	87254	Bryoria
ERR10036469.out	0.000042	69	159075	Acremonium
ERR10036469.out	0.000042	69	189326	Gelria
ERR10036469.out	0.000042	69	292486	Avibacterium
ERR10036469.out	0.000042	69	419014	Alloscardovia
ERR10036469.out	0.000042	69	1121829	Fodinicurvata
ERR10036469.out	0.000042	69	1132856	Rasamsonia
ERR10036469.out	0.000042	69	2023214	Koinonema
ERR10036469.out	0.000041	68	29825	Neolecta
ERR10036469.out	0.000041	68	156993	Reichenbachiella
ERR10036469.out	0.000041	68	433838	Pseudoxanthobacter
ERR10036469.out	0.000041	68	1486725	Anaerobacterium
ERR10036469.out	0.000041	68	1706036	Gemmatirosa
ERR10036469.out	0.000041	68	1859129	Candidatus Electronema
ERR10036469.out	0.000041	68	1866954	Varunaivibrio
ERR10036469.out	0.000041	68	2175957	Ruficoccus
ERR10036469.out	0.000041	68	2720804	Candidatus Falkowella
ERR10036469.out	0.000041	68	2721109	Candidatus Neoanaerotignum
ERR10036469.out	0.000041	68	2779869	Lunasporangiospora
ERR10036469.out	0.000041	68	2815788	Hallerella
ERR10036469.out	0.000040	67	27353	Cronartium
ERR10036469.out	0.000040	67	195950	Tannerella
ERR10036469.out	0.000040	67	511189	Moelleriella
ERR10036469.out	0.000040	67	693222	Gloeocapsopsis
ERR10036469.out	0.000040	67	1213737	Schizopora
ERR10036469.out	0.000040	67	2093783	Methylomusa
ERR10036469.out	0.000040	67	2721098	Candidatus Harrysmithimonas
ERR10036469.out	0.000040	67	2766927	Persicimonas
ERR10036469.out	0.000040	66	34448	Marasmius
ERR10036469.out	0.000040	66	38797	Neolentinus
ERR10036469.out	0.000040	66	68743	Pluteus
ERR10036469.out	0.000040	66	283821	Snowella
ERR10036469.out	0.000040	66	766733	Scheffersomyces
ERR10036469.out	0.000040	66	1246884	Algimonas
ERR10036469.out	0.000040	66	1617886	Thiogranum
ERR10036469.out	0.000040	66	1905726	Paludifilum
ERR10036469.out	0.000040	66	1910789	Diutina
ERR10036469.out	0.000040	66	2698753	Fluviispira
ERR10036469.out	0.000040	66	2705385	Puteibacter
ERR10036469.out	0.000040	66	2862451	Adhaeretor
ERR10036469.out	0.000039	65	5209	Filobasidium
ERR10036469.out	0.000039	65	5637	Polyporus
ERR10036469.out	0.000039	65	43429	Wilcoxina
ERR10036469.out	0.000039	65	293431	Haloquadratum
ERR10036469.out	0.000039	65	1121251	Cucumibacter
ERR10036469.out	0.000039	65	1562158	Neopestalotiopsis
ERR10036469.out	0.000039	65	1649463	Lentilitoribacter
ERR10036469.out	0.000039	65	1705353	Aurantimicrobium
ERR10036469.out	0.000039	65	2605940	Hwanghaeella
ERR10036469.out	0.000039	65	2721121	Candidatus Roslinia
ERR10036469.out	0.000039	65	2792393	Aquipluma
ERR10036469.out	0.000039	64	5500	Coccidioides
ERR10036469.out	0.000039	64	33870	Coriobacterium
ERR10036469.out	0.000039	64	35724	Macrophomina
ERR10036469.out	0.000039	64	81041	Antrodiella
ERR10036469.out	0.000039	64	228972	Xylanibacterium
ERR10036469.out	0.000039	64	648802	Rummeliibacillus
ERR10036469.out	0.000039	64	1838142	Cutaneotrichosporon
ERR10036469.out	0.000039	64	2676790	Acidimangrovimonas
ERR10036469.out	0.000039	64	2779868	Gamsiella
ERR10036469.out	0.000039	64	2810357	Jinshanibacter
ERR10036469.out	0.000039	64	2821517	Albibacillus
ERR10036469.out	0.000038	63	5550	Trichophyton
ERR10036469.out	0.000038	63	82800	Desemzia
ERR10036469.out	0.000038	63	316625	Saccharophagus
ERR10036469.out	0.000038	63	462253	Aplosporella
ERR10036469.out	0.000038	63	483074	Baudoinia
ERR10036469.out	0.000038	63	1091044	Elstera
ERR10036469.out	0.000038	63	1543703	Desulfuribacillus
ERR10036469.out	0.000038	63	1649478	Pelolinea
ERR10036469.out	0.000038	63	2590666	Gynurincola
ERR10036469.out	0.000037	62	4948	Torulaspora
ERR10036469.out	0.000037	62	28070	Gloeothece
ERR10036469.out	0.000037	62	45148	Lophiostoma
ERR10036469.out	0.000037	62	460073	Segetibacter
ERR10036469.out	0.000037	62	577309	Paraprevotella
ERR10036469.out	0.000037	62	1539666	Suhomyces
ERR10036469.out	0.000037	62	1658781	Aliiroseovarius
ERR10036469.out	0.000037	62	1874621	Panacibacter
ERR10036469.out	0.000037	62	2018663	Marinisporobacter
ERR10036469.out	0.000037	62	2024975	Silvanigrella
ERR10036469.out	0.000037	62	2545700	Candidatus Methanodesulfokores
ERR10036469.out	0.000037	62	2656786	Venustampulla
ERR10036469.out	0.000037	62	2690160	Limihaloglobus
ERR10036469.out	0.000037	62	2762562	Flavilitoribacter
ERR10036469.out	0.000037	62	2873964	Psittacicella
ERR10036469.out	0.000037	61	3004	Rhizosolenia
ERR10036469.out	0.000037	61	1259734	Compostimonas
ERR10036469.out	0.000037	61	1472292	Magnetofaba
ERR10036469.out	0.000037	61	2170555	Candidatus Carbobacillus
ERR10036469.out	0.000037	61	2767353	Lancefieldella
ERR10036469.out	0.000036	60	104351	Crepidotus
ERR10036469.out	0.000036	60	374468	Nakaseomyces
ERR10036469.out	0.000036	60	377149	Desulfosalsimonas
ERR10036469.out	0.000036	60	582472	Wohlfahrtiimonas
ERR10036469.out	0.000036	60	690893	Amniculicola
ERR10036469.out	0.000036	60	2601574	Candidatus Cytomitobacter
ERR10036469.out	0.000036	60	2690159	Anaerohalosphaera
ERR10036469.out	0.000036	60	2815784	Inconstantimicrobium
ERR10036469.out	0.000036	60	2831684	Marinisubtilis
ERR10036469.out	0.000036	60	2837502	Ectobacillus
ERR10036469.out	0.000036	59	2373	Acetonema
ERR10036469.out	0.000036	59	37840	Pestalotiopsis
ERR10036469.out	0.000036	59	54251	Pyrolobus
ERR10036469.out	0.000036	59	54293	Thermosyntropha
ERR10036469.out	0.000036	59	64498	Choanephora
ERR10036469.out	0.000036	59	83768	Succinimonas
ERR10036469.out	0.000036	59	995729	Candidatus Magnetoovum
ERR10036469.out	0.000036	59	1220599	Phaeovibrio
ERR10036469.out	0.000036	59	1470577	Paenirhodobacter
ERR10036469.out	0.000036	59	1549750	Lomentospora
ERR10036469.out	0.000036	59	1640153	Caldisalinibacter
ERR10036469.out	0.000036	59	1924110	Massilimicrobiota
ERR10036469.out	0.000036	59	2136117	Candidatus Sulfotelmatomonas
ERR10036469.out	0.000036	59	2831925	Pukyongiella
ERR10036469.out	0.000035	58	5144	Podospora
ERR10036469.out	0.000035	58	54247	Hyperthermus
ERR10036469.out	0.000035	58	59734	Empedobacter
ERR10036469.out	0.000035	58	158846	Megamonas
ERR10036469.out	0.000035	58	217140	Arcicella
ERR10036469.out	0.000035	58	269260	Nitratifractor
ERR10036469.out	0.000035	58	410829	Sugiyamaella
ERR10036469.out	0.000035	58	545865	Calditerrivibrio
ERR10036469.out	0.000035	58	561967	Lepidopterella
ERR10036469.out	0.000035	58	1440132	Modicella
ERR10036469.out	0.000035	58	1494958	Pseudogracilibacillus
ERR10036469.out	0.000035	58	1853226	Salinivenus
ERR10036469.out	0.000035	58	2039220	Croceivirga
ERR10036469.out	0.000035	58	2875235	Pseudohalioglobus
ERR10036469.out	0.000034	57	33202	Paecilomyces
ERR10036469.out	0.000034	57	93111	Bacidia
ERR10036469.out	0.000034	57	232115	Mesonia
ERR10036469.out	0.000034	57	241189	Hespellia
ERR10036469.out	0.000034	57	289244	Xylanimicrobium
ERR10036469.out	0.000034	57	447467	Simiduia
ERR10036469.out	0.000034	57	1397106	Fodinibius
ERR10036469.out	0.000034	57	1501433	Kamptonema
ERR10036469.out	0.000034	57	1505652	Terrisporobacter
ERR10036469.out	0.000034	57	1505768	Candidatus Schmidhempelia
ERR10036469.out	0.000034	57	1749039	Violaceomyces
ERR10036469.out	0.000034	57	1868332	Neomicrococcus
ERR10036469.out	0.000034	57	2039709	Desertibacillus
ERR10036469.out	0.000034	56	442968	Ameyamaea
ERR10036469.out	0.000034	56	700595	Desulfocurvus
ERR10036469.out	0.000034	56	1079057	Phorcysia
ERR10036469.out	0.000034	56	1237104	Litoribacter
ERR10036469.out	0.000034	56	1980513	Candidatus Nitrosoglobus
ERR10036469.out	0.000034	56	1980514	Halodesulfurarchaeum
ERR10036469.out	0.000034	56	2782172	Algicoccus
ERR10036469.out	0.000033	55	768	Anaplasma
ERR10036469.out	0.000033	55	943	Ehrlichia
ERR10036469.out	0.000033	55	82309	Phlebiopsis
ERR10036469.out	0.000033	55	101141	Thamnidium
ERR10036469.out	0.000033	55	140106	Neonectria
ERR10036469.out	0.000033	55	172620	Imshaugia
ERR10036469.out	0.000033	55	336260	Thermovirga
ERR10036469.out	0.000033	55	586132	Nematocida
ERR10036469.out	0.000033	55	1377992	Halovenus
ERR10036469.out	0.000033	55	1390972	Glutinoglossum
ERR10036469.out	0.000033	55	1431544	Candidatus Halobonum
ERR10036469.out	0.000033	55	1775574	Dethiosulfatarculus
ERR10036469.out	0.000033	55	1855714	Anaerobium
ERR10036469.out	0.000033	55	2662142	Oceanibium
ERR10036469.out	0.000033	55	2678884	Anaerosacchariphilus
ERR10036469.out	0.000033	55	2795979	Posidoniimonas
ERR10036469.out	0.000033	55	2823232	Allosphingosinicella
ERR10036469.out	0.000033	55	2867376	Desulfoscipio
ERR10036469.out	0.000032	54	4778	Bremia
ERR10036469.out	0.000032	54	5340	Agaricus
ERR10036469.out	0.000032	54	35800	Nitrospina
ERR10036469.out	0.000032	54	42398	Vittaforma
ERR10036469.out	0.000032	54	360145	Grosmannia
ERR10036469.out	0.000032	54	375673	Paraferrimonas
ERR10036469.out	0.000032	54	644652	Gordonibacter
ERR10036469.out	0.000032	54	937601	Mucidula
ERR10036469.out	0.000032	54	1081667	Hepatospora
ERR10036469.out	0.000032	54	1535207	Barrientosiimonas
ERR10036469.out	0.000032	54	1573535	Holdemanella
ERR10036469.out	0.000032	54	1745324	Helicocarpus
ERR10036469.out	0.000032	54	1833962	Actinorugispora
ERR10036469.out	0.000032	54	2125985	Neptunicella
ERR10036469.out	0.000032	54	2798470	Algibacillus
ERR10036469.out	0.000032	54	2852059	Actirhodobacter
ERR10036469.out	0.000032	53	83660	Desulfonispora
ERR10036469.out	0.000032	53	150366	Akanthomyces
ERR10036469.out	0.000032	53	153027	Desulforegula
ERR10036469.out	0.000032	53	210429	Setomelanomma
ERR10036469.out	0.000032	53	237584	Teratosphaeria
ERR10036469.out	0.000032	53	268175	Chondrocystis
ERR10036469.out	0.000032	53	1648492	Ascidiaceihabitans
ERR10036469.out	0.000032	53	2706948	Aureibaculum
ERR10036469.out	0.000032	53	2721110	Candidatus Neochristensenella
ERR10036469.out	0.000032	53	2815785	Scrofimicrobium
ERR10036469.out	0.000031	52	71	Simonsiella
ERR10036469.out	0.000031	52	40443	Gloeophyllum
ERR10036469.out	0.000031	52	52784	Anaerofilum
ERR10036469.out	0.000031	52	364031	Sulfurivirga
ERR10036469.out	0.000031	52	444090	Caldimicrobium
ERR10036469.out	0.000031	52	1161125	Helcobacillus
ERR10036469.out	0.000031	52	1185408	Defluviitalea
ERR10036469.out	0.000031	52	1341118	Luminiphilus
ERR10036469.out	0.000031	52	2014233	Thaumasiovibrio
ERR10036469.out	0.000031	52	2338561	Pelagivirga
ERR10036469.out	0.000031	52	2689589	Staphylospora
ERR10036469.out	0.000031	51	38452	Rutstroemia
ERR10036469.out	0.000031	51	83770	Succinivibrio
ERR10036469.out	0.000031	51	85924	Alkalispirillum
ERR10036469.out	0.000031	51	163316	Microspora
ERR10036469.out	0.000031	51	218112	Phellinidium
ERR10036469.out	0.000031	51	227864	Cerasibacillus
ERR10036469.out	0.000031	51	237179	Sphaerulina
ERR10036469.out	0.000031	51	278993	Thermincola
ERR10036469.out	0.000031	51	427077	Salsuginibacillus
ERR10036469.out	0.000031	51	475960	Bellilinea
ERR10036469.out	0.000031	51	766748	Babjeviella
ERR10036469.out	0.000031	51	861913	Fibrisoma
ERR10036469.out	0.000031	51	1195766	Planktotalea
ERR10036469.out	0.000031	51	1612341	Roholtiella
ERR10036469.out	0.000031	51	1759331	Cnuibacter
ERR10036469.out	0.000031	51	1824856	Oceanivirga
ERR10036469.out	0.000031	51	1910899	Naematelia
ERR10036469.out	0.000031	51	2019482	Brevefilum
ERR10036469.out	0.000031	51	2042653	Nigerium
ERR10036469.out	0.000031	51	2066486	Iodidimonas
ERR10036469.out	0.000031	51	2717700	Phragmitibacter
ERR10036469.out	0.000031	51	2719231	Lacrimispora
ERR10036469.out	0.000031	51	2810619	Coniosporium
ERR10036469.out	0.000030	50	4917	Pachysolen
ERR10036469.out	0.000030	50	40421	Bondarzewia
ERR10036469.out	0.000030	50	45294	Ophiobolus
ERR10036469.out	0.000030	50	139276	Dacryopinax
ERR10036469.out	0.000030	50	177971	Shuttleworthia
ERR10036469.out	0.000030	50	221065	Kordia
ERR10036469.out	0.000030	50	244698	Gillisia
ERR10036469.out	0.000030	50	500614	Desmospora
ERR10036469.out	0.000030	50	690884	Lophiotrema
ERR10036469.out	0.000030	50	1511750	Jhaorihella
ERR10036469.out	0.000030	50	1647178	Aliicoccus
ERR10036469.out	0.000030	50	1918385	Acutalibacter
ERR10036469.out	0.000030	50	2042066	Paraphotobacterium
ERR10036469.out	0.000030	50	2795776	Calycomorphotria
ERR10036469.out	0.000030	50	2856051	Candidatus Nanohalobium
ERR10036469.out	0.000029	49	5748	Nannochloropsis
ERR10036469.out	0.000029	49	13348	Arthrobotrys
ERR10036469.out	0.000029	49	32205	Leptonema
ERR10036469.out	0.000029	49	45136	Sporormia
ERR10036469.out	0.000029	49	69278	Aquamicrobium
ERR10036469.out	0.000029	49	80614	Melanogaster
ERR10036469.out	0.000029	49	80643	Gautieria
ERR10036469.out	0.000029	49	279531	Dictyocoela
ERR10036469.out	0.000029	49	292637	Seinonella
ERR10036469.out	0.000029	49	467749	Candidatus Neoehrlichia
ERR10036469.out	0.000029	49	519422	Ponticoccus
ERR10036469.out	0.000029	49	690896	Lentithecium
ERR10036469.out	0.000029	49	766502	Millerozyma
ERR10036469.out	0.000029	49	873565	Diplorickettsia
ERR10036469.out	0.000029	49	1358438	Lutibaculum
ERR10036469.out	0.000029	49	1400134	Streptohalobacillus
ERR10036469.out	0.000029	49	1779141	Planctomicrobium
ERR10036469.out	0.000029	49	1926677	Raoultibacter
ERR10036469.out	0.000029	49	2040486	Gellertiella
ERR10036469.out	0.000029	49	2174441	Marinicaulis
ERR10036469.out	0.000029	49	2603321	Candidatus Deianiraea
ERR10036469.out	0.000029	49	2682247	Pseudorivibacter
ERR10036469.out	0.000029	49	2767891	Schleiferilactobacillus
ERR10036469.out	0.000029	49	2782229	Epilithonimonas
ERR10036469.out	0.000029	49	2806693	Candidatus Nitrohelix
ERR10036469.out	0.000029	49	2831955	Pikeienuella
ERR10036469.out	0.000029	48	978	Cytophaga
ERR10036469.out	0.000029	48	2701	Gardnerella
ERR10036469.out	0.000029	48	5375	Rhizopogon
ERR10036469.out	0.000029	48	33187	Uncinocarpus
ERR10036469.out	0.000029	48	34093	Simkania
ERR10036469.out	0.000029	48	63265	Sporisorium
ERR10036469.out	0.000029	48	70992	Flexithrix
ERR10036469.out	0.000029	48	215249	Acaromyces
ERR10036469.out	0.000029	48	651554	Paraeggerthella
ERR10036469.out	0.000029	48	653683	Anaerosporobacter
ERR10036469.out	0.000029	48	1265689	Nafulsella
ERR10036469.out	0.000029	48	1400059	Pontibaca
ERR10036469.out	0.000029	48	1472649	Dielma
ERR10036469.out	0.000029	48	1502180	Alsobacter
ERR10036469.out	0.000029	48	1640884	Rhodobaculum
ERR10036469.out	0.000029	48	1910924	Hydromonas
ERR10036469.out	0.000029	48	2812952	Natronogracilivirgula
ERR10036469.out	0.000028	47	34453	Hebeloma
ERR10036469.out	0.000028	47	43694	Acrasis
ERR10036469.out	0.000028	47	45427	Amylocarpus
ERR10036469.out	0.000028	47	54692	Chlorociboria
ERR10036469.out	0.000028	47	131079	Limnobacter
ERR10036469.out	0.000028	47	203193	Halobiforma
ERR10036469.out	0.000028	47	258075	Eremomyces
ERR10036469.out	0.000028	47	267989	Lebetimonas
ERR10036469.out	0.000028	47	1648500	Brockia
ERR10036469.out	0.000028	47	1649514	Zhizhongheella
ERR10036469.out	0.000028	47	2493629	Minwuia
ERR10036469.out	0.000028	47	2778334	Candidatus Aquirickettsiella
ERR10036469.out	0.000028	47	2806306	Aggregatilinea
ERR10036469.out	0.000028	47	2813804	Paremcibacter
ERR10036469.out	0.000028	46	75683	Balneatrix
ERR10036469.out	0.000028	46	110103	Anabaenopsis
ERR10036469.out	0.000028	46	112415	Letharia
ERR10036469.out	0.000028	46	112993	Hysterangium
ERR10036469.out	0.000028	46	147496	Bimuria
ERR10036469.out	0.000028	46	203135	Halomicrobium
ERR10036469.out	0.000028	46	291988	Thermosediminibacter
ERR10036469.out	0.000028	46	475080	Torrubiella
ERR10036469.out	0.000028	46	1354809	Keratinibaculum
ERR10036469.out	0.000028	46	1739105	Halopeptonella
ERR10036469.out	0.000028	46	2036001	Salinirussus
ERR10036469.out	0.000028	46	2321115	Halarcobacter
ERR10036469.out	0.000028	46	2653226	Lujinxingia
ERR10036469.out	0.000028	46	2720796	Candidatus Alloclostridium
ERR10036469.out	0.000027	45	4958	Debaryomyces
ERR10036469.out	0.000027	45	29393	Dolosigranulum
ERR10036469.out	0.000027	45	45308	Melanomma
ERR10036469.out	0.000027	45	65412	Phaeoacremonium
ERR10036469.out	0.000027	45	80618	Asterophora
ERR10036469.out	0.000027	45	125369	Paraphaeosphaeria
ERR10036469.out	0.000027	45	205889	Albidovulum
ERR10036469.out	0.000027	45	1187887	Nitritalea
ERR10036469.out	0.000027	45	1269048	Halorubellus
ERR10036469.out	0.000027	45	1649480	Planctopirus
ERR10036469.out	0.000027	45	1663717	Herbinix
ERR10036469.out	0.000027	45	1859128	Candidatus Electrothrix
ERR10036469.out	0.000027	45	2027874	Mongoliimonas
ERR10036469.out	0.000027	45	2703944	Pararcticibacter
ERR10036469.out	0.000026	44	44	Melittangium
ERR10036469.out	0.000026	44	5146	Sordaria
ERR10036469.out	0.000026	44	51540	Spraguea
ERR10036469.out	0.000026	44	150781	Astraeus
ERR10036469.out	0.000026	44	246876	Cryomorpha
ERR10036469.out	0.000026	44	468938	Cerasicoccus
ERR10036469.out	0.000026	44	507510	Hyphopichia
ERR10036469.out	0.000026	44	705561	Polychaeton
ERR10036469.out	0.000026	44	1076727	Candidatus Photodesmus
ERR10036469.out	0.000026	44	1794910	Anaerosporomusa
ERR10036469.out	0.000026	44	2304693	Pseudoclostridium
ERR10036469.out	0.000026	44	2720779	Candidatus Adamsella
ERR10036469.out	0.000026	44	2721105	Candidatus Heteroscilispira
ERR10036469.out	0.000026	44	2872156	Methyloradius
ERR10036469.out	0.000026	43	5629	Laetiporus
ERR10036469.out	0.000026	43	33983	Luteococcus
ERR10036469.out	0.000026	43	81060	Steccherinum
ERR10036469.out	0.000026	43	338321	Turneriella
ERR10036469.out	0.000026	43	387342	Halopiger
ERR10036469.out	0.000026	43	574559	Hellea
ERR10036469.out	0.000026	43	638847	Pyramidobacter
ERR10036469.out	0.000026	43	1210119	Ohtaekwangia
ERR10036469.out	0.000026	43	1522429	Lihuaxuella
ERR10036469.out	0.000026	43	1649481	Pseudodonghicola
ERR10036469.out	0.000026	43	1650335	Chrysosporum
ERR10036469.out	0.000026	43	1884429	Salibacterium
ERR10036469.out	0.000026	43	1935206	Rubeoparvulum
ERR10036469.out	0.000026	43	2721108	Candidatus Metaruminococcus
ERR10036469.out	0.000026	43	2841540	Halosegnis
ERR10036469.out	0.000025	42	973	Sporohalobacter
ERR10036469.out	0.000025	42	5385	Xerocomus
ERR10036469.out	0.000025	42	39709	Spironucleus
ERR10036469.out	0.000025	42	158848	Moellerella
ERR10036469.out	0.000025	42	596767	Hydrogenoanaerobacterium
ERR10036469.out	0.000025	42	1938003	Thermoflexibacter
ERR10036469.out	0.000025	42	1964366	Nissabacter
ERR10036469.out	0.000025	42	2811373	Acerihabitans
ERR10036469.out	0.000025	41	5159	Ophiostoma
ERR10036469.out	0.000025	41	53456	Propioniferax
ERR10036469.out	0.000025	41	66739	Lasiodiplodia
ERR10036469.out	0.000025	41	167346	Fomitiporia
ERR10036469.out	0.000025	41	326319	Dokdonia
ERR10036469.out	0.000025	41	766765	Yamadazyma
ERR10036469.out	0.000025	41	861914	Fibrella
ERR10036469.out	0.000025	41	1177214	Candidatus Profftia
ERR10036469.out	0.000025	41	2778525	Profundibacter
ERR10036469.out	0.000025	41	2792293	Pseudopontixanthobacter
ERR10036469.out	0.000024	40	1380	Atopobium
ERR10036469.out	0.000024	40	5121	Erysiphe
ERR10036469.out	0.000024	40	13562	Heterobasidion
ERR10036469.out	0.000024	40	140625	Lachnobacterium
ERR10036469.out	0.000024	40	146785	Thermosynechococcus
ERR10036469.out	0.000024	40	150818	Heliophilum
ERR10036469.out	0.000024	40	221282	Mastigocladopsis
ERR10036469.out	0.000024	40	703505	Patellaria
ERR10036469.out	0.000024	40	1649493	Seleniivibrio
ERR10036469.out	0.000024	40	1918454	Flintibacter
ERR10036469.out	0.000024	40	2047740	Rhodosalinus
ERR10036469.out	0.000024	40	2304687	Petroclostridium
ERR10036469.out	0.000024	40	2881027	Paradesulfitobacterium
ERR10036469.out	0.000023	39	46200	Geovibrio
ERR10036469.out	0.000023	39	56358	Sandaracinobacter
ERR10036469.out	0.000023	39	68774	Crucibulum
ERR10036469.out	0.000023	39	79603	Denitrobacterium
ERR10036469.out	0.000023	39	98757	Gelatoporia
ERR10036469.out	0.000023	39	248111	Gomphillus
ERR10036469.out	0.000023	39	315422	Palleronia
ERR10036469.out	0.000023	39	446948	Diplocarpon
ERR10036469.out	0.000023	39	467084	Candidatus Symbiothrix
ERR10036469.out	0.000023	39	643951	Pelagibius
ERR10036469.out	0.000023	39	995014	Fontibacillus
ERR10036469.out	0.000023	39	1804794	Kalmanozyma
ERR10036469.out	0.000023	39	1843185	Halostella
ERR10036469.out	0.000023	39	1924105	Neglecta
ERR10036469.out	0.000023	39	2795605	Aureliella
ERR10036469.out	0.000023	39	2847769	Aequoribacter
ERR10036469.out	0.000023	38	397864	Barnesiella
ERR10036469.out	0.000023	38	448125	Dethiosulfatibacter
ERR10036469.out	0.000023	38	469811	Candidatus Clavichlamydia
ERR10036469.out	0.000023	38	697279	Bavariicoccus
ERR10036469.out	0.000023	38	1188227	Gloeomargarita
ERR10036469.out	0.000023	38	1398404	Salinihabitans
ERR10036469.out	0.000023	38	1403538	Fervidicella
ERR10036469.out	0.000023	38	1857532	Muribacter
ERR10036469.out	0.000023	38	2028344	Ereboglobus
ERR10036469.out	0.000023	38	2663399	Halegenticoccus
ERR10036469.out	0.000022	37	13334	Anaerobiospirillum
ERR10036469.out	0.000022	37	48482	Reclinomonas
ERR10036469.out	0.000022	37	286660	Peltaster
ERR10036469.out	0.000022	37	334107	Conchiformibius
ERR10036469.out	0.000022	37	501783	Cloacibacterium
ERR10036469.out	0.000022	37	765413	Pelagicola
ERR10036469.out	0.000022	37	1053253	Stylonectria
ERR10036469.out	0.000022	37	1122284	Pseudoteredinibacter
ERR10036469.out	0.000022	37	1269201	Salinarchaeum
ERR10036469.out	0.000022	37	1649457	Homoserinibacter
ERR10036469.out	0.000022	37	1905344	Ruthenibacterium
ERR10036469.out	0.000022	37	2047745	Oceaniglobus
ERR10036469.out	0.000022	37	2491977	Candidatus Aquarickettsia
ERR10036469.out	0.000022	37	2720803	Candidatus Cryptoclostridium
ERR10036469.out	0.000022	37	2721123	Candidatus Tabaqchalia
ERR10036469.out	0.000022	37	2815786	Sodaliphilus
ERR10036469.out	0.000022	37	2823237	Alteribacter
ERR10036469.out	0.000022	36	51514	Dehalobacterium
ERR10036469.out	0.000022	36	100043	Pleomassaria
ERR10036469.out	0.000022	36	194195	Alysiella
ERR10036469.out	0.000022	36	226991	Cyphellophora
ERR10036469.out	0.000022	36	227085	Bigelowiella
ERR10036469.out	0.000022	36	574892	Kriegella
ERR10036469.out	0.000022	36	999488	Paenochrobactrum
ERR10036469.out	0.000022	36	1867836	Stygiella
ERR10036469.out	0.000022	36	1868329	Xanthomarina
ERR10036469.out	0.000022	36	1929940	Viridothelium
ERR10036469.out	0.000022	36	2060722	Labilibaculum
ERR10036469.out	0.000022	36	2610842	Siculibacillus
ERR10036469.out	0.000022	36	2847256	Pelorhabdus
ERR10036469.out	0.000021	35	27316	Galactomyces
ERR10036469.out	0.000021	35	41707	Lawsonia
ERR10036469.out	0.000021	35	43988	Cyanothece
ERR10036469.out	0.000021	35	46466	Halocella
ERR10036469.out	0.000021	35	261684	Thermosinus
ERR10036469.out	0.000021	35	339721	Desulfovermiculus
ERR10036469.out	0.000021	35	455076	Rhodocytophaga
ERR10036469.out	0.000021	35	580024	Enterorhabdus
ERR10036469.out	0.000021	35	911113	Bryobacter
ERR10036469.out	0.000021	35	1434006	Fretibacterium
ERR10036469.out	0.000021	35	1840207	Dissulfurirhabdus
ERR10036469.out	0.000021	35	1970620	Jacksonvillea
ERR10036469.out	0.000021	35	2562805	Natronospirillum
ERR10036469.out	0.000021	35	2706524	Rariglobus
ERR10036469.out	0.000021	35	2795778	Caulifigura
ERR10036469.out	0.000021	35	2823226	Allosediminivita
ERR10036469.out	0.000021	35	2847777	Atribacter
ERR10036469.out	0.000021	35	2885966	Frigoriflavimonas
ERR10036469.out	0.000020	34	70185	Spongospora
ERR10036469.out	0.000020	34	77583	Craurococcus
ERR10036469.out	0.000020	34	106146	Pelistega
ERR10036469.out	0.000020	34	762641	Muriicola
ERR10036469.out	0.000020	34	1124625	Stakelama
ERR10036469.out	0.000020	34	1453544	Tahibacter
ERR10036469.out	0.000020	34	1472763	Kallipyga
ERR10036469.out	0.000020	34	1649489	Robertkochia
ERR10036469.out	0.000020	34	1914248	Motilimonas
ERR10036469.out	0.000020	34	2507545	Candidatus Termititenax
ERR10036469.out	0.000020	34	2565776	Isachenkonia
ERR10036469.out	0.000020	34	2609811	Thermothielavioides
ERR10036469.out	0.000020	34	2694839	Salinibius
ERR10036469.out	0.000020	34	2885697	Gephyromycinifex
ERR10036469.out	0.000020	33	60496	Thielaviopsis
ERR10036469.out	0.000020	33	82980	Leminorella
ERR10036469.out	0.000020	33	142587	Isobaculum
ERR10036469.out	0.000020	33	146865	Pseudoloma
ERR10036469.out	0.000020	33	218204	Garciella
ERR10036469.out	0.000020	33	292713	Silanimonas
ERR10036469.out	0.000020	33	329878	Cryomyces
ERR10036469.out	0.000020	33	1146845	Dongia
ERR10036469.out	0.000020	33	1486726	Pseudobacteroides
ERR10036469.out	0.000020	33	1505657	Intestinibacter
ERR10036469.out	0.000020	33	1775685	Limisphaera
ERR10036469.out	0.000020	33	1803512	Candidatus Altiarchaeum
ERR10036469.out	0.000020	33	2707015	Amnimonas
ERR10036469.out	0.000020	33	2721106	Candidatus Howiella
ERR10036469.out	0.000020	33	2807312	Candidatus Sarmatiella
ERR10036469.out	0.000019	32	36034	Saccharomycodes
ERR10036469.out	0.000019	32	63399	Arthroderma
ERR10036469.out	0.000019	32	68787	Scleroderma
ERR10036469.out	0.000019	32	100051	Delitschia
ERR10036469.out	0.000019	32	111638	Alectoria
ERR10036469.out	0.000019	32	117563	Granulicatella
ERR10036469.out	0.000019	32	158045	Phaeomoniella
ERR10036469.out	0.000019	32	159191	Nodularia
ERR10036469.out	0.000019	32	188907	Oleispira
ERR10036469.out	0.000019	32	362865	Sandarakinorhabdus
ERR10036469.out	0.000019	32	390876	Nisaea
ERR10036469.out	0.000019	32	423604	Elusimicrobium
ERR10036469.out	0.000019	32	428711	Jonquetella
ERR10036469.out	0.000019	32	495819	Spirobacillus
ERR10036469.out	0.000019	32	508459	Cloacibacillus
ERR10036469.out	0.000019	32	1075398	Salarchaeum
ERR10036469.out	0.000019	32	1160973	Auritidibacter
ERR10036469.out	0.000019	32	1348235	Candidatus Similichlamydia
ERR10036469.out	0.000019	32	1465824	Timonella
ERR10036469.out	0.000019	32	1663051	Sphagnurus
ERR10036469.out	0.000019	32	1795639	Aquisalinus
ERR10036469.out	0.000019	32	1822461	Negadavirga
ERR10036469.out	0.000019	32	1857011	Lysinibacter
ERR10036469.out	0.000019	32	2039236	Saliphagus
ERR10036469.out	0.000019	32	2752546	Denitrobaculum
ERR10036469.out	0.000019	32	2762384	Breznakibacter
ERR10036469.out	0.000019	32	2820263	Capillibacterium
ERR10036469.out	0.000019	31	3038	Euglena
ERR10036469.out	0.000019	31	5001	Sporidiobolus
ERR10036469.out	0.000019	31	32068	Sebaldella
ERR10036469.out	0.000019	31	49222	Sphaceloma
ERR10036469.out	0.000019	31	72173	Citromicrobium
ERR10036469.out	0.000019	31	77043	Rosellinia
ERR10036469.out	0.000019	31	81099	Mastigamoeba
ERR10036469.out	0.000019	31	97971	Periconia
ERR10036469.out	0.000019	31	186310	Calycina
ERR10036469.out	0.000019	31	191769	Marinilactibacillus
ERR10036469.out	0.000019	31	282682	Citreicella
ERR10036469.out	0.000019	31	412592	Thermosulfidibacter
ERR10036469.out	0.000019	31	1158982	Calidifontibacter
ERR10036469.out	0.000019	31	1223303	Humitalea
ERR10036469.out	0.000019	31	1287916	Euzebyella
ERR10036469.out	0.000019	31	1769729	Hathewaya
ERR10036469.out	0.000019	31	2005387	Bacilliculturomica
ERR10036469.out	0.000019	31	2172823	Sansalvadorimonas
ERR10036469.out	0.000019	31	2721107	Candidatus Metalachnospira
ERR10036469.out	0.000019	31	2721120	Candidatus Pseudoscilispira
ERR10036469.out	0.000019	31	2767204	Candidatus Muirbacterium
ERR10036469.out	0.000019	31	2807738	Parasulfuritortus
ERR10036469.out	0.000019	31	2838170	Alkalicella
ERR10036469.out	0.000018	30	2753	Synergistes
ERR10036469.out	0.000018	30	31479	Hildenbrandia
ERR10036469.out	0.000018	30	34084	Riemerella
ERR10036469.out	0.000018	30	76632	Thermobacillus
ERR10036469.out	0.000018	30	147557	Byssothecium
ERR10036469.out	0.000018	30	150022	Finegoldia
ERR10036469.out	0.000018	30	189384	Candidatus Tremblaya
ERR10036469.out	0.000018	30	221723	Seculamonas
ERR10036469.out	0.000018	30	340070	Criblamydia
ERR10036469.out	0.000018	30	390887	Lophium
ERR10036469.out	0.000018	30	392825	Halalkalibacillus
ERR10036469.out	0.000018	30	599838	Fibroporia
ERR10036469.out	0.000018	30	741162	Lindgomyces
ERR10036469.out	0.000018	30	1573808	Mangrovibacterium
ERR10036469.out	0.000018	30	1929297	Bittarella
ERR10036469.out	0.000018	30	2172022	Pinisolibacter
ERR10036469.out	0.000018	30	2307008	Candidatus Galacturonibacter
ERR10036469.out	0.000018	30	2721114	Candidatus Paralachnospira
ERR10036469.out	0.000018	30	2721115	Candidatus Pararuminococcus
ERR10036469.out	0.000018	30	2767878	Bombilactobacillus
ERR10036469.out	0.000018	30	2802295	Cupidesulfovibrio
ERR10036469.out	0.000018	30	2820281	Thermaurantiacus
ERR10036469.out	0.000018	30	2828764	Zafaria
ERR10036469.out	0.000017	29	1023	Microscilla
ERR10036469.out	0.000017	29	2038	Tropheryma
ERR10036469.out	0.000017	29	27971	Enterocytozoon
ERR10036469.out	0.000017	29	53402	Merismopedia
ERR10036469.out	0.000017	29	80645	Gyrodon
ERR10036469.out	0.000017	29	166484	Caminicella
ERR10036469.out	0.000017	29	240233	Aeriscardovia
ERR10036469.out	0.000017	29	475965	Levilinea
ERR10036469.out	0.000017	29	1158296	Poseidonocella
ERR10036469.out	0.000017	29	1400062	Tranquillimonas
ERR10036469.out	0.000017	29	1577779	Phaeocystidibacter
ERR10036469.out	0.000017	29	1649875	Cucumispora
ERR10036469.out	0.000017	29	1915405	Pseudohoeflea
ERR10036469.out	0.000017	29	2172004	Lawsonibacter
ERR10036469.out	0.000017	29	2569097	Anaerobutyricum
ERR10036469.out	0.000017	29	2603323	Petrocella
ERR10036469.out	0.000017	29	2762352	Albibacterium
ERR10036469.out	0.000017	29	2772525	Putridiphycobacter
ERR10036469.out	0.000017	29	2806031	Ginsengibacter
ERR10036469.out	0.000017	28	28194	Thermonema
ERR10036469.out	0.000017	28	46238	Entomoplasma
ERR10036469.out	0.000017	28	97095	Eutypa
ERR10036469.out	0.000017	28	120376	Salana
ERR10036469.out	0.000017	28	160516	Tirmania
ERR10036469.out	0.000017	28	162985	Hapalosiphon
ERR10036469.out	0.000017	28	356797	Neomegalonema
ERR10036469.out	0.000017	28	371108	Saccharata
ERR10036469.out	0.000017	28	1055692	Chitinolyticbacter
ERR10036469.out	0.000017	28	1434019	Mameliella
ERR10036469.out	0.000017	28	1450170	Aaosphaeria
ERR10036469.out	0.000017	28	1611681	Mucinivorans
ERR10036469.out	0.000017	28	1891672	Candidatus Jidaibacter
ERR10036469.out	0.000017	28	2039639	Candidatus Nanopelagicus
ERR10036469.out	0.000017	28	2100210	Caedimonas
ERR10036469.out	0.000017	28	2679910	Intestinibaculum
ERR10036469.out	0.000017	28	2767876	Amylolactobacillus
ERR10036469.out	0.000016	27	465	Tatlockia
ERR10036469.out	0.000016	27	2256	Natronobacterium
ERR10036469.out	0.000016	27	5112	Epichloe
ERR10036469.out	0.000016	27	151038	Anaeroarcus
ERR10036469.out	0.000016	27	299568	Uruburuella
ERR10036469.out	0.000016	27	353541	Hyphodiscus
ERR10036469.out	0.000016	27	379074	Sediminitomix
ERR10036469.out	0.000016	27	387658	Marixanthomonas
ERR10036469.out	0.000016	27	476528	Bibersteinia
ERR10036469.out	0.000016	27	574891	Croceitalea
ERR10036469.out	0.000016	27	1217414	Sediminihabitans
ERR10036469.out	0.000016	27	1231656	Clohesyomyces
ERR10036469.out	0.000016	27	1494913	Anditalea
ERR10036469.out	0.000016	27	1648517	Mesocricetibacter
ERR10036469.out	0.000016	27	1738642	Pelagirhabdus
ERR10036469.out	0.000016	27	1747773	Rhabdobacter
ERR10036469.out	0.000016	27	1795789	Candidatus Syntrophonatronum
ERR10036469.out	0.000016	27	1849822	Paraclostridium
ERR10036469.out	0.000016	27	2023705	Membranicola
ERR10036469.out	0.000016	27	2173039	Arcticibacterium
ERR10036469.out	0.000016	27	2488300	Marophrys
ERR10036469.out	0.000016	27	2662287	Paenimaribius
ERR10036469.out	0.000016	27	2683599	Paraoceanicella
ERR10036469.out	0.000016	27	2698688	Paraflavitalea
ERR10036469.out	0.000016	27	2721104	Candidatus Heteroruminococcus
ERR10036469.out	0.000016	27	2755140	Pseudoleptotrichia
ERR10036469.out	0.000016	27	2822114	Chlamydiifrater
ERR10036469.out	0.000016	27	2838409	Pigmentibacter
ERR10036469.out	0.000016	26	76023	Halothece
ERR10036469.out	0.000016	26	291194	Tubulinosema
ERR10036469.out	0.000016	26	320496	Neoasaia
ERR10036469.out	0.000016	26	909931	Sporolituus
ERR10036469.out	0.000016	26	1279388	Kandleria
ERR10036469.out	0.000016	26	1775705	Frigidibacter
ERR10036469.out	0.000016	26	2036011	Limibaculum
ERR10036469.out	0.000016	26	2848171	Cognaticolwellia
ERR10036469.out	0.000016	26	2853332	Peteryoungia
ERR10036469.out	0.000016	26	2856855	Ostreibacterium
ERR10036469.out	0.000015	25	2351	Flexistipes
ERR10036469.out	0.000015	25	82202	Centipeda
ERR10036469.out	0.000015	25	114962	Heterodermia
ERR10036469.out	0.000015	25	351094	Paucisalibacillus
ERR10036469.out	0.000015	25	420345	Lactonifactor
ERR10036469.out	0.000015	25	498845	Candidatus Korarchaeum
ERR10036469.out	0.000015	25	510701	Desulfurispora
ERR10036469.out	0.000015	25	649461	Lacibacter
ERR10036469.out	0.000015	25	882379	Aliagarivorans
ERR10036469.out	0.000015	25	1649482	Pseudopedobacter
ERR10036469.out	0.000015	25	1729679	Faecalibaculum
ERR10036469.out	0.000015	25	1775424	Nioella
ERR10036469.out	0.000015	25	1937008	Dubosiella
ERR10036469.out	0.000015	25	1981028	Mailhella
ERR10036469.out	0.000015	25	2017546	Paracandidimonas
ERR10036469.out	0.000015	25	2211637	Flavimaricola
ERR10036469.out	0.000015	25	2315876	Coralloluteibacterium
ERR10036469.out	0.000015	25	2678343	Halalkaliarchaeum
ERR10036469.out	0.000015	25	2685927	Tardibacter
ERR10036469.out	0.000015	25	2761499	Porcisia
ERR10036469.out	0.000015	25	2791118	Oecophyllibacter
ERR10036469.out	0.000015	25	2828734	Puerhibacterium
ERR10036469.out	0.000015	25	2868274	Metallococcus
ERR10036469.out	0.000014	24	2086	Anaeroplasma
ERR10036469.out	0.000014	24	39716	Paulinella
ERR10036469.out	0.000014	24	61170	Holdemania
ERR10036469.out	0.000014	24	104397	Epicoccum
ERR10036469.out	0.000014	24	518754	Persicirhabdus
ERR10036469.out	0.000014	24	991903	Polymorphum
ERR10036469.out	0.000014	24	1453359	Candidatus Atelocyanobacterium
ERR10036469.out	0.000014	24	1654711	Litorivivens
ERR10036469.out	0.000014	24	1924062	Desnuesiella
ERR10036469.out	0.000014	24	2115980	Candidatus Phycorickettsia
ERR10036469.out	0.000014	24	2721117	Candidatus Pseudobutyricicoccus
ERR10036469.out	0.000014	24	2792240	Thiospirochaeta
ERR10036469.out	0.000014	23	63259	Melanopsichium
ERR10036469.out	0.000014	23	169055	Nordella
ERR10036469.out	0.000014	23	252306	Robiginitalea
ERR10036469.out	0.000014	23	871740	Halomarina
ERR10036469.out	0.000014	23	1434023	Natranaerovirga
ERR10036469.out	0.000014	23	1443143	Paravannella
ERR10036469.out	0.000014	23	1542311	Acavomonas
ERR10036469.out	0.000014	23	1699619	Candidatus Westeberhardia
ERR10036469.out	0.000014	23	1881091	Edaphobacillus
ERR10036469.out	0.000014	23	1915381	Nannizzia
ERR10036469.out	0.000014	23	2661818	Saliniradius
ERR10036469.out	0.000014	23	2703814	Candidatus Mcinerneyibacterium
ERR10036469.out	0.000014	23	2709686	Novosphingopyxis
ERR10036469.out	0.000014	23	2770110	Xanthovirga
ERR10036469.out	0.000014	23	2795784	Pseudobythopirellula
ERR10036469.out	0.000013	22	138	Borrelia
ERR10036469.out	0.000013	22	5021	Leptosphaeria
ERR10036469.out	0.000013	22	34096	Brevinema
ERR10036469.out	0.000013	22	34392	Microsporum
ERR10036469.out	0.000013	22	46123	Abiotrophia
ERR10036469.out	0.000013	22	225447	Yaniella
ERR10036469.out	0.000013	22	288018	Yeosuana
ERR10036469.out	0.000013	22	301206	Macroventuria
ERR10036469.out	0.000013	22	311453	Anncaliia
ERR10036469.out	0.000013	22	1269031	Haloarchaeobius
ERR10036469.out	0.000013	22	1364858	Agaricicola
ERR10036469.out	0.000013	22	1434048	Thermoanaerobaculum
ERR10036469.out	0.000013	22	1649298	Siccibacter
ERR10036469.out	0.000013	22	1742986	Fluviicoccus
ERR10036469.out	0.000013	22	1920207	Thermothelomyces
ERR10036469.out	0.000013	22	1930291	Candidatus Dichloromethanomonas
ERR10036469.out	0.000013	22	1930791	Aureibacillus
ERR10036469.out	0.000013	22	1937963	Eisenibacter
ERR10036469.out	0.000013	22	2045304	Ghiorsea
ERR10036469.out	0.000013	22	2501796	Natrarchaeobius
ERR10036469.out	0.000013	22	2756134	Paenactinomyces
ERR10036469.out	0.000013	22	2813041	Vannielia
ERR10036469.out	0.000013	22	2821838	Hongsoonwoonella
ERR10036469.out	0.000013	22	2827482	Caenibius
ERR10036469.out	0.000013	22	2834348	Caproicibacterium
ERR10036469.out	0.000013	21	5097	Monascus
ERR10036469.out	0.000013	21	5157	Ceratocystis
ERR10036469.out	0.000013	21	13075	Globicatella
ERR10036469.out	0.000013	21	69959	Rhodospira
ERR10036469.out	0.000013	21	124224	Brackiella
ERR10036469.out	0.000013	21	244825	Anaerospora
ERR10036469.out	0.000013	21	292480	Atopostipes
ERR10036469.out	0.000013	21	336809	Candidatus Sulcia
ERR10036469.out	0.000013	21	393277	Donghicola
ERR10036469.out	0.000013	21	401618	Candidatus Riesia
ERR10036469.out	0.000013	21	442431	Persicitalea
ERR10036469.out	0.000013	21	715222	Caldicoprobacter
ERR10036469.out	0.000013	21	1427376	Parvibacter
ERR10036469.out	0.000013	21	1505664	Gottschalkia
ERR10036469.out	0.000013	21	1509243	Candidatus Nucleicultrix
ERR10036469.out	0.000013	21	1572763	Moheibacter
ERR10036469.out	0.000013	21	1648497	Boseongicola
ERR10036469.out	0.000013	21	1955773	Emergomyces
ERR10036469.out	0.000013	21	2054427	Aestuariicoccus
ERR10036469.out	0.000013	21	2603325	Aliishimia
ERR10036469.out	0.000013	21	2726810	Scandinavium
ERR10036469.out	0.000013	21	2800684	Parerythrobacter
ERR10036469.out	0.000013	21	2815007	Oceanomicrobium
ERR10036469.out	0.000012	20	869	Dichelobacter
ERR10036469.out	0.000012	20	2740	Peptococcus
ERR10036469.out	0.000012	20	54253	Thermosphaera
ERR10036469.out	0.000012	20	109383	Sclerotium
ERR10036469.out	0.000012	20	181069	Proteocatella
ERR10036469.out	0.000012	20	216907	Paralia
ERR10036469.out	0.000012	20	252965	Mahella
ERR10036469.out	0.000012	20	265718	Aquimonas
ERR10036469.out	0.000012	20	500577	Nesiotobacter
ERR10036469.out	0.000012	20	937253	Thermohydrogenium
ERR10036469.out	0.000012	20	1434008	Hasllibacter
ERR10036469.out	0.000012	20	1649461	Imperialibacter
ERR10036469.out	0.000012	20	1857014	Tamilnaduibacter
ERR10036469.out	0.000012	20	1945592	Lagierella
ERR10036469.out	0.000012	20	1975703	Xylanibacillus
ERR10036469.out	0.000012	20	2035712	Guyparkeria
ERR10036469.out	0.000012	20	2041902	Chenggangzhangella
ERR10036469.out	0.000012	20	2321113	Pseudoarcobacter
ERR10036469.out	0.000012	20	2601645	Candidatus Sneabacter
ERR10036469.out	0.000012	20	2811506	Dissulfurispira
ERR10036469.out	0.000012	20	2815778	Porcincola
ERR10036469.out	0.000012	20	2819870	Foetidibacter
ERR10036469.out	0.000012	20	2820788	Facilibium
ERR10036469.out	0.000011	19	1645	Renibacterium
ERR10036469.out	0.000011	19	49082	Candidatus Arthromitus
ERR10036469.out	0.000011	19	63682	Lobosphaera
ERR10036469.out	0.000011	19	67915	Tuomeya
ERR10036469.out	0.000011	19	86004	Pasteuria
ERR10036469.out	0.000011	19	88270	Picocystis
ERR10036469.out	0.000011	19	128538	Hymenena
ERR10036469.out	0.000011	19	165812	Sporanaerobacter
ERR10036469.out	0.000011	19	174684	Ordospora
ERR10036469.out	0.000011	19	174708	Allobaculum
ERR10036469.out	0.000011	19	444052	Tanticharoenia
ERR10036469.out	0.000011	19	1051667	Candidatus Nanosalinarum
ERR10036469.out	0.000011	19	1187078	Cecembia
ERR10036469.out	0.000011	19	1273095	Anaerosphaera
ERR10036469.out	0.000011	19	1542963	Halapricum
ERR10036469.out	0.000011	19	1649292	Falsochrobactrum
ERR10036469.out	0.000011	19	1775471	Spongiivirga
ERR10036469.out	0.000011	19	1848396	Limibacillus
ERR10036469.out	0.000011	19	1849551	Cephaloticoccus
ERR10036469.out	0.000011	19	2071980	Pararheinheimera
ERR10036469.out	0.000011	19	2321114	Malaciobacter
ERR10036469.out	0.000011	19	2712688	Salaquimonas
ERR10036469.out	0.000011	19	2720798	Candidatus Alloscillospira
ERR10036469.out	0.000011	19	2802288	Dongshaea
ERR10036469.out	0.000011	19	2803301	Poriferisphaera
ERR10036469.out	0.000011	19	2813803	Luteithermobacter
ERR10036469.out	0.000011	18	33969	Melissococcus
ERR10036469.out	0.000011	18	91493	Exserohilum
ERR10036469.out	0.000011	18	271087	Geopsychrobacter
ERR10036469.out	0.000011	18	336276	Olleya
ERR10036469.out	0.000011	18	580374	Klugiella
ERR10036469.out	0.000011	18	931553	Copromyxa
ERR10036469.out	0.000011	18	1421213	Colponema
ERR10036469.out	0.000011	18	1763827	Hankyongella
ERR10036469.out	0.000011	18	1923871	Massilibacterium
ERR10036469.out	0.000011	18	1931200	Marinibacterium
ERR10036469.out	0.000011	18	2066475	Parendozoicomonas
ERR10036469.out	0.000011	18	2082587	Parolsenella
ERR10036469.out	0.000011	18	2163168	Kineothrix
ERR10036469.out	0.000011	18	2680022	Deminuibacter
ERR10036469.out	0.000011	18	2700084	Urechidicola
ERR10036469.out	0.000011	18	2721113	Candidatus Parachristensenella
ERR10036469.out	0.000011	18	2767875	Agrilactobacillus
ERR10036469.out	0.000011	18	2800082	Alkalicaulis
ERR10036469.out	0.000011	18	2802942	Candidatus Aquidulcis
ERR10036469.out	0.000011	18	2824249	Arenibacterium
ERR10036469.out	0.000010	17	461	Fluoribacter
ERR10036469.out	0.000010	17	1370	Marinococcus
ERR10036469.out	0.000010	17	2761	Cyanophora
ERR10036469.out	0.000010	17	5115	Cryphonectria
ERR10036469.out	0.000010	17	5199	Cladonia
ERR10036469.out	0.000010	17	28186	Acetohalobium
ERR10036469.out	0.000010	17	38258	Glaucocystis
ERR10036469.out	0.000010	17	51196	Syntrophobotulus
ERR10036469.out	0.000010	17	239143	Dicranema
ERR10036469.out	0.000010	17	249523	Aestuariibacter
ERR10036469.out	0.000010	17	256846	Lentisphaera
ERR10036469.out	0.000010	17	608658	Citreimonas
ERR10036469.out	0.000010	17	1004300	Hydrotalea
ERR10036469.out	0.000010	17	1081670	Enterospora
ERR10036469.out	0.000010	17	1234605	Gayadomonas
ERR10036469.out	0.000010	17	1332112	Limnoraphis
ERR10036469.out	0.000010	17	1433998	Dissulfuribacter
ERR10036469.out	0.000010	17	1678397	Candidatus Phycosocius
ERR10036469.out	0.000010	17	1818108	Pseudobryopsis
ERR10036469.out	0.000010	17	1929305	Pygmaiobacter
ERR10036469.out	0.000010	17	1930830	Floricoccus
ERR10036469.out	0.000010	17	2005380	Mariniblastus
ERR10036469.out	0.000010	17	2093225	Candidatus Sulfobium
ERR10036469.out	0.000010	17	2508983	Candidatus Saccharicenans
ERR10036469.out	0.000010	17	2576755	Caproicibacter
ERR10036469.out	0.000010	17	2751156	Ningiella
ERR10036469.out	0.000010	17	2858886	Mangrovivirga
ERR10036469.out	0.000010	16	3110	Prototheca
ERR10036469.out	0.000010	16	13159	Mycoplana
ERR10036469.out	0.000010	16	28905	Caedibacter
ERR10036469.out	0.000010	16	94008	Thermicanus
ERR10036469.out	0.000010	16	117544	Cytospora
ERR10036469.out	0.000010	16	147569	Myriangium
ERR10036469.out	0.000010	16	235572	Candidatus Portiera
ERR10036469.out	0.000010	16	257820	Kerstersia
ERR10036469.out	0.000010	16	300418	Catellicoccus
ERR10036469.out	0.000010	16	1004303	Ferruginibacter
ERR10036469.out	0.000010	16	1209988	Halopenitus
ERR10036469.out	0.000010	16	1381133	Candidatus Profftella
ERR10036469.out	0.000010	16	1383070	Brevifollis
ERR10036469.out	0.000010	16	1406885	Aliiglaciecola
ERR10036469.out	0.000010	16	1432051	Eisenbergiella
ERR10036469.out	0.000010	16	1500514	Thermolongibacillus
ERR10036469.out	0.000010	16	1742636	Candidatus Megaira
ERR10036469.out	0.000010	16	1780122	Mobilisporobacter
ERR10036469.out	0.000010	16	1855405	Longibacter
ERR10036469.out	0.000010	16	1914244	Krasilnikoviella
ERR10036469.out	0.000010	16	1932705	Iningainema
ERR10036469.out	0.000010	16	1961799	Lacunisphaera
ERR10036469.out	0.000010	16	1987749	Marasmitruncus
ERR10036469.out	0.000010	16	2057233	Absiella
ERR10036469.out	0.000010	16	2083206	Tritonibacter
ERR10036469.out	0.000010	16	2663134	Pseudogemmobacter
ERR10036469.out	0.000010	16	2774168	Avrilella
ERR10036469.out	0.000010	16	2792299	Calidifontibacillus
ERR10036469.out	0.000010	16	2800679	Altericroceibacterium
ERR10036469.out	0.000009	15	2968	Oxyrrhis
ERR10036469.out	0.000009	15	40436	Daedalea
ERR10036469.out	0.000009	15	212512	Globobulimina
ERR10036469.out	0.000009	15	240236	Woodsholea
ERR10036469.out	0.000009	15	264688	Trichormus
ERR10036469.out	0.000009	15	389486	Sediminicola
ERR10036469.out	0.000009	15	407951	Neofusicoccum
ERR10036469.out	0.000009	15	442430	Coraliomargarita
ERR10036469.out	0.000009	15	697331	Basfia
ERR10036469.out	0.000009	15	743714	Orbus
ERR10036469.out	0.000009	15	745153	Umboniibacter
ERR10036469.out	0.000009	15	1165076	Imtechella
ERR10036469.out	0.000009	15	1209327	Flavivirga
ERR10036469.out	0.000009	15	1505231	Chitinivibrio
ERR10036469.out	0.000009	15	1769735	Mongoliibacter
ERR10036469.out	0.000009	15	1844498	Halovulum
ERR10036469.out	0.000009	15	1897649	Pistricoccus
ERR10036469.out	0.000009	15	1911581	Formosimonas
ERR10036469.out	0.000009	15	2045098	Puia
ERR10036469.out	0.000009	15	2056239	Myxacorys
ERR10036469.out	0.000009	15	2170427	Vulcanococcus
ERR10036469.out	0.000009	15	2563783	Anaerolactibacter
ERR10036469.out	0.000009	15	2678352	Maribellus
ERR10036469.out	0.000009	15	2860235	Glacieibacterium
ERR10036469.out	0.000009	15	2870408	Chitinasiproducens
ERR10036469.out	0.000008	14	1651	Alloiococcus
ERR10036469.out	0.000008	14	3028	Chroomonas
ERR10036469.out	0.000008	14	5104	Ascosphaera
ERR10036469.out	0.000008	14	5502	Curvularia
ERR10036469.out	0.000008	14	5774	Amoeba
ERR10036469.out	0.000008	14	28250	Ornithobacterium
ERR10036469.out	0.000008	14	42417	Halobacteroides
ERR10036469.out	0.000008	14	134550	Candidatus Xiphinematobacter
ERR10036469.out	0.000008	14	157008	Zonaria
ERR10036469.out	0.000008	14	167639	Ilyobacter
ERR10036469.out	0.000008	14	289239	Roseisalinus
ERR10036469.out	0.000008	14	319458	Leadbetterella
ERR10036469.out	0.000008	14	658623	Chelonobacter
ERR10036469.out	0.000008	14	1123967	Porticoccus
ERR10036469.out	0.000008	14	1176327	Aureitalea
ERR10036469.out	0.000008	14	1654741	Bombella
ERR10036469.out	0.000008	14	1751872	Lacimicrobium
ERR10036469.out	0.000008	14	2004411	Inediibacterium
ERR10036469.out	0.000008	14	2028104	Rubricella
ERR10036469.out	0.000008	14	2058188	Rostrostelium
ERR10036469.out	0.000008	14	2676063	Pseudomethylobacillus
ERR10036469.out	0.000008	14	2721112	Candidatus Neoruminococcus
ERR10036469.out	0.000008	14	2816884	Qingshengfaniella
ERR10036469.out	0.000008	14	2840314	Alterinioella
ERR10036469.out	0.000008	14	2847312	Parafannyhessea
ERR10036469.out	0.000008	14	2883109	Sandaracinobacteroides
ERR10036469.out	0.000008	13	843	Wolinella
ERR10036469.out	0.000008	13	2988	Mallomonas
ERR10036469.out	0.000008	13	33976	Caryophanon
ERR10036469.out	0.000008	13	33993	Neorickettsia
ERR10036469.out	0.000008	13	38880	Botryococcus
ERR10036469.out	0.000008	13	48598	Lithothamnion
ERR10036469.out	0.000008	13	70535	Edhazardia
ERR10036469.out	0.000008	13	84162	Cryptobacterium
ERR10036469.out	0.000008	13	144540	Pseudotulostoma
ERR10036469.out	0.000008	13	196078	Pseudospirillum
ERR10036469.out	0.000008	13	240577	Sticholonche
ERR10036469.out	0.000008	13	258514	Acetanaerobacterium
ERR10036469.out	0.000008	13	264995	Anaerofustis
ERR10036469.out	0.000008	13	1407607	Fusicatenibacter
ERR10036469.out	0.000008	13	1434044	Sinobacterium
ERR10036469.out	0.000008	13	1604279	Cribrihabitans
ERR10036469.out	0.000008	13	1649504	Texcoconibacillus
ERR10036469.out	0.000008	13	1780190	Izhakiella
ERR10036469.out	0.000008	13	1911566	Arsenicitalea
ERR10036469.out	0.000008	13	1928820	Intestinibacillus
ERR10036469.out	0.000008	13	1980681	Colidextribacter
ERR10036469.out	0.000008	13	1980697	Duodenibacillus
ERR10036469.out	0.000008	13	2058174	Antarcticibacterium
ERR10036469.out	0.000008	13	2060871	Galactobacillus
ERR10036469.out	0.000008	13	2709266	Arthrospiribacter
ERR10036469.out	0.000008	13	2715929	Aurantibacter
ERR10036469.out	0.000008	13	2720795	Candidatus Allochristensenella
ERR10036469.out	0.000008	13	2720808	Candidatus Geddesella
ERR10036469.out	0.000008	13	2721111	Candidatus Neoclostridium
ERR10036469.out	0.000008	13	2721124	Candidatus Timburyella
ERR10036469.out	0.000008	13	2821507	Agriterribacter
ERR10036469.out	0.000008	13	2856846	Curvivirga
ERR10036469.out	0.000007	12	46769	Cenarchaeum
ERR10036469.out	0.000007	12	204619	Candidatus Nardonella
ERR10036469.out	0.000007	12	447792	Phytobacter
ERR10036469.out	0.000007	12	471824	Haloplasma
ERR10036469.out	0.000007	12	1004302	Parasegetibacter
ERR10036469.out	0.000007	12	1207070	Oceaniovalibus
ERR10036469.out	0.000007	12	1245590	Mariniradius
ERR10036469.out	0.000007	12	1518147	Wenyingzhuangia
ERR10036469.out	0.000007	12	1541445	Candidatus Phaeomarinobacter
ERR10036469.out	0.000007	12	1745211	Chania
ERR10036469.out	0.000007	12	1773450	Anseongella
ERR10036469.out	0.000007	12	1903336	Balneicella
ERR10036469.out	0.000007	12	1915401	Roseitalea
ERR10036469.out	0.000007	12	1933048	Neofamilia
ERR10036469.out	0.000007	12	2045416	Oceanihabitans
ERR10036469.out	0.000007	12	2048137	Agathobaculum
ERR10036469.out	0.000007	12	2052989	Aquidulcibacter
ERR10036469.out	0.000007	12	2653802	Neoactinobaculum
ERR10036469.out	0.000007	12	2680018	Rhodophyticola
ERR10036469.out	0.000007	12	2768684	Terricaulis
ERR10036469.out	0.000007	12	2781121	Thiosulfatimonas
ERR10036469.out	0.000007	12	2819026	Candidatus Desulfobacillus
ERR10036469.out	0.000007	12	2840441	Atlanticothrix
ERR10036469.out	0.000007	12	2845254	Breznakiella
ERR10036469.out	0.000007	12	2870907	Craterilacuibacter
ERR10036469.out	0.000007	12	2884814	Pseudoprevotella
ERR10036469.out	0.000007	11	1013	Weeksella
ERR10036469.out	0.000007	11	43994	Johnsonella
ERR10036469.out	0.000007	11	44259	Filifactor
ERR10036469.out	0.000007	11	306539	Halolactibacillus
ERR10036469.out	0.000007	11	342658	Gracilibacter
ERR10036469.out	0.000007	11	388745	Puniceicoccus
ERR10036469.out	0.000007	11	647744	Indibacter
ERR10036469.out	0.000007	11	1042545	Didymoeca
ERR10036469.out	0.000007	11	1356488	Rosenbergiella
ERR10036469.out	0.000007	11	1579315	Halocynthiibacter
ERR10036469.out	0.000007	11	1635148	Sanguibacteroides
ERR10036469.out	0.000007	11	1803399	Candidatus Peribacter
ERR10036469.out	0.000007	11	1926663	Phocea
ERR10036469.out	0.000007	11	1981050	Phoenicibacter
ERR10036469.out	0.000007	11	2211636	Cognatiyoonia
ERR10036469.out	0.000007	11	2591381	Dysosmobacter
ERR10036469.out	0.000007	11	2596745	Limnospira
ERR10036469.out	0.000007	11	2676048	Schaedlerella
ERR10036469.out	0.000007	11	2760873	Tenuifilum
ERR10036469.out	0.000007	11	2820419	Fertoeibacter
ERR10036469.out	0.000006	10	866	Ruminobacter
ERR10036469.out	0.000006	10	5100	Amorphotheca
ERR10036469.out	0.000006	10	5935	Euplotes
ERR10036469.out	0.000006	10	131041	Acrosorium
ERR10036469.out	0.000006	10	160620	Lingulodinium
ERR10036469.out	0.000006	10	168808	Sneathia
ERR10036469.out	0.000006	10	177399	Anaerophaga
ERR10036469.out	0.000006	10	216800	Guinardia
ERR10036469.out	0.000006	10	292635	Laceyella
ERR10036469.out	0.000006	10	392299	Histiona
ERR10036469.out	0.000006	10	929812	Gibbsiella
ERR10036469.out	0.000006	10	1008195	Halopelagius
ERR10036469.out	0.000006	10	1505660	Asaccharospora
ERR10036469.out	0.000006	10	1634037	Desulfoplanes
ERR10036469.out	0.000006	10	1649501	Tangfeifania
ERR10036469.out	0.000006	10	1682492	Candidatus Tachikawaea
ERR10036469.out	0.000006	10	1817584	Maliponia
ERR10036469.out	0.000006	10	1926659	Mediterranea
ERR10036469.out	0.000006	10	1980675	Colibacter
ERR10036469.out	0.000006	10	1980680	Alterileibacterium
ERR10036469.out	0.000006	10	2172100	Limnobaculum
ERR10036469.out	0.000006	10	2175151	Candidatus Micropelagos
ERR10036469.out	0.000006	10	2682228	Tepidiforma
ERR10036469.out	0.000006	10	2683202	Massilicoli
ERR10036469.out	0.000006	10	2720797	Candidatus Alloruminococcus
ERR10036469.out	0.000006	10	2721116	Candidatus Protoclostridium
ERR10036469.out	0.000006	10	2804673	Cypionkella
ERR10036469.out	0.000006	10	2811435	Candidatus Ordinivivax
ERR10036469.out	0.000006	10	2814657	Candidatus Nitromaritima
ERR10036469.out	0.000006	10	2820724	Spirabiliibacterium
ERR10036469.out	0.000006	10	2884326	Aquariibacter
ERR10036469.out	0.000005	9	3164	Tetraselmis
ERR10036469.out	0.000005	9	37096	Rhodomonas
ERR10036469.out	0.000005	9	233770	Ishige
ERR10036469.out	0.000005	9	309512	Dinoroseobacter
ERR10036469.out	0.000005	9	444051	Mesoflavibacter
ERR10036469.out	0.000005	9	610116	Aliihoeflea
ERR10036469.out	0.000005	9	630723	Halarsenatibacter
ERR10036469.out	0.000005	9	1117308	Funneliformis
ERR10036469.out	0.000005	9	1161127	Murdochiella
ERR10036469.out	0.000005	9	1235438	Snuella
ERR10036469.out	0.000005	9	1434014	Lentibacter
ERR10036469.out	0.000005	9	1434029	Pelagimonas
ERR10036469.out	0.000005	9	1434042	Salisediminibacterium
ERR10036469.out	0.000005	9	1495768	Candidatus Evansia
ERR10036469.out	0.000005	9	1541743	Candidatus Ruthia
ERR10036469.out	0.000005	9	1649503	Terrimicrobium
ERR10036469.out	0.000005	9	1664383	Pseudarcicella
ERR10036469.out	0.000005	9	1892380	Harryflintia
ERR10036469.out	0.000005	9	1935176	Angelakisella
ERR10036469.out	0.000005	9	1955421	Rappaport
ERR10036469.out	0.000005	9	1970191	Salinivirga
ERR10036469.out	0.000005	9	2018044	Candidatus Vallotia
ERR10036469.out	0.000005	9	2692382	Gudongella
ERR10036469.out	0.000005	9	2798309	Salinadaptatus
ERR10036469.out	0.000005	9	2800685	Pelagerythrobacter
ERR10036469.out	0.000005	9	2846747	Meinhardsimonia
ERR10036469.out	0.000005	9	2847313	Tractidigestivibacter
ERR10036469.out	0.000005	9	2879611	Oryzicola
ERR10036469.out	0.000005	8	1266	Sarcina
ERR10036469.out	0.000005	8	3030	Cryptomonas
ERR10036469.out	0.000005	8	76312	Caulerpa
ERR10036469.out	0.000005	8	78119	Succinispira
ERR10036469.out	0.000005	8	122416	Ballia
ERR10036469.out	0.000005	8	171412	Eremococcus
ERR10036469.out	0.000005	8	196082	Parascardovia
ERR10036469.out	0.000005	8	236752	Fastidiosipila
ERR10036469.out	0.000005	8	311207	Gaetbulibacter
ERR10036469.out	0.000005	8	334108	Bergeriella
ERR10036469.out	0.000005	8	343334	Costertonia
ERR10036469.out	0.000005	8	450634	Chilomastix
ERR10036469.out	0.000005	8	527198	Mariniflexile
ERR10036469.out	0.000005	8	633413	Pseudozobellia
ERR10036469.out	0.000005	8	660063	Methermicoccus
ERR10036469.out	0.000005	8	1292369	Bulboplastis
ERR10036469.out	0.000005	8	1340414	Desmonostoc
ERR10036469.out	0.000005	8	1442082	Candidatus Xenolissoclinum
ERR10036469.out	0.000005	8	1506577	Tyzzerella
ERR10036469.out	0.000005	8	1573536	Faecalicoccus
ERR10036469.out	0.000005	8	1774128	Murimonas
ERR10036469.out	0.000005	8	1802983	Candidatus Fokinia
ERR10036469.out	0.000005	8	1844015	Pontivivens
ERR10036469.out	0.000005	8	1913599	Peptoanaerobacter
ERR10036469.out	0.000005	8	1918542	Muricomes
ERR10036469.out	0.000005	8	1921511	Candidatus Udaeobacter
ERR10036469.out	0.000005	8	2005386	Arabia
ERR10036469.out	0.000005	8	2058953	Raperostelium
ERR10036469.out	0.000005	8	2593687	Aquella
ERR10036469.out	0.000005	8	2661844	Fluviibacterium
ERR10036469.out	0.000005	8	2703676	Metalysinibacillus
ERR10036469.out	0.000005	8	2720807	Candidatus Gallispira
ERR10036469.out	0.000005	8	2761542	Fundicoccus
ERR10036469.out	0.000005	8	2767883	Holzapfelia
ERR10036469.out	0.000005	8	2785518	Radiobacillus
ERR10036469.out	0.000005	8	2793832	Salifodinibacter
ERR10036469.out	0.000005	8	2795377	Pelagovum
ERR10036469.out	0.000005	8	2795781	Aeoliella
ERR10036469.out	0.000005	8	2819028	Candidatus Nitrosymbiomonas
ERR10036469.out	0.000005	8	2820509	Aestuarium
ERR10036469.out	0.000004	7	2129	Ureaplasma
ERR10036469.out	0.000004	7	2865	Crypthecodinium
ERR10036469.out	0.000004	7	13034	Dactylococcopsis
ERR10036469.out	0.000004	7	28138	Rikenella
ERR10036469.out	0.000004	7	31289	Psalteriomonas
ERR10036469.out	0.000004	7	82984	Pragia
ERR10036469.out	0.000004	7	118966	Anaerorhabdus
ERR10036469.out	0.000004	7	152459	Moneuplotes
ERR10036469.out	0.000004	7	191291	Nautilia
ERR10036469.out	0.000004	7	253106	Natronolimnobius
ERR10036469.out	0.000004	7	266808	Thalassobacter
ERR10036469.out	0.000004	7	1389453	Candidatus Actinomarina
ERR10036469.out	0.000004	7	1407056	Litorilituus
ERR10036469.out	0.000004	7	1520333	Vespertiliibacter
ERR10036469.out	0.000004	7	1524449	Butyriboletus
ERR10036469.out	0.000004	7	1573407	Paradevosia
ERR10036469.out	0.000004	7	1649487	Rhizorhapis
ERR10036469.out	0.000004	7	1656823	Halanaeroarchaeum
ERR10036469.out	0.000004	7	1951300	Solirubrum
ERR10036469.out	0.000004	7	1968878	Siccationidurans
ERR10036469.out	0.000004	7	1981033	Mordavella
ERR10036469.out	0.000004	7	1993653	Candidatus Nitrosomarinus
ERR10036469.out	0.000004	7	2100764	Mixta
ERR10036469.out	0.000004	7	2211635	Cognatishimia
ERR10036469.out	0.000004	7	2269381	Mangrovicella
ERR10036469.out	0.000004	7	2601651	Candidatus Nesciobacter
ERR10036469.out	0.000004	7	2603319	Chachezhania
ERR10036469.out	0.000004	7	2678886	Pulveribacter
ERR10036469.out	0.000004	7	2712947	Pterocladiophila
ERR10036469.out	0.000004	7	2739835	Peptidiphaga
ERR10036469.out	0.000004	7	2740719	Cochleicola
ERR10036469.out	0.000004	7	2780027	Falsigemmobacter
ERR10036469.out	0.000004	7	2810010	Anaerophilus
ERR10036469.out	0.000004	7	2834353	Litoribacterium
ERR10036469.out	0.000004	7	2855473	Mesobaculum
ERR10036469.out	0.000004	6	3136	Acetabularia
ERR10036469.out	0.000004	6	4807	Blastocladiella
ERR10036469.out	0.000004	6	51228	Wigglesworthia
ERR10036469.out	0.000004	6	89523	Rubrimonas
ERR10036469.out	0.000004	6	119541	Rhodobaca
ERR10036469.out	0.000004	6	135858	Catenibacterium
ERR10036469.out	0.000004	6	205841	Cryocola
ERR10036469.out	0.000004	6	223787	Balnearium
ERR10036469.out	0.000004	6	307628	Petrimonas
ERR10036469.out	0.000004	6	431394	Cyanosarcina
ERR10036469.out	0.000004	6	659427	Sediminimonas
ERR10036469.out	0.000004	6	882045	Cuspidothrix
ERR10036469.out	0.000004	6	1078863	Stereomyxa
ERR10036469.out	0.000004	6	1470208	Paratrypanosoma
ERR10036469.out	0.000004	6	1608457	Aestuariivita
ERR10036469.out	0.000004	6	1659686	Candidatus Nephrothrix
ERR10036469.out	0.000004	6	1759396	Marivivens
ERR10036469.out	0.000004	6	1759400	Paramesorhizobium
ERR10036469.out	0.000004	6	1774278	Aquimixticola
ERR10036469.out	0.000004	6	1855363	Candidatus Chrysopegis
ERR10036469.out	0.000004	6	1882917	Pajaroellobacter
ERR10036469.out	0.000004	6	1914026	Marimonas
ERR10036469.out	0.000004	6	1918511	Frisingicoccus
ERR10036469.out	0.000004	6	2152900	Candidatus Fermentibacter
ERR10036469.out	0.000004	6	2448024	Desertimonas
ERR10036469.out	0.000004	6	2670333	Lottiidibacillus
ERR10036469.out	0.000004	6	2675671	Ilyomonas
ERR10036469.out	0.000004	6	2681298	Indiicoccus
ERR10036469.out	0.000004	6	2681566	Thermaurantimonas
ERR10036469.out	0.000004	6	2767327	Fannyhessea
ERR10036469.out	0.000004	6	2778400	Tepiditoga
ERR10036469.out	0.000004	6	2787156	Culicoidibacter
ERR10036469.out	0.000004	6	2800682	Paraurantiacibacter
ERR10036469.out	0.000004	6	2800683	Parapontixanthobacter
ERR10036469.out	0.000004	6	2840440	Amazonocrinis
ERR10036469.out	0.000004	6	2840442	Dendronalium
ERR10036469.out	0.000003	5	2924	Alexandrium
ERR10036469.out	0.000003	5	2985	Ochromonas
ERR10036469.out	0.000003	5	5777	Hartmannella
ERR10036469.out	0.000003	5	35676	Pelagomonas
ERR10036469.out	0.000003	5	45106	Heteromita
ERR10036469.out	0.000003	5	67960	Thorea
ERR10036469.out	0.000003	5	101925	Flintiella
ERR10036469.out	0.000003	5	136463	Saccamoeba
ERR10036469.out	0.000003	5	171413	Dolosicoccus
ERR10036469.out	0.000003	5	192987	Allofustis
ERR10036469.out	0.000003	5	196084	Okibacterium
ERR10036469.out	0.000003	5	256730	Volucribacter
ERR10036469.out	0.000003	5	269773	Atopococcus
ERR10036469.out	0.000003	5	282350	Choreocolax
ERR10036469.out	0.000003	5	291178	Subsaximicrobium
ERR10036469.out	0.000003	5	294702	Proteiniphilum
ERR10036469.out	0.000003	5	367771	Marinovum
ERR10036469.out	0.000003	5	369400	Flaviramulus
ERR10036469.out	0.000003	5	453850	Joostella
ERR10036469.out	0.000003	5	559293	Lishizhenia
ERR10036469.out	0.000003	5	572138	Pustula
ERR10036469.out	0.000003	5	590648	Breviata
ERR10036469.out	0.000003	5	674963	Succinatimonas
ERR10036469.out	0.000003	5	884214	Candidatus Zinderia
ERR10036469.out	0.000003	5	1055323	Aeribacillus
ERR10036469.out	0.000003	5	1193324	Alkalitalea
ERR10036469.out	0.000003	5	1258570	Profundibacterium
ERR10036469.out	0.000003	5	1297562	Phaseolibacter
ERR10036469.out	0.000003	5	1331051	Candidatus Saccharimonas
ERR10036469.out	0.000003	5	1535231	Altibacter
ERR10036469.out	0.000003	5	1680826	Candidatus Thalassarchaeum
ERR10036469.out	0.000003	5	1704230	Aureisphaera
ERR10036469.out	0.000003	5	1827277	Aliterella
ERR10036469.out	0.000003	5	1827478	Youhaiella
ERR10036469.out	0.000003	5	1869285	Allofrancisella
ERR10036469.out	0.000003	5	1906659	Candidatus Hoaglandella
ERR10036469.out	0.000003	5	1918452	Extibacter
ERR10036469.out	0.000003	5	1924081	Bariatricus
ERR10036469.out	0.000003	5	1926672	Prevotellamassilia
ERR10036469.out	0.000003	5	1930592	Vampirococcus
ERR10036469.out	0.000003	5	1935192	Mobilibacterium
ERR10036469.out	0.000003	5	2070447	Conservatibacter
ERR10036469.out	0.000003	5	2201379	Kandeliimicrobium
ERR10036469.out	0.000003	5	2508948	Candidatus Borkfalkia
ERR10036469.out	0.000003	5	2510710	Candidatus Amulumruptor
ERR10036469.out	0.000003	5	2576890	Nibricoccus
ERR10036469.out	0.000003	5	2661800	Georhizobium
ERR10036469.out	0.000003	5	2665910	Ulvibacterium
ERR10036469.out	0.000003	5	2679892	Oceaniradius
ERR10036469.out	0.000003	5	2680019	Alkalilacustris
ERR10036469.out	0.000003	5	2682476	Chryseotalea
ERR10036469.out	0.000003	5	2721122	Candidatus Schneewindia
ERR10036469.out	0.000003	5	2802300	Lunatibacter
ERR10036469.out	0.000003	5	2812012	Zongyanglinia
ERR10036469.out	0.000003	5	2813348	Luxibacter
ERR10036469.out	0.000003	5	2815774	Hornefia
ERR10036469.out	0.000003	5	2822394	Patiriisocius
ERR10036469.out	0.000003	5	2834241	Anaerotalea
ERR10036469.out	0.000003	5	2837505	Margalitia
ERR10036469.out	0.000003	5	2853170	Neopyropia
ERR10036469.out	0.000002	4	1205	Trichodesmium
ERR10036469.out	0.000002	4	2755	Brochothrix
ERR10036469.out	0.000002	4	2828	Heterosigma
ERR10036469.out	0.000002	4	5655	Crithidia
ERR10036469.out	0.000002	4	31451	Plocamium
ERR10036469.out	0.000002	4	38835	Pterosperma
ERR10036469.out	0.000002	4	39186	Entomophaga
ERR10036469.out	0.000002	4	47780	Carteria
ERR10036469.out	0.000002	4	72021	Methylarcula
ERR10036469.out	0.000002	4	77924	Hemiselmis
ERR10036469.out	0.000002	4	101921	Nemalionopsis
ERR10036469.out	0.000002	4	111860	Balbiania
ERR10036469.out	0.000002	4	135261	Prasiola
ERR10036469.out	0.000002	4	141715	Monomastix
ERR10036469.out	0.000002	4	150333	Thermobrachium
ERR10036469.out	0.000002	4	160794	Filobacillus
ERR10036469.out	0.000002	4	189427	Flabellia
ERR10036469.out	0.000002	4	216431	Croceibacter
ERR10036469.out	0.000002	4	388832	Pseudoboletus
ERR10036469.out	0.000002	4	561554	Zeaxanthinibacter
ERR10036469.out	0.000002	4	681103	Roombia
ERR10036469.out	0.000002	4	908284	Necropsobacter
ERR10036469.out	0.000002	4	1123044	Ponticaulis
ERR10036469.out	0.000002	4	1141976	Candidatus Magnetananas
ERR10036469.out	0.000002	4	1148783	Geminisphaera
ERR10036469.out	0.000002	4	1431827	Characiopsis
ERR10036469.out	0.000002	4	1434043	Saliterribacillus
ERR10036469.out	0.000002	4	1473205	Senegalimassilia
ERR10036469.out	0.000002	4	1637257	Mageeibacillus
ERR10036469.out	0.000002	4	1648514	Cricetibacter
ERR10036469.out	0.000002	4	1715798	Levyella
ERR10036469.out	0.000002	4	1766253	Agathobacter
ERR10036469.out	0.000002	4	1774107	Catenisphaera
ERR10036469.out	0.000002	4	1854458	Breznakia
ERR10036469.out	0.000002	4	1903173	Pelobium
ERR10036469.out	0.000002	4	1937016	Rectinema
ERR10036469.out	0.000002	4	1940564	Juglanconis
ERR10036469.out	0.000002	4	1983104	Lusitaniella
ERR10036469.out	0.000002	4	2055880	Pseudescherichia
ERR10036469.out	0.000002	4	2079189	Tetzosporium
ERR10036469.out	0.000002	4	2100211	Candidatus Paracaedimonas
ERR10036469.out	0.000002	4	2219504	Sodalinema
ERR10036469.out	0.000002	4	2582955	Candidatus Huberarchaeum
ERR10036469.out	0.000002	4	2605705	Alphamonas
ERR10036469.out	0.000002	4	2651279	Pradoshia
ERR10036469.out	0.000002	4	2678248	Edaphovirga
ERR10036469.out	0.000002	4	2683203	Vaginisenegalia
ERR10036469.out	0.000002	4	2715289	Amniculibacterium
ERR10036469.out	0.000002	4	2718525	Absicoccus
ERR10036469.out	0.000002	4	2720794	Candidatus Allobutyricicoccus
ERR10036469.out	0.000002	4	2765403	Natronolimnohabitans
ERR10036469.out	0.000002	4	2788933	Alteripontixanthobacter
ERR10036469.out	0.000002	4	2847307	Thermophilibacter
ERR10036469.out	0.000002	4	2862144	Ruoffia
ERR10036469.out	0.000002	3	2774	Gracilaria
ERR10036469.out	0.000002	3	3118	Ulva
ERR10036469.out	0.000002	3	5943	Oxytricha
ERR10036469.out	0.000002	3	29198	Chlorarachnion
ERR10036469.out	0.000002	3	36882	Pyramimonas
ERR10036469.out	0.000002	3	37098	Isochrysis
ERR10036469.out	0.000002	3	39573	Nothocladus
ERR10036469.out	0.000002	3	42745	Proteromonas
ERR10036469.out	0.000002	3	43971	Blastobotrys
ERR10036469.out	0.000002	3	45099	Thaumatomonas
ERR10036469.out	0.000002	3	49251	Eucampia
ERR10036469.out	0.000002	3	50949	Navicula
ERR10036469.out	0.000002	3	55506	Schwartzia
ERR10036469.out	0.000002	3	61417	Spiromyces
ERR10036469.out	0.000002	3	61423	Furculomyces
ERR10036469.out	0.000002	3	63600	Pharyngomonas
ERR10036469.out	0.000002	3	70074	Nyctotherus
ERR10036469.out	0.000002	3	74032	Antarctobacter
ERR10036469.out	0.000002	3	74819	Lotharella
ERR10036469.out	0.000002	3	75735	Starmerella
ERR10036469.out	0.000002	3	77930	Teleaulax
ERR10036469.out	0.000002	3	78388	Coniothyrium
ERR10036469.out	0.000002	3	78912	Rhopalomyces
ERR10036469.out	0.000002	3	81530	Choanoeca
ERR10036469.out	0.000002	3	82982	Obesumbacterium
ERR10036469.out	0.000002	3	91373	Diplonema
ERR10036469.out	0.000002	3	109471	Bisgaardia
ERR10036469.out	0.000002	3	115543	Parasporobacterium
ERR10036469.out	0.000002	3	136461	Rhizamoeba
ERR10036469.out	0.000002	3	156454	Anaeroglobus
ERR10036469.out	0.000002	3	160433	Samsonia
ERR10036469.out	0.000002	3	160821	Chaos
ERR10036469.out	0.000002	3	186042	Entomoneis
ERR10036469.out	0.000002	3	221285	Westiellopsis
ERR10036469.out	0.000002	3	249344	Picochlorum
ERR10036469.out	0.000002	3	295595	Candidatus Hepatoplasma
ERR10036469.out	0.000002	3	318540	Arcella
ERR10036469.out	0.000002	3	565005	Nubsella
ERR10036469.out	0.000002	3	569950	Flabellula
ERR10036469.out	0.000002	3	573657	Candidatus Hodgkinia
ERR10036469.out	0.000002	3	596919	Lactifluus
ERR10036469.out	0.000002	3	644269	Kumanoa
ERR10036469.out	0.000002	3	688241	Chlorogloea
ERR10036469.out	0.000002	3	759891	Palpitomonas
ERR10036469.out	0.000002	3	871272	Parallela
ERR10036469.out	0.000002	3	1051666	Candidatus Nanosalina
ERR10036469.out	0.000002	3	1261581	Vertebrata
ERR10036469.out	0.000002	3	1301080	Candidatus Nasuia
ERR10036469.out	0.000002	3	1384499	Pisciglobus
ERR10036469.out	0.000002	3	1450140	Halohasta
ERR10036469.out	0.000002	3	1504576	Pseudocitrobacter
ERR10036469.out	0.000002	3	1573534	Faecalitalea
ERR10036469.out	0.000002	3	1647173	Acetobacteroides
ERR10036469.out	0.000002	3	1649295	Franconibacter
ERR10036469.out	0.000002	3	1686374	Pseudooctadecabacter
ERR10036469.out	0.000002	3	1755829	Ichthyobacterium
ERR10036469.out	0.000002	3	1775694	Ichthyenterobacterium
ERR10036469.out	0.000002	3	1792239	Caviibacter
ERR10036469.out	0.000002	3	1822002	Enterobacillus
ERR10036469.out	0.000002	3	1851152	Candidatus Rubidus
ERR10036469.out	0.000002	3	1860196	Pseudobacter
ERR10036469.out	0.000002	3	1918538	Longibaculum
ERR10036469.out	0.000002	3	1922299	Beduini
ERR10036469.out	0.000002	3	1926655	Marseilla
ERR10036469.out	0.000002	3	1938145	Praetumpfia
ERR10036469.out	0.000002	3	1973275	Massilibacillus
ERR10036469.out	0.000002	3	1980038	Millionella
ERR10036469.out	0.000002	3	1980693	Negativibacillus
ERR10036469.out	0.000002	3	2049301	Changchengzhania
ERR10036469.out	0.000002	3	2056689	Fastidiosibacter
ERR10036469.out	0.000002	3	2065790	Synstelium
ERR10036469.out	0.000002	3	2126174	Raphidocystis
ERR10036469.out	0.000002	3	2126544	Neobittarella
ERR10036469.out	0.000002	3	2304164	Jaagichlorella
ERR10036469.out	0.000002	3	2593013	Candidatus Syntrophosphaera
ERR10036469.out	0.000002	3	2680021	Ephemeroptericola
ERR10036469.out	0.000002	3	2717089	Massilistercora
ERR10036469.out	0.000002	3	2801325	Neoporphyra
ERR10036469.out	0.000002	3	2802694	Candidatus Limnocylindrus
ERR10036469.out	0.000002	3	2811390	Sporofaciens
ERR10036469.out	0.000002	3	2812839	Flavihalobacter
ERR10036469.out	0.000002	3	2815773	Baileyella
ERR10036469.out	0.000002	3	2815776	Bilifractor
ERR10036469.out	0.000002	3	2815779	Suipraoptans
ERR10036469.out	0.000002	3	2817383	Candidatus Azoamicus
ERR10036469.out	0.000002	3	2850403	Paucihalobacter
ERR10036469.out	0.000002	3	2862346	Baaleninema
ERR10036469.out	0.000001	2	2875	Dictyota
ERR10036469.out	0.000001	2	5736	Monocercomonas
ERR10036469.out	0.000001	2	31388	Caloglossa
ERR10036469.out	0.000001	2	31444	Eucheuma
ERR10036469.out	0.000001	2	35158	Griffithsia
ERR10036469.out	0.000001	2	35860	Parvocaulis
ERR10036469.out	0.000001	2	38268	Gloeochaete
ERR10036469.out	0.000001	2	39713	Euglypha
ERR10036469.out	0.000001	2	44439	Chattonella
ERR10036469.out	0.000001	2	46461	Anophryoides
ERR10036469.out	0.000001	2	52228	Hallella
ERR10036469.out	0.000001	2	82267	Hyaloraphidium
ERR10036469.out	0.000001	2	88359	Symphyocladia
ERR10036469.out	0.000001	2	94288	Sterkiella
ERR10036469.out	0.000001	2	131057	Cryptopleura
ERR10036469.out	0.000001	2	137418	Trimastix
ERR10036469.out	0.000001	2	189635	Dictyurus
ERR10036469.out	0.000001	2	189651	Halydictyon
ERR10036469.out	0.000001	2	193568	Nanoarchaeum
ERR10036469.out	0.000001	2	196140	Schizocladia
ERR10036469.out	0.000001	2	242544	Thecamoeba
ERR10036469.out	0.000001	2	242837	Koliella
ERR10036469.out	0.000001	2	243267	Phaeostrophion
ERR10036469.out	0.000001	2	271159	Nicoletella
ERR10036469.out	0.000001	2	282687	Philasterides
ERR10036469.out	0.000001	2	286800	Tenuibacillus
ERR10036469.out	0.000001	2	296051	Terrimonas
ERR10036469.out	0.000001	2	299205	Leucocryptos
ERR10036469.out	0.000001	2	303226	Lactovum
ERR10036469.out	0.000001	2	381414	Boodleopsis
ERR10036469.out	0.000001	2	472054	Leptobacterium
ERR10036469.out	0.000001	2	472825	Candidatus Purcelliella
ERR10036469.out	0.000001	2	559738	Flavodon
ERR10036469.out	0.000001	2	633405	Lacticigenium
ERR10036469.out	0.000001	2	873537	Nephromyces
ERR10036469.out	0.000001	2	1159323	Macellibacteroides
ERR10036469.out	0.000001	2	1284657	Planktomarina
ERR10036469.out	0.000001	2	1302410	Candidatus Annandia
ERR10036469.out	0.000001	2	1333716	Schleiferia
ERR10036469.out	0.000001	2	1341013	Litorimicrobium
ERR10036469.out	0.000001	2	1433995	Cruoricaptor
ERR10036469.out	0.000001	2	1602345	Parasaccharibacter
ERR10036469.out	0.000001	2	1649513	Youngimonas
ERR10036469.out	0.000001	2	1654807	Cunea
ERR10036469.out	0.000001	2	1762932	Algoriella
ERR10036469.out	0.000001	2	1774131	Hydrobacter
ERR10036469.out	0.000001	2	1784836	Fermentimonas
ERR10036469.out	0.000001	2	1810932	Planktosalinus
ERR10036469.out	0.000001	2	1820275	Aestuariivivens
ERR10036469.out	0.000001	2	1852974	Coeloseira
ERR10036469.out	0.000001	2	1855419	Ursidibacter
ERR10036469.out	0.000001	2	1862153	Marinirhabdus
ERR10036469.out	0.000001	2	1903506	Drancourtella
ERR10036469.out	0.000001	2	1906657	Candidatus Doolittlea
ERR10036469.out	0.000001	2	1929045	Traorella
ERR10036469.out	0.000001	2	1935184	Vaginella
ERR10036469.out	0.000001	2	1940255	Fournierella
ERR10036469.out	0.000001	2	2038740	Coniferiporia
ERR10036469.out	0.000001	2	2058169	Vicingus
ERR10036469.out	0.000001	2	2070443	Caviibacterium
ERR10036469.out	0.000001	2	2126002	Rubneribacter
ERR10036469.out	0.000001	2	2303528	Thermoleptolyngbya
ERR10036469.out	0.000001	2	2320805	Johnson-sea-linkia
ERR10036469.out	0.000001	2	2486696	Cladocopium
ERR10036469.out	0.000001	2	2613960	Pseudopuniceibacterium
ERR10036469.out	0.000001	2	2670346	Pseudofrancisella
ERR10036469.out	0.000001	2	2678539	Paracnuella
ERR10036469.out	0.000001	2	2679899	Thalassorhabdomicrobium
ERR10036469.out	0.000001	2	2720799	Candidatus Aristotella
ERR10036469.out	0.000001	2	2729736	Torularia
ERR10036469.out	0.000001	2	2749846	Amedibacillus
ERR10036469.out	0.000001	2	2767874	Acetilactobacillus
ERR10036469.out	0.000001	2	2792469	Candidatus Pinguicoccus
ERR10036469.out	0.000001	2	2797878	Pareuzebyella
ERR10036469.out	0.000001	2	2815775	Berryella
ERR10036469.out	0.000001	2	2831665	Candidatus Mycosynbacter
ERR10036469.out	0.000001	2	2834400	Wocania
ERR10036469.out	0.000001	2	2847314	Paratractidigestivibacter
ERR10036469.out	0.000001	2	2849660	Taishania
ERR10036469.out	0.000001	2	2853326	Affinibrenneria
ERR10036469.out	0.000001	2	2855468	Muriiphilus
ERR10036469.out	0.000001	2	2881427	Parasynechococcus
ERR10036469.out	0.000001	1	1183	Plectonema
ERR10036469.out	0.000001	1	2918	Heterocapsa
ERR10036469.out	0.000001	1	2960	Amphidinium
ERR10036469.out	0.000001	1	2971	Pyrocystis
ERR10036469.out	0.000001	1	2976	Vaucheria
ERR10036469.out	0.000001	1	3011	Fucus
ERR10036469.out	0.000001	1	3106	Hydrodictyon
ERR10036469.out	0.000001	1	3132	Codium
ERR10036469.out	0.000001	1	4774	Thraustochytrium
ERR10036469.out	0.000001	1	5812	Sarcocystis
ERR10036469.out	0.000001	1	29218	Chondracanthus
ERR10036469.out	0.000001	1	29226	Mastocarpus
ERR10036469.out	0.000001	1	29417	Mastigocladus
ERR10036469.out	0.000001	1	31332	Analipus
ERR10036469.out	0.000001	1	31339	Desmarestia
ERR10036469.out	0.000001	1	31357	Acrochaetium
ERR10036469.out	0.000001	1	31382	Spermothamnion
ERR10036469.out	0.000001	1	31454	Grateloupia
ERR10036469.out	0.000001	1	33639	Asterionellopsis
ERR10036469.out	0.000001	1	33641	Coscinodiscus
ERR10036469.out	0.000001	1	33656	Phaeocystis
ERR10036469.out	0.000001	1	34143	Eudorina
ERR10036469.out	0.000001	1	35124	Melosira
ERR10036469.out	0.000001	1	35133	Labyrinthula
ERR10036469.out	0.000001	1	35225	Dimastigella
ERR10036469.out	0.000001	1	37351	Gruberia
ERR10036469.out	0.000001	1	37842	Sympodiomycopsis
ERR10036469.out	0.000001	1	40468	Inonotus
ERR10036469.out	0.000001	1	42479	Gracilariophila
ERR10036469.out	0.000001	1	45109	Cercomonas
ERR10036469.out	0.000001	1	45992	Haynesina
ERR10036469.out	0.000001	1	48861	Peltigera
ERR10036469.out	0.000001	1	50932	Pertusaria
ERR10036469.out	0.000001	1	50952	Pelagophycus
ERR10036469.out	0.000001	1	67475	Haslea
ERR10036469.out	0.000001	1	71000	Pfiesteria
ERR10036469.out	0.000001	1	77921	Cyanoptyche
ERR10036469.out	0.000001	1	78181	Vitreochlamys
ERR10036469.out	0.000001	1	80647	Gyroporus
ERR10036469.out	0.000001	1	94775	Opalina
ERR10036469.out	0.000001	1	96335	Proteomonas
ERR10036469.out	0.000001	1	99898	Osmundea
ERR10036469.out	0.000001	1	104242	Clavaria
ERR10036469.out	0.000001	1	105591	Symploca
ERR10036469.out	0.000001	1	110474	Ptilota
ERR10036469.out	0.000001	1	110509	Rhodochaete
ERR10036469.out	0.000001	1	114680	Laurentiella
ERR10036469.out	0.000001	1	123986	Inkyuleea
ERR10036469.out	0.000001	1	139979	Bangiopsis
ERR10036469.out	0.000001	1	140243	Parabodo
ERR10036469.out	0.000001	1	157004	Padina
ERR10036469.out	0.000001	1	159341	Placidia
ERR10036469.out	0.000001	1	159502	Centroceras
ERR10036469.out	0.000001	1	175857	Porodaedalea
ERR10036469.out	0.000001	1	177250	Diphylleia
ERR10036469.out	0.000001	1	189429	Chlorodesmis
ERR10036469.out	0.000001	1	191097	Coccocarpia
ERR10036469.out	0.000001	1	200606	Tetmemena
ERR10036469.out	0.000001	1	212742	Morococcus
ERR10036469.out	0.000001	1	218659	Vexillifera
ERR10036469.out	0.000001	1	221932	Neogoniolithon
ERR10036469.out	0.000001	1	224461	Jahnella
ERR10036469.out	0.000001	1	229671	Pseudoparamoeba
ERR10036469.out	0.000001	1	246122	Porterinema
ERR10036469.out	0.000001	1	282198	Nereida
ERR10036469.out	0.000001	1	285698	Hoplonympha
ERR10036469.out	0.000001	1	298266	Monomorphina
ERR10036469.out	0.000001	1	302781	Monocercomonoides
ERR10036469.out	0.000001	1	313557	Cochliopodium
ERR10036469.out	0.000001	1	325646	Rhipilia
ERR10036469.out	0.000001	1	326606	Annulohypoxylon
ERR10036469.out	0.000001	1	332162	Candidatus Solibacter
ERR10036469.out	0.000001	1	336693	Stephanonympha
ERR10036469.out	0.000001	1	379070	Gilvibacter
ERR10036469.out	0.000001	1	392845	Discoplastis
ERR10036469.out	0.000001	1	426668	Ulnaria
ERR10036469.out	0.000001	1	427904	Pseudopediastrum
ERR10036469.out	0.000001	1	447678	Ekhidna
ERR10036469.out	0.000001	1	494041	Ophiognomonia
ERR10036469.out	0.000001	1	555078	Fervidicola
ERR10036469.out	0.000001	1	575869	Pseudochlorodesmis
ERR10036469.out	0.000001	1	577483	Ettlia
ERR10036469.out	0.000001	1	647365	Partenskyella
ERR10036469.out	0.000001	1	658428	Acidithiomicrobium
ERR10036469.out	0.000001	1	668361	Endostelium
ERR10036469.out	0.000001	1	717901	Herposiphonia
ERR10036469.out	0.000001	1	762551	Jejuia
ERR10036469.out	0.000001	1	795339	Phytopythium
ERR10036469.out	0.000001	1	888829	Aetherobacter
ERR10036469.out	0.000001	1	944321	Soonwooa
ERR10036469.out	0.000001	1	983658	Salisapilia
ERR10036469.out	0.000001	1	1003035	Climaconeis
ERR10036469.out	0.000001	1	1072081	Jenufa
ERR10036469.out	0.000001	1	1081630	Candidatus Schneideria
ERR10036469.out	0.000001	1	1094566	Pyropia
ERR10036469.out	0.000001	1	1095182	Magnusiomyces
ERR10036469.out	0.000001	1	1115532	Didymosphenia
ERR10036469.out	0.000001	1	1157960	Poropsis
ERR10036469.out	0.000001	1	1159909	Bombiscardovia
ERR10036469.out	0.000001	1	1191175	Candidatus Vidania
ERR10036469.out	0.000001	1	1211399	Rhizomastix
ERR10036469.out	0.000001	1	1242273	Halamphora
ERR10036469.out	0.000001	1	1260107	Lesquereusia
ERR10036469.out	0.000001	1	1279384	Eggerthia
ERR10036469.out	0.000001	1	1407634	Filoreta
ERR10036469.out	0.000001	1	1433989	Aureicoccus
ERR10036469.out	0.000001	1	1470353	Candidatus Soleaferrea
ERR10036469.out	0.000001	1	1572663	Chishuiella
ERR10036469.out	0.000001	1	1641714	Neoparamoeba
ERR10036469.out	0.000001	1	1649476	Parafilimonas
ERR10036469.out	0.000001	1	1649485	Pustulibacterium
ERR10036469.out	0.000001	1	1769710	Sellimonas
ERR10036469.out	0.000001	1	1871912	Picipes
ERR10036469.out	0.000001	1	1906661	Candidatus Gullanella
ERR10036469.out	0.000001	1	1910890	Groenewaldozyma
ERR10036469.out	0.000001	1	1916646	Ochrovirga
ERR10036469.out	0.000001	1	1917024	Dictyomenia
ERR10036469.out	0.000001	1	1920508	Oharaeibacter
ERR10036469.out	0.000001	1	1923837	Hartaetosiga
ERR10036469.out	0.000001	1	1926556	Emergencia
ERR10036469.out	0.000001	1	1935200	Merdibacter
ERR10036469.out	0.000001	1	1935456	Tsunamia
ERR10036469.out	0.000001	1	2007205	Cliftonaea
ERR10036469.out	0.000001	1	2016741	Telimena
ERR10036469.out	0.000001	1	2023266	Merdimonas
ERR10036469.out	0.000001	1	2034843	Aquaticitalea
ERR10036469.out	0.000001	1	2045111	Tupiella
ERR10036469.out	0.000001	1	2171988	Candidatus Nanoperiomorbus
ERR10036469.out	0.000001	1	2171991	Candidatus Nanogingivalis
ERR10036469.out	0.000001	1	2316203	Catenibacillus
ERR10036469.out	0.000001	1	2502720	Parasarocladium
ERR10036469.out	0.000001	1	2510790	Crassa
ERR10036469.out	0.000001	1	2518495	Duncaniella
ERR10036469.out	0.000001	1	2601681	Edaphocola
ERR10036469.out	0.000001	1	2603342	Cafileria
ERR10036469.out	0.000001	1	2603951	Sulcionema
ERR10036469.out	0.000001	1	2662752	Kalamiella
ERR10036469.out	0.000001	1	2678608	Artemidia
ERR10036469.out	0.000001	1	2715734	Candidatus Chazhemtobacterium
ERR10036469.out	0.000001	1	2717331	Aestuariirhabdus
ERR10036469.out	0.000001	1	2738399	Parasedimentitalea
ERR10036469.out	0.000001	1	2743582	Peptacetobacter
ERR10036469.out	0.000001	1	2806252	Haloglomus
ERR10036469.out	0.000001	1	2806916	Halalkalirubrum
ERR10036469.out	0.000001	1	2812019	Pseudocnuella
ERR10036469.out	0.000001	1	2815780	Velocimicrobium
ERR10036469.out	0.000001	1	2815783	Floccifex
ERR10036469.out	0.000001	1	2822694	Erythrocystis
ERR10036469.out	0.000001	1	2834759	Flocculibacter
ERR10036469.out	0.000001	1	2848177	Pseudocolwellia
ERR10036469.out	0.000001	1	2851088	Marinifaba
ERR10036469.out	0.000001	1	2866216	Perlabentimonas
ERR10036469.out	0.089631	148940	10239	Viruses
ERR10036469.out	5.783444	9610316	NA	cannot be assigned to a (non-viral) genus
ERR10036469.out	14.563322	24199788	NA	unclassified
