file	percent	reads	taxon_id	taxon_name
ERR10036468.out	34.941753	38107340	74968	Ferroplasma
ERR10036468.out	24.013371	26188888	1763	Mycobacterium
ERR10036468.out	1.494979	1630418	507753	Acidiplasma
ERR10036468.out	1.013562	1105387	119977	Acidithiobacillus
ERR10036468.out	0.622087	678446	2302	Thermoplasma
ERR10036468.out	0.510762	557035	265	Paracoccus
ERR10036468.out	0.509148	555275	1866885	Mycolicibacterium
ERR10036468.out	0.505066	550823	1747777	Cuniculiplasma
ERR10036468.out	0.492947	537606	1716	Corynebacterium
ERR10036468.out	0.439185	478973	46631	Picrophilus
ERR10036468.out	0.330642	360597	1301	Streptococcus
ERR10036468.out	0.321823	350979	469	Acinetobacter
ERR10036468.out	0.315897	344516	1847725	Lawsonella
ERR10036468.out	0.257612	280951	55193	Malassezia
ERR10036468.out	0.255449	278592	1912216	Cutibacterium
ERR10036468.out	0.237931	259487	561	Escherichia
ERR10036468.out	0.213072	232375	286	Pseudomonas
ERR10036468.out	0.183125	199715	1279	Staphylococcus
ERR10036468.out	0.132496	144500	1883	Streptomyces
ERR10036468.out	0.121668	132691	1386	Bacillus
ERR10036468.out	0.118028	128721	5820	Plasmodium
ERR10036468.out	0.109941	119901	1827	Rhodococcus
ERR10036468.out	0.104942	114449	57493	Kocuria
ERR10036468.out	0.094541	103106	53457	Janibacter
ERR10036468.out	0.085077	92785	1073531	Mycolicibacter
ERR10036468.out	0.081594	88986	1350	Enterococcus
ERR10036468.out	0.080361	87641	2490204	Candidatus Mancarchaeum
ERR10036468.out	0.067922	74075	482135	Thermogymnomonas
ERR10036468.out	0.066317	72325	670516	Mycobacteroides
ERR10036468.out	0.062837	68530	590	Salmonella
ERR10036468.out	0.059567	64964	1817	Nocardia
ERR10036468.out	0.057958	63209	112497	Ramularia
ERR10036468.out	0.055935	61003	570	Klebsiella
ERR10036468.out	0.055215	60217	1269	Micrococcus
ERR10036468.out	0.053635	58494	1870884	Clostridioides
ERR10036468.out	0.050670	55260	44249	Paenibacillus
ERR10036468.out	0.049906	54427	13687	Sphingomonas
ERR10036468.out	0.046917	51167	57495	Dermacoccus
ERR10036468.out	0.045027	49106	1654	Actinomyces
ERR10036468.out	0.041734	45515	33882	Microbacterium
ERR10036468.out	0.039749	43350	2053	Gordonia
ERR10036468.out	0.035767	39007	32008	Burkholderia
ERR10036468.out	0.035030	38204	12914	Acidianus
ERR10036468.out	0.034824	37979	165779	Anaerococcus
ERR10036468.out	0.034378	37493	338	Xanthomonas
ERR10036468.out	0.032412	35348	810	Chlamydia
ERR10036468.out	0.031891	34780	2207	Methanosarcina
ERR10036468.out	0.031678	34548	1578	Lactobacillus
ERR10036468.out	0.030656	33433	43668	Brachybacterium
ERR10036468.out	0.029505	32178	1988	Actinomadura
ERR10036468.out	0.028466	31045	28033	Sulfobacillus
ERR10036468.out	0.028013	30551	1696	Brevibacterium
ERR10036468.out	0.027747	30261	1357	Lactococcus
ERR10036468.out	0.027620	30122	194	Campylobacter
ERR10036468.out	0.025673	27999	620	Shigella
ERR10036468.out	0.025560	27876	32207	Rothia
ERR10036468.out	0.025432	27736	1485	Clostridium
ERR10036468.out	0.025378	27677	2013	Nocardiopsis
ERR10036468.out	0.025040	27308	1839	Nocardioides
ERR10036468.out	0.024984	27247	662	Vibrio
ERR10036468.out	0.024350	26556	1016	Capnocytophaga
ERR10036468.out	0.024059	26239	4842	Rhizopus
ERR10036468.out	0.023589	25726	2284	Sulfolobus
ERR10036468.out	0.022993	25076	547	Enterobacter
ERR10036468.out	0.021487	23434	5052	Aspergillus
ERR10036468.out	0.021210	23131	482	Neisseria
ERR10036468.out	0.020533	22393	838	Prevotella
ERR10036468.out	0.019287	21034	57499	Kytococcus
ERR10036468.out	0.019127	20860	121038	Ferrimicrobium
ERR10036468.out	0.018796	20499	848	Fusobacterium
ERR10036468.out	0.018559	20240	162289	Peptoniphilus
ERR10036468.out	0.018522	20200	1663	Arthrobacter
ERR10036468.out	0.018160	19805	65047	Mitsuaria
ERR10036468.out	0.017470	19053	164450	Vulcanisaeta
ERR10036468.out	0.017392	18968	475	Moraxella
ERR10036468.out	0.017261	18825	37914	Dietzia
ERR10036468.out	0.017246	18808	1847	Pseudonocardia
ERR10036468.out	0.016760	18278	724	Haemophilus
ERR10036468.out	0.016498	17993	1743	Propionibacterium
ERR10036468.out	0.016299	17776	1813	Amycolatopsis
ERR10036468.out	0.015250	16632	379546	Aciduliprofundum
ERR10036468.out	0.014306	15602	1678	Bifidobacterium
ERR10036468.out	0.014200	15487	413496	Cronobacter
ERR10036468.out	0.014100	15377	84406	Virgibacillus
ERR10036468.out	0.013682	14922	237	Flavobacterium
ERR10036468.out	0.013523	14748	2767879	Companilactobacillus
ERR10036468.out	0.013342	14551	2005359	Faecalicatena
ERR10036468.out	0.013265	14467	29330	Alicyclobacillus
ERR10036468.out	0.013257	14458	2804231	Lederbergia
ERR10036468.out	0.013255	14456	329162	Chroogloeocystis
ERR10036468.out	0.012898	14067	41275	Brevundimonas
ERR10036468.out	0.012726	13879	445	Legionella
ERR10036468.out	0.012353	13472	1177	Nostoc
ERR10036468.out	0.012107	13204	450526	Trichocoleus
ERR10036468.out	0.012070	13164	200414	Caldisphaera
ERR10036468.out	0.011971	13055	68287	Mesorhizobium
ERR10036468.out	0.011680	12738	1283313	Alloprevotella
ERR10036468.out	0.011493	12534	1854	Frankia
ERR10036468.out	0.011324	12350	374	Bradyrhizobium
ERR10036468.out	0.011143	12152	171	Leptospira
ERR10036468.out	0.010999	11996	150022	Finegoldia
ERR10036468.out	0.010977	11971	71666	Waddlia
ERR10036468.out	0.010729	11701	662758	Candidatus Parvarchaeum
ERR10036468.out	0.010470	11419	1873	Micromonospora
ERR10036468.out	0.010367	11306	5506	Fusarium
ERR10036468.out	0.009835	10726	1186	Calothrix
ERR10036468.out	0.009731	10613	41980	Metallosphaera
ERR10036468.out	0.009460	10317	407	Methylobacterium
ERR10036468.out	0.009413	10266	379	Rhizobium
ERR10036468.out	0.009362	10210	84567	Pedobacter
ERR10036468.out	0.009067	9888	47251	Leptolyngbya
ERR10036468.out	0.008984	9798	2172	Methanobrevibacter
ERR10036468.out	0.008845	9646	501783	Cloacibacterium
ERR10036468.out	0.008783	9579	209	Helicobacter
ERR10036468.out	0.008611	9391	5073	Penicillium
ERR10036468.out	0.008582	9360	40323	Stenotrophomonas
ERR10036468.out	0.008405	9167	2338561	Pelagivirga
ERR10036468.out	0.008317	9071	125216	Roseomonas
ERR10036468.out	0.008130	8867	262	Francisella
ERR10036468.out	0.008049	8778	497	Psychrobacter
ERR10036468.out	0.007970	8692	1637	Listeria
ERR10036468.out	0.007871	8584	53335	Pantoea
ERR10036468.out	0.007796	8502	117563	Granulicatella
ERR10036468.out	0.007755	8458	544	Citrobacter
ERR10036468.out	0.007688	8384	423349	Mucilaginibacter
ERR10036468.out	0.007434	8107	101191	Methanomethylovorans
ERR10036468.out	0.007423	8096	1298	Deinococcus
ERR10036468.out	0.007087	7729	1835	Saccharopolyspora
ERR10036468.out	0.007051	7690	642	Aeromonas
ERR10036468.out	0.007051	7690	2767842	Lactiplantibacillus
ERR10036468.out	0.007014	7649	175304	Lentibacillus
ERR10036468.out	0.006970	7601	2597221	Candidatus Acididesulfobacter
ERR10036468.out	0.006952	7582	1253	Pediococcus
ERR10036468.out	0.006896	7521	416916	Aggregatibacter
ERR10036468.out	0.006689	7295	2040	Aeromicrobium
ERR10036468.out	0.006657	7260	28209	Chelatococcus
ERR10036468.out	0.006586	7183	2321	Methanohalobium
ERR10036468.out	0.006474	7060	149698	Massilia
ERR10036468.out	0.006419	7000	53634	Acidimicrobium
ERR10036468.out	0.006220	6784	662756	Candidatus Micrarchaeum
ERR10036468.out	0.006209	6771	1865	Actinoplanes
ERR10036468.out	0.006168	6727	53246	Pseudoalteromonas
ERR10036468.out	0.006121	6675	2705406	Sulfuracidifex
ERR10036468.out	0.006001	6545	196080	Terasakiella
ERR10036468.out	0.005909	6444	1243	Leuconostoc
ERR10036468.out	0.005851	6381	5884	Paramecium
ERR10036468.out	0.005829	6357	2263	Thermococcus
ERR10036468.out	0.005709	6226	2220	Methanolobus
ERR10036468.out	0.005689	6204	222	Achromobacter
ERR10036468.out	0.005679	6194	1392997	Candidatus Methanoperedens
ERR10036468.out	0.005674	6188	836	Porphyromonas
ERR10036468.out	0.005668	6182	12960	Azoarcus
ERR10036468.out	0.005654	6166	2675234	Alkalihalobacillus
ERR10036468.out	0.005635	6146	1378	Gemella
ERR10036468.out	0.005635	6145	1203	Scytonema
ERR10036468.out	0.005620	6129	1707	Cellulomonas
ERR10036468.out	0.005588	6094	1047167	Zymoseptoria
ERR10036468.out	0.005560	6064	2000	Streptosporangium
ERR10036468.out	0.005502	6000	110932	Leifsonia
ERR10036468.out	0.005425	5917	364710	Endocarpon
ERR10036468.out	0.005410	5900	397864	Barnesiella
ERR10036468.out	0.005406	5896	249529	Caldanaerobacter
ERR10036468.out	0.005395	5884	29465	Veillonella
ERR10036468.out	0.005366	5852	83681	Nonomuraea
ERR10036468.out	0.005343	5827	129337	Geobacillus
ERR10036468.out	0.005266	5743	5094	Talaromyces
ERR10036468.out	0.005150	5617	1551504	Candidatus Babela
ERR10036468.out	0.005106	5569	358023	Lutibacter
ERR10036468.out	0.005078	5538	2233	Archaeoglobus
ERR10036468.out	0.005072	5531	2100760	Saccharolobus
ERR10036468.out	0.004987	5439	400947	Deefgea
ERR10036468.out	0.004974	5425	45989	Methanoculleus
ERR10036468.out	0.004967	5417	32067	Leptotrichia
ERR10036468.out	0.004940	5387	89966	Hymenobacter
ERR10036468.out	0.004910	5355	33877	Agromyces
ERR10036468.out	0.004873	5315	59732	Chryseobacterium
ERR10036468.out	0.004800	5235	182639	Kribbella
ERR10036468.out	0.004777	5210	85043	Williamsia
ERR10036468.out	0.004762	5193	2949	Symbiodinium
ERR10036468.out	0.004730	5158	29832	Hanseniaspora
ERR10036468.out	0.004718	5145	375288	Parabacteroides
ERR10036468.out	0.004586	5001	62703	Oidium
ERR10036468.out	0.004575	4990	28453	Sphingobacterium
ERR10036468.out	0.004574	4988	2745	Halomonas
ERR10036468.out	0.004560	4973	1347386	Anaerosalibacter
ERR10036468.out	0.004538	4949	47670	Lautropia
ERR10036468.out	0.004513	4922	102106	Collinsella
ERR10036468.out	0.004510	4919	2222	Methanothrix
ERR10036468.out	0.004481	4887	168934	Thalassospira
ERR10036468.out	0.004463	4867	182899	Persephonella
ERR10036468.out	0.004451	4854	5754	Acanthamoeba
ERR10036468.out	0.004400	4799	68	Lysobacter
ERR10036468.out	0.004351	4745	3052	Chlamydomonas
ERR10036468.out	0.004336	4729	2980	Tribonema
ERR10036468.out	0.004310	4701	62608	Thermocladium
ERR10036468.out	0.004299	4689	1129	Synechococcus
ERR10036468.out	0.004289	4678	81416	Methanofollis
ERR10036468.out	0.004279	4667	5690	Trypanosoma
ERR10036468.out	0.004278	4666	1234	Nitrospira
ERR10036468.out	0.004234	4618	1822464	Paraburkholderia
ERR10036468.out	0.004223	4606	165695	Sphingobium
ERR10036468.out	0.004185	4564	83614	Luteimonas
ERR10036468.out	0.004170	4548	2879	Ectocarpus
ERR10036468.out	0.004158	4535	1643951	Pseudothermotoga
ERR10036468.out	0.004148	4524	2837510	Siminovitchia
ERR10036468.out	0.004143	4518	648800	Solibacillus
ERR10036468.out	0.004123	4496	395331	Methanoregula
ERR10036468.out	0.004059	4427	1609233	Acidithrix
ERR10036468.out	0.004045	4412	2529408	Schaalia
ERR10036468.out	0.004031	4396	53460	Nakamurella
ERR10036468.out	0.003981	4342	2282740	Desulfallas
ERR10036468.out	0.003950	4308	434	Acetobacter
ERR10036468.out	0.003854	4203	83618	Pseudoxanthomonas
ERR10036468.out	0.003850	4199	1073987	Halorientalis
ERR10036468.out	0.003827	4174	212791	Enhydrobacter
ERR10036468.out	0.003747	4087	107	Spirosoma
ERR10036468.out	0.003703	4039	2767892	Secundilactobacillus
ERR10036468.out	0.003619	3947	643949	Ferrithrix
ERR10036468.out	0.003613	3940	744724	Halarchaeum
ERR10036468.out	0.003604	3930	2077	Sporolactobacillus
ERR10036468.out	0.003601	3927	165696	Novosphingobium
ERR10036468.out	0.003558	3880	72763	Tessaracoccus
ERR10036468.out	0.003549	3871	99479	Tetrasphaera
ERR10036468.out	0.003548	3869	745	Pasteurella
ERR10036468.out	0.003491	3807	27331	Protomyces
ERR10036468.out	0.003489	3805	2420	Thermosipho
ERR10036468.out	0.003477	3792	570266	Methanocella
ERR10036468.out	0.003474	3789	2260	Pyrococcus
ERR10036468.out	0.003414	3723	2192	Methanocorpusculum
ERR10036468.out	0.003401	3709	2316	Methanosphaera
ERR10036468.out	0.003398	3706	79328	Chitinophaga
ERR10036468.out	0.003362	3667	191	Azospirillum
ERR10036468.out	0.003354	3658	400657	Hydrocoleum
ERR10036468.out	0.003328	3629	1970195	Ancylomarina
ERR10036468.out	0.003317	3617	29002	Cercospora
ERR10036468.out	0.003296	3595	202746	Sulfurimonas
ERR10036468.out	0.003250	3544	317661	Quadrisphaera
ERR10036468.out	0.003235	3528	1152	Pseudanabaena
ERR10036468.out	0.003235	3528	5320	Pleurotus
ERR10036468.out	0.003228	3520	43356	Kutzneria
ERR10036468.out	0.003173	3461	2794998	Maridesulfovibrio
ERR10036468.out	0.003151	3437	551	Erwinia
ERR10036468.out	0.003132	3416	38832	Micromonas
ERR10036468.out	0.003132	3416	46123	Abiotrophia
ERR10036468.out	0.003126	3409	2759736	Lacticaseibacillus
ERR10036468.out	0.003107	3389	64895	Borreliella
ERR10036468.out	0.003097	3378	75	Caulobacter
ERR10036468.out	0.003094	3374	22	Shewanella
ERR10036468.out	0.003084	3363	112040	Zobellia
ERR10036468.out	0.003056	3333	38501	Blastococcus
ERR10036468.out	0.003012	3285	1129544	Rhizophagus
ERR10036468.out	0.002998	3270	131324	Pseudocercospora
ERR10036468.out	0.002996	3267	1155385	Proteiniclasticum
ERR10036468.out	0.002976	3246	83677	Thermobifida
ERR10036468.out	0.002970	3239	33057	Thauera
ERR10036468.out	0.002964	3232	196118	Methanocaldococcus
ERR10036468.out	0.002959	3227	153265	Aequorivita
ERR10036468.out	0.002953	3220	41674	Stygiolobus
ERR10036468.out	0.002951	3218	34072	Variovorax
ERR10036468.out	0.002946	3213	695999	Actinophytocola
ERR10036468.out	0.002914	3178	165301	Lentzea
ERR10036468.out	0.002889	3151	4821	Piromyces
ERR10036468.out	0.002888	3150	2489210	Candidatus Aramenus
ERR10036468.out	0.002861	3120	35829	Acetivibrio
ERR10036468.out	0.002841	3098	136491	Atopobacter
ERR10036468.out	0.002821	3077	896	Desulfococcus
ERR10036468.out	0.002818	3073	1860	Geodermatophilus
ERR10036468.out	0.002805	3059	2160	Methanobacterium
ERR10036468.out	0.002800	3054	228398	Streptacidiphilus
ERR10036468.out	0.002798	3052	1400133	Allobacillus
ERR10036468.out	0.002796	3049	2422	Fervidobacterium
ERR10036468.out	0.002787	3039	832	Fibrobacter
ERR10036468.out	0.002785	3037	2799491	Antrihabitans
ERR10036468.out	0.002781	3033	29404	Microlunatus
ERR10036468.out	0.002762	3012	522	Acidiphilium
ERR10036468.out	0.002760	3010	28050	Lachnospira
ERR10036468.out	0.002758	3008	245561	Acidomyces
ERR10036468.out	0.002756	3006	12916	Acidovorax
ERR10036468.out	0.002742	2990	2034	Curtobacterium
ERR10036468.out	0.002683	2926	58842	Sagittula
ERR10036468.out	0.002651	2891	2063	Kitasatospora
ERR10036468.out	0.002648	2888	69578	Cryobacterium
ERR10036468.out	0.002641	2880	44000	Caldicellulosiruptor
ERR10036468.out	0.002622	2860	48073	Microbulbifer
ERR10036468.out	0.002616	2853	363276	Ktedonobacter
ERR10036468.out	0.002568	2801	816	Bacteroides
ERR10036468.out	0.002567	2800	100860	Aphanomyces
ERR10036468.out	0.002564	2796	114248	Tepidimonas
ERR10036468.out	0.002559	2791	1079922	Commensalibacter
ERR10036468.out	0.002536	2766	35823	Arthrospira
ERR10036468.out	0.002535	2765	2383	Epulopiscium
ERR10036468.out	0.002535	2765	256616	Parvibaculum
ERR10036468.out	0.002525	2754	2126281	Mycolicibacillus
ERR10036468.out	0.002524	2753	102231	Gloeocapsa
ERR10036468.out	0.002513	2741	33196	Botrytis
ERR10036468.out	0.002490	2716	2017961	Sulfodiicoccus
ERR10036468.out	0.002484	2709	919	Thiobacillus
ERR10036468.out	0.002466	2689	1884934	Paramaledivibacter
ERR10036468.out	0.002458	2681	2302914	Chloropicon
ERR10036468.out	0.002443	2664	5296	Puccinia
ERR10036468.out	0.002435	2656	53357	Intrasporangium
ERR10036468.out	0.002423	2643	583	Proteus
ERR10036468.out	0.002421	2640	2795777	Maioricimonas
ERR10036468.out	0.002414	2633	2060	Tsukamurella
ERR10036468.out	0.002413	2632	5931	Ichthyophthirius
ERR10036468.out	0.002412	2630	2767881	Fructilactobacillus
ERR10036468.out	0.002411	2629	55968	Leucobacter
ERR10036468.out	0.002404	2622	59613	Skermania
ERR10036468.out	0.002389	2605	83867	Palaeococcus
ERR10036468.out	0.002368	2582	517	Bordetella
ERR10036468.out	0.002357	2571	118	Planctomyces
ERR10036468.out	0.002331	2542	106589	Cupriavidus
ERR10036468.out	0.002327	2538	1635148	Sanguibacteroides
ERR10036468.out	0.002320	2530	60136	Sulfitobacter
ERR10036468.out	0.002293	2501	46432	Reticulomyxa
ERR10036468.out	0.002291	2499	47420	Hydrogenophaga
ERR10036468.out	0.002273	2479	34084	Riemerella
ERR10036468.out	0.002254	2458	233189	Anaerolinea
ERR10036468.out	0.002219	2420	2276	Pyrobaculum
ERR10036468.out	0.002219	2420	395590	Zasmidium
ERR10036468.out	0.002197	2396	5579	Aureobasidium
ERR10036468.out	0.002193	2392	1107	Chloroflexus
ERR10036468.out	0.002187	2385	2071	Saccharothrix
ERR10036468.out	0.002186	2384	305899	Endozoicomonas
ERR10036468.out	0.002182	2380	104267	Tenacibaculum
ERR10036468.out	0.002182	2380	186650	Microvirga
ERR10036468.out	0.002172	2369	513557	Syntrophorhabdus
ERR10036468.out	0.002167	2363	274591	Hoeflea
ERR10036468.out	0.002161	2357	830	Butyrivibrio
ERR10036468.out	0.002160	2356	338191	Nitrosopumilus
ERR10036468.out	0.002148	2343	29548	Rhodothermus
ERR10036468.out	0.002125	2318	48736	Ralstonia
ERR10036468.out	0.002108	2299	145260	Methanothermobacter
ERR10036468.out	0.002084	2273	588605	Robinsoniella
ERR10036468.out	0.002075	2263	76833	Actinobaculum
ERR10036468.out	0.002070	2258	270	Thermus
ERR10036468.out	0.002059	2246	2742598	Limosilactobacillus
ERR10036468.out	0.002040	2225	44471	Microcoleus
ERR10036468.out	0.002017	2200	122277	Pectobacterium
ERR10036468.out	0.002016	2199	44013	Polynucleobacter
ERR10036468.out	0.002005	2187	44937	Achromatium
ERR10036468.out	0.001985	2165	221427	Polytolypa
ERR10036468.out	0.001971	2150	1502725	Effusibacillus
ERR10036468.out	0.001961	2139	281472	Jiangella
ERR10036468.out	0.001959	2136	293088	Martelella
ERR10036468.out	0.001955	2132	2717	Cardiobacterium
ERR10036468.out	0.001934	2109	265975	Oribacterium
ERR10036468.out	0.001932	2107	1742990	Paeniglutamicibacter
ERR10036468.out	0.001931	2106	117156	Actinopolymorpha
ERR10036468.out	0.001926	2101	1649465	Luteibaculum
ERR10036468.out	0.001924	2098	255204	Pseudoclavibacter
ERR10036468.out	0.001913	2086	308865	Elizabethkingia
ERR10036468.out	0.001900	2072	613	Serratia
ERR10036468.out	0.001900	2072	741759	Tomitella
ERR10036468.out	0.001898	2070	1375	Aerococcus
ERR10036468.out	0.001875	2045	92793	Aquabacterium
ERR10036468.out	0.001865	2034	2335	Thermotoga
ERR10036468.out	0.001860	2029	2795779	Rosistilla
ERR10036468.out	0.001855	2023	5455	Colletotrichum
ERR10036468.out	0.001855	2023	71927	Termitomyces
ERR10036468.out	0.001840	2007	32012	Thiomonas
ERR10036468.out	0.001824	1989	2817139	Weizmannia
ERR10036468.out	0.001820	1985	655184	Candidatus Thioglobus
ERR10036468.out	0.001815	1979	88138	Modestobacter
ERR10036468.out	0.001813	1977	4919	Pichia
ERR10036468.out	0.001811	1975	105850	Acidilobus
ERR10036468.out	0.001809	1973	2793832	Salifodinibacter
ERR10036468.out	0.001787	1949	416	Methylomonas
ERR10036468.out	0.001772	1933	51323	Oltmannsiellopsis
ERR10036468.out	0.001770	1930	2147	Acholeplasma
ERR10036468.out	0.001769	1929	626	Xenorhabdus
ERR10036468.out	0.001769	1929	125287	Ornithinimicrobium
ERR10036468.out	0.001765	1925	963	Herbaspirillum
ERR10036468.out	0.001762	1922	56688	Halorubrum
ERR10036468.out	0.001750	1908	1522056	Flaviflexus
ERR10036468.out	0.001746	1904	5529	Metarhizium
ERR10036468.out	0.001742	1900	497726	Nitrososphaera
ERR10036468.out	0.001740	1898	2767358	Mycoplasmopsis
ERR10036468.out	0.001739	1897	5761	Naegleria
ERR10036468.out	0.001731	1888	86795	Marmoricola
ERR10036468.out	0.001727	1884	85413	Bosea
ERR10036468.out	0.001727	1883	142577	Prauserella
ERR10036468.out	0.001716	1872	265487	Blastopirellula
ERR10036468.out	0.001700	1854	44055	Aureococcus
ERR10036468.out	0.001684	1837	238783	Pseudorhodobacter
ERR10036468.out	0.001681	1833	970	Selenomonas
ERR10036468.out	0.001678	1830	91942	Hortaea
ERR10036468.out	0.001668	1819	76886	Caldivirga
ERR10036468.out	0.001656	1806	690086	Salinarimonas
ERR10036468.out	0.001651	1801	3066	Volvox
ERR10036468.out	0.001650	1800	2811380	Entomobacter
ERR10036468.out	0.001642	1791	2709671	Saezia
ERR10036468.out	0.001632	1780	4756	Neocallimastix
ERR10036468.out	0.001622	1769	234	Brucella
ERR10036468.out	0.001621	1768	335058	Pelomonas
ERR10036468.out	0.001612	1758	1930932	Thioflexothrix
ERR10036468.out	0.001611	1757	4753	Pneumocystis
ERR10036468.out	0.001595	1740	246875	Algoriphagus
ERR10036468.out	0.001587	1731	57494	Nesterenkonia
ERR10036468.out	0.001580	1723	2779937	Podila
ERR10036468.out	0.001580	1723	2801844	Arachnia
ERR10036468.out	0.001578	1721	80865	Delftia
ERR10036468.out	0.001577	1720	5800	Eimeria
ERR10036468.out	0.001577	1720	83461	Corallococcus
ERR10036468.out	0.001577	1720	231454	Dyella
ERR10036468.out	0.001573	1716	1569	Sporosarcina
ERR10036468.out	0.001567	1709	109262	Halothiobacillus
ERR10036468.out	0.001560	1701	178898	Carboxydocella
ERR10036468.out	0.001555	1696	39845	Actinokineospora
ERR10036468.out	0.001544	1684	697025	Hoyosella
ERR10036468.out	0.001542	1682	357	Agrobacterium
ERR10036468.out	0.001541	1681	2126330	Candidatus Kentron
ERR10036468.out	0.001538	1677	290174	Aquimarina
ERR10036468.out	0.001535	1674	85079	Thiohalocapsa
ERR10036468.out	0.001531	1670	75654	Duganella
ERR10036468.out	0.001515	1652	2005	Microbispora
ERR10036468.out	0.001489	1624	45669	Salinicoccus
ERR10036468.out	0.001487	1622	511745	Methylacidiphilum
ERR10036468.out	0.001482	1616	4783	Phytophthora
ERR10036468.out	0.001480	1614	1998	Planomonospora
ERR10036468.out	0.001475	1609	5790	Physarum
ERR10036468.out	0.001463	1596	1434032	Pontimonas
ERR10036468.out	0.001463	1595	1434011	Komagataeibacter
ERR10036468.out	0.001450	1581	20	Phenylobacterium
ERR10036468.out	0.001430	1560	283	Comamonas
ERR10036468.out	0.001424	1553	74721	Stachybotrys
ERR10036468.out	0.001421	1550	55080	Brevibacillus
ERR10036468.out	0.001418	1546	217161	Chamaesiphon
ERR10036468.out	0.001412	1540	157	Treponema
ERR10036468.out	0.001394	1520	69655	Sulfurisphaera
ERR10036468.out	0.001393	1519	2767880	Dellaglioa
ERR10036468.out	0.001387	1513	2719313	Enterocloster
ERR10036468.out	0.001383	1508	469322	Steroidobacter
ERR10036468.out	0.001376	1501	5962	Stentor
ERR10036468.out	0.001376	1501	93217	Pandoraea
ERR10036468.out	0.001374	1498	768669	Thermogemmatispora
ERR10036468.out	0.001372	1496	46239	Mesoplasma
ERR10036468.out	0.001370	1494	39643	Sorangium
ERR10036468.out	0.001369	1493	254250	Isoptericola
ERR10036468.out	0.001366	1490	39773	Methylomicrobium
ERR10036468.out	0.001365	1489	32	Myxococcus
ERR10036468.out	0.001360	1483	2330	Halanaerobium
ERR10036468.out	0.001360	1483	1074468	Candidimonas
ERR10036468.out	0.001358	1481	1048752	Candidatus Caldarchaeum
ERR10036468.out	0.001351	1473	2175	Methanohalophilus
ERR10036468.out	0.001346	1468	89956	Polarella
ERR10036468.out	0.001343	1465	5379	Suillus
ERR10036468.out	0.001341	1463	1322061	Rhizoctonia
ERR10036468.out	0.001341	1462	179	Leptospirillum
ERR10036468.out	0.001341	1462	226	Alteromonas
ERR10036468.out	0.001341	1462	909656	Phocaeicola
ERR10036468.out	0.001337	1458	1649480	Planctopirus
ERR10036468.out	0.001327	1447	242508	Dothistroma
ERR10036468.out	0.001327	1447	673534	Plantactinospora
ERR10036468.out	0.001326	1446	2823237	Alteribacter
ERR10036468.out	0.001320	1440	402649	Actinomycetospora
ERR10036468.out	0.001320	1440	2282742	Desulfofarcimen
ERR10036468.out	0.001319	1439	502117	Kalaharituber
ERR10036468.out	0.001318	1437	2831443	Heliomicrobium
ERR10036468.out	0.001316	1435	33986	Exiguobacterium
ERR10036468.out	0.001311	1430	90974	Acrocarpospora
ERR10036468.out	0.001309	1428	872	Desulfovibrio
ERR10036468.out	0.001309	1428	165697	Sphingopyxis
ERR10036468.out	0.001308	1426	47204	Pyronema
ERR10036468.out	0.001305	1423	46913	Devosia
ERR10036468.out	0.001302	1420	127	Isosphaera
ERR10036468.out	0.001302	1420	2742	Marinobacter
ERR10036468.out	0.001288	1405	35832	Bilophila
ERR10036468.out	0.001286	1402	120831	Dyadobacter
ERR10036468.out	0.001281	1397	2767886	Levilactobacillus
ERR10036468.out	0.001278	1394	65007	Planoprotostelium
ERR10036468.out	0.001268	1383	1502941	Pleionea
ERR10036468.out	0.001266	1381	58120	Planotetraspora
ERR10036468.out	0.001263	1377	1060	Rhodobacter
ERR10036468.out	0.001263	1377	1783488	Phytoactinopolyspora
ERR10036468.out	0.001260	1374	2273	Desulfurococcus
ERR10036468.out	0.001253	1367	33886	Rathayibacter
ERR10036468.out	0.001252	1365	1047	Chromatium
ERR10036468.out	0.001251	1364	86017	Salpingoeca
ERR10036468.out	0.001250	1363	293815	Pseudourostyla
ERR10036468.out	0.001242	1354	182709	Oceanobacillus
ERR10036468.out	0.001241	1353	2837508	Rossellomorea
ERR10036468.out	0.001240	1352	34435	Macrolepiota
ERR10036468.out	0.001239	1351	2853408	Gefionella
ERR10036468.out	0.001236	1348	112054	Dictyopteris
ERR10036468.out	0.001233	1345	2052799	Jimgerdemannia
ERR10036468.out	0.001229	1340	1843210	Anaerocolumna
ERR10036468.out	0.001227	1338	2019	Thermomonospora
ERR10036468.out	0.001227	1338	66831	Facklamia
ERR10036468.out	0.001219	1329	190818	Geoglobus
ERR10036468.out	0.001216	1326	2837485	Evansella
ERR10036468.out	0.001204	1313	81525	Monosiga
ERR10036468.out	0.001203	1312	81	Hyphomicrobium
ERR10036468.out	0.001195	1303	315078	Cudoniella
ERR10036468.out	0.001194	1302	52959	Polaribacter
ERR10036468.out	0.001186	1293	1080709	Methanomassiliicoccus
ERR10036468.out	0.001182	1289	72358	Trachipleistophora
ERR10036468.out	0.001176	1282	577469	Demequina
ERR10036468.out	0.001175	1281	1213188	Zancudomyces
ERR10036468.out	0.001173	1279	4855	Mortierella
ERR10036468.out	0.001172	1278	47	Archangium
ERR10036468.out	0.001171	1277	5251	Ceratobasidium
ERR10036468.out	0.001171	1277	253183	Myceligenerans
ERR10036468.out	0.001171	1277	1765964	Acidihalobacter
ERR10036468.out	0.001169	1275	2249	Halococcus
ERR10036468.out	0.001167	1273	5712	Bodo
ERR10036468.out	0.001163	1268	5269	Ustilago
ERR10036468.out	0.001160	1265	5533	Rhodotorula
ERR10036468.out	0.001154	1259	33951	Acetobacterium
ERR10036468.out	0.001153	1258	2750262	Leekyejoonella
ERR10036468.out	0.001148	1252	129001	Syntrophothermus
ERR10036468.out	0.001144	1248	160795	Ureibacillus
ERR10036468.out	0.001137	1240	1754	Thermoanaerobacter
ERR10036468.out	0.001136	1239	86671	Roseospira
ERR10036468.out	0.001131	1234	1995	Microtetraspora
ERR10036468.out	0.001120	1222	1890407	Candidatus Nanopusillus
ERR10036468.out	0.001113	1214	321315	Sphaerisporangium
ERR10036468.out	0.001110	1211	2675232	Neobacillus
ERR10036468.out	0.001102	1202	329881	Friedmanniomyces
ERR10036468.out	0.001100	1200	29580	Janthinobacterium
ERR10036468.out	0.001098	1198	53244	Desulfonatronovibrio
ERR10036468.out	0.001095	1194	2282523	Methylorubrum
ERR10036468.out	0.001094	1193	1329200	Fictibacillus
ERR10036468.out	0.001094	1193	2680020	Tautonia
ERR10036468.out	0.001091	1190	31324	Goniomonas
ERR10036468.out	0.001086	1184	1257	Peptostreptococcus
ERR10036468.out	0.001086	1184	141948	Thermomonas
ERR10036468.out	0.001081	1179	34008	Rhodovulum
ERR10036468.out	0.001079	1177	31353	Compsopogon
ERR10036468.out	0.001073	1170	65551	Meiothermus
ERR10036468.out	0.001067	1164	198251	Candidatus Pelagibacter
ERR10036468.out	0.001066	1163	556178	Humibacillus
ERR10036468.out	0.001065	1162	2071614	Raineya
ERR10036468.out	0.001065	1161	5543	Trichoderma
ERR10036468.out	0.001064	1160	1154	Spirulina
ERR10036468.out	0.001053	1148	5583	Exophiala
ERR10036468.out	0.001048	1143	75905	Thermocrinis
ERR10036468.out	0.001040	1134	1075397	Halolamina
ERR10036468.out	0.001039	1133	1742993	Pseudarthrobacter
ERR10036468.out	0.001030	1123	1911556	Sediminispirochaeta
ERR10036468.out	0.001022	1115	174951	Ramlibacter
ERR10036468.out	0.001021	1113	79206	Desulfosporosinus
ERR10036468.out	0.001018	1110	46255	Weissella
ERR10036468.out	0.001017	1109	2270	Thermoproteus
ERR10036468.out	0.001014	1106	78156	Pseudogymnoascus
ERR10036468.out	0.001012	1104	1331051	Candidatus Saccharimonas
ERR10036468.out	0.001011	1103	1218	Prochlorococcus
ERR10036468.out	0.001010	1102	914	Nitrosomonas
ERR10036468.out	0.001009	1100	33981	Kineococcus
ERR10036468.out	0.001009	1100	34444	Lactarius
ERR10036468.out	0.001003	1094	456492	Saccharibacillus
ERR10036468.out	0.000991	1081	1912215	Acidipropionibacterium
ERR10036468.out	0.000987	1076	237179	Sphaerulina
ERR10036468.out	0.000985	1074	97050	Ruegeria
ERR10036468.out	0.000982	1071	890	Desulfuromonas
ERR10036468.out	0.000975	1063	28236	Petrotoga
ERR10036468.out	0.000975	1063	157920	Cellulosimicrobium
ERR10036468.out	0.000970	1058	2425	Teredinibacter
ERR10036468.out	0.000970	1058	265488	Rhodopirellula
ERR10036468.out	0.000970	1058	907364	Phytohabitans
ERR10036468.out	0.000966	1054	36048	Tuber
ERR10036468.out	0.000966	1054	41247	Mycena
ERR10036468.out	0.000963	1050	5658	Leishmania
ERR10036468.out	0.000963	1050	156973	Dysgonomonas
ERR10036468.out	0.000959	1046	295418	Rubellimicrobium
ERR10036468.out	0.000951	1037	75309	Rhodanobacter
ERR10036468.out	0.000950	1036	390988	Actinocatenispora
ERR10036468.out	0.000948	1034	48969	Sporolithon
ERR10036468.out	0.000947	1033	2058951	Tieghemostelium
ERR10036468.out	0.000946	1032	1073	Rhodopseudomonas
ERR10036468.out	0.000946	1032	2239	Halobacterium
ERR10036468.out	0.000944	1029	28443	Herbidospora
ERR10036468.out	0.000944	1029	225842	Formosa
ERR10036468.out	0.000939	1024	93	Stella
ERR10036468.out	0.000937	1022	2039220	Croceivirga
ERR10036468.out	0.000936	1021	1851	Saccharomonospora
ERR10036468.out	0.000935	1020	204446	Zavarzinia
ERR10036468.out	0.000934	1019	1918540	Muribaculum
ERR10036468.out	0.000933	1017	444704	Andalucia
ERR10036468.out	0.000933	1017	1805495	Moramonas
ERR10036468.out	0.000932	1016	78916	Piptocephalis
ERR10036468.out	0.000929	1013	63594	Stachyamoeba
ERR10036468.out	0.000929	1013	184869	Varibaculum
ERR10036468.out	0.000928	1012	1579505	Rubripirellula
ERR10036468.out	0.000928	1012	2767887	Ligilactobacillus
ERR10036468.out	0.000920	1003	893	Desulfobulbus
ERR10036468.out	0.000919	1002	1348611	Vallitalea
ERR10036468.out	0.000916	999	2321111	Aliarcobacter
ERR10036468.out	0.000913	996	239759	Alistipes
ERR10036468.out	0.000910	992	36910	Clavispora
ERR10036468.out	0.000909	991	2800384	Pseudidiomarina
ERR10036468.out	0.000905	987	945733	Hyella
ERR10036468.out	0.000901	983	240411	Chitinimonas
ERR10036468.out	0.000900	982	173479	Gemmatimonas
ERR10036468.out	0.000898	979	143452	Pseudoperonospora
ERR10036468.out	0.000894	975	1125	Microcystis
ERR10036468.out	0.000894	975	1078904	Candidatus Nitrosotalea
ERR10036468.out	0.000893	974	265570	Sulfurovum
ERR10036468.out	0.000893	974	504481	Sediminibacterium
ERR10036468.out	0.000891	972	1730	Eubacterium
ERR10036468.out	0.000891	972	136099	Knoellia
ERR10036468.out	0.000891	972	1778653	Sulfuriferula
ERR10036468.out	0.000888	968	28253	Marinomonas
ERR10036468.out	0.000888	968	613121	Smaragdicoccus
ERR10036468.out	0.000886	966	52972	Polaromonas
ERR10036468.out	0.000883	963	245876	Nitratireductor
ERR10036468.out	0.000883	963	2303498	Candidatus Nanoclepta
ERR10036468.out	0.000880	960	2024965	Dictyobacter
ERR10036468.out	0.000879	959	154116	Georgenia
ERR10036468.out	0.000876	955	44057	Aureoumbra
ERR10036468.out	0.000876	955	46352	Agrococcus
ERR10036468.out	0.000869	948	2093	Mycoplasma
ERR10036468.out	0.000869	948	43996	Catonella
ERR10036468.out	0.000869	948	1425377	Haloechinothrix
ERR10036468.out	0.000868	947	28263	Arcanobacterium
ERR10036468.out	0.000866	944	54066	Xylophilus
ERR10036468.out	0.000864	942	32257	Kingella
ERR10036468.out	0.000857	935	958	Bdellovibrio
ERR10036468.out	0.000855	933	207599	Solirubrobacter
ERR10036468.out	0.000854	931	2803850	Mammaliicoccus
ERR10036468.out	0.000853	930	35812	Roseococcus
ERR10036468.out	0.000848	925	81461	Thermanaerovibrio
ERR10036468.out	0.000848	925	96492	Frigoribacterium
ERR10036468.out	0.000844	921	400634	Lysinibacillus
ERR10036468.out	0.000842	918	1920515	Actinocrinis
ERR10036468.out	0.000841	917	28231	Geobacter
ERR10036468.out	0.000838	914	2733	Symbiobacterium
ERR10036468.out	0.000835	911	106591	Ensifer
ERR10036468.out	0.000833	909	279	Xanthobacter
ERR10036468.out	0.000831	906	2029	Kibdelosporangium
ERR10036468.out	0.000831	906	53365	Catellatospora
ERR10036468.out	0.000830	905	2662170	Gandjariella
ERR10036468.out	0.000825	900	367298	Phycicoccus
ERR10036468.out	0.000822	897	1255275	Oceanotoga
ERR10036468.out	0.000820	894	2837507	Robertmurraya
ERR10036468.out	0.000811	884	114627	Alkaliphilus
ERR10036468.out	0.000811	884	482460	Sediminibacillus
ERR10036468.out	0.000809	882	5240	Tulasnella
ERR10036468.out	0.000807	880	535	Chromobacterium
ERR10036468.out	0.000806	879	414715	Actinospica
ERR10036468.out	0.000805	878	1263	Ruminococcus
ERR10036468.out	0.000804	877	2800373	Priestia
ERR10036468.out	0.000803	876	869806	Marivirga
ERR10036468.out	0.000802	875	414371	Aureimonas
ERR10036468.out	0.000800	873	1679449	Pseudooceanicola
ERR10036468.out	0.000796	868	596707	Sinomonas
ERR10036468.out	0.000795	867	1237	Piscirickettsia
ERR10036468.out	0.000794	866	45234	Cordyceps
ERR10036468.out	0.000789	861	953	Wolbachia
ERR10036468.out	0.000789	861	29521	Brachyspira
ERR10036468.out	0.000787	858	2813788	Litchfieldia
ERR10036468.out	0.000786	857	41949	Candidatus Microthrix
ERR10036468.out	0.000783	854	1021	Beggiatoa
ERR10036468.out	0.000783	854	682522	Ilumatobacter
ERR10036468.out	0.000782	853	59735	Bergeyella
ERR10036468.out	0.000777	847	263377	Salipiger
ERR10036468.out	0.000776	846	2767345	Jongsikchunia
ERR10036468.out	0.000775	845	1686313	Fenollaria
ERR10036468.out	0.000773	843	1929297	Bittarella
ERR10036468.out	0.000772	842	28228	Colwellia
ERR10036468.out	0.000769	839	55998	Stigeoclonium
ERR10036468.out	0.000767	836	416212	Ferrovum
ERR10036468.out	0.000762	831	665874	Limnohabitans
ERR10036468.out	0.000757	826	626119	Ruania
ERR10036468.out	0.000756	825	189330	Dorea
ERR10036468.out	0.000756	824	5110	Claviceps
ERR10036468.out	0.000755	823	685950	Fervidicoccus
ERR10036468.out	0.000754	822	195950	Tannerella
ERR10036468.out	0.000749	817	46949	Storeatula
ERR10036468.out	0.000747	815	372085	Paracercomonas
ERR10036468.out	0.000746	814	3087	Scenedesmus
ERR10036468.out	0.000746	814	5782	Dictyostelium
ERR10036468.out	0.000744	811	13134	Magnetospirillum
ERR10036468.out	0.000743	810	5864	Babesia
ERR10036468.out	0.000743	810	986106	Acidiferrobacter
ERR10036468.out	0.000741	808	2225	Methanococcoides
ERR10036468.out	0.000741	808	648799	Thermotalea
ERR10036468.out	0.000739	806	401469	Undibacterium
ERR10036468.out	0.000735	802	414878	Catenulispora
ERR10036468.out	0.000734	800	70774	Hydrogenophilus
ERR10036468.out	0.000733	799	574786	Mytilinidion
ERR10036468.out	0.000731	797	2767320	Aldersonia
ERR10036468.out	0.000730	796	327159	Candidatus Accumulibacter
ERR10036468.out	0.000727	793	5206	Cryptococcus
ERR10036468.out	0.000725	791	64001	Nevskia
ERR10036468.out	0.000724	790	1765682	Acidibacillus
ERR10036468.out	0.000723	789	235888	Salinibacterium
ERR10036468.out	0.000719	784	42255	Rubrobacter
ERR10036468.out	0.000715	780	89092	Ignavigranum
ERR10036468.out	0.000715	780	405750	Pleurostomum
ERR10036468.out	0.000710	774	940557	Granulicella
ERR10036468.out	0.000709	773	5810	Toxoplasma
ERR10036468.out	0.000704	768	256818	Gulosibacter
ERR10036468.out	0.000703	767	54260	Ferroglobus
ERR10036468.out	0.000702	766	2184	Methanococcus
ERR10036468.out	0.000701	764	56999	Amaricoccus
ERR10036468.out	0.000694	757	573139	Shimia
ERR10036468.out	0.000692	755	45308	Melanomma
ERR10036468.out	0.000692	755	89404	Glaciecola
ERR10036468.out	0.000690	752	41891	Coccomyxa
ERR10036468.out	0.000688	750	286104	Winogradskyella
ERR10036468.out	0.000687	749	2675231	Mesobacillus
ERR10036468.out	0.000683	745	73029	Dechloromonas
ERR10036468.out	0.000678	739	35127	Thalassiosira
ERR10036468.out	0.000678	739	505692	Chromera
ERR10036468.out	0.000677	738	219181	Ottowia
ERR10036468.out	0.000676	737	5598	Alternaria
ERR10036468.out	0.000675	736	28105	Sinorhizobium
ERR10036468.out	0.000674	735	267408	Arsenicicoccus
ERR10036468.out	0.000669	730	113286	Pseudoramibacter
ERR10036468.out	0.000668	729	1082930	Pelagibacterium
ERR10036468.out	0.000668	728	4888	Smittium
ERR10036468.out	0.000664	724	28895	Thermoanaerobacterium
ERR10036468.out	0.000664	724	470018	Rachicladosporium
ERR10036468.out	0.000660	720	1827195	Caballeronia
ERR10036468.out	0.000658	718	773	Bartonella
ERR10036468.out	0.000658	718	1849	Actinopolyspora
ERR10036468.out	0.000658	718	364316	Verminephrobacter
ERR10036468.out	0.000657	716	200890	Paramoeba
ERR10036468.out	0.000656	715	286801	Segniliparus
ERR10036468.out	0.000656	715	474995	Ophiocordyceps
ERR10036468.out	0.000654	713	2050	Mobiluncus
ERR10036468.out	0.000654	713	1458928	Okeania
ERR10036468.out	0.000653	712	1751296	Sinirhodobacter
ERR10036468.out	0.000653	712	1924097	Senegalia
ERR10036468.out	0.000647	706	329857	Cohnella
ERR10036468.out	0.000646	705	2433	Roseobacter
ERR10036468.out	0.000646	705	104204	Streptomonospora
ERR10036468.out	0.000646	705	1653176	Cereibacter
ERR10036468.out	0.000646	704	2597222	Candidatus Acidulodesulfobacterium
ERR10036468.out	0.000645	703	34104	Streptobacillus
ERR10036468.out	0.000644	702	50709	Acidocella
ERR10036468.out	0.000643	701	1096776	Flexivirga
ERR10036468.out	0.000642	700	2767885	Latilactobacillus
ERR10036468.out	0.000641	699	112488	Dissoconium
ERR10036468.out	0.000638	696	441	Gluconobacter
ERR10036468.out	0.000636	694	2044	Pimelobacter
ERR10036468.out	0.000636	694	4830	Mucor
ERR10036468.out	0.000632	689	35753	Dactylosporangium
ERR10036468.out	0.000630	687	116071	Micropruina
ERR10036468.out	0.000629	686	1826864	Candidatus Nitrosocosmicus
ERR10036468.out	0.000628	685	204456	Gemmobacter
ERR10036468.out	0.000628	685	1825023	Candidatus Nitrosotenuis
ERR10036468.out	0.000624	680	1236218	Melghirimyces
ERR10036468.out	0.000621	677	100048	Trematosphaeria
ERR10036468.out	0.000621	677	1855365	Candidatus Kryptonium
ERR10036468.out	0.000618	674	1955413	Abyssicoccus
ERR10036468.out	0.000613	669	28000	Perkinsus
ERR10036468.out	0.000613	668	1344552	Noviherbaspirillum
ERR10036468.out	0.000611	666	138	Borrelia
ERR10036468.out	0.000609	664	1912923	Candidatus Syntrophoarchaeum
ERR10036468.out	0.000609	664	2498709	Candidatus Cryosericum
ERR10036468.out	0.000604	659	43773	Syntrophus
ERR10036468.out	0.000603	658	65502	Cryptosporangium
ERR10036468.out	0.000602	657	4958	Debaryomyces
ERR10036468.out	0.000602	657	44258	Caloramator
ERR10036468.out	0.000602	656	88551	Amoebophrya
ERR10036468.out	0.000602	656	188905	Jannaschia
ERR10036468.out	0.000599	653	76831	Myroides
ERR10036468.out	0.000597	651	1276290	Caldibacillus
ERR10036468.out	0.000597	651	2820403	Rhabdothermincola
ERR10036468.out	0.000596	650	543311	Parvimonas
ERR10036468.out	0.000594	648	74030	Roseovarius
ERR10036468.out	0.000593	647	36739	Dermabacter
ERR10036468.out	0.000591	645	768650	Thermosporothrix
ERR10036468.out	0.000591	644	31375	Paralemanea
ERR10036468.out	0.000590	643	1164882	Lachnoanaerobaculum
ERR10036468.out	0.000586	639	65496	Actinoalloteichus
ERR10036468.out	0.000586	639	2721103	Candidatus Heteroclostridium
ERR10036468.out	0.000585	638	104239	Pterula
ERR10036468.out	0.000585	638	1129704	Kyrpidia
ERR10036468.out	0.000581	634	45667	Halobacillus
ERR10036468.out	0.000580	633	28067	Rubrivivax
ERR10036468.out	0.000579	631	215251	Meira
ERR10036468.out	0.000579	631	305976	Pusillimonas
ERR10036468.out	0.000577	629	37359	Plasmodiophora
ERR10036468.out	0.000577	629	40463	Peniophora
ERR10036468.out	0.000574	626	1472762	Enorma
ERR10036468.out	0.000571	623	2782229	Epilithonimonas
ERR10036468.out	0.000570	622	3044	Dunaliella
ERR10036468.out	0.000569	621	3071	Chlorella
ERR10036468.out	0.000569	621	105135	Anaeromyces
ERR10036468.out	0.000568	619	396811	Fulvivirga
ERR10036468.out	0.000567	618	881616	Herbiconiux
ERR10036468.out	0.000566	617	161492	Anaeromyxobacter
ERR10036468.out	0.000566	617	1906945	Parageobacillus
ERR10036468.out	0.000565	616	1648491	Aquihabitans
ERR10036468.out	0.000564	615	190972	Sedimentibacter
ERR10036468.out	0.000561	612	13724	Thiocystis
ERR10036468.out	0.000560	611	53370	Pilimelia
ERR10036468.out	0.000559	610	445219	Reyranella
ERR10036468.out	0.000557	607	41955	Amanita
ERR10036468.out	0.000556	606	28581	Allomyces
ERR10036468.out	0.000551	601	195964	Asanoa
ERR10036468.out	0.000548	598	4797	Pythium
ERR10036468.out	0.000548	598	2183612	Klenkia
ERR10036468.out	0.000547	597	191494	Conexibacter
ERR10036468.out	0.000546	596	1052105	Purpureocillium
ERR10036468.out	0.000546	595	651456	Kosmotoga
ERR10036468.out	0.000545	594	2251	Haloferax
ERR10036468.out	0.000543	592	1091	Chlorobium
ERR10036468.out	0.000543	592	2136118	Candidatus Sulfopaludibacter
ERR10036468.out	0.000542	591	586	Providencia
ERR10036468.out	0.000542	591	906	Megasphaera
ERR10036468.out	0.000542	591	204447	Skermanella
ERR10036468.out	0.000542	591	2094023	Glaesserella
ERR10036468.out	0.000539	588	105	Runella
ERR10036468.out	0.000538	587	40566	Actinosynnema
ERR10036468.out	0.000538	587	2750082	Candidatus Stahlbacteria
ERR10036468.out	0.000535	583	629	Yersinia
ERR10036468.out	0.000533	581	2747	Carnobacterium
ERR10036468.out	0.000531	579	1041	Erythrobacter
ERR10036468.out	0.000531	579	2058187	Cavenderia
ERR10036468.out	0.000531	579	2789775	Actinomarinicola
ERR10036468.out	0.000526	574	196081	Scardovia
ERR10036468.out	0.000525	573	28196	Arcobacter
ERR10036468.out	0.000525	573	461281	Ogataea
ERR10036468.out	0.000524	572	2040262	Allobranchiibius
ERR10036468.out	0.000524	572	2767073	Trebonia
ERR10036468.out	0.000524	571	83654	Leclercia
ERR10036468.out	0.000524	571	908626	Angustibacter
ERR10036468.out	0.000523	570	33194	Bipolaris
ERR10036468.out	0.000520	567	76008	Fusibacter
ERR10036468.out	0.000519	566	12967	Blastocystis
ERR10036468.out	0.000519	566	13289	Tilletia
ERR10036468.out	0.000516	563	880756	Fistulifera
ERR10036468.out	0.000515	562	657	Photobacterium
ERR10036468.out	0.000514	561	58113	Glycomyces
ERR10036468.out	0.000514	561	2571199	Tengunoibacter
ERR10036468.out	0.000513	560	35798	Nitrosospira
ERR10036468.out	0.000513	560	2594176	Edaphochlamys
ERR10036468.out	0.000513	559	1379908	Rufibacter
ERR10036468.out	0.000509	555	1240886	Oculatella
ERR10036468.out	0.000507	553	458839	Actinotalea
ERR10036468.out	0.000506	552	311411	Pseudoruegeria
ERR10036468.out	0.000504	550	106633	Thioalkalivibrio
ERR10036468.out	0.000504	550	152267	Pigmentiphaga
ERR10036468.out	0.000504	550	1198243	Rugosimonospora
ERR10036468.out	0.000503	549	1742992	Paenarthrobacter
ERR10036468.out	0.000502	548	38447	Monilinia
ERR10036468.out	0.000502	547	40222	Methylophaga
ERR10036468.out	0.000502	547	60919	Sanguibacter
ERR10036468.out	0.000501	546	82105	Cladophialophora
ERR10036468.out	0.000500	545	2864378	Carbonactinospora
ERR10036468.out	0.000497	542	378210	Methyloversatilis
ERR10036468.out	0.000494	539	100043	Pleomassaria
ERR10036468.out	0.000491	535	2202	Methanospirillum
ERR10036468.out	0.000491	535	349742	Sedimenticola
ERR10036468.out	0.000490	534	1017280	Pseudoflavonifractor
ERR10036468.out	0.000489	533	490731	Kwoniella
ERR10036468.out	0.000489	533	1525371	Neorhizobium
ERR10036468.out	0.000486	530	1541670	Methylacidimicrobium
ERR10036468.out	0.000485	529	2571160	Trinickia
ERR10036468.out	0.000484	528	59753	Alcanivorax
ERR10036468.out	0.000482	526	1769008	Anoxybacter
ERR10036468.out	0.000481	525	2072583	Neohortaea
ERR10036468.out	0.000480	524	1644057	Salinigranum
ERR10036468.out	0.000480	523	47830	Lachnellula
ERR10036468.out	0.000480	523	510690	Sneathiella
ERR10036468.out	0.000479	522	99593	Thermohalobacter
ERR10036468.out	0.000479	522	323449	Pontibacter
ERR10036468.out	0.000479	522	2767893	Lentilactobacillus
ERR10036468.out	0.000478	521	207244	Anaerostipes
ERR10036468.out	0.000478	521	323620	Shinella
ERR10036468.out	0.000477	520	285107	Thioclava
ERR10036468.out	0.000476	519	2723	Hirschia
ERR10036468.out	0.000476	519	40466	Sparassis
ERR10036468.out	0.000474	517	191373	Pelotomaculum
ERR10036468.out	0.000474	517	2779861	Linnemannia
ERR10036468.out	0.000473	516	429	Methylobacter
ERR10036468.out	0.000472	515	413	Methylococcus
ERR10036468.out	0.000472	515	29888	Calocera
ERR10036468.out	0.000472	515	160598	Rhynchopus
ERR10036468.out	0.000469	512	1033	Afipia
ERR10036468.out	0.000469	512	2717339	Rhabdaerophilum
ERR10036468.out	0.000469	511	237584	Teratosphaeria
ERR10036468.out	0.000468	510	5179	Sclerotinia
ERR10036468.out	0.000468	510	5948	Stylonychia
ERR10036468.out	0.000468	510	1649479	Permianibacter
ERR10036468.out	0.000467	509	413435	Solimonas
ERR10036468.out	0.000466	508	1647	Erysipelothrix
ERR10036468.out	0.000464	506	2784	Porphyra
ERR10036468.out	0.000464	506	1260114	Vermamoeba
ERR10036468.out	0.000463	505	55528	Guillardia
ERR10036468.out	0.000461	503	28065	Rhodoferax
ERR10036468.out	0.000461	503	40996	Elsinoe
ERR10036468.out	0.000461	503	49184	Kineosporia
ERR10036468.out	0.000460	502	877559	Thecamonas
ERR10036468.out	0.000459	501	1434016	Longimycelium
ERR10036468.out	0.000458	500	1372	Planococcus
ERR10036468.out	0.000458	500	458032	Chloracidobacterium
ERR10036468.out	0.000457	498	1380	Atopobium
ERR10036468.out	0.000457	498	5890	Tetrahymena
ERR10036468.out	0.000457	498	39948	Dialister
ERR10036468.out	0.000455	496	146937	Azospira
ERR10036468.out	0.000453	494	93171	Candidatus Entotheonella
ERR10036468.out	0.000453	494	169133	Citricoccus
ERR10036468.out	0.000453	494	2545692	Candidatus Methanoliparum
ERR10036468.out	0.000452	493	4780	Plasmopara
ERR10036468.out	0.000452	493	5581	Beauveria
ERR10036468.out	0.000452	493	155862	Methanothermococcus
ERR10036468.out	0.000451	492	4930	Saccharomyces
ERR10036468.out	0.000446	486	5024	Venturia
ERR10036468.out	0.000445	485	1914449	Rugosibacter
ERR10036468.out	0.000443	483	215802	Enhygromyxa
ERR10036468.out	0.000443	483	2747271	Calidithermus
ERR10036468.out	0.000441	481	5806	Cryptosporidium
ERR10036468.out	0.000440	480	32636	Halothermothrix
ERR10036468.out	0.000440	480	467975	Iamia
ERR10036468.out	0.000438	478	13786	Trebouxia
ERR10036468.out	0.000438	478	227979	Jeotgalicoccus
ERR10036468.out	0.000437	477	1508537	Kallotenue
ERR10036468.out	0.000436	476	1048954	Tothia
ERR10036468.out	0.000431	470	4873	Gigaspora
ERR10036468.out	0.000429	468	43676	Promicromonospora
ERR10036468.out	0.000429	468	70110	Penicilliopsis
ERR10036468.out	0.000428	467	596495	Sciscionella
ERR10036468.out	0.000428	467	705561	Polychaeton
ERR10036468.out	0.000427	466	35103	Pseudocohnilembus
ERR10036468.out	0.000427	466	1593364	Candidatus Nitrosopelagicus
ERR10036468.out	0.000426	465	57665	Sulfurospirillum
ERR10036468.out	0.000425	464	229045	Trichomonascus
ERR10036468.out	0.000425	464	484508	Ornithinibacillus
ERR10036468.out	0.000425	463	2370	Xylella
ERR10036468.out	0.000425	463	200473	Brumimicrobium
ERR10036468.out	0.000423	461	713	Actinobacillus
ERR10036468.out	0.000423	461	2735	Verrucomicrobium
ERR10036468.out	0.000423	461	71151	Methanocalculus
ERR10036468.out	0.000422	460	1562	Desulfotomaculum
ERR10036468.out	0.000422	460	36862	Ideonella
ERR10036468.out	0.000421	459	1508657	Ruminiclostridium
ERR10036468.out	0.000420	458	635	Edwardsiella
ERR10036468.out	0.000420	458	61434	Dehalococcoides
ERR10036468.out	0.000420	458	1351751	Parastagonospora
ERR10036468.out	0.000419	457	242605	Luteibacter
ERR10036468.out	0.000418	456	133407	Acytostelium
ERR10036468.out	0.000417	455	2375	Sporomusa
ERR10036468.out	0.000417	455	184430	Coprinellus
ERR10036468.out	0.000416	454	133925	Olsenella
ERR10036468.out	0.000416	454	155415	Monosporascus
ERR10036468.out	0.000416	454	360731	Candidatus Jettenia
ERR10036468.out	0.000416	454	1398561	Wangella
ERR10036468.out	0.000415	453	312063	Azohydromonas
ERR10036468.out	0.000415	453	1648511	Cnuella
ERR10036468.out	0.000414	452	55	Polyangium
ERR10036468.out	0.000414	452	747294	Pseudorhodoferax
ERR10036468.out	0.000413	450	48075	Marinobacterium
ERR10036468.out	0.000413	450	1535326	Candida
ERR10036468.out	0.000411	448	370735	Zhihengliuella
ERR10036468.out	0.000410	447	2204	Methanomicrobium
ERR10036468.out	0.000410	447	111500	Muricauda
ERR10036468.out	0.000410	447	475794	Haliea
ERR10036468.out	0.000409	446	596499	Nitriliruptor
ERR10036468.out	0.000408	445	70451	Diacronema
ERR10036468.out	0.000408	445	308926	Diversispora
ERR10036468.out	0.000408	445	354354	Niastella
ERR10036468.out	0.000407	444	42	Cystobacter
ERR10036468.out	0.000407	444	299566	Adhaeribacter
ERR10036468.out	0.000407	444	1577789	Candidatus Methanogranum
ERR10036468.out	0.000406	443	52676	Atractomorpha
ERR10036468.out	0.000406	443	1538466	Rhizocola
ERR10036468.out	0.000405	442	102234	Cyanobacterium
ERR10036468.out	0.000403	440	63132	Geitlerinema
ERR10036468.out	0.000403	440	2675233	Metabacillus
ERR10036468.out	0.000403	439	111782	Tolypothrix
ERR10036468.out	0.000403	439	2675229	Peribacillus
ERR10036468.out	0.000400	436	40544	Sutterella
ERR10036468.out	0.000400	436	63261	Moesziomyces
ERR10036468.out	0.000400	436	65504	Virgisporangium
ERR10036468.out	0.000400	436	2782231	Kaistella
ERR10036468.out	0.000399	435	203133	Propionimicrobium
ERR10036468.out	0.000397	433	376469	Olivibacter
ERR10036468.out	0.000396	432	49894	Acetomicrobium
ERR10036468.out	0.000396	432	366614	Haematobacter
ERR10036468.out	0.000396	432	1612157	Pararhodospirillum
ERR10036468.out	0.000395	431	670486	Dehalogenimonas
ERR10036468.out	0.000394	430	2268	Thermofilum
ERR10036468.out	0.000393	429	538	Eikenella
ERR10036468.out	0.000392	427	1914248	Motilimonas
ERR10036468.out	0.000391	426	27320	Metschnikowia
ERR10036468.out	0.000390	425	455433	Pelagicoccus
ERR10036468.out	0.000390	425	1981958	Pseudomicrostroma
ERR10036468.out	0.000390	425	2651583	Geomonas
ERR10036468.out	0.000388	423	36922	Diaporthe
ERR10036468.out	0.000388	423	1543704	Niveispirillum
ERR10036468.out	0.000387	422	1855416	Qipengyuania
ERR10036468.out	0.000387	422	2779867	Actinomortierella
ERR10036468.out	0.000384	419	1926259	Pseudactinotalea
ERR10036468.out	0.000383	418	46468	Orenia
ERR10036468.out	0.000383	418	397456	Gulbenkiania
ERR10036468.out	0.000382	417	4859	Basidiobolus
ERR10036468.out	0.000382	417	283168	Odoribacter
ERR10036468.out	0.000381	416	100474	Batrachochytrium
ERR10036468.out	0.000381	416	1612198	Asinibacterium
ERR10036468.out	0.000381	415	121871	Haloterrigena
ERR10036468.out	0.000379	413	143016	Jakoba
ERR10036468.out	0.000377	411	528	Ochrobactrum
ERR10036468.out	0.000376	410	93827	Gymnopus
ERR10036468.out	0.000376	410	1648508	Ciceribacter
ERR10036468.out	0.000375	409	2713	Aquifex
ERR10036468.out	0.000375	409	2737	Vagococcus
ERR10036468.out	0.000375	409	288021	Kordiimonas
ERR10036468.out	0.000374	408	76634	Mycetocola
ERR10036468.out	0.000374	408	203470	Tepidiphilus
ERR10036468.out	0.000374	408	264147	Millisia
ERR10036468.out	0.000373	407	4895	Schizosaccharomyces
ERR10036468.out	0.000373	407	97971	Periconia
ERR10036468.out	0.000372	406	5605	Saitoella
ERR10036468.out	0.000372	406	56433	Couchioplanes
ERR10036468.out	0.000372	406	58108	Actinocorallia
ERR10036468.out	0.000371	405	307506	Raphidocelis
ERR10036468.out	0.000371	405	1742989	Glutamicibacter
ERR10036468.out	0.000370	404	1114981	Piscinibacter
ERR10036468.out	0.000370	403	85	Hyphomonas
ERR10036468.out	0.000370	403	69965	Macrococcus
ERR10036468.out	0.000369	402	2748674	Zhaonella
ERR10036468.out	0.000368	401	71950	Psilocybe
ERR10036468.out	0.000368	401	1169538	Vitrella
ERR10036468.out	0.000366	399	148959	Wallemia
ERR10036468.out	0.000366	399	489140	Geminicoccus
ERR10036468.out	0.000365	398	182269	Aurantimonas
ERR10036468.out	0.000365	398	1397107	Aliifodinibius
ERR10036468.out	0.000365	398	1649642	Oleiagrimonas
ERR10036468.out	0.000364	397	358905	Serendipita
ERR10036468.out	0.000363	396	5324	Trametes
ERR10036468.out	0.000363	396	378268	Infundibulicybe
ERR10036468.out	0.000362	395	63298	Pseudozyma
ERR10036468.out	0.000360	393	50714	Acidisphaera
ERR10036468.out	0.000360	393	196119	Methanotorris
ERR10036468.out	0.000359	392	862	Syntrophomonas
ERR10036468.out	0.000359	392	86085	Gymnopilus
ERR10036468.out	0.000359	392	1470540	Jeotgalibaca
ERR10036468.out	0.000359	392	2316020	Mediterraneibacter
ERR10036468.out	0.000359	391	2902	Emiliania
ERR10036468.out	0.000359	391	704093	Anaerobacillus
ERR10036468.out	0.000358	390	1573	Clavibacter
ERR10036468.out	0.000358	390	453161	Candidatus Nitrotoga
ERR10036468.out	0.000357	389	110564	Clonostachys
ERR10036468.out	0.000357	389	1763546	Vermiphilus
ERR10036468.out	0.000356	388	47747	Hyaloscypha
ERR10036468.out	0.000352	384	32199	Buchnera
ERR10036468.out	0.000352	384	166953	Kaistia
ERR10036468.out	0.000352	384	258255	Pseudovibrio
ERR10036468.out	0.000350	382	104175	Oscillochloris
ERR10036468.out	0.000349	381	35750	Sporichthya
ERR10036468.out	0.000349	381	748770	Dolichospermum
ERR10036468.out	0.000348	379	57133	Hydnum
ERR10036468.out	0.000348	379	276836	Rozella
ERR10036468.out	0.000347	378	5209	Filobasidium
ERR10036468.out	0.000347	378	2685905	Salicibibacter
ERR10036468.out	0.000346	377	1649490	Rubinisphaera
ERR10036468.out	0.000344	375	483074	Baudoinia
ERR10036468.out	0.000343	374	4828	Absidia
ERR10036468.out	0.000343	374	2078948	Epidermidibacterium
ERR10036468.out	0.000342	373	2767884	Lapidilactobacillus
ERR10036468.out	0.000341	372	1132027	Chromatocurvus
ERR10036468.out	0.000340	371	780	Rickettsia
ERR10036468.out	0.000340	371	5190	Ascobolus
ERR10036468.out	0.000340	371	45247	Leucothrix
ERR10036468.out	0.000340	371	213485	Micavibrio
ERR10036468.out	0.000339	370	64	Herpetosiphon
ERR10036468.out	0.000339	370	5758	Entamoeba
ERR10036468.out	0.000339	370	2800686	Tsuneonella
ERR10036468.out	0.000339	370	2871671	Spongiactinospora
ERR10036468.out	0.000338	369	216851	Faecalibacterium
ERR10036468.out	0.000338	369	1184396	Mesotoga
ERR10036468.out	0.000338	369	1495038	Mesoaciditoga
ERR10036468.out	0.000338	369	1555240	Caulochytrium
ERR10036468.out	0.000337	368	10	Cellvibrio
ERR10036468.out	0.000337	368	37991	Xylaria
ERR10036468.out	0.000337	368	388463	Edaphobacter
ERR10036468.out	0.000336	366	168694	Salinispora
ERR10036468.out	0.000334	364	2767323	Buchananella
ERR10036468.out	0.000332	362	27308	Ascoidea
ERR10036468.out	0.000332	362	795750	Ignavibacterium
ERR10036468.out	0.000332	362	2613912	Conexivisphaera
ERR10036468.out	0.000331	361	265976	Serinicoccus
ERR10036468.out	0.000331	361	2769459	Limoniibacter
ERR10036468.out	0.000330	360	2849	Phaeodactylum
ERR10036468.out	0.000330	360	29882	Laccaria
ERR10036468.out	0.000327	357	4951	Yarrowia
ERR10036468.out	0.000327	357	286114	Synchytrium
ERR10036468.out	0.000326	356	388809	Blyttiomyces
ERR10036468.out	0.000325	354	13641	Polysphondylium
ERR10036468.out	0.000324	353	1195526	Gryllotalpicola
ERR10036468.out	0.000323	352	86331	Mogibacterium
ERR10036468.out	0.000322	351	5723	Tritrichomonas
ERR10036468.out	0.000322	351	1647190	Aquibacillus
ERR10036468.out	0.000322	351	2666130	Candidatus Methanofastidiosum
ERR10036468.out	0.000321	350	33973	Acidobacterium
ERR10036468.out	0.000321	350	1472699	Algisphaera
ERR10036468.out	0.000320	349	71684	Panaeolus
ERR10036468.out	0.000320	349	572511	Blautia
ERR10036468.out	0.000320	349	2058189	Heterostelium
ERR10036468.out	0.000319	348	93682	Roseivivax
ERR10036468.out	0.000317	346	83174	Valsa
ERR10036468.out	0.000316	345	136088	Malawimonas
ERR10036468.out	0.000315	344	79808	Coniochaeta
ERR10036468.out	0.000315	344	1884922	Herbihabitans
ERR10036468.out	0.000315	344	1890244	Saitozyma
ERR10036468.out	0.000315	344	2729624	Planctomonas
ERR10036468.out	0.000315	343	5027	Pyrenophora
ERR10036468.out	0.000314	342	72173	Citromicrobium
ERR10036468.out	0.000314	342	84565	Sodalis
ERR10036468.out	0.000313	341	5399	Agrocybe
ERR10036468.out	0.000313	341	13205	Pholiota
ERR10036468.out	0.000313	341	1652133	Halobacteriovorax
ERR10036468.out	0.000312	340	74385	Gracilibacillus
ERR10036468.out	0.000312	340	119979	Thermithiobacillus
ERR10036468.out	0.000312	340	1221880	Psychrobacillus
ERR10036468.out	0.000312	340	1270155	Falsibacillus
ERR10036468.out	0.000309	337	160034	Zopfia
ERR10036468.out	0.000308	336	5036	Histoplasma
ERR10036468.out	0.000308	336	68335	Coprothermobacter
ERR10036468.out	0.000308	336	160798	Marinitoga
ERR10036468.out	0.000307	335	447020	Adlercreutzia
ERR10036468.out	0.000307	335	501022	Glaciibacter
ERR10036468.out	0.000307	335	2828348	Occultella
ERR10036468.out	0.000305	333	4910	Kluyveromyces
ERR10036468.out	0.000304	332	109893	Powellomyces
ERR10036468.out	0.000304	331	391952	Aquincola
ERR10036468.out	0.000303	330	71245	Kazachstania
ERR10036468.out	0.000303	330	1291539	Candidatus Methanomethylophilus
ERR10036468.out	0.000302	329	28100	Phyllobacterium
ERR10036468.out	0.000302	329	154746	Dentipellis
ERR10036468.out	0.000301	328	2295	Desulfobacterium
ERR10036468.out	0.000301	328	55079	Aneurinibacillus
ERR10036468.out	0.000301	328	150247	Anoxybacillus
ERR10036468.out	0.000301	328	1763452	Tianweitania
ERR10036468.out	0.000300	327	58050	Moritella
ERR10036468.out	0.000300	327	64561	Umbelopsis
ERR10036468.out	0.000299	326	53387	Friedmanniella
ERR10036468.out	0.000299	326	1218803	Metallibacterium
ERR10036468.out	0.000299	326	1649474	Nibribacter
ERR10036468.out	0.000298	325	1433990	Aureivirga
ERR10036468.out	0.000297	324	2299	Desulfosarcina
ERR10036468.out	0.000296	323	2692417	Ktedonosporobacter
ERR10036468.out	0.000295	322	29909	Tolypocladium
ERR10036468.out	0.000295	322	57488	Thiorhodococcus
ERR10036468.out	0.000294	321	1395974	Tardiphaga
ERR10036468.out	0.000293	320	134813	Natronorubrum
ERR10036468.out	0.000293	320	1849718	Labilibacter
ERR10036468.out	0.000293	319	4875	Glomus
ERR10036468.out	0.000293	319	2320199	Abyssibacter
ERR10036468.out	0.000292	318	908623	Euzebya
ERR10036468.out	0.000291	317	2857	Nitzschia
ERR10036468.out	0.000291	317	212743	Rhizobacter
ERR10036468.out	0.000291	317	420644	Piscibacillus
ERR10036468.out	0.000291	317	1249554	Aliidiomarina
ERR10036468.out	0.000289	315	342943	Sinobaca
ERR10036468.out	0.000288	314	1030	Thiothrix
ERR10036468.out	0.000288	314	281915	Curvibacter
ERR10036468.out	0.000287	313	5280	Tilletiaria
ERR10036468.out	0.000287	313	33096	Gonium
ERR10036468.out	0.000286	312	34372	Blumeria
ERR10036468.out	0.000286	312	1273095	Anaerosphaera
ERR10036468.out	0.000285	311	182402	Rubritepida
ERR10036468.out	0.000284	310	33001	Desulfurella
ERR10036468.out	0.000284	310	1155738	Moorea
ERR10036468.out	0.000283	309	80662	Piloderma
ERR10036468.out	0.000282	308	1034479	Chloroidium
ERR10036468.out	0.000281	307	56635	Aeropyrum
ERR10036468.out	0.000281	307	67575	Rheinheimera
ERR10036468.out	0.000281	306	33652	Cafeteria
ERR10036468.out	0.000281	306	1676142	Wenzhouxiangella
ERR10036468.out	0.000280	305	332248	Truepera
ERR10036468.out	0.000280	305	1506553	Lachnoclostridium
ERR10036468.out	0.000279	304	965	Oceanospirillum
ERR10036468.out	0.000279	304	5600	Phialophora
ERR10036468.out	0.000279	304	121087	Ostreobium
ERR10036468.out	0.000279	304	130795	Crossiella
ERR10036468.out	0.000279	304	204474	Dichotomicrobium
ERR10036468.out	0.000278	303	210567	Cadophora
ERR10036468.out	0.000277	302	352	Azotobacter
ERR10036468.out	0.000277	302	5453	Ascochyta
ERR10036468.out	0.000277	302	698776	Cellulosilyticum
ERR10036468.out	0.000277	302	2600304	Baekduia
ERR10036468.out	0.000277	302	2691417	Lacipirellula
ERR10036468.out	0.000276	301	261827	Algibacter
ERR10036468.out	0.000276	301	393005	Tamlana
ERR10036468.out	0.000276	301	1443919	Tabrizicola
ERR10036468.out	0.000275	300	48558	Pyricularia
ERR10036468.out	0.000275	300	236756	Candidatus Scalindua
ERR10036468.out	0.000275	300	2026349	Enterovirga
ERR10036468.out	0.000274	299	841	Roseburia
ERR10036468.out	0.000274	299	5637	Polyporus
ERR10036468.out	0.000274	299	109967	Rhizoclosmatium
ERR10036468.out	0.000274	299	366580	Bowmanella
ERR10036468.out	0.000274	299	1795633	Terrilactibacillus
ERR10036468.out	0.000274	299	2315209	Hondaea
ERR10036468.out	0.000272	297	490567	Arenimonas
ERR10036468.out	0.000272	297	498374	Candidatus Nitrosocaldus
ERR10036468.out	0.000271	296	34416	Microbotryum
ERR10036468.out	0.000271	296	109763	Harpochytrium
ERR10036468.out	0.000271	296	1905726	Paludifilum
ERR10036468.out	0.000271	296	2714751	Lichenibacterium
ERR10036468.out	0.000270	295	1433999	Domibacillus
ERR10036468.out	0.000270	294	2770	Cyanidium
ERR10036468.out	0.000270	294	44744	Haematococcus
ERR10036468.out	0.000270	294	191392	Auxenochlorella
ERR10036468.out	0.000269	293	908935	Yimella
ERR10036468.out	0.000268	292	190323	Plantibacter
ERR10036468.out	0.000268	292	643701	Marinoscillum
ERR10036468.out	0.000266	290	48463	Prosthecobacter
ERR10036468.out	0.000266	290	54312	Tychonema
ERR10036468.out	0.000266	290	244364	Methylohalobius
ERR10036468.out	0.000265	289	2779859	Entomortierella
ERR10036468.out	0.000263	287	2233801	Ahniella
ERR10036468.out	0.000261	285	34067	Cycloclasticus
ERR10036468.out	0.000261	285	109944	Gonapodya
ERR10036468.out	0.000261	285	1546255	Mumia
ERR10036468.out	0.000261	285	1973274	Niameybacter
ERR10036468.out	0.000260	284	1121	Aphanothece
ERR10036468.out	0.000260	284	5873	Theileria
ERR10036468.out	0.000260	284	95228	Vannella
ERR10036468.out	0.000260	284	392733	Terriglobus
ERR10036468.out	0.000260	284	2545693	Candidatus Methanolliviera
ERR10036468.out	0.000259	283	579	Kluyvera
ERR10036468.out	0.000259	283	985001	Piscicoccus
ERR10036468.out	0.000259	283	2136116	Candidatus Sulfotelmatobacter
ERR10036468.out	0.000259	282	4815	Spizellomyces
ERR10036468.out	0.000259	282	142841	Selenihalanaerobacter
ERR10036468.out	0.000259	282	2683336	Abyssisolibacter
ERR10036468.out	0.000258	281	80744	Serpula
ERR10036468.out	0.000258	281	292833	Candidatus Rhabdochlamydia
ERR10036468.out	0.000257	280	113	Gemmata
ERR10036468.out	0.000257	280	1198	Phormidium
ERR10036468.out	0.000257	280	29298	Planobispora
ERR10036468.out	0.000257	280	186831	Acetoanaerobium
ERR10036468.out	0.000257	280	1543705	Nitrospirillum
ERR10036468.out	0.000257	280	2813766	Candidatus Laterigemmans
ERR10036468.out	0.000256	279	99906	Alkalibacterium
ERR10036468.out	0.000256	279	1518149	Thalassotalea
ERR10036468.out	0.000255	278	120212	Subtercola
ERR10036468.out	0.000255	278	135575	Idiomarina
ERR10036468.out	0.000255	278	990721	Christensenella
ERR10036468.out	0.000255	278	1434021	Motilibacter
ERR10036468.out	0.000254	277	5340	Agaricus
ERR10036468.out	0.000254	277	75687	Neptunomonas
ERR10036468.out	0.000254	277	1649453	Gimesia
ERR10036468.out	0.000254	277	2608792	Candidatus Argoarchaeum
ERR10036468.out	0.000253	276	5721	Trichomonas
ERR10036468.out	0.000253	276	47789	Tetrabaena
ERR10036468.out	0.000253	276	1677050	Novibacillus
ERR10036468.out	0.000253	276	2837506	Niallia
ERR10036468.out	0.000252	275	88	Leptothrix
ERR10036468.out	0.000252	275	159075	Acremonium
ERR10036468.out	0.000252	275	318147	Paucibacter
ERR10036468.out	0.000252	275	1521255	Candidatus Paracaedibacter
ERR10036468.out	0.000252	275	2041017	Quisquiliibacterium
ERR10036468.out	0.000251	274	334857	Goodfellowiella
ERR10036468.out	0.000251	274	1348508	Roseimicrobium
ERR10036468.out	0.000251	274	1633384	Mitosporidium
ERR10036468.out	0.000250	273	5193	Morchella
ERR10036468.out	0.000250	273	53572	Deferribacter
ERR10036468.out	0.000248	271	5500	Coccidioides
ERR10036468.out	0.000248	271	42418	Halanaerobacter
ERR10036468.out	0.000248	271	98757	Gelatoporia
ERR10036468.out	0.000248	271	548651	Dothidotthia
ERR10036468.out	0.000248	270	864	Pectinatus
ERR10036468.out	0.000248	270	2701	Gardnerella
ERR10036468.out	0.000248	270	64968	Marinospirillum
ERR10036468.out	0.000248	270	336827	Rhodonellum
ERR10036468.out	0.000248	270	2211178	Evtepia
ERR10036468.out	0.000247	269	292632	Subdoligranulum
ERR10036468.out	0.000247	269	448176	Granulicoccus
ERR10036468.out	0.000246	268	1036719	Verticillium
ERR10036468.out	0.000246	268	1184606	Austwickia
ERR10036468.out	0.000245	267	59734	Empedobacter
ERR10036468.out	0.000245	267	215249	Acaromyces
ERR10036468.out	0.000245	267	689697	Salisaeta
ERR10036468.out	0.000244	266	459520	Neptuniibacter
ERR10036468.out	0.000243	265	40354	Fonsecaea
ERR10036468.out	0.000243	265	55170	Didymella
ERR10036468.out	0.000243	265	690896	Lentithecium
ERR10036468.out	0.000243	265	1229970	Glaciimonas
ERR10036468.out	0.000243	265	2766734	Faecalibacter
ERR10036468.out	0.000241	263	1085622	Propioniciclava
ERR10036468.out	0.000241	263	1840214	Lentimicrobium
ERR10036468.out	0.000239	261	59585	Corynespora
ERR10036468.out	0.000239	261	248038	Mucispirillum
ERR10036468.out	0.000239	261	478070	Labrenzia
ERR10036468.out	0.000239	261	1191515	Ornithinibacter
ERR10036468.out	0.000238	260	191303	Turicibacter
ERR10036468.out	0.000238	260	329878	Cryomyces
ERR10036468.out	0.000238	260	1434702	Taibaiella
ERR10036468.out	0.000237	259	29407	Rhodoplanes
ERR10036468.out	0.000237	259	1820337	Haloparvum
ERR10036468.out	0.000237	259	2843200	Miltoncostaea
ERR10036468.out	0.000237	258	2289	Desulfobacter
ERR10036468.out	0.000237	258	34111	Monoraphidium
ERR10036468.out	0.000237	258	42308	Hypoxylon
ERR10036468.out	0.000237	258	44260	Moorella
ERR10036468.out	0.000237	258	568214	Marihabitans
ERR10036468.out	0.000236	257	499	Thermomicrobium
ERR10036468.out	0.000236	257	5973	Halteria
ERR10036468.out	0.000236	257	40558	Botryotinia
ERR10036468.out	0.000235	256	5260	Melampsora
ERR10036468.out	0.000235	256	1434010	Jatrophihabitans
ERR10036468.out	0.000235	256	1448052	Globisporangium
ERR10036468.out	0.000235	256	1903434	Atlantibacter
ERR10036468.out	0.000234	255	349	Zoogloea
ERR10036468.out	0.000234	255	5149	Chaetomium
ERR10036468.out	0.000234	255	70994	Lewinella
ERR10036468.out	0.000233	254	688241	Chlorogloea
ERR10036468.out	0.000233	254	1940406	Candidatus Moduliflexus
ERR10036468.out	0.000232	253	84108	Slackia
ERR10036468.out	0.000232	253	283735	Leeuwenhoekiella
ERR10036468.out	0.000232	253	427753	Humibacter
ERR10036468.out	0.000232	253	1343556	Hazenella
ERR10036468.out	0.000232	253	1849828	Paeniclostridium
ERR10036468.out	0.000231	252	35721	Parasitella
ERR10036468.out	0.000231	252	45292	Massarina
ERR10036468.out	0.000231	252	47424	Armillaria
ERR10036468.out	0.000231	252	85074	Halochromatium
ERR10036468.out	0.000231	252	231683	Saccharospirillum
ERR10036468.out	0.000230	251	229219	Blastomyces
ERR10036468.out	0.000230	251	390250	Labedella
ERR10036468.out	0.000229	250	447237	Frondihabitans
ERR10036468.out	0.000228	249	2132	Spiroplasma
ERR10036468.out	0.000228	249	5395	Paxillus
ERR10036468.out	0.000228	249	50955	Geosiphon
ERR10036468.out	0.000228	249	63743	Natronomonas
ERR10036468.out	0.000228	249	171412	Eremococcus
ERR10036468.out	0.000228	249	471798	Shimazuella
ERR10036468.out	0.000228	249	2650549	Hydrocarboniclastica
ERR10036468.out	0.000227	248	1068	Rhodomicrobium
ERR10036468.out	0.000227	248	5305	Phanerochaete
ERR10036468.out	0.000227	248	224458	Pyxidicoccus
ERR10036468.out	0.000226	247	5626	Grifola
ERR10036468.out	0.000226	247	361607	Patulibacter
ERR10036468.out	0.000226	247	437506	Robiginitomaculum
ERR10036468.out	0.000226	246	180950	Tricholomella
ERR10036468.out	0.000225	245	133	Methylocystis
ERR10036468.out	0.000225	245	1056	Thiocapsa
ERR10036468.out	0.000225	245	29487	Photorhabdus
ERR10036468.out	0.000225	245	71655	Brenneria
ERR10036468.out	0.000225	245	689760	Planosporangium
ERR10036468.out	0.000224	244	83551	Parachlamydia
ERR10036468.out	0.000224	244	352450	Simplicispira
ERR10036468.out	0.000224	244	1742991	Pseudoglutamicibacter
ERR10036468.out	0.000224	244	2793122	Vallicoccus
ERR10036468.out	0.000223	243	16	Methylophilus
ERR10036468.out	0.000223	243	99	Ancylobacter
ERR10036468.out	0.000223	243	361050	Rubritalea
ERR10036468.out	0.000223	243	1436289	Candidatus Symbiobacter
ERR10036468.out	0.000223	243	1924101	Numidum
ERR10036468.out	0.000223	243	2027529	Cumulibacter
ERR10036468.out	0.000222	242	2768	Chondrus
ERR10036468.out	0.000222	242	1659417	Marinithermofilum
ERR10036468.out	0.000221	241	365532	Belnapia
ERR10036468.out	0.000221	241	623276	Maritalea
ERR10036468.out	0.000221	241	1434045	Sinomicrobium
ERR10036468.out	0.000220	240	5683	Leptomonas
ERR10036468.out	0.000220	240	41879	Pycnococcus
ERR10036468.out	0.000220	240	647960	Marinactinospora
ERR10036468.out	0.000219	239	45785	Nadsonia
ERR10036468.out	0.000219	239	53318	Desulfocapsa
ERR10036468.out	0.000219	239	316612	Methylibium
ERR10036468.out	0.000219	239	2171995	Candidatus Nanosyncoccus
ERR10036468.out	0.000218	238	1227	Nitrosococcus
ERR10036468.out	0.000218	238	112987	Neochlamydia
ERR10036468.out	0.000218	238	1097465	Pararhodobacter
ERR10036468.out	0.000217	237	43673	Jonesia
ERR10036468.out	0.000217	237	1937972	Bernardetia
ERR10036468.out	0.000216	236	241409	Geosmithia
ERR10036468.out	0.000216	236	286660	Peltaster
ERR10036468.out	0.000216	236	363408	Nonlabens
ERR10036468.out	0.000216	236	1676125	Thermogutta
ERR10036468.out	0.000215	235	126838	Micractinium
ERR10036468.out	0.000215	234	64159	Desulfurobacterium
ERR10036468.out	0.000215	234	1434046	Sphingorhabdus
ERR10036468.out	0.000215	234	1812772	Pseudomassariella
ERR10036468.out	0.000215	234	2767083	Candidatus Hadarchaeum
ERR10036468.out	0.000214	233	83373	Galdieria
ERR10036468.out	0.000214	233	414051	Caenispirillum
ERR10036468.out	0.000214	233	578092	Lineolata
ERR10036468.out	0.000214	233	2720806	Candidatus Gallimonas
ERR10036468.out	0.000213	232	5182	Hymenoscyphus
ERR10036468.out	0.000213	232	507510	Hyphopichia
ERR10036468.out	0.000212	231	507	Alcaligenes
ERR10036468.out	0.000212	231	53355	Terrabacter
ERR10036468.out	0.000212	231	56747	Fibularhizoctonia
ERR10036468.out	0.000212	231	105767	Tremella
ERR10036468.out	0.000212	231	152161	Stappia
ERR10036468.out	0.000212	231	466152	Singulisphaera
ERR10036468.out	0.000212	231	551759	Aromatoleum
ERR10036468.out	0.000212	231	1156568	Methylovirgula
ERR10036468.out	0.000212	231	1511635	Aquisphaera
ERR10036468.out	0.000212	231	2060094	Aminipila
ERR10036468.out	0.000212	231	2599625	Candidatus Dormibacter
ERR10036468.out	0.000211	230	203522	Longispora
ERR10036468.out	0.000211	230	332246	Halalkalicoccus
ERR10036468.out	0.000211	230	649460	Filimonas
ERR10036468.out	0.000211	230	752201	Sphaerospermopsis
ERR10036468.out	0.000211	230	1156392	Pseudokineococcus
ERR10036468.out	0.000210	229	34037	Rahnella
ERR10036468.out	0.000210	229	73778	Methylocaldum
ERR10036468.out	0.000210	229	470095	Pseudovirgaria
ERR10036468.out	0.000210	229	1295327	Croceicoccus
ERR10036468.out	0.000210	229	2762385	Daejeonella
ERR10036468.out	0.000209	228	34433	Leucoagaricus
ERR10036468.out	0.000209	228	82345	Ornithinicoccus
ERR10036468.out	0.000209	228	380240	Candidatus Brocadia
ERR10036468.out	0.000209	228	1649506	Thermoflavifilum
ERR10036468.out	0.000209	228	1655637	Lokiarchaeum
ERR10036468.out	0.000209	228	1715798	Levyella
ERR10036468.out	0.000208	227	5314	Ganoderma
ERR10036468.out	0.000208	227	48001	Desulfobotulus
ERR10036468.out	0.000208	227	65356	Albugo
ERR10036468.out	0.000208	227	87266	Lasallia
ERR10036468.out	0.000208	227	139133	Sistotremastrum
ERR10036468.out	0.000208	227	667113	Actinoallomurus
ERR10036468.out	0.000208	227	1120752	Nodosilinea
ERR10036468.out	0.000208	227	1354809	Keratinibaculum
ERR10036468.out	0.000208	227	1500560	Tilletiopsis
ERR10036468.out	0.000206	225	904	Acidaminococcus
ERR10036468.out	0.000206	225	50935	Physcia
ERR10036468.out	0.000206	225	418098	Candidatus Magnetoglobus
ERR10036468.out	0.000206	225	551771	Vulcanibacillus
ERR10036468.out	0.000206	225	797121	Kipferlia
ERR10036468.out	0.000206	225	2781897	Lichenicoccus
ERR10036468.out	0.000205	224	28048	Acidothermus
ERR10036468.out	0.000205	224	35140	Chrysochromulina
ERR10036468.out	0.000205	224	40144	Tricholoma
ERR10036468.out	0.000205	224	45148	Lophiostoma
ERR10036468.out	0.000205	224	150173	Phialocephala
ERR10036468.out	0.000205	224	208447	Oceanithermus
ERR10036468.out	0.000205	224	404432	Salinicola
ERR10036468.out	0.000204	223	1142	Synechocystis
ERR10036468.out	0.000204	223	71944	Hypholoma
ERR10036468.out	0.000204	223	690893	Amniculicola
ERR10036468.out	0.000204	223	696745	Alkalibaculum
ERR10036468.out	0.000204	223	1602345	Parasaccharibacter
ERR10036468.out	0.000204	223	1649510	Variibacter
ERR10036468.out	0.000204	222	1158	Oscillatoria
ERR10036468.out	0.000204	222	13366	Brettanomyces
ERR10036468.out	0.000204	222	65402	Acidaminobacter
ERR10036468.out	0.000204	222	125369	Paraphaeosphaeria
ERR10036468.out	0.000204	222	383614	Brasilonema
ERR10036468.out	0.000203	221	34098	Blattabacterium
ERR10036468.out	0.000203	221	43220	Capronia
ERR10036468.out	0.000203	221	561555	Zhouia
ERR10036468.out	0.000203	221	2810619	Coniosporium
ERR10036468.out	0.000202	220	70447	Ostreococcus
ERR10036468.out	0.000202	220	2795782	Botrimarina
ERR10036468.out	0.000201	219	425	Methylosinus
ERR10036468.out	0.000201	219	208215	Parvularcula
ERR10036468.out	0.000200	218	390846	Echinicola
ERR10036468.out	0.000199	217	70188	Olpidium
ERR10036468.out	0.000199	217	152053	Starkeya
ERR10036468.out	0.000199	217	1582879	Ezakiella
ERR10036468.out	0.000198	216	204475	Gemmiger
ERR10036468.out	0.000197	215	37924	Thermocrispum
ERR10036468.out	0.000197	215	171673	Inquilinus
ERR10036468.out	0.000197	215	300275	Lachancea
ERR10036468.out	0.000197	215	1855419	Ursidibacter
ERR10036468.out	0.000196	214	45244	Emericellopsis
ERR10036468.out	0.000196	214	188143	Enterovibrio
ERR10036468.out	0.000196	214	344063	Oryzihumus
ERR10036468.out	0.000195	213	5552	Trichosporon
ERR10036468.out	0.000195	213	29849	Gaeumannomyces
ERR10036468.out	0.000195	213	252356	Maribacter
ERR10036468.out	0.000194	212	2837501	Fredinandcohnia
ERR10036468.out	0.000194	212	2837509	Schinkia
ERR10036468.out	0.000193	211	202907	Collimonas
ERR10036468.out	0.000193	211	335405	Sphingosinicella
ERR10036468.out	0.000193	211	1747770	Egibacter
ERR10036468.out	0.000193	210	33024	Phascolarctobacterium
ERR10036468.out	0.000193	210	41273	Tissierella
ERR10036468.out	0.000193	210	85072	Allochromatium
ERR10036468.out	0.000193	210	1000999	Acidipila
ERR10036468.out	0.000193	210	1749039	Violaceomyces
ERR10036468.out	0.000193	210	1851509	Naganishia
ERR10036468.out	0.000193	210	2779860	Gryganskiella
ERR10036468.out	0.000192	209	13	Dictyoglomus
ERR10036468.out	0.000192	209	29331	Amphibacillus
ERR10036468.out	0.000192	209	184027	Golovinomyces
ERR10036468.out	0.000192	209	263510	Crocosphaera
ERR10036468.out	0.000191	208	1163	Anabaena
ERR10036468.out	0.000191	208	862071	Syntrophaceticus
ERR10036468.out	0.000191	208	1434004	Fonticella
ERR10036468.out	0.000191	208	1763521	Paludisphaera
ERR10036468.out	0.000191	208	2805645	Pedococcus
ERR10036468.out	0.000190	207	36853	Desulfitobacterium
ERR10036468.out	0.000190	207	286130	Sulfuricurvum
ERR10036468.out	0.000189	206	6	Azorhizobium
ERR10036468.out	0.000189	206	221279	Candidatus Competibacter
ERR10036468.out	0.000189	206	1860139	Chitinispirillum
ERR10036468.out	0.000188	205	1740	Thermodesulfobacterium
ERR10036468.out	0.000188	205	5550	Trichophyton
ERR10036468.out	0.000188	205	41687	Scedosporium
ERR10036468.out	0.000188	205	59282	Blastochloris
ERR10036468.out	0.000188	205	246263	Hydrogenivirga
ERR10036468.out	0.000188	205	1911549	Raineyella
ERR10036468.out	0.000187	204	2314	Methanoplanus
ERR10036468.out	0.000187	204	4863	Coemansia
ERR10036468.out	0.000187	204	76890	Asticcacaulis
ERR10036468.out	0.000187	204	379065	Caldalkalibacillus
ERR10036468.out	0.000187	204	398041	Flavisolibacter
ERR10036468.out	0.000187	204	451373	Rudanella
ERR10036468.out	0.000187	204	663242	Albimonas
ERR10036468.out	0.000187	204	1193503	Gilliamella
ERR10036468.out	0.000186	203	34102	Sphaerotilus
ERR10036468.out	0.000186	203	599652	Tropicimonas
ERR10036468.out	0.000186	203	1206353	Lizonia
ERR10036468.out	0.000185	202	4769	Saprolegnia
ERR10036468.out	0.000185	202	29574	Taylorella
ERR10036468.out	0.000185	202	202696	Jaapia
ERR10036468.out	0.000185	202	1232588	Saprochaete
ERR10036468.out	0.000184	201	81055	Wolfiporia
ERR10036468.out	0.000184	201	129957	Carboxydothermus
ERR10036468.out	0.000184	201	278028	Naumovozyma
ERR10036468.out	0.000183	200	87254	Bryoria
ERR10036468.out	0.000183	200	361177	Altererythrobacter
ERR10036468.out	0.000182	199	75984	Mannheimia
ERR10036468.out	0.000182	199	221102	Moniliophthora
ERR10036468.out	0.000182	199	285810	Pyrenochaeta
ERR10036468.out	0.000182	199	666508	Phycisphaera
ERR10036468.out	0.000182	199	766728	Meyerozyma
ERR10036468.out	0.000182	198	13075	Globicatella
ERR10036468.out	0.000182	198	45654	Desulfonema
ERR10036468.out	0.000182	198	167375	Cyanobium
ERR10036468.out	0.000182	198	180541	Salinisphaera
ERR10036468.out	0.000182	198	462253	Aplosporella
ERR10036468.out	0.000182	198	1524217	Labilithrix
ERR10036468.out	0.000182	198	1779002	Halocalculus
ERR10036468.out	0.000181	197	40	Stigmatella
ERR10036468.out	0.000181	197	5587	Rhinocladiella
ERR10036468.out	0.000181	197	64652	Lepista
ERR10036468.out	0.000181	197	120652	Methylocella
ERR10036468.out	0.000181	197	184431	Coprinopsis
ERR10036468.out	0.000181	197	762296	Methylovulum
ERR10036468.out	0.000181	197	1763552	Baia
ERR10036468.out	0.000180	196	38946	Paracoccidioides
ERR10036468.out	0.000180	196	158045	Phaeomoniella
ERR10036468.out	0.000180	196	170610	Halomicronema
ERR10036468.out	0.000180	196	242060	Cystoisospora
ERR10036468.out	0.000180	196	1434028	Ornatilinea
ERR10036468.out	0.000180	196	1795363	Dinghuibacter
ERR10036468.out	0.000180	196	2661811	Longirhabdus
ERR10036468.out	0.000179	195	86026	Mollisia
ERR10036468.out	0.000179	195	365348	Pelosinus
ERR10036468.out	0.000179	195	390805	Geosporobacter
ERR10036468.out	0.000179	195	407217	Aquitalea
ERR10036468.out	0.000179	195	630701	Perkinsela
ERR10036468.out	0.000179	195	937605	Hymenopellis
ERR10036468.out	0.000179	195	979650	Haplosporangium
ERR10036468.out	0.000179	195	1007082	Nitrosarchaeum
ERR10036468.out	0.000178	194	29393	Dolosigranulum
ERR10036468.out	0.000178	194	68793	Botryobasidium
ERR10036468.out	0.000178	194	331525	Kribbia
ERR10036468.out	0.000178	194	1004301	Flavihumibacter
ERR10036468.out	0.000178	194	1477505	Eoetvoesia
ERR10036468.out	0.000178	194	2017975	Candidatus Frackibacter
ERR10036468.out	0.000177	193	49277	Psychroserpens
ERR10036468.out	0.000177	193	74556	Thraustotheca
ERR10036468.out	0.000177	193	412764	Spathaspora
ERR10036468.out	0.000177	193	1227948	Sphingomicrobium
ERR10036468.out	0.000177	193	1367968	Sinosporangium
ERR10036468.out	0.000177	193	2546365	Rippkaea
ERR10036468.out	0.000176	192	45294	Ophiobolus
ERR10036468.out	0.000176	192	59739	Flammeovirga
ERR10036468.out	0.000176	192	114185	Candidatus Carsonella
ERR10036468.out	0.000176	192	222439	Streblomastix
ERR10036468.out	0.000176	192	226991	Cyphellophora
ERR10036468.out	0.000176	192	1903858	Pseudorhizobium
ERR10036468.out	0.000176	192	1929940	Viridothelium
ERR10036468.out	0.000175	191	89583	Gluconacetobacter
ERR10036468.out	0.000175	191	233191	Caldilinea
ERR10036468.out	0.000175	191	364409	Granulibacter
ERR10036468.out	0.000175	191	599737	Wickerhamomyces
ERR10036468.out	0.000175	191	1070314	Halorussus
ERR10036468.out	0.000175	191	2039240	Anaerotignum
ERR10036468.out	0.000175	191	2651578	Thermoanaerosceptrum
ERR10036468.out	0.000174	190	168657	Hydrogenobaculum
ERR10036468.out	0.000174	190	1042315	Armatimonas
ERR10036468.out	0.000173	189	5277	Leucosporidium
ERR10036468.out	0.000173	189	29526	Syntrophobacter
ERR10036468.out	0.000173	189	290425	Advenella
ERR10036468.out	0.000173	189	623282	Psychrilyobacter
ERR10036468.out	0.000173	189	1418588	Tersicoccus
ERR10036468.out	0.000173	189	1813601	Pseudoroseicyclus
ERR10036468.out	0.000172	188	1051	Ectothiorhodospira
ERR10036468.out	0.000172	188	29907	Sporothrix
ERR10036468.out	0.000172	188	147559	Delphinella
ERR10036468.out	0.000172	188	160674	Raoultella
ERR10036468.out	0.000172	188	303379	Herminiimonas
ERR10036468.out	0.000172	188	369926	Brooklawnia
ERR10036468.out	0.000172	188	429014	Desulfopila
ERR10036468.out	0.000171	187	84404	Hippea
ERR10036468.out	0.000171	187	104351	Crepidotus
ERR10036468.out	0.000171	186	2357	Desulfomonile
ERR10036468.out	0.000171	186	4953	Zygosaccharomyces
ERR10036468.out	0.000171	186	182623	Smithella
ERR10036468.out	0.000171	186	996924	Mastigocoleus
ERR10036468.out	0.000171	186	1330546	Pluralibacter
ERR10036468.out	0.000171	186	2717325	Brevilactibacter
ERR10036468.out	0.000170	185	5538	Scytalidium
ERR10036468.out	0.000170	185	33071	Gloeobacter
ERR10036468.out	0.000170	185	78412	Cylindrodendrum
ERR10036468.out	0.000170	185	94642	Besnoitia
ERR10036468.out	0.000170	185	151754	Xenophilus
ERR10036468.out	0.000170	185	323413	Dokdonella
ERR10036468.out	0.000169	184	50056	Marinosulfonomonas
ERR10036468.out	0.000169	184	54258	Ignicoccus
ERR10036468.out	0.000169	184	60892	Desulfobacca
ERR10036468.out	0.000169	184	123375	Solobacterium
ERR10036468.out	0.000169	184	239934	Akkermansia
ERR10036468.out	0.000169	184	314126	Drechslerella
ERR10036468.out	0.000169	184	499228	Tepidanaerobacter
ERR10036468.out	0.000169	184	511189	Moelleriella
ERR10036468.out	0.000169	184	1433992	Chitinivorax
ERR10036468.out	0.000169	184	1621534	Paraglaciecola
ERR10036468.out	0.000168	183	3004	Rhizosolenia
ERR10036468.out	0.000168	183	435913	Fodinicola
ERR10036468.out	0.000168	183	1176129	Aulographum
ERR10036468.out	0.000167	182	5144	Podospora
ERR10036468.out	0.000167	182	124426	Ustilaginoidea
ERR10036468.out	0.000167	182	332100	Planifilum
ERR10036468.out	0.000167	182	875170	Celeribacter
ERR10036468.out	0.000166	181	74855	Terfezia
ERR10036468.out	0.000166	181	109882	Chytriomyces
ERR10036468.out	0.000166	181	197752	Pleurosigma
ERR10036468.out	0.000166	181	1433402	Glycocaulis
ERR10036468.out	0.000166	181	2732160	Candidatus Prometheoarchaeum
ERR10036468.out	0.000165	180	34451	Cortinarius
ERR10036468.out	0.000165	180	172190	Coniella
ERR10036468.out	0.000165	180	324777	Marssonina
ERR10036468.out	0.000165	180	404235	Maritimibacter
ERR10036468.out	0.000165	180	561967	Lepidopterella
ERR10036468.out	0.000165	180	690565	Serinibacter
ERR10036468.out	0.000164	179	801	Candidatus Symbiopectobacterium
ERR10036468.out	0.000164	179	59195	Rickettsiella
ERR10036468.out	0.000164	179	139111	Dendrothele
ERR10036468.out	0.000164	179	248744	Marvinbryantia
ERR10036468.out	0.000164	179	261933	Pleomorphomonas
ERR10036468.out	0.000164	179	908251	Branchiibius
ERR10036468.out	0.000163	178	184923	Methylocapsa
ERR10036468.out	0.000163	178	302485	Phaeobacter
ERR10036468.out	0.000163	178	453849	Henriciella
ERR10036468.out	0.000163	178	655352	Cohaesibacter
ERR10036468.out	0.000163	178	1775688	Jiella
ERR10036468.out	0.000163	178	1784839	Tenggerimyces
ERR10036468.out	0.000162	177	5740	Giardia
ERR10036468.out	0.000162	177	33170	Eremothecium
ERR10036468.out	0.000162	177	54304	Planktothrix
ERR10036468.out	0.000162	177	312278	Emticicia
ERR10036468.out	0.000162	177	314122	Dactylellina
ERR10036468.out	0.000162	177	745364	Luteipulveratus
ERR10036468.out	0.000162	177	1891915	Actinocrispum
ERR10036468.out	0.000162	177	2282741	Desulfofundulus
ERR10036468.out	0.000162	177	2716544	Chimaeribacter
ERR10036468.out	0.000162	177	2730923	Roseicella
ERR10036468.out	0.000162	177	2856573	Infirmifilum
ERR10036468.out	0.000161	176	50	Chondromyces
ERR10036468.out	0.000161	176	338583	Polymorphospora
ERR10036468.out	0.000161	176	417127	Zunongwangia
ERR10036468.out	0.000161	176	1606872	Flavimarina
ERR10036468.out	0.000161	176	2038697	Williamwhitmania
ERR10036468.out	0.000160	175	2791	Porphyridium
ERR10036468.out	0.000160	175	5706	Phytomonas
ERR10036468.out	0.000160	175	31980	Acetitomaculum
ERR10036468.out	0.000160	175	68756	Clavulina
ERR10036468.out	0.000160	175	178440	Opitutus
ERR10036468.out	0.000160	175	1005722	Phormidesmis
ERR10036468.out	0.000160	175	1213737	Schizopora
ERR10036468.out	0.000160	175	1326739	Calderihabitans
ERR10036468.out	0.000160	175	1912771	Halodesulfovibrio
ERR10036468.out	0.000160	175	2603324	Acidibrevibacterium
ERR10036468.out	0.000160	174	82802	Trichococcus
ERR10036468.out	0.000160	174	204037	Dickeya
ERR10036468.out	0.000160	174	1775468	Silvibacterium
ERR10036468.out	0.000159	173	4871	Endogone
ERR10036468.out	0.000159	173	52225	Mitsuokella
ERR10036468.out	0.000159	173	218207	Desulfatibacillum
ERR10036468.out	0.000159	173	741162	Lindgomyces
ERR10036468.out	0.000159	173	1029631	Amnibacterium
ERR10036468.out	0.000159	173	2800681	Aurantiacibacter
ERR10036468.out	0.000158	172	34484	Entomophthora
ERR10036468.out	0.000158	172	68779	Ramaria
ERR10036468.out	0.000158	172	70411	Frateuria
ERR10036468.out	0.000158	172	283810	Stackebrandtia
ERR10036468.out	0.000158	172	289201	Pontibacillus
ERR10036468.out	0.000158	172	2024199	Urinicoccus
ERR10036468.out	0.000157	171	33926	Candidatus Phytoplasma
ERR10036468.out	0.000157	171	67608	Microdochium
ERR10036468.out	0.000157	171	454159	Kiloniella
ERR10036468.out	0.000157	171	714959	Polyplosphaeria
ERR10036468.out	0.000157	171	946234	Flavonifractor
ERR10036468.out	0.000157	171	1940136	Tibeticola
ERR10036468.out	0.000156	170	5218	Exidia
ERR10036468.out	0.000156	170	29828	Lipomyces
ERR10036468.out	0.000156	170	31988	Aminobacter
ERR10036468.out	0.000156	170	85947	Didymosphaeria
ERR10036468.out	0.000156	170	2778528	Specibacter
ERR10036468.out	0.000155	169	238749	Diaphorobacter
ERR10036468.out	0.000155	169	2607661	Methanofervidicoccus
ERR10036468.out	0.000154	168	293136	Desulfitibacter
ERR10036468.out	0.000154	168	444459	Flagellimonas
ERR10036468.out	0.000154	168	1141978	Candidatus Magnetomorum
ERR10036468.out	0.000153	167	2023	Thermoactinomyces
ERR10036468.out	0.000153	167	77566	Hepatocystis
ERR10036468.out	0.000153	167	83612	Psychroflexus
ERR10036468.out	0.000153	167	93681	Roseateles
ERR10036468.out	0.000153	167	643217	Afifella
ERR10036468.out	0.000153	167	1653174	Actinotignum
ERR10036468.out	0.000153	167	1849822	Paraclostridium
ERR10036468.out	0.000152	166	5402	Russula
ERR10036468.out	0.000152	166	183669	Macromonas
ERR10036468.out	0.000152	166	561108	Jaminaea
ERR10036468.out	0.000152	166	1433300	Alteribacillus
ERR10036468.out	0.000152	166	1904377	Acuticoccus
ERR10036468.out	0.000152	166	2866728	Reticulibacter
ERR10036468.out	0.000151	165	143222	Salegentibacter
ERR10036468.out	0.000151	165	168658	Rhodoblastus
ERR10036468.out	0.000151	165	1659840	Sanghuangporus
ERR10036468.out	0.000151	165	2302916	Chloroparvula
ERR10036468.out	0.000151	165	2699245	Carideicomes
ERR10036468.out	0.000151	165	2699295	Embleya
ERR10036468.out	0.000150	164	5121	Erysiphe
ERR10036468.out	0.000150	164	36913	Lodderomyces
ERR10036468.out	0.000150	164	42367	Hirsutella
ERR10036468.out	0.000150	164	109875	Catenaria
ERR10036468.out	0.000149	163	776	Coxiella
ERR10036468.out	0.000149	163	28233	Geotoga
ERR10036468.out	0.000149	163	29175	Neospora
ERR10036468.out	0.000149	163	91559	Methanimicrococcus
ERR10036468.out	0.000149	163	100034	Massariosphaeria
ERR10036468.out	0.000149	163	471826	Candidatus Desulforudis
ERR10036468.out	0.000149	163	688353	Lichtheimia
ERR10036468.out	0.000149	163	1427172	Aminivibrio
ERR10036468.out	0.000149	163	2250589	Xinfangfangia
ERR10036468.out	0.000149	162	73918	Thermaerobacter
ERR10036468.out	0.000149	162	182061	Tetrapyrgos
ERR10036468.out	0.000149	162	222991	Alkanindiges
ERR10036468.out	0.000149	162	335927	Thalassobius
ERR10036468.out	0.000149	162	401624	Ceraceosorus
ERR10036468.out	0.000149	162	432330	Tumebacillus
ERR10036468.out	0.000149	162	1314700	Oceanibacterium
ERR10036468.out	0.000148	161	146	Spirochaeta
ERR10036468.out	0.000148	161	33202	Paecilomyces
ERR10036468.out	0.000148	161	46254	Oenococcus
ERR10036468.out	0.000148	161	147557	Byssothecium
ERR10036468.out	0.000148	161	215579	Schlegelella
ERR10036468.out	0.000148	161	504090	Kushneria
ERR10036468.out	0.000147	160	47022	Orbilia
ERR10036468.out	0.000147	160	78141	Oidiodendron
ERR10036468.out	0.000147	160	296014	Algicola
ERR10036468.out	0.000147	160	472568	Devriesea
ERR10036468.out	0.000147	160	1620700	Alkalinema
ERR10036468.out	0.000147	160	1874625	Lipingzhangella
ERR10036468.out	0.000147	160	1954472	Crassisporium
ERR10036468.out	0.000146	159	109632	Galerina
ERR10036468.out	0.000146	159	428711	Jonquetella
ERR10036468.out	0.000145	158	117999	Denitrovibrio
ERR10036468.out	0.000145	158	331971	Thalassobacillus
ERR10036468.out	0.000145	158	1145345	Bauldia
ERR10036468.out	0.000145	158	1182780	Magnetospira
ERR10036468.out	0.000145	158	2044848	Siccirubricoccus
ERR10036468.out	0.000144	157	49279	Gelidibacter
ERR10036468.out	0.000144	157	690884	Lophiotrema
ERR10036468.out	0.000144	157	1069494	Trueperella
ERR10036468.out	0.000144	157	1302778	Pseudoscardovia
ERR10036468.out	0.000144	157	1331730	Chryseoglobus
ERR10036468.out	0.000144	157	1562158	Neopestalotiopsis
ERR10036468.out	0.000144	157	1884930	Maledivibacter
ERR10036468.out	0.000144	157	2026172	Chengkuizengella
ERR10036468.out	0.000143	156	78924	Dimargaris
ERR10036468.out	0.000143	156	100883	Coprobacillus
ERR10036468.out	0.000143	156	120961	Roseiflexus
ERR10036468.out	0.000143	156	274470	Alkalibacter
ERR10036468.out	0.000143	156	1505663	Erysipelatoclostridium
ERR10036468.out	0.000143	156	1738655	Woeseia
ERR10036468.out	0.000143	156	1779136	Bradymonas
ERR10036468.out	0.000143	156	1784953	Sediminivirga
ERR10036468.out	0.000142	155	53	Nannocystis
ERR10036468.out	0.000142	155	4765	Achlya
ERR10036468.out	0.000142	155	35724	Macrophomina
ERR10036468.out	0.000142	155	47720	Lyophyllum
ERR10036468.out	0.000142	155	518755	Roseibacillus
ERR10036468.out	0.000142	155	2164137	Candidatus Lumbricidophila
ERR10036468.out	0.000141	154	112415	Letharia
ERR10036468.out	0.000141	154	367188	Haladaptatus
ERR10036468.out	0.000141	154	453209	Coleophoma
ERR10036468.out	0.000141	154	758601	Deinobacterium
ERR10036468.out	0.000141	154	1434009	Homoserinimonas
ERR10036468.out	0.000141	154	1918450	Cuneatibacter
ERR10036468.out	0.000141	154	2023242	Galliscardovia
ERR10036468.out	0.000140	153	95729	Stemphylium
ERR10036468.out	0.000140	153	227873	Pannonibacter
ERR10036468.out	0.000140	153	693074	Caldisericum
ERR10036468.out	0.000140	153	1335483	Shimwellia
ERR10036468.out	0.000140	153	1450170	Aaosphaeria
ERR10036468.out	0.000140	153	1649486	Rhizorhabdus
ERR10036468.out	0.000139	152	1101	Prosthecochloris
ERR10036468.out	0.000139	152	36046	Elaphomyces
ERR10036468.out	0.000139	152	43987	Geotrichum
ERR10036468.out	0.000139	152	186035	Fragilariopsis
ERR10036468.out	0.000139	152	359407	Methylotenera
ERR10036468.out	0.000139	152	370954	Staphylotrichum
ERR10036468.out	0.000139	152	2721100	Candidatus Heritagella
ERR10036468.out	0.000139	152	2794837	Schnuerera
ERR10036468.out	0.000139	152	2807415	Urbifossiella
ERR10036468.out	0.000138	151	1081	Rhodospirillum
ERR10036468.out	0.000138	151	5569	Cenococcum
ERR10036468.out	0.000138	151	107449	Phaffia
ERR10036468.out	0.000138	151	1649466	Marinicauda
ERR10036468.out	0.000138	151	2676837	Desertihabitans
ERR10036468.out	0.000138	151	2703677	Metasolibacillus
ERR10036468.out	0.000138	150	253255	Soehngenia
ERR10036468.out	0.000138	150	1231656	Clohesyomyces
ERR10036468.out	0.000138	150	1632780	Phreatobacter
ERR10036468.out	0.000138	150	1769718	Athalassotoga
ERR10036468.out	0.000138	150	1940855	Hypnocyclicus
ERR10036468.out	0.000137	149	38452	Rutstroemia
ERR10036468.out	0.000137	149	348581	Propionicicella
ERR10036468.out	0.000136	148	34019	Liberibacter
ERR10036468.out	0.000136	148	43429	Wilcoxina
ERR10036468.out	0.000136	148	223927	Oxalicibacterium
ERR10036468.out	0.000136	148	283785	Bizionia
ERR10036468.out	0.000136	148	299330	Lobosporangium
ERR10036468.out	0.000136	148	457933	Elioraea
ERR10036468.out	0.000136	148	492233	Thiohalorhabdus
ERR10036468.out	0.000136	148	669357	Geminocystis
ERR10036468.out	0.000136	148	674734	Alloactinosynnema
ERR10036468.out	0.000136	148	1406135	Breoghania
ERR10036468.out	0.000135	147	41953	Pseudo-nitzschia
ERR10036468.out	0.000135	147	43927	Halobaculum
ERR10036468.out	0.000135	147	45141	Cucurbitaria
ERR10036468.out	0.000135	147	136498	Phalansterium
ERR10036468.out	0.000135	147	167346	Fomitiporia
ERR10036468.out	0.000135	147	243627	Hydrocarboniphaga
ERR10036468.out	0.000135	147	1294511	Naumannella
ERR10036468.out	0.000135	147	1649468	Melaminivora
ERR10036468.out	0.000135	147	2822655	Endobacterium
ERR10036468.out	0.000134	146	5230	Auricularia
ERR10036468.out	0.000134	146	118259	Plenodomus
ERR10036468.out	0.000134	146	763439	Caenimonas
ERR10036468.out	0.000134	146	945765	Romeria
ERR10036468.out	0.000134	146	1434038	Rudaeicoccus
ERR10036468.out	0.000134	146	1649459	Hungatella
ERR10036468.out	0.000133	145	4836	Phycomyces
ERR10036468.out	0.000133	145	5021	Leptosphaeria
ERR10036468.out	0.000133	145	5450	Arthromyces
ERR10036468.out	0.000133	145	90268	Apophysomyces
ERR10036468.out	0.000133	145	1097466	Defluviimonas
ERR10036468.out	0.000133	145	1649508	Thermorudis
ERR10036468.out	0.000133	145	1955420	Silicimonas
ERR10036468.out	0.000133	145	2710870	Allorhizocola
ERR10036468.out	0.000132	144	5140	Neurospora
ERR10036468.out	0.000132	144	5369	Boletus
ERR10036468.out	0.000132	144	36065	Cantharellus
ERR10036468.out	0.000132	144	583360	Umezawaea
ERR10036468.out	0.000132	144	1492710	Oxynema
ERR10036468.out	0.000132	144	1494215	Verruconis
ERR10036468.out	0.000132	144	1654934	Desulfoprunum
ERR10036468.out	0.000131	143	1123	Chlorogloeopsis
ERR10036468.out	0.000131	143	53452	Lamprocystis
ERR10036468.out	0.000131	143	155977	Acaryochloris
ERR10036468.out	0.000131	143	499551	Methanolinea
ERR10036468.out	0.000131	143	1851468	Vanrija
ERR10036468.out	0.000131	143	2710873	Botryobacter
ERR10036468.out	0.000130	142	768	Anaplasma
ERR10036468.out	0.000130	142	44417	Cyclospora
ERR10036468.out	0.000130	142	56489	Thelephora
ERR10036468.out	0.000130	142	580596	Butyricicoccus
ERR10036468.out	0.000130	142	1434001	Extensimonas
ERR10036468.out	0.000130	142	1565532	Rouxiella
ERR10036468.out	0.000130	142	2676755	Croceibacterium
ERR10036468.out	0.000129	141	101126	Hesseltinella
ERR10036468.out	0.000129	141	371108	Saccharata
ERR10036468.out	0.000129	141	382513	Telmatospirillum
ERR10036468.out	0.000129	141	1579506	Roseimaritima
ERR10036468.out	0.000129	141	2714737	Alienimonas
ERR10036468.out	0.000128	140	27977	Nosema
ERR10036468.out	0.000128	140	37467	Pisolithus
ERR10036468.out	0.000128	140	37840	Pestalotiopsis
ERR10036468.out	0.000128	140	147496	Bimuria
ERR10036468.out	0.000128	140	150830	Roseibium
ERR10036468.out	0.000128	140	1504669	Rhizodiscina
ERR10036468.out	0.000127	139	68743	Pluteus
ERR10036468.out	0.000127	139	82986	Tatumella
ERR10036468.out	0.000127	139	604195	Cyberlindnera
ERR10036468.out	0.000127	139	1077886	Thermanaerothrix
ERR10036468.out	0.000127	139	1213720	Stomatobaculum
ERR10036468.out	0.000127	139	1734465	Tamaricihabitans
ERR10036468.out	0.000127	139	1915412	Candidatus Methanosuratus
ERR10036468.out	0.000127	138	2781	Gracilariopsis
ERR10036468.out	0.000127	138	212742	Morococcus
ERR10036468.out	0.000127	138	374469	Vanderwaltozyma
ERR10036468.out	0.000127	138	437504	Granulosicoccus
ERR10036468.out	0.000127	138	1431823	Candidatus Omnitrophus
ERR10036468.out	0.000127	138	1882482	Testicularia
ERR10036468.out	0.000127	138	2031119	Jiulongibacter
ERR10036468.out	0.000126	137	1064	Rhodocyclus
ERR10036468.out	0.000126	137	78914	Thamnocephalis
ERR10036468.out	0.000126	137	1132856	Rasamsonia
ERR10036468.out	0.000126	137	2025987	Nothophytophthora
ERR10036468.out	0.000126	137	2720805	Candidatus Flemingibacterium
ERR10036468.out	0.000125	136	191028	Leisingera
ERR10036468.out	0.000125	136	212111	Thiospirillum
ERR10036468.out	0.000125	136	279531	Dictyocoela
ERR10036468.out	0.000125	136	1518147	Wenyingzhuangia
ERR10036468.out	0.000125	136	1930924	Haematomicrobium
ERR10036468.out	0.000125	136	2791032	Candolleomyces
ERR10036468.out	0.000124	135	45402	Aquabacter
ERR10036468.out	0.000124	135	54788	Stagonospora
ERR10036468.out	0.000124	135	63742	Natrialba
ERR10036468.out	0.000124	135	77043	Rosellinia
ERR10036468.out	0.000124	135	85108	Halorhodospira
ERR10036468.out	0.000124	135	196136	Methanosalsum
ERR10036468.out	0.000124	135	1434022	Naasia
ERR10036468.out	0.000124	135	1835332	Verticiella
ERR10036468.out	0.000124	135	2202177	Candidatus Methylumidiphilus
ERR10036468.out	0.000123	134	6033	Encephalitozoon
ERR10036468.out	0.000123	134	72221	Thelohania
ERR10036468.out	0.000123	134	117062	Tephrocybe
ERR10036468.out	0.000123	134	180162	Cetobacterium
ERR10036468.out	0.000123	134	200903	Paraliobacillus
ERR10036468.out	0.000123	134	210429	Setomelanomma
ERR10036468.out	0.000123	134	232115	Mesonia
ERR10036468.out	0.000123	134	1037661	Microthyrium
ERR10036468.out	0.000123	134	1629825	Lanmaoa
ERR10036468.out	0.000123	134	2035811	Pseudodesulfovibrio
ERR10036468.out	0.000123	134	2786989	Koleobacter
ERR10036468.out	0.000123	134	2795973	Stieleria
ERR10036468.out	0.000122	133	245186	Loktanella
ERR10036468.out	0.000122	133	518753	Luteolibacter
ERR10036468.out	0.000122	133	1154586	Gaiella
ERR10036468.out	0.000122	133	1403714	Parapusillimonas
ERR10036468.out	0.000122	133	1508451	Polymorphobacter
ERR10036468.out	0.000122	133	1968878	Siccationidurans
ERR10036468.out	0.000122	133	2005371	Mangrovihabitans
ERR10036468.out	0.000122	133	2026842	Bifiguratus
ERR10036468.out	0.000122	133	2047735	Mangrovitalea
ERR10036468.out	0.000121	132	1649	Kurthia
ERR10036468.out	0.000121	132	68785	Sphaerobolus
ERR10036468.out	0.000121	132	104397	Epicoccum
ERR10036468.out	0.000121	132	145474	Helicosporidium
ERR10036468.out	0.000121	132	280472	Aquiflexum
ERR10036468.out	0.000121	132	397268	Thiohalomonas
ERR10036468.out	0.000121	132	669368	Coleofasciculus
ERR10036468.out	0.000121	132	866673	Marinifilum
ERR10036468.out	0.000121	132	1121253	Catelliglobosispora
ERR10036468.out	0.000121	132	1185872	Desertifilum
ERR10036468.out	0.000120	131	74317	Maricaulis
ERR10036468.out	0.000120	131	171003	Caloranaerobacter
ERR10036468.out	0.000120	131	1549126	Desulfatiglans
ERR10036468.out	0.000120	131	1929105	Anaeromicrobium
ERR10036468.out	0.000120	131	2022711	Methanonatronarchaeum
ERR10036468.out	0.000119	130	42360	Daldinia
ERR10036468.out	0.000119	130	49222	Sphaceloma
ERR10036468.out	0.000119	130	57739	Vogesella
ERR10036468.out	0.000119	130	162491	Oerskovia
ERR10036468.out	0.000119	130	282132	Candidatus Protochlamydia
ERR10036468.out	0.000119	130	291183	Lacinutrix
ERR10036468.out	0.000119	130	531859	Glonium
ERR10036468.out	0.000119	130	638847	Pyramidobacter
ERR10036468.out	0.000119	130	1324129	Pseudenhygromyxa
ERR10036468.out	0.000119	130	2706529	Segeticoccus
ERR10036468.out	0.000118	129	5115	Cryphonectria
ERR10036468.out	0.000118	129	34348	Mixia
ERR10036468.out	0.000118	129	41874	Bathycoccus
ERR10036468.out	0.000118	129	332102	Fluviicola
ERR10036468.out	0.000118	129	427925	Dethiobacter
ERR10036468.out	0.000118	129	489909	Nosocomiicoccus
ERR10036468.out	0.000118	129	1053253	Stylonectria
ERR10036468.out	0.000118	129	1354494	Phialemoniopsis
ERR10036468.out	0.000118	129	1744881	Sulfuricaulis
ERR10036468.out	0.000118	129	1778601	Apibacter
ERR10036468.out	0.000118	129	2293313	Candidatus Syntrophocurvum
ERR10036468.out	0.000118	129	2755140	Pseudoleptotrichia
ERR10036468.out	0.000117	128	984996	Mobilicoccus
ERR10036468.out	0.000117	128	1579476	Candidatus Chloroploca
ERR10036468.out	0.000116	127	1190	Fischerella
ERR10036468.out	0.000116	127	45299	Clathrospora
ERR10036468.out	0.000116	127	109326	Anaerovorax
ERR10036468.out	0.000116	127	147569	Myriangium
ERR10036468.out	0.000116	127	1434002	Falsirhodobacter
ERR10036468.out	0.000116	126	992	Flexibacter
ERR10036468.out	0.000116	126	5385	Xerocomus
ERR10036468.out	0.000116	126	45132	Botryosphaeria
ERR10036468.out	0.000116	126	175660	Pyrrhoderma
ERR10036468.out	0.000116	126	288793	Salinimonas
ERR10036468.out	0.000115	125	13242	Rarobacter
ERR10036468.out	0.000115	125	51668	Tetragenococcus
ERR10036468.out	0.000115	125	52607	Xenococcus
ERR10036468.out	0.000115	125	261825	Agarivorans
ERR10036468.out	0.000115	125	332951	Halovivax
ERR10036468.out	0.000115	125	866547	Guyanagaster
ERR10036468.out	0.000114	124	45156	Cyanidioschyzon
ERR10036468.out	0.000114	124	68288	Cyclobacterium
ERR10036468.out	0.000114	124	135587	Histomonas
ERR10036468.out	0.000114	124	515417	Amphritea
ERR10036468.out	0.000113	123	101100	Dissophora
ERR10036468.out	0.000113	123	360239	Tepidicella
ERR10036468.out	0.000113	123	857334	Candidatus Dactylopiibacterium
ERR10036468.out	0.000113	123	935200	Sulfuricella
ERR10036468.out	0.000113	123	1491576	Magnaporthiopsis
ERR10036468.out	0.000113	123	2795865	Thalassoglobus
ERR10036468.out	0.000113	123	2807511	Humisphaera
ERR10036468.out	0.000112	122	34487	Conidiobolus
ERR10036468.out	0.000112	122	63265	Sporisorium
ERR10036468.out	0.000112	122	1572763	Moheibacter
ERR10036468.out	0.000111	121	5357	Lentinus
ERR10036468.out	0.000111	121	5644	Stereum
ERR10036468.out	0.000111	121	38037	Rhynchosporium
ERR10036468.out	0.000111	121	66735	Diplodia
ERR10036468.out	0.000111	121	71917	Rhodocollybia
ERR10036468.out	0.000111	121	256319	Chlorobaculum
ERR10036468.out	0.000111	121	1470349	Candidatus Stoquefichus
ERR10036468.out	0.000111	121	2795013	Candidatus Fermentimicrarchaeum
ERR10036468.out	0.000111	121	2814902	Propylenella
ERR10036468.out	0.000110	120	898	Desulfomicrobium
ERR10036468.out	0.000110	120	4867	Linderina
ERR10036468.out	0.000110	120	66862	Ammoniphilus
ERR10036468.out	0.000110	120	93111	Bacidia
ERR10036468.out	0.000110	120	104264	Cellulophaga
ERR10036468.out	0.000110	120	110934	Agreia
ERR10036468.out	0.000110	120	160620	Lingulodinium
ERR10036468.out	0.000110	120	186188	Xylanimonas
ERR10036468.out	0.000110	120	258075	Eremomyces
ERR10036468.out	0.000110	120	1382832	Telmatocola
ERR10036468.out	0.000110	120	1914234	Fimbriiglobus
ERR10036468.out	0.000110	120	2767889	Loigolactobacillus
ERR10036468.out	0.000109	119	34016	Rhodobium
ERR10036468.out	0.000109	119	114154	Dichomitus
ERR10036468.out	0.000109	119	379899	Niabella
ERR10036468.out	0.000109	119	644355	Inhella
ERR10036468.out	0.000109	119	1918951	Methylotetracoccus
ERR10036468.out	0.000109	119	2676781	Aquisediminimonas
ERR10036468.out	0.000109	119	2680004	Protaetiibacter
ERR10036468.out	0.000109	119	2837511	Sutcliffiella
ERR10036468.out	0.000108	118	68903	Terracoccus
ERR10036468.out	0.000108	118	101851	Glarea
ERR10036468.out	0.000108	118	105983	Apiotrichum
ERR10036468.out	0.000108	118	243023	Pochonia
ERR10036468.out	0.000108	118	475087	Methanosphaerula
ERR10036468.out	0.000108	118	591374	Caldanaerovirga
ERR10036468.out	0.000108	118	1427149	Halomicroarcula
ERR10036468.out	0.000108	118	1649470	Minicystis
ERR10036468.out	0.000108	118	2795783	Pirellulimonas
ERR10036468.out	0.000108	118	2806252	Haloglomus
ERR10036468.out	0.000107	117	1011	Sporocytophaga
ERR10036468.out	0.000107	117	28219	Brachymonas
ERR10036468.out	0.000107	117	68776	Cyathus
ERR10036468.out	0.000107	117	332157	Larkinella
ERR10036468.out	0.000107	117	449972	Chelativorans
ERR10036468.out	0.000107	117	1493516	Paramicrosporidium
ERR10036468.out	0.000107	117	1544982	Mizugakiibacter
ERR10036468.out	0.000106	116	1111	Porphyrobacter
ERR10036468.out	0.000106	116	204286	Cobetia
ERR10036468.out	0.000106	116	380738	Candidatus Kuenenia
ERR10036468.out	0.000106	116	459786	Oscillibacter
ERR10036468.out	0.000106	116	556257	Pseudolabrys
ERR10036468.out	0.000106	116	1484898	Methyloceanibacter
ERR10036468.out	0.000106	116	1511648	Defluviitoga
ERR10036468.out	0.000106	116	1775697	Melghiribacillus
ERR10036468.out	0.000105	115	5333	Schizophyllum
ERR10036468.out	0.000105	115	34474	Fomitopsis
ERR10036468.out	0.000105	115	45153	Westerdykella
ERR10036468.out	0.000105	115	98402	Drechmeria
ERR10036468.out	0.000105	115	336830	Arsukibacterium
ERR10036468.out	0.000105	115	472058	Schumannella
ERR10036468.out	0.000105	115	1133570	Cesiribacter
ERR10036468.out	0.000105	115	1649454	Glaciihabitans
ERR10036468.out	0.000105	114	39965	Hypsizygus
ERR10036468.out	0.000105	114	67572	Psychromonas
ERR10036468.out	0.000105	114	84593	Verrucosispora
ERR10036468.out	0.000105	114	184977	Decorospora
ERR10036468.out	0.000104	113	96	Gallionella
ERR10036468.out	0.000104	113	123	Pirellula
ERR10036468.out	0.000104	113	40456	Fistulina
ERR10036468.out	0.000104	113	47182	Ascodesmis
ERR10036468.out	0.000104	113	114962	Heterodermia
ERR10036468.out	0.000104	113	201152	Carpediemonas
ERR10036468.out	0.000104	113	475230	Pullulanibacillus
ERR10036468.out	0.000104	113	703505	Patellaria
ERR10036468.out	0.000104	113	1434037	Rubrivirga
ERR10036468.out	0.000104	113	1763531	Confluentibacter
ERR10036468.out	0.000104	113	1861863	Sinimarinibacterium
ERR10036468.out	0.000103	112	42837	Ammonifex
ERR10036468.out	0.000103	112	100051	Delitschia
ERR10036468.out	0.000103	112	337004	Microcella
ERR10036468.out	0.000103	112	390887	Lophium
ERR10036468.out	0.000103	112	683756	Kinneretia
ERR10036468.out	0.000103	112	1217101	Haloactinopolyspora
ERR10036468.out	0.000103	112	1519186	Nguyenibacter
ERR10036468.out	0.000103	112	2304691	Thermoclostridium
ERR10036468.out	0.000103	112	2675230	Cytobacillus
ERR10036468.out	0.000103	112	2712271	Xylanivirga
ERR10036468.out	0.000102	111	43694	Acrasis
ERR10036468.out	0.000102	111	63958	Demetria
ERR10036468.out	0.000102	111	146825	Halorhabdus
ERR10036468.out	0.000102	111	234816	Auriculariopsis
ERR10036468.out	0.000102	111	947525	Miniimonas
ERR10036468.out	0.000102	111	1233054	Oceanicella
ERR10036468.out	0.000102	111	1494427	Tepidibacillus
ERR10036468.out	0.000102	111	1848399	Crassaminicella
ERR10036468.out	0.000101	110	532	Beijerinckia
ERR10036468.out	0.000101	110	27353	Cronartium
ERR10036468.out	0.000101	110	44675	Geothrix
ERR10036468.out	0.000101	110	140106	Neonectria
ERR10036468.out	0.000101	110	1137960	Allokutzneria
ERR10036468.out	0.000101	110	1215913	Litorilinea
ERR10036468.out	0.000101	110	1446465	Candidatus Acetothermum
ERR10036468.out	0.000101	110	1649512	Vulcaniibacterium
ERR10036468.out	0.000101	110	1838142	Cutaneotrichosporon
ERR10036468.out	0.000101	110	2250122	Candidatus Bipolaricaulis
ERR10036468.out	0.000101	110	2754714	Candidatus Hakubanella
ERR10036468.out	0.000100	109	5001	Sporidiobolus
ERR10036468.out	0.000100	109	43431	Sphaerosporella
ERR10036468.out	0.000100	109	2039723	Thiomicrorhabdus
ERR10036468.out	0.000099	108	5100	Amorphotheca
ERR10036468.out	0.000099	108	5352	Lentinula
ERR10036468.out	0.000099	108	29287	Natronococcus
ERR10036468.out	0.000099	108	50989	Rickenella
ERR10036468.out	0.000099	108	68787	Scleroderma
ERR10036468.out	0.000099	108	171163	Halosimplex
ERR10036468.out	0.000099	108	211469	Kineosphaera
ERR10036468.out	0.000099	108	1164863	Enteractinococcus
ERR10036468.out	0.000099	108	1501224	Hydrogenispora
ERR10036468.out	0.000099	108	2767322	Bowdeniella
ERR10036468.out	0.000098	107	80643	Gautieria
ERR10036468.out	0.000098	107	100715	Chloroherpeton
ERR10036468.out	0.000098	107	144548	Heliocybe
ERR10036468.out	0.000098	107	372047	Trichodelitschia
ERR10036468.out	0.000098	107	1755825	Egicoccus
ERR10036468.out	0.000098	107	2653802	Neoactinobaculum
ERR10036468.out	0.000097	106	66526	Balamuthia
ERR10036468.out	0.000097	106	66739	Lasiodiplodia
ERR10036468.out	0.000097	106	244127	Anaerotruncus
ERR10036468.out	0.000097	106	442527	Scopulibacillus
ERR10036468.out	0.000097	106	512381	Acidisoma
ERR10036468.out	0.000097	106	651660	Paenisporosarcina
ERR10036468.out	0.000097	106	1501226	Romboutsia
ERR10036468.out	0.000097	106	1902578	Candidatus Tokpelaia
ERR10036468.out	0.000096	105	5375	Rhizopogon
ERR10036468.out	0.000096	105	1910899	Naematelia
ERR10036468.out	0.000096	105	1960084	Rodentibacter
ERR10036468.out	0.000096	105	2126548	Miniphocibacter
ERR10036468.out	0.000095	104	33042	Coprococcus
ERR10036468.out	0.000095	104	69894	Tindallia
ERR10036468.out	0.000095	104	246873	Crocinitomix
ERR10036468.out	0.000095	104	314318	Prolixibacter
ERR10036468.out	0.000095	104	334767	Ignisphaera
ERR10036468.out	0.000095	104	353799	Halostagnicola
ERR10036468.out	0.000095	104	1155934	Marininema
ERR10036468.out	0.000094	103	204476	Labrys
ERR10036468.out	0.000094	103	224455	Hyalangium
ERR10036468.out	0.000094	103	261963	Kangiella
ERR10036468.out	0.000094	103	301203	Karstenula
ERR10036468.out	0.000094	103	754249	Luteimicrobium
ERR10036468.out	0.000094	103	1167830	Litorimonas
ERR10036468.out	0.000094	103	1470577	Paenirhodobacter
ERR10036468.out	0.000094	103	2593683	Ancrocorticia
ERR10036468.out	0.000094	103	2656786	Venustampulla
ERR10036468.out	0.000094	102	2279	Staphylothermus
ERR10036468.out	0.000094	102	133193	Alkalilimnicola
ERR10036468.out	0.000094	102	133746	Punctularia
ERR10036468.out	0.000094	102	1857932	Parahaliea
ERR10036468.out	0.000094	102	2211638	Limimaricola
ERR10036468.out	0.000094	102	2803845	Usitatibacter
ERR10036468.out	0.000093	101	44011	Ferrimonas
ERR10036468.out	0.000093	101	44474	Pleurocapsa
ERR10036468.out	0.000093	101	47054	Dethiosulfovibrio
ERR10036468.out	0.000093	101	83235	Postia
ERR10036468.out	0.000093	101	202949	Thermanaeromonas
ERR10036468.out	0.000093	101	460073	Segetibacter
ERR10036468.out	0.000093	101	861914	Fibrella
ERR10036468.out	0.000093	101	1003010	Strigomonas
ERR10036468.out	0.000093	101	1005038	Fimbriimonas
ERR10036468.out	0.000093	101	1607807	Candidatus Methanoplasma
ERR10036468.out	0.000093	101	1649279	Epibacterium
ERR10036468.out	0.000092	100	59	Vitreoscilla
ERR10036468.out	0.000092	100	5146	Sordaria
ERR10036468.out	0.000092	100	35235	Vavraia
ERR10036468.out	0.000092	100	40413	Desulforhopalus
ERR10036468.out	0.000092	100	460517	Komagataella
ERR10036468.out	0.000092	100	941338	Bhargavaea
ERR10036468.out	0.000092	100	947096	Porospora
ERR10036468.out	0.000092	100	1068904	Primorskyibacter
ERR10036468.out	0.000092	100	1335745	Spiribacter
ERR10036468.out	0.000091	99	73229	Emmonsia
ERR10036468.out	0.000091	99	127457	Thiobaca
ERR10036468.out	0.000091	99	157226	Jeotgalibacillus
ERR10036468.out	0.000091	99	388829	Hydnomerulius
ERR10036468.out	0.000091	99	402170	Lapillicoccus
ERR10036468.out	0.000091	99	2676233	Sphingosinithalassobacter
ERR10036468.out	0.000090	98	5097	Monascus
ERR10036468.out	0.000090	98	13705	Syncephalastrum
ERR10036468.out	0.000090	98	77674	Paracraurococcus
ERR10036468.out	0.000090	98	93368	Pseudaminobacter
ERR10036468.out	0.000090	98	233099	Ectothiorhodosinus
ERR10036468.out	0.000090	98	476201	Cardiosporidium
ERR10036468.out	0.000090	98	1495649	Thermoflexus
ERR10036468.out	0.000090	98	2201383	Mangrovicoccus
ERR10036468.out	0.000090	98	2491136	Candidatus Viridilinea
ERR10036468.out	0.000089	97	124224	Brackiella
ERR10036468.out	0.000089	97	139331	Denitromonas
ERR10036468.out	0.000089	97	201096	Alicycliphilus
ERR10036468.out	0.000089	97	599653	Tropicibacter
ERR10036468.out	0.000089	97	1769738	Compostibacillus
ERR10036468.out	0.000089	97	1829937	Longimonas
ERR10036468.out	0.000088	96	101	Flectobacillus
ERR10036468.out	0.000088	96	4998	Kockovaella
ERR10036468.out	0.000088	96	13275	Suttonella
ERR10036468.out	0.000088	96	13562	Heterobasidion
ERR10036468.out	0.000088	96	178469	Arenibacter
ERR10036468.out	0.000088	96	253238	Ethanoligenens
ERR10036468.out	0.000088	96	1082702	Lonsdalea
ERR10036468.out	0.000088	96	1400859	Candidatus Contendobacter
ERR10036468.out	0.000088	96	1647181	Allonocardiopsis
ERR10036468.out	0.000088	96	1738645	Caproiciproducens
ERR10036468.out	0.000087	95	5112	Epichloe
ERR10036468.out	0.000087	95	34448	Marasmius
ERR10036468.out	0.000087	95	38797	Neolentinus
ERR10036468.out	0.000087	95	146918	Salinibacter
ERR10036468.out	0.000087	95	1052683	Obba
ERR10036468.out	0.000087	95	1124625	Stakelama
ERR10036468.out	0.000087	95	1160973	Auritidibacter
ERR10036468.out	0.000087	95	1223303	Humitalea
ERR10036468.out	0.000087	95	1654787	Thiopseudomonas
ERR10036468.out	0.000087	95	2676121	Galactobacter
ERR10036468.out	0.000087	95	2715289	Amniculibacterium
ERR10036468.out	0.000086	94	2740	Peptococcus
ERR10036468.out	0.000086	94	40443	Gloeophyllum
ERR10036468.out	0.000086	94	80635	Coniophora
ERR10036468.out	0.000086	94	139105	Cylindrobasidium
ERR10036468.out	0.000086	94	141450	Oleiphilus
ERR10036468.out	0.000086	94	146813	Dendrosporobacter
ERR10036468.out	0.000086	94	292691	Gramella
ERR10036468.out	0.000086	94	320933	Salinibacillus
ERR10036468.out	0.000086	94	1055688	Sandaracinus
ERR10036468.out	0.000086	94	1193515	Snodgrassella
ERR10036468.out	0.000086	94	1433986	Actibacterium
ERR10036468.out	0.000086	94	1996557	Candidatus Nanobsidianus
ERR10036468.out	0.000086	94	2789201	Candidatus Vampirococcus
ERR10036468.out	0.000086	94	2814446	Roseiconus
ERR10036468.out	0.000085	93	13000	Chalara
ERR10036468.out	0.000085	93	32014	Iodobacter
ERR10036468.out	0.000085	93	45136	Sporormia
ERR10036468.out	0.000085	93	91493	Exserohilum
ERR10036468.out	0.000085	93	187144	Caldithrix
ERR10036468.out	0.000085	93	315422	Palleronia
ERR10036468.out	0.000085	93	359336	Castellaniella
ERR10036468.out	0.000085	93	1121254	Hamadaea
ERR10036468.out	0.000085	93	1217823	Xylona
ERR10036468.out	0.000085	93	1617805	Amylibacter
ERR10036468.out	0.000085	93	1647175	Aestuariispira
ERR10036468.out	0.000085	93	1648520	Conyzicola
ERR10036468.out	0.000085	93	1777753	Candidatus Finniella
ERR10036468.out	0.000085	93	2480624	Candidatus Moanabacter
ERR10036468.out	0.000085	93	2756312	Flavimobilis
ERR10036468.out	0.000084	92	5629	Laetiporus
ERR10036468.out	0.000084	92	54298	Chroococcidiopsis
ERR10036468.out	0.000084	92	139389	Plicaturopsis
ERR10036468.out	0.000084	92	577309	Paraprevotella
ERR10036468.out	0.000084	92	862261	Caldanaerobius
ERR10036468.out	0.000084	92	1003337	Angomonas
ERR10036468.out	0.000084	92	1172428	Thermotomaculum
ERR10036468.out	0.000084	92	1524249	Pseudohongiella
ERR10036468.out	0.000084	92	1649505	Thermocatellispora
ERR10036468.out	0.000084	92	1742983	Occallatibacter
ERR10036468.out	0.000084	92	1914252	Thermodesulfitimonas
ERR10036468.out	0.000084	92	2767888	Liquorilactobacillus
ERR10036468.out	0.000084	92	2800685	Pelagerythrobacter
ERR10036468.out	0.000083	91	1070	Rhodopila
ERR10036468.out	0.000083	91	47025	Dactylella
ERR10036468.out	0.000083	91	163316	Microspora
ERR10036468.out	0.000083	91	377315	Mariprofundus
ERR10036468.out	0.000083	91	516086	Clostridiisalibacter
ERR10036468.out	0.000083	91	1217416	Halioglobus
ERR10036468.out	0.000083	91	1462351	Candidatus Aerophobus
ERR10036468.out	0.000083	91	1643958	Roseiarcus
ERR10036468.out	0.000083	91	2100764	Mixta
ERR10036468.out	0.000083	91	2689590	Stagnimonas
ERR10036468.out	0.000083	91	2822410	Methylotuvimicrobium
ERR10036468.out	0.000083	91	2837503	Gottfriedia
ERR10036468.out	0.000083	90	13348	Arthrobotrys
ERR10036468.out	0.000083	90	119044	Filomicrobium
ERR10036468.out	0.000083	90	174684	Ordospora
ERR10036468.out	0.000083	90	290731	Aminiphilus
ERR10036468.out	0.000083	90	416949	Parapedobacter
ERR10036468.out	0.000083	90	459532	Terribacillus
ERR10036468.out	0.000083	90	1273155	Thiohalobacter
ERR10036468.out	0.000083	90	1548510	Microbacter
ERR10036468.out	0.000083	90	1763508	Lachnotalea
ERR10036468.out	0.000083	90	1988031	Candidatus Promineofilum
ERR10036468.out	0.000083	90	2004797	Luteitalea
ERR10036468.out	0.000082	89	2056	Sphaerobacter
ERR10036468.out	0.000082	89	28261	Thermodesulfovibrio
ERR10036468.out	0.000082	89	82309	Phlebiopsis
ERR10036468.out	0.000082	89	113604	Tetrapisispora
ERR10036468.out	0.000082	89	160516	Tirmania
ERR10036468.out	0.000082	89	230355	Methanolacinia
ERR10036468.out	0.000082	89	481178	Seohaeicola
ERR10036468.out	0.000082	89	747074	Tepidamorphus
ERR10036468.out	0.000082	89	889388	Chryseomicrobium
ERR10036468.out	0.000082	89	1511694	Thioalbus
ERR10036468.out	0.000082	89	1780299	Anaerosolibacter
ERR10036468.out	0.000082	89	2315418	Candidatus Sumerlaea
ERR10036468.out	0.000082	89	2498454	Lucifera
ERR10036468.out	0.000082	89	2823221	Allgaiera
ERR10036468.out	0.000082	89	2884102	Qaidamihabitans
ERR10036468.out	0.000081	88	404	Methylobacillus
ERR10036468.out	0.000081	88	48482	Reclinomonas
ERR10036468.out	0.000081	88	147572	Piedraia
ERR10036468.out	0.000081	88	191767	Plesiocystis
ERR10036468.out	0.000081	88	264688	Trichormus
ERR10036468.out	0.000081	88	1390972	Glutinoglossum
ERR10036468.out	0.000081	88	1434013	Labedaea
ERR10036468.out	0.000081	88	1440132	Modicella
ERR10036468.out	0.000081	88	1519373	Amphiplicatus
ERR10036468.out	0.000081	88	2590586	Histidinibacterium
ERR10036468.out	0.000081	88	2676247	Aquirufa
ERR10036468.out	0.000080	87	33874	Catenuloplanes
ERR10036468.out	0.000080	87	359169	Thermopolyspora
ERR10036468.out	0.000080	87	379068	Galbibacter
ERR10036468.out	0.000080	87	397275	Andreprevotia
ERR10036468.out	0.000080	87	1760987	Methylomagnum
ERR10036468.out	0.000080	87	1769012	Arachidicoccus
ERR10036468.out	0.000080	87	1884449	Salipaludibacillus
ERR10036468.out	0.000080	87	2033601	Thermosulfuriphilus
ERR10036468.out	0.000080	87	2511164	Microchloropsis
ERR10036468.out	0.000080	87	2767353	Lancefieldella
ERR10036468.out	0.000080	87	2774146	Frigoriglobus
ERR10036468.out	0.000080	87	2795426	Novipirellula
ERR10036468.out	0.000079	86	35089	Gregarina
ERR10036468.out	0.000079	86	69278	Aquamicrobium
ERR10036468.out	0.000079	86	81041	Antrodiella
ERR10036468.out	0.000079	86	216907	Paralia
ERR10036468.out	0.000079	86	396388	Aestuariimicrobium
ERR10036468.out	0.000079	86	1249016	Otariodibacter
ERR10036468.out	0.000079	86	2678352	Maribellus
ERR10036468.out	0.000079	86	2705399	Hypericibacter
ERR10036468.out	0.000079	86	2765402	Natrarchaeobaculum
ERR10036468.out	0.000078	85	1862	Dermatophilus
ERR10036468.out	0.000078	85	36658	Volvariella
ERR10036468.out	0.000078	85	150203	Blastomonas
ERR10036468.out	0.000078	85	159730	Thermovenabulum
ERR10036468.out	0.000078	85	227864	Cerasibacillus
ERR10036468.out	0.000078	85	232244	Belliella
ERR10036468.out	0.000078	85	262406	Thermobaculum
ERR10036468.out	0.000078	85	267849	Nitrincola
ERR10036468.out	0.000078	85	292636	Thermoflavimicrobium
ERR10036468.out	0.000078	85	299261	Tateyamaria
ERR10036468.out	0.000078	85	327281	Acephala
ERR10036468.out	0.000078	85	337670	Pilibacter
ERR10036468.out	0.000078	85	482136	Fangia
ERR10036468.out	0.000078	85	904708	Arenicella
ERR10036468.out	0.000078	85	1427378	Acetatifactor
ERR10036468.out	0.000078	85	1443143	Paravannella
ERR10036468.out	0.000078	85	1755683	Candidatus Berkiella
ERR10036468.out	0.000078	85	1775292	Motiliproteus
ERR10036468.out	0.000078	85	2692113	Gleimia
ERR10036468.out	0.000078	85	2772525	Putridiphycobacter
ERR10036468.out	0.000077	84	85076	Marichromatium
ERR10036468.out	0.000077	84	100175	Papillibacter
ERR10036468.out	0.000077	84	295577	Chthoniobacter
ERR10036468.out	0.000077	84	417293	Lentimonas
ERR10036468.out	0.000077	84	504465	Rhodovastum
ERR10036468.out	0.000077	84	1745324	Helicocarpus
ERR10036468.out	0.000077	84	2582836	Desulfohalovibrio
ERR10036468.out	0.000077	84	2609811	Thermothielavioides
ERR10036468.out	0.000077	84	2714592	Crateriforma
ERR10036468.out	0.000076	83	78910	Syncephalis
ERR10036468.out	0.000076	83	290180	Roseivirga
ERR10036468.out	0.000076	83	511678	Aliivibrio
ERR10036468.out	0.000076	83	1134403	Melioribacter
ERR10036468.out	0.000076	83	1241326	Rhizomicrobium
ERR10036468.out	0.000076	83	1278221	Auraticoccus
ERR10036468.out	0.000076	83	1433993	Chryseolinea
ERR10036468.out	0.000076	83	1433995	Cruoricaptor
ERR10036468.out	0.000076	83	1434034	Pricia
ERR10036468.out	0.000076	83	1913599	Peptoanaerobacter
ERR10036468.out	0.000076	83	1955773	Emergomyces
ERR10036468.out	0.000076	83	2078575	Psychromicrobium
ERR10036468.out	0.000076	83	2828338	Croceimicrobium
ERR10036468.out	0.000075	82	33983	Luteococcus
ERR10036468.out	0.000075	82	35838	Holophaga
ERR10036468.out	0.000075	82	45427	Amylocarpus
ERR10036468.out	0.000075	82	53328	Desulfospira
ERR10036468.out	0.000075	82	53456	Propioniferax
ERR10036468.out	0.000075	82	162291	Planomicrobium
ERR10036468.out	0.000075	82	198705	Lampropedia
ERR10036468.out	0.000075	82	301206	Macroventuria
ERR10036468.out	0.000075	82	767891	Candidatus Puniceispirillum
ERR10036468.out	0.000075	82	1288026	Arcticibacter
ERR10036468.out	0.000075	82	1424614	Thermoactinospora
ERR10036468.out	0.000074	81	581	Morganella
ERR10036468.out	0.000074	81	1651	Alloiococcus
ERR10036468.out	0.000074	81	40421	Bondarzewia
ERR10036468.out	0.000074	81	51366	Salinivibrio
ERR10036468.out	0.000074	81	89958	Natronincola
ERR10036468.out	0.000074	81	150366	Akanthomyces
ERR10036468.out	0.000074	81	191301	Caminibacter
ERR10036468.out	0.000074	81	355929	Yonghaparkia
ERR10036468.out	0.000074	81	444599	Hansschlegelia
ERR10036468.out	0.000074	81	529881	Aquiluna
ERR10036468.out	0.000074	81	766733	Scheffersomyces
ERR10036468.out	0.000074	81	2824551	Bieblia
ERR10036468.out	0.000073	80	702	Plesiomonas
ERR10036468.out	0.000073	80	5309	Athelia
ERR10036468.out	0.000073	80	53392	Thiodictyon
ERR10036468.out	0.000073	80	112993	Hysterangium
ERR10036468.out	0.000073	80	203804	Candidatus Blochmannia
ERR10036468.out	0.000073	80	1073986	Halobellus
ERR10036468.out	0.000073	80	2596745	Limnospira
ERR10036468.out	0.000073	80	2806742	Bailinhaonella
ERR10036468.out	0.000072	79	69474	Orientia
ERR10036468.out	0.000072	79	171436	Tistrella
ERR10036468.out	0.000072	79	360145	Grosmannia
ERR10036468.out	0.000072	79	433923	Pseudacidovorax
ERR10036468.out	0.000072	79	453229	Desulfarculus
ERR10036468.out	0.000072	79	477695	Thermogladius
ERR10036468.out	0.000072	79	495819	Spirobacillus
ERR10036468.out	0.000072	79	658061	Candidatus Koribacter
ERR10036468.out	0.000072	79	1458243	Pseudomaricurvus
ERR10036468.out	0.000072	79	1914156	Chiua
ERR10036468.out	0.000072	79	1937664	Criibacterium
ERR10036468.out	0.000072	78	47212	Trichophaea
ERR10036468.out	0.000072	78	60496	Thielaviopsis
ERR10036468.out	0.000072	78	162027	Haliangium
ERR10036468.out	0.000072	78	241192	Thermodesulfatator
ERR10036468.out	0.000072	78	375928	Natranaerobius
ERR10036468.out	0.000072	78	475080	Torrubiella
ERR10036468.out	0.000072	78	1434024	Natronoflexus
ERR10036468.out	0.000072	78	1565313	Methyloprofundus
ERR10036468.out	0.000072	78	2767882	Furfurilactobacillus
ERR10036468.out	0.000071	77	5748	Nannochloropsis
ERR10036468.out	0.000071	77	45787	Wickerhamiella
ERR10036468.out	0.000071	77	84111	Eggerthella
ERR10036468.out	0.000071	77	206664	Desulfonauticus
ERR10036468.out	0.000071	77	221723	Seculamonas
ERR10036468.out	0.000071	77	268408	Rhodovarius
ERR10036468.out	0.000071	77	1434050	Zhongshania
ERR10036468.out	0.000071	77	1542311	Acavomonas
ERR10036468.out	0.000071	77	1649495	Seonamhaeicola
ERR10036468.out	0.000071	77	1855362	Candidatus Thermokryptus
ERR10036468.out	0.000071	77	1868332	Neomicrococcus
ERR10036468.out	0.000071	77	1920251	Antricoccus
ERR10036468.out	0.000071	77	2792075	Pontixanthobacter
ERR10036468.out	0.000070	76	82976	Buttiauxella
ERR10036468.out	0.000070	76	146936	Azonexus
ERR10036468.out	0.000070	76	156993	Reichenbachiella
ERR10036468.out	0.000070	76	373984	Rivularia
ERR10036468.out	0.000070	76	407951	Neofusicoccum
ERR10036468.out	0.000070	76	574697	Butyricimonas
ERR10036468.out	0.000070	76	1594166	Oricola
ERR10036468.out	0.000070	76	1609627	Hydrogenibacillus
ERR10036468.out	0.000070	76	1804794	Kalmanozyma
ERR10036468.out	0.000070	76	1827277	Aliterella
ERR10036468.out	0.000069	75	33187	Uncinocarpus
ERR10036468.out	0.000069	75	111830	Defluviicoccus
ERR10036468.out	0.000069	75	214904	Tepidibacter
ERR10036468.out	0.000069	75	218112	Phellinidium
ERR10036468.out	0.000069	75	248111	Gomphillus
ERR10036468.out	0.000069	75	359337	Marinimicrobium
ERR10036468.out	0.000069	75	926359	Natronoarchaeum
ERR10036468.out	0.000069	75	1471399	Draconibacterium
ERR10036468.out	0.000069	75	1859128	Candidatus Electrothrix
ERR10036468.out	0.000068	74	943	Ehrlichia
ERR10036468.out	0.000068	74	2349	Haliscomenobacter
ERR10036468.out	0.000068	74	2697	Heliobacterium
ERR10036468.out	0.000068	74	60846	Halogeometricum
ERR10036468.out	0.000068	74	111142	Alishewanella
ERR10036468.out	0.000068	74	172900	Victivallis
ERR10036468.out	0.000068	74	180962	Flammula
ERR10036468.out	0.000068	74	568988	Candidatus Regiella
ERR10036468.out	0.000068	74	1017183	Camelimonas
ERR10036468.out	0.000068	74	1206748	Nitrolancea
ERR10036468.out	0.000068	74	1562565	Pyrinomonas
ERR10036468.out	0.000068	74	1853226	Salinivenus
ERR10036468.out	0.000068	74	1868323	Candidatus Thermochlorobacter
ERR10036468.out	0.000068	74	2419833	Candidatus Ozemobacter
ERR10036468.out	0.000068	74	2675102	Aestuariisphingobium
ERR10036468.out	0.000068	74	2731450	Limnoglobus
ERR10036468.out	0.000067	73	5159	Ophiostoma
ERR10036468.out	0.000067	73	40436	Daedalea
ERR10036468.out	0.000067	73	54692	Chlorociboria
ERR10036468.out	0.000067	73	64498	Choanephora
ERR10036468.out	0.000067	73	128538	Hymenena
ERR10036468.out	0.000067	73	150372	Escovopsis
ERR10036468.out	0.000067	73	227085	Bigelowiella
ERR10036468.out	0.000067	73	236052	Propionicimonas
ERR10036468.out	0.000067	73	346096	Paludibacter
ERR10036468.out	0.000067	73	1401161	Sodiomyces
ERR10036468.out	0.000067	73	1433987	Amantichitinum
ERR10036468.out	0.000067	73	1608404	Puniceibacterium
ERR10036468.out	0.000067	73	1755832	Haloimpatiens
ERR10036468.out	0.000067	73	1914229	Aliidongia
ERR10036468.out	0.000067	73	1940143	Dankookia
ERR10036468.out	0.000067	73	2795778	Caulifigura
ERR10036468.out	0.000067	73	2796146	Candidatus Nitrosacidococcus
ERR10036468.out	0.000066	72	5010	Taphrina
ERR10036468.out	0.000066	72	40840	Succiniclasticum
ERR10036468.out	0.000066	72	446680	Eudoraea
ERR10036468.out	0.000066	72	526215	Thalassobaculum
ERR10036468.out	0.000066	72	2005375	Alkalicoccus
ERR10036468.out	0.000065	71	29825	Neolecta
ERR10036468.out	0.000065	71	50729	Ampelomyces
ERR10036468.out	0.000065	71	59740	Persicobacter
ERR10036468.out	0.000065	71	88358	Thermodesulforhabdus
ERR10036468.out	0.000065	71	144540	Pseudotulostoma
ERR10036468.out	0.000065	71	433838	Pseudoxanthobacter
ERR10036468.out	0.000065	71	530098	Blastosporella
ERR10036468.out	0.000065	71	561367	Salinimicrobium
ERR10036468.out	0.000065	71	568394	Pseudogulbenkiania
ERR10036468.out	0.000065	71	648802	Rummeliibacillus
ERR10036468.out	0.000065	71	947567	Litoreibacter
ERR10036468.out	0.000065	71	1049006	Fortiea
ERR10036468.out	0.000065	71	1392389	Intestinimonas
ERR10036468.out	0.000065	71	1400054	Allocatelliglobosispora
ERR10036468.out	0.000065	71	1541818	Sedimentitalea
ERR10036468.out	0.000065	71	1549750	Lomentospora
ERR10036468.out	0.000065	71	1654931	Crenobacter
ERR10036468.out	0.000065	71	1759396	Marivivens
ERR10036468.out	0.000065	71	2172022	Pinisolibacter
ERR10036468.out	0.000065	71	2608728	Acidisarcina
ERR10036468.out	0.000065	71	2689587	Suicoccus
ERR10036468.out	0.000065	71	2840454	Candidatus Formimonas
ERR10036468.out	0.000064	70	35836	Desulfacinum
ERR10036468.out	0.000064	70	97095	Eutypa
ERR10036468.out	0.000064	70	139276	Dacryopinax
ERR10036468.out	0.000064	70	766502	Millerozyma
ERR10036468.out	0.000064	70	1611681	Mucinivorans
ERR10036468.out	0.000064	70	2018671	Imhoffiella
ERR10036468.out	0.000064	70	2547964	Parashewanella
ERR10036468.out	0.000064	70	2663134	Pseudogemmobacter
ERR10036468.out	0.000064	70	2767877	Apilactobacillus
ERR10036468.out	0.000064	70	2779869	Lunasporangiospora
ERR10036468.out	0.000063	69	1099	Pelodictyon
ERR10036468.out	0.000063	69	44639	Choiromyces
ERR10036468.out	0.000063	69	121820	Roseinatronobacter
ERR10036468.out	0.000063	69	230494	Reinekea
ERR10036468.out	0.000063	69	300264	Silvimonas
ERR10036468.out	0.000063	69	311181	Denitratisoma
ERR10036468.out	0.000063	69	394505	Salirhabdus
ERR10036468.out	0.000063	69	446948	Diplocarpon
ERR10036468.out	0.000063	69	503005	Dasania
ERR10036468.out	0.000063	69	885864	Jeongeupia
ERR10036468.out	0.000063	69	1158982	Calidifontibacter
ERR10036468.out	0.000063	69	1907535	Candidatus Thiosymbion
ERR10036468.out	0.000063	69	2865859	Arenibaculum
ERR10036468.out	0.000062	68	44261	Oxobacter
ERR10036468.out	0.000062	68	58122	Spirillospora
ERR10036468.out	0.000062	68	146784	Bacteriovorax
ERR10036468.out	0.000062	68	186310	Calycina
ERR10036468.out	0.000062	68	213223	Geothermobacter
ERR10036468.out	0.000062	68	400060	Paludibacterium
ERR10036468.out	0.000062	68	586132	Nematocida
ERR10036468.out	0.000062	68	700450	Siphonobacter
ERR10036468.out	0.000062	68	1161125	Helcobacillus
ERR10036468.out	0.000062	68	1400386	Bythopirellula
ERR10036468.out	0.000062	68	1929135	Halofilum
ERR10036468.out	0.000062	68	2563777	Lactimicrobium
ERR10036468.out	0.000062	68	2661779	Sapientia
ERR10036468.out	0.000061	67	44748	Sporobacter
ERR10036468.out	0.000061	67	70742	Peronospora
ERR10036468.out	0.000061	67	863253	Marinicella
ERR10036468.out	0.000061	67	940550	Gilvimarinus
ERR10036468.out	0.000061	67	1207070	Oceaniovalibus
ERR10036468.out	0.000061	67	1649292	Falsochrobactrum
ERR10036468.out	0.000061	67	1654719	Pseudochelatococcus
ERR10036468.out	0.000061	67	2041181	Caldovatus
ERR10036468.out	0.000061	67	2779868	Gamsiella
ERR10036468.out	0.000061	67	2873978	Phycocomes
ERR10036468.out	0.000061	66	34392	Microsporum
ERR10036468.out	0.000061	66	227388	Thermodesulfobium
ERR10036468.out	0.000061	66	252301	Oceanicola
ERR10036468.out	0.000061	66	265980	Alkalimonas
ERR10036468.out	0.000061	66	1433996	Desulfobaculum
ERR10036468.out	0.000061	66	1804994	Longimicrobium
ERR10036468.out	0.000061	66	2750657	Pontiella
ERR10036468.out	0.000061	66	2800678	Alteraurantiacibacter
ERR10036468.out	0.000060	65	2237	Haloarcula
ERR10036468.out	0.000060	65	5199	Cladonia
ERR10036468.out	0.000060	65	82800	Desemzia
ERR10036468.out	0.000060	65	90372	Thiomargarita
ERR10036468.out	0.000060	65	133269	Hydrogenothermus
ERR10036468.out	0.000060	65	158483	Cedecea
ERR10036468.out	0.000060	65	415014	Proteiniborus
ERR10036468.out	0.000060	65	649461	Lacibacter
ERR10036468.out	0.000060	65	1618113	Saccharicrinis
ERR10036468.out	0.000060	65	1699066	Candidatus Arcanobacter
ERR10036468.out	0.000060	65	2029873	Monaibacterium
ERR10036468.out	0.000060	65	2303493	Zestosphaera
ERR10036468.out	0.000060	65	2759657	Cyanidiococcus
ERR10036468.out	0.000060	65	2837504	Heyndrickxia
ERR10036468.out	0.000059	64	34453	Hebeloma
ERR10036468.out	0.000059	64	68774	Crucibulum
ERR10036468.out	0.000059	64	81060	Steccherinum
ERR10036468.out	0.000059	64	172620	Imshaugia
ERR10036468.out	0.000059	64	223785	Hydrogenimonas
ERR10036468.out	0.000059	64	600332	Zavarzinella
ERR10036468.out	0.000059	64	886360	Rudaea
ERR10036468.out	0.000059	64	1266053	Algiphilus
ERR10036468.out	0.000059	64	1335631	Frischella
ERR10036468.out	0.000059	64	1738658	Sulfurirhabdus
ERR10036468.out	0.000059	64	2679998	Arundinibacter
ERR10036468.out	0.000059	64	2718863	Pararobbsia
ERR10036468.out	0.000058	63	2195	Methanogenium
ERR10036468.out	0.000058	63	46205	Pseudobutyrivibrio
ERR10036468.out	0.000058	63	111638	Alectoria
ERR10036468.out	0.000058	63	162171	Magnetococcus
ERR10036468.out	0.000058	63	186475	Kouleothrix
ERR10036468.out	0.000058	63	217063	Oleomonas
ERR10036468.out	0.000058	63	225143	Oceanisphaera
ERR10036468.out	0.000058	63	230666	Chitinibacter
ERR10036468.out	0.000058	63	1176354	Hamiltosporidium
ERR10036468.out	0.000058	63	1434005	Fontimonas
ERR10036468.out	0.000058	63	1649471	Mobilitalea
ERR10036468.out	0.000058	63	2767890	Paucilactobacillus
ERR10036468.out	0.000057	62	541	Zymomonas
ERR10036468.out	0.000057	62	5157	Ceratocystis
ERR10036468.out	0.000057	62	42054	Chromohalobacter
ERR10036468.out	0.000057	62	45662	Desulfohalobium
ERR10036468.out	0.000057	62	77021	Cylindrospermopsis
ERR10036468.out	0.000057	62	241189	Hespellia
ERR10036468.out	0.000057	62	497721	Desulfoluna
ERR10036468.out	0.000057	62	630749	Spongiibacter
ERR10036468.out	0.000057	62	937601	Mucidula
ERR10036468.out	0.000057	62	1382931	Ardenticatena
ERR10036468.out	0.000057	62	1434049	Thermophagus
ERR10036468.out	0.000057	62	1774136	Garicola
ERR10036468.out	0.000057	62	2137425	Novimethylophilus
ERR10036468.out	0.000057	62	2171991	Candidatus Nanogingivalis
ERR10036468.out	0.000057	62	2490452	Serpentinomonas
ERR10036468.out	0.000057	62	2795780	Symmachiella
ERR10036468.out	0.000056	61	2319	Methanopyrus
ERR10036468.out	0.000056	61	28222	Desulfobacula
ERR10036468.out	0.000056	61	44259	Filifactor
ERR10036468.out	0.000056	61	56112	Dehalobacter
ERR10036468.out	0.000056	61	101141	Thamnidium
ERR10036468.out	0.000056	61	200670	Crenothrix
ERR10036468.out	0.000056	61	1564515	Phaeodactylibacter
ERR10036468.out	0.000056	61	1659686	Candidatus Nephrothrix
ERR10036468.out	0.000056	61	1820341	Crenalkalicoccus
ERR10036468.out	0.000056	61	2307285	Flavipsychrobacter
ERR10036468.out	0.000056	61	2650923	Aestuariivirga
ERR10036468.out	0.000056	61	2815784	Inconstantimicrobium
ERR10036468.out	0.000055	60	911	Nitrobacter
ERR10036468.out	0.000055	60	40459	Hericium
ERR10036468.out	0.000055	60	44747	Holospora
ERR10036468.out	0.000055	60	82373	Anaerovibrio
ERR10036468.out	0.000055	60	1170227	Candidatus Methylomirabilis
ERR10036468.out	0.000055	60	1538468	Povalibacter
ERR10036468.out	0.000055	60	1649475	Paludibaculum
ERR10036468.out	0.000055	60	2173855	Marinitenerispora
ERR10036468.out	0.000055	60	2494209	Capsulimonas
ERR10036468.out	0.000055	60	2709685	Parasphingorhabdus
ERR10036468.out	0.000054	59	40751	Thioploca
ERR10036468.out	0.000054	59	150781	Astraeus
ERR10036468.out	0.000054	59	317045	Kuraishia
ERR10036468.out	0.000054	59	653686	Wenxinia
ERR10036468.out	0.000054	59	907202	Rubricoccus
ERR10036468.out	0.000054	59	1263978	Candidatus Endolissoclinum
ERR10036468.out	0.000054	59	1649268	Endobacter
ERR10036468.out	0.000054	59	1689250	Gorillibacterium
ERR10036468.out	0.000054	59	1707752	Hanstruepera
ERR10036468.out	0.000054	59	1915381	Nannizzia
ERR10036468.out	0.000054	59	1924110	Massilimicrobiota
ERR10036468.out	0.000054	59	1945896	Vitiosangium
ERR10036468.out	0.000054	59	2071601	Thermostaphylospora
ERR10036468.out	0.000054	59	2590666	Gynurincola
ERR10036468.out	0.000054	59	2758906	Entomomonas
ERR10036468.out	0.000054	59	2815786	Sodaliphilus
ERR10036468.out	0.000054	59	2883098	Candidatus Mesenet
ERR10036468.out	0.000053	58	88723	Natrinema
ERR10036468.out	0.000053	58	150059	Halonatronum
ERR10036468.out	0.000053	58	241421	Crinalium
ERR10036468.out	0.000053	58	265103	Trichoglossum
ERR10036468.out	0.000053	58	340096	Tuberibacillus
ERR10036468.out	0.000053	58	568987	Candidatus Hamiltonella
ERR10036468.out	0.000053	58	1400055	Murinocardiopsis
ERR10036468.out	0.000053	58	1408818	Youngiibacter
ERR10036468.out	0.000053	58	1434019	Mameliella
ERR10036468.out	0.000053	58	1572663	Chishuiella
ERR10036468.out	0.000053	58	1734920	Pseudorhodoplanes
ERR10036468.out	0.000053	58	1768185	Terracidiphilus
ERR10036468.out	0.000053	58	1775705	Frigidibacter
ERR10036468.out	0.000053	58	1940564	Juglanconis
ERR10036468.out	0.000053	58	2023214	Koinonema
ERR10036468.out	0.000053	58	2025617	Ketobacter
ERR10036468.out	0.000053	58	2039709	Desertibacillus
ERR10036468.out	0.000053	58	2709666	Pseudolysobacter
ERR10036468.out	0.000053	58	2806031	Ginsengibacter
ERR10036468.out	0.000053	58	2823232	Allosphingosinicella
ERR10036468.out	0.000052	57	978	Cytophaga
ERR10036468.out	0.000052	57	65412	Phaeoacremonium
ERR10036468.out	0.000052	57	70185	Spongospora
ERR10036468.out	0.000052	57	286729	Alkaliflexus
ERR10036468.out	0.000052	57	354349	Pseudochrobactrum
ERR10036468.out	0.000052	57	392735	Uliginosibacterium
ERR10036468.out	0.000052	57	700595	Desulfocurvus
ERR10036468.out	0.000052	57	1481960	Peptoclostridium
ERR10036468.out	0.000052	57	1637744	Aminicella
ERR10036468.out	0.000052	57	1774131	Hydrobacter
ERR10036468.out	0.000052	57	1937999	Hugenholtzia
ERR10036468.out	0.000052	57	2100741	Oleiharenicola
ERR10036468.out	0.000052	57	2767318	Boudabousia
ERR10036468.out	0.000052	57	2800680	Alteriqipengyuania
ERR10036468.out	0.000052	57	2828734	Puerhibacterium
ERR10036468.out	0.000051	56	5502	Curvularia
ERR10036468.out	0.000051	56	27971	Enterocytozoon
ERR10036468.out	0.000051	56	54247	Hyperthermus
ERR10036468.out	0.000051	56	81466	Aminobacterium
ERR10036468.out	0.000051	56	160800	Methylosarcina
ERR10036468.out	0.000051	56	203697	Derxia
ERR10036468.out	0.000051	56	349312	Krasilnikovia
ERR10036468.out	0.000051	56	765413	Pelagicola
ERR10036468.out	0.000051	56	1055692	Chitinolyticbacter
ERR10036468.out	0.000051	56	1234545	Parasphingopyxis
ERR10036468.out	0.000051	56	1649497	Spelaeicoccus
ERR10036468.out	0.000051	56	2678887	Oleisolibacter
ERR10036468.out	0.000051	56	2761499	Porcisia
ERR10036468.out	0.000051	56	2812025	Syntrophotalea
ERR10036468.out	0.000050	55	4917	Pachysolen
ERR10036468.out	0.000050	55	42232	Spirilliplanes
ERR10036468.out	0.000050	55	83766	Propionivibrio
ERR10036468.out	0.000050	55	273135	Candidatus Cardinium
ERR10036468.out	0.000050	55	376170	Haloplanus
ERR10036468.out	0.000050	55	422440	Stenoxybacter
ERR10036468.out	0.000050	55	580880	Amorphus
ERR10036468.out	0.000050	55	660514	Novispirillum
ERR10036468.out	0.000050	55	1004303	Ferruginibacter
ERR10036468.out	0.000050	55	1330547	Kosakonia
ERR10036468.out	0.000050	55	1522432	Pseudoduganella
ERR10036468.out	0.000050	55	1649488	Rivicola
ERR10036468.out	0.000050	55	1706036	Gemmatirosa
ERR10036468.out	0.000050	55	1911565	Marispirochaeta
ERR10036468.out	0.000050	55	2045098	Puia
ERR10036468.out	0.000050	54	100815	Madurella
ERR10036468.out	0.000050	54	436357	Thalassococcus
ERR10036468.out	0.000050	54	929509	Solitalea
ERR10036468.out	0.000050	54	1265689	Nafulsella
ERR10036468.out	0.000050	54	1295378	Methylogaea
ERR10036468.out	0.000050	54	1341118	Luminiphilus
ERR10036468.out	0.000050	54	1890291	Falcatimonas
ERR10036468.out	0.000050	54	2024958	Alkalispirochaeta
ERR10036468.out	0.000050	54	2795775	Lignipirellula
ERR10036468.out	0.000049	53	18	Pelobacter
ERR10036468.out	0.000049	53	72021	Methylarcula
ERR10036468.out	0.000049	53	267986	Owenweeksia
ERR10036468.out	0.000049	53	561442	Anaerovirgula
ERR10036468.out	0.000049	53	1187078	Cecembia
ERR10036468.out	0.000049	53	1254401	Sunxiuqinia
ERR10036468.out	0.000049	53	1540147	Tortispora
ERR10036468.out	0.000049	53	1612611	Pararhizobium
ERR10036468.out	0.000049	53	2545700	Candidatus Methanodesulfokores
ERR10036468.out	0.000049	53	2720802	Candidatus Avispirillum
ERR10036468.out	0.000049	53	2758103	Candidatus Manganitrophus
ERR10036468.out	0.000048	52	28250	Ornithobacterium
ERR10036468.out	0.000048	52	69961	Azomonas
ERR10036468.out	0.000048	52	81894	Prosthecomicrobium
ERR10036468.out	0.000048	52	117544	Cytospora
ERR10036468.out	0.000048	52	410829	Sugiyamaella
ERR10036468.out	0.000048	52	455076	Rhodocytophaga
ERR10036468.out	0.000048	52	455358	Balneola
ERR10036468.out	0.000048	52	518733	Microterricola
ERR10036468.out	0.000048	52	585890	Chitiniphilus
ERR10036468.out	0.000048	52	660628	Insolitispirillum
ERR10036468.out	0.000048	52	1485594	Methyloligella
ERR10036468.out	0.000048	52	1628153	Carboxylicivirga
ERR10036468.out	0.000048	52	1874621	Panacibacter
ERR10036468.out	0.000048	52	1920207	Thermothelomyces
ERR10036468.out	0.000048	52	2821512	Algihabitans
ERR10036468.out	0.000047	51	2016	Streptoalloteichus
ERR10036468.out	0.000047	51	5307	Phlebia
ERR10036468.out	0.000047	51	34100	Filibacter
ERR10036468.out	0.000047	51	63259	Melanopsichium
ERR10036468.out	0.000047	51	91914	Asaia
ERR10036468.out	0.000047	51	212790	Sulfurihydrogenibium
ERR10036468.out	0.000047	51	347533	Zobellella
ERR10036468.out	0.000047	51	577310	Parasutterella
ERR10036468.out	0.000047	51	659693	Oceanibaculum
ERR10036468.out	0.000047	51	1220599	Phaeovibrio
ERR10036468.out	0.000047	51	1495041	Thermopetrobacter
ERR10036468.out	0.000047	51	1539666	Suhomyces
ERR10036468.out	0.000047	51	1649487	Rhizorhapis
ERR10036468.out	0.000047	51	2109263	Abditibacterium
ERR10036468.out	0.000047	51	2678884	Anaerosacchariphilus
ERR10036468.out	0.000047	51	2740558	Lacisediminihabitans
ERR10036468.out	0.000047	51	2819870	Foetidibacter
ERR10036468.out	0.000047	51	2856051	Candidatus Nanohalobium
ERR10036468.out	0.000046	50	637	Arsenophonus
ERR10036468.out	0.000046	50	63399	Arthroderma
ERR10036468.out	0.000046	50	109383	Sclerotium
ERR10036468.out	0.000046	50	132607	Planktothricoides
ERR10036468.out	0.000046	50	293431	Haloquadratum
ERR10036468.out	0.000046	50	353541	Hyphodiscus
ERR10036468.out	0.000046	50	667112	Lutispora
ERR10036468.out	0.000046	50	766748	Babjeviella
ERR10036468.out	0.000046	50	987053	Rhodoligotrophos
ERR10036468.out	0.000046	50	1433997	Diaminobutyricimonas
ERR10036468.out	0.000046	50	1844270	Stenomitos
ERR10036468.out	0.000046	50	1960290	Pacificimonas
ERR10036468.out	0.000046	50	2109346	Parvibium
ERR10036468.out	0.000046	50	2815788	Hallerella
ERR10036468.out	0.000045	49	42447	Anaerobranca
ERR10036468.out	0.000045	49	68034	Sporotomaculum
ERR10036468.out	0.000045	49	80614	Melanogaster
ERR10036468.out	0.000045	49	80618	Asterophora
ERR10036468.out	0.000045	49	212744	Rugamonas
ERR10036468.out	0.000045	49	240577	Sticholonche
ERR10036468.out	0.000045	49	610116	Aliihoeflea
ERR10036468.out	0.000045	49	693222	Gloeocapsopsis
ERR10036468.out	0.000045	49	1031282	Candidatus Marithrix
ERR10036468.out	0.000045	49	1081667	Hepatospora
ERR10036468.out	0.000045	49	1573535	Holdemanella
ERR10036468.out	0.000045	49	1930845	Ndongobacter
ERR10036468.out	0.000045	49	2789662	Candidatus Nanosynsacchari
ERR10036468.out	0.000045	49	2795692	Nitrosophilus
ERR10036468.out	0.000044	48	56054	Bogoriella
ERR10036468.out	0.000044	48	82202	Centipeda
ERR10036468.out	0.000044	48	88270	Picocystis
ERR10036468.out	0.000044	48	196013	Caldimonas
ERR10036468.out	0.000044	48	263066	Malikia
ERR10036468.out	0.000044	48	1196389	Zygotorulaspora
ERR10036468.out	0.000044	48	1321364	Tistlia
ERR10036468.out	0.000044	48	1434006	Fretibacterium
ERR10036468.out	0.000044	48	1649478	Pelolinea
ERR10036468.out	0.000044	48	1692042	Sulfurifustis
ERR10036468.out	0.000044	48	1938335	Sulfuritortus
ERR10036468.out	0.000044	48	2024975	Silvanigrella
ERR10036468.out	0.000044	48	2036017	Consotaella
ERR10036468.out	0.000044	48	2698688	Paraflavitalea
ERR10036468.out	0.000044	48	2831684	Marinisubtilis
ERR10036468.out	0.000043	47	39709	Spironucleus
ERR10036468.out	0.000043	47	40118	Candidatus Magnetobacterium
ERR10036468.out	0.000043	47	80645	Gyrodon
ERR10036468.out	0.000043	47	84756	Beutenbergia
ERR10036468.out	0.000043	47	158846	Megamonas
ERR10036468.out	0.000043	47	237444	Ulvibacter
ERR10036468.out	0.000043	47	451512	Mangrovibacter
ERR10036468.out	0.000043	47	529883	Rhodoluna
ERR10036468.out	0.000043	47	718013	Thermasporomyces
ERR10036468.out	0.000043	47	1210119	Ohtaekwangia
ERR10036468.out	0.000043	47	1505652	Terrisporobacter
ERR10036468.out	0.000043	47	1649514	Zhizhongheella
ERR10036468.out	0.000043	47	1676651	Limnochorda
ERR10036468.out	0.000043	47	1769713	Flexilinea
ERR10036468.out	0.000043	47	1913444	Candidatus Thiodiazotropha
ERR10036468.out	0.000043	47	1924093	Anaeromassilibacillus
ERR10036468.out	0.000043	47	1926655	Marseilla
ERR10036468.out	0.000043	47	2211641	Yoonia
ERR10036468.out	0.000043	47	2678534	Corticimicrobacter
ERR10036468.out	0.000043	47	2714594	Bremerella
ERR10036468.out	0.000043	47	2720809	Candidatus Alangreenwoodia
ERR10036468.out	0.000043	47	2823226	Allosediminivita
ERR10036468.out	0.000042	46	973	Sporohalobacter
ERR10036468.out	0.000042	46	57479	Microvirgula
ERR10036468.out	0.000042	46	158481	Hahella
ERR10036468.out	0.000042	46	171868	Thermovibrio
ERR10036468.out	0.000042	46	221065	Kordia
ERR10036468.out	0.000042	46	292486	Avibacterium
ERR10036468.out	0.000042	46	405552	Haloactinospora
ERR10036468.out	0.000042	46	485576	Aquisalibacillus
ERR10036468.out	0.000042	46	599838	Fibroporia
ERR10036468.out	0.000042	46	907197	Psychrosphaera
ERR10036468.out	0.000042	46	1032526	Pedosphaera
ERR10036468.out	0.000042	46	1211036	Mangrovimonas
ERR10036468.out	0.000042	46	1408194	Endomicrobium
ERR10036468.out	0.000042	46	1434047	Spinactinospora
ERR10036468.out	0.000042	46	1813600	Candidatus Tenderia
ERR10036468.out	0.000042	46	1855714	Anaerobium
ERR10036468.out	0.000042	46	1859129	Candidatus Electronema
ERR10036468.out	0.000042	46	1979385	Candidatus Roseilinea
ERR10036468.out	0.000042	46	2883512	Citrifermentans
ERR10036468.out	0.000041	45	4948	Torulaspora
ERR10036468.out	0.000041	45	34000	Acidomonas
ERR10036468.out	0.000041	45	43947	Tolumonas
ERR10036468.out	0.000041	45	84646	Candidatus Odyssella
ERR10036468.out	0.000041	45	244698	Gillisia
ERR10036468.out	0.000041	45	373053	Calditerricola
ERR10036468.out	0.000041	45	412033	Celerinatantimonas
ERR10036468.out	0.000041	45	659428	Marivita
ERR10036468.out	0.000041	45	1077265	Chthonomonas
ERR10036468.out	0.000041	45	1400827	Plasticicumulans
ERR10036468.out	0.000041	45	1434030	Phytomonospora
ERR10036468.out	0.000041	45	1612341	Roholtiella
ERR10036468.out	0.000041	45	1616789	Salinispira
ERR10036468.out	0.000041	45	1769729	Hathewaya
ERR10036468.out	0.000041	45	2071980	Pararheinheimera
ERR10036468.out	0.000041	45	2807312	Candidatus Sarmatiella
ERR10036468.out	0.000041	45	2855478	Salibaculum
ERR10036468.out	0.000040	44	1232	Nitrosovibrio
ERR10036468.out	0.000040	44	54251	Pyrolobus
ERR10036468.out	0.000040	44	187492	Thalassolituus
ERR10036468.out	0.000040	44	269258	Nitratiruptor
ERR10036468.out	0.000040	44	439698	Pseudosporangium
ERR10036468.out	0.000040	44	519427	Sharpea
ERR10036468.out	0.000040	44	545865	Calditerrivibrio
ERR10036468.out	0.000040	44	695982	Halogranum
ERR10036468.out	0.000040	44	1400059	Pontibaca
ERR10036468.out	0.000040	44	1400060	Roseibaca
ERR10036468.out	0.000040	44	1663051	Sphagnurus
ERR10036468.out	0.000040	44	1679002	Candidatus Methylopumilus
ERR10036468.out	0.000040	44	1808977	Candidatus Methylospira
ERR10036468.out	0.000040	44	1974209	Rhodohalobacter
ERR10036468.out	0.000040	44	2770094	Biomaibacter
ERR10036468.out	0.000040	44	2838250	Kaustia
ERR10036468.out	0.000039	43	31983	Helcococcus
ERR10036468.out	0.000039	43	70992	Flexithrix
ERR10036468.out	0.000039	43	153232	Oceanicaulis
ERR10036468.out	0.000039	43	375673	Paraferrimonas
ERR10036468.out	0.000039	43	381430	Panacagrimonas
ERR10036468.out	0.000039	43	482629	Hassalia
ERR10036468.out	0.000039	43	496496	Viridibacillus
ERR10036468.out	0.000039	43	767528	Geomicrobium
ERR10036468.out	0.000039	43	1453544	Tahibacter
ERR10036468.out	0.000039	43	1649455	Halopolyspora
ERR10036468.out	0.000039	43	1655429	Savagea
ERR10036468.out	0.000039	43	1663717	Herbinix
ERR10036468.out	0.000039	43	1763447	Halosiccatus
ERR10036468.out	0.000039	43	1789690	Flaviaesturariibacter
ERR10036468.out	0.000039	43	1920241	Aliikangiella
ERR10036468.out	0.000039	43	1987010	Massilimaliae
ERR10036468.out	0.000039	43	2603321	Candidatus Deianiraea
ERR10036468.out	0.000039	43	2682247	Pseudorivibacter
ERR10036468.out	0.000039	43	2819281	Acidiluteibacter
ERR10036468.out	0.000039	42	933	Thiomicrospira
ERR10036468.out	0.000039	42	31479	Hildenbrandia
ERR10036468.out	0.000039	42	32068	Sebaldella
ERR10036468.out	0.000039	42	33073	Zymobacter
ERR10036468.out	0.000039	42	63682	Lobosphaera
ERR10036468.out	0.000039	42	102115	Stanieria
ERR10036468.out	0.000039	42	217510	Fulvimarina
ERR10036468.out	0.000039	42	334107	Conchiformibius
ERR10036468.out	0.000039	42	336260	Thermovirga
ERR10036468.out	0.000039	42	393661	Congregibacter
ERR10036468.out	0.000039	42	399320	Sphaerochaeta
ERR10036468.out	0.000039	42	419014	Alloscardovia
ERR10036468.out	0.000039	42	644652	Gordonibacter
ERR10036468.out	0.000039	42	882045	Cuspidothrix
ERR10036468.out	0.000039	42	1792303	Sphaerimonospora
ERR10036468.out	0.000039	42	1924105	Neglecta
ERR10036468.out	0.000039	42	1940395	Caenibacillus
ERR10036468.out	0.000039	42	2212731	Thiofilum
ERR10036468.out	0.000039	42	2321115	Halarcobacter
ERR10036468.out	0.000039	42	2721114	Candidatus Paralachnospira
ERR10036468.out	0.000039	42	2731402	Antribacter
ERR10036468.out	0.000039	42	2824145	Antarcticimicrobium
ERR10036468.out	0.000039	42	2873964	Psittacicella
ERR10036468.out	0.000039	42	2885697	Gephyromycinifex
ERR10036468.out	0.000038	41	4778	Bremia
ERR10036468.out	0.000038	41	59738	Marinilabilia
ERR10036468.out	0.000038	41	61653	Methylopila
ERR10036468.out	0.000038	41	66848	Desulfonatronum
ERR10036468.out	0.000038	41	110103	Anabaenopsis
ERR10036468.out	0.000038	41	155196	Fulvimonas
ERR10036468.out	0.000038	41	205889	Albidovulum
ERR10036468.out	0.000038	41	475966	Leptolinea
ERR10036468.out	0.000038	41	650341	Leeia
ERR10036468.out	0.000038	41	1445609	Hephaestia
ERR10036468.out	0.000038	41	1472649	Dielma
ERR10036468.out	0.000038	41	1647178	Aliicoccus
ERR10036468.out	0.000038	41	1705729	Candidatus Adiutrix
ERR10036468.out	0.000038	41	1712422	Euryhalocaulis
ERR10036468.out	0.000038	41	1932705	Iningainema
ERR10036468.out	0.000038	41	2707020	Aerosticca
ERR10036468.out	0.000038	41	2813041	Vannielia
ERR10036468.out	0.000038	41	2828371	Calidifontimicrobium
ERR10036468.out	0.000038	41	2866729	Ktedonospora
ERR10036468.out	0.000037	40	1119	Aphanocapsa
ERR10036468.out	0.000037	40	5498	Cladosporium
ERR10036468.out	0.000037	40	56106	Cylindrospermum
ERR10036468.out	0.000037	40	78388	Coniothyrium
ERR10036468.out	0.000037	40	83400	Roseospirillum
ERR10036468.out	0.000037	40	132605	Limnothrix
ERR10036468.out	0.000037	40	339721	Desulfovermiculus
ERR10036468.out	0.000037	40	643951	Pelagibius
ERR10036468.out	0.000037	40	1081670	Enterospora
ERR10036468.out	0.000037	40	1143004	Methyloferula
ERR10036468.out	0.000037	40	1221209	Methylomarinum
ERR10036468.out	0.000037	40	1303912	Desulfatitalea
ERR10036468.out	0.000037	40	1648503	Canibacter
ERR10036468.out	0.000037	40	1769746	Pseudobacteriovorax
ERR10036468.out	0.000037	40	1774589	Lunatimonas
ERR10036468.out	0.000037	40	1866960	Amphiamblys
ERR10036468.out	0.000037	40	1874526	Kovacikia
ERR10036468.out	0.000037	40	1980514	Halodesulfurarchaeum
ERR10036468.out	0.000037	40	2036011	Limibaculum
ERR10036468.out	0.000037	40	2042899	Andreesenia
ERR10036468.out	0.000037	40	2321187	Poseidonibacter
ERR10036468.out	0.000037	40	2662142	Oceanibium
ERR10036468.out	0.000037	40	2721118	Candidatus Pseudolachnospira
ERR10036468.out	0.000037	40	2767327	Fannyhessea
ERR10036468.out	0.000037	40	2815785	Scrofimicrobium
ERR10036468.out	0.000037	40	2839095	Candidatus Methylacidithermus
ERR10036468.out	0.000036	39	2308	Pyrodictium
ERR10036468.out	0.000036	39	155493	Gallibacterium
ERR10036468.out	0.000036	39	204473	Angulomicrobium
ERR10036468.out	0.000036	39	231052	Saccharibacter
ERR10036468.out	0.000036	39	365032	Aureispira
ERR10036468.out	0.000036	39	490828	Lutimaribacter
ERR10036468.out	0.000036	39	909928	Negativicoccus
ERR10036468.out	0.000036	39	1648505	Chiayiivirga
ERR10036468.out	0.000036	39	1769726	Niveibacterium
ERR10036468.out	0.000036	39	1927833	Candidatus Fukatsuia
ERR10036468.out	0.000036	39	1949218	Telluribacter
ERR10036468.out	0.000036	39	2040486	Gellertiella
ERR10036468.out	0.000036	39	2051044	Tuwongella
ERR10036468.out	0.000036	39	2212691	Thiolinea
ERR10036468.out	0.000036	39	2719231	Lacrimispora
ERR10036468.out	0.000036	39	2812952	Natronogracilivirgula
ERR10036468.out	0.000036	39	2828764	Zafaria
ERR10036468.out	0.000036	39	2868274	Metallococcus
ERR10036468.out	0.000035	38	48598	Lithothamnion
ERR10036468.out	0.000035	38	92944	Ketogulonicigenium
ERR10036468.out	0.000035	38	115780	Desulfotignum
ERR10036468.out	0.000035	38	196079	Oceanobacter
ERR10036468.out	0.000035	38	374468	Nakaseomyces
ERR10036468.out	0.000035	38	442869	Acanthopleuribacter
ERR10036468.out	0.000035	38	649462	Gracilimonas
ERR10036468.out	0.000035	38	665568	Paraoerskovia
ERR10036468.out	0.000035	38	1132766	Alpinimonas
ERR10036468.out	0.000035	38	1313115	Magnetovibrio
ERR10036468.out	0.000035	38	1472344	Basilea
ERR10036468.out	0.000035	38	1550243	Aetokthonos
ERR10036468.out	0.000035	38	1558474	Oceanococcus
ERR10036468.out	0.000035	38	1775716	Methylobrevis
ERR10036468.out	0.000035	38	1824856	Oceanivirga
ERR10036468.out	0.000035	38	1884792	Pseudoflavitalea
ERR10036468.out	0.000035	38	2039718	Marivibrio
ERR10036468.out	0.000035	38	2810357	Jinshanibacter
ERR10036468.out	0.000035	38	2857076	Anthocerotibacter
ERR10036468.out	0.000034	37	936	Thiovulum
ERR10036468.out	0.000034	37	1266	Sarcina
ERR10036468.out	0.000034	37	52605	Myxosarcina
ERR10036468.out	0.000034	37	112902	Propionispora
ERR10036468.out	0.000034	37	168808	Sneathia
ERR10036468.out	0.000034	37	191769	Marinilactibacillus
ERR10036468.out	0.000034	37	390876	Nisaea
ERR10036468.out	0.000034	37	467084	Candidatus Symbiothrix
ERR10036468.out	0.000034	37	1084558	Oceanicoccus
ERR10036468.out	0.000034	37	1125862	Deferrisoma
ERR10036468.out	0.000034	37	1158296	Poseidonocella
ERR10036468.out	0.000034	37	1161127	Murdochiella
ERR10036468.out	0.000034	37	1817584	Maliponia
ERR10036468.out	0.000034	37	1833962	Actinorugispora
ERR10036468.out	0.000034	37	2703874	Albitalea
ERR10036468.out	0.000034	37	2717700	Phragmitibacter
ERR10036468.out	0.000033	36	28884	Hydrogenovibrio
ERR10036468.out	0.000033	36	118747	Bulleidia
ERR10036468.out	0.000033	36	157591	Sterolibacterium
ERR10036468.out	0.000033	36	192992	Thermoleophilum
ERR10036468.out	0.000033	36	228972	Xylanibacterium
ERR10036468.out	0.000033	36	311453	Anncaliia
ERR10036468.out	0.000033	36	362865	Sandarakinorhabdus
ERR10036468.out	0.000033	36	406099	Aquisalimonas
ERR10036468.out	0.000033	36	488937	Desulfonatronospira
ERR10036468.out	0.000033	36	1122284	Pseudoteredinibacter
ERR10036468.out	0.000033	36	1397106	Fodinibius
ERR10036468.out	0.000033	36	1910789	Diutina
ERR10036468.out	0.000033	36	1938003	Thermoflexibacter
ERR10036468.out	0.000033	36	2047815	Quasibacillus
ERR10036468.out	0.000033	36	2792293	Pseudopontixanthobacter
ERR10036468.out	0.000033	36	2795605	Aureliella
ERR10036468.out	0.000033	36	2834378	Entomospira
ERR10036468.out	0.000032	35	1023	Microscilla
ERR10036468.out	0.000032	35	2755	Brochothrix
ERR10036468.out	0.000032	35	3118	Ulva
ERR10036468.out	0.000032	35	48861	Peltigera
ERR10036468.out	0.000032	35	106146	Pelistega
ERR10036468.out	0.000032	35	332518	Halospina
ERR10036468.out	0.000032	35	411566	Candidatus Midichloria
ERR10036468.out	0.000032	35	508459	Cloacibacillus
ERR10036468.out	0.000032	35	745410	Gallaecimonas
ERR10036468.out	0.000032	35	1236988	Geofilum
ERR10036468.out	0.000032	35	1274351	Kroppenstedtia
ERR10036468.out	0.000032	35	1330545	Lelliottia
ERR10036468.out	0.000032	35	1400062	Tranquillimonas
ERR10036468.out	0.000032	35	1522431	Thermosulfurimonas
ERR10036468.out	0.000032	35	1640884	Rhodobaculum
ERR10036468.out	0.000032	35	1658781	Aliiroseovarius
ERR10036468.out	0.000032	35	2249306	Solimicrobium
ERR10036468.out	0.000032	35	2603319	Chachezhania
ERR10036468.out	0.000032	35	2698753	Fluviispira
ERR10036468.out	0.000032	35	2772198	Sulfurimicrobium
ERR10036468.out	0.000031	34	43994	Johnsonella
ERR10036468.out	0.000031	34	146865	Pseudoloma
ERR10036468.out	0.000031	34	158851	Trabulsiella
ERR10036468.out	0.000031	34	232523	Hylemonella
ERR10036468.out	0.000031	34	236752	Fastidiosipila
ERR10036468.out	0.000031	34	267989	Lebetimonas
ERR10036468.out	0.000031	34	656899	Schlesneria
ERR10036468.out	0.000031	34	1434008	Hasllibacter
ERR10036468.out	0.000031	34	1453359	Candidatus Atelocyanobacterium
ERR10036468.out	0.000031	34	1535207	Barrientosiimonas
ERR10036468.out	0.000031	34	1822461	Negadavirga
ERR10036468.out	0.000031	34	2706524	Rariglobus
ERR10036468.out	0.000030	33	5104	Ascosphaera
ERR10036468.out	0.000030	33	53945	Octadecabacter
ERR10036468.out	0.000030	33	112008	Ignatzschineria
ERR10036468.out	0.000030	33	137583	Thalassomonas
ERR10036468.out	0.000030	33	256846	Lentisphaera
ERR10036468.out	0.000030	33	336276	Olleya
ERR10036468.out	0.000030	33	1209946	Roseicitreum
ERR10036468.out	0.000030	33	1246635	Desulfamplus
ERR10036468.out	0.000030	33	1358438	Lutibaculum
ERR10036468.out	0.000030	33	1395977	Aidingimonas
ERR10036468.out	0.000030	33	1499082	Sulfurisoma
ERR10036468.out	0.000030	33	1502180	Alsobacter
ERR10036468.out	0.000030	33	1631197	Allosalinactinospora
ERR10036468.out	0.000030	33	2172823	Sansalvadorimonas
ERR10036468.out	0.000030	33	2565776	Isachenkonia
ERR10036468.out	0.000030	33	2614439	Candidatus Magnetaquicoccus
ERR10036468.out	0.000030	33	2680005	Pseudolysinimonas
ERR10036468.out	0.000030	33	2680022	Deminuibacter
ERR10036468.out	0.000030	33	2762562	Flavilitoribacter
ERR10036468.out	0.000030	33	2800679	Altericroceibacterium
ERR10036468.out	0.000029	32	568	Hafnia
ERR10036468.out	0.000029	32	36034	Saccharomycodes
ERR10036468.out	0.000029	32	56358	Sandaracinobacter
ERR10036468.out	0.000029	32	153497	Kozakia
ERR10036468.out	0.000029	32	169055	Nordella
ERR10036468.out	0.000029	32	376488	Halotalea
ERR10036468.out	0.000029	32	444052	Tanticharoenia
ERR10036468.out	0.000029	32	449810	Lutimonas
ERR10036468.out	0.000029	32	1091044	Elstera
ERR10036468.out	0.000029	32	1148163	Paralcaligenes
ERR10036468.out	0.000029	32	1344362	Rehaibacterium
ERR10036468.out	0.000029	32	1348505	Polycladomyces
ERR10036468.out	0.000029	32	1400058	Hwanghaeicola
ERR10036468.out	0.000029	32	1522128	Catalinimonas
ERR10036468.out	0.000029	32	1905344	Ruthenibacterium
ERR10036468.out	0.000029	32	1940407	Candidatus Vecturithrix
ERR10036468.out	0.000029	32	2047740	Rhodosalinus
ERR10036468.out	0.000029	32	2056696	Cysteiniphilum
ERR10036468.out	0.000029	32	2170555	Candidatus Carbobacillus
ERR10036468.out	0.000029	32	2321114	Malaciobacter
ERR10036468.out	0.000029	32	2661936	Ferruginivarius
ERR10036468.out	0.000029	32	2713642	Methylicorpusculum
ERR10036468.out	0.000029	32	2752545	Exilibacterium
ERR10036468.out	0.000029	32	2788933	Alteripontixanthobacter
ERR10036468.out	0.000029	32	2807414	Anatilimnocola
ERR10036468.out	0.000029	32	2838311	Natronoglycomyces
ERR10036468.out	0.000028	31	2179	Methanothermus
ERR10036468.out	0.000028	31	41201	Ewingella
ERR10036468.out	0.000028	31	77583	Craurococcus
ERR10036468.out	0.000028	31	107830	Myxobacter
ERR10036468.out	0.000028	31	309512	Dinoroseobacter
ERR10036468.out	0.000028	31	599651	Bermanella
ERR10036468.out	0.000028	31	661182	Perlucidibaca
ERR10036468.out	0.000028	31	1042323	Pacificibacter
ERR10036468.out	0.000028	31	1230698	Marisediminicola
ERR10036468.out	0.000028	31	1341013	Litorimicrobium
ERR10036468.out	0.000028	31	1649493	Seleniivibrio
ERR10036468.out	0.000028	31	1914260	Arsenicibacter
ERR10036468.out	0.000028	31	2034504	Sulfurivermis
ERR10036468.out	0.000028	31	2282761	Zhengella
ERR10036468.out	0.000028	31	2599621	Candidatus Eremiobacter
ERR10036468.out	0.000028	31	2675671	Ilyomonas
ERR10036468.out	0.000028	31	2705385	Puteibacter
ERR10036468.out	0.000028	31	2712688	Salaquimonas
ERR10036468.out	0.000028	31	2780027	Falsigemmobacter
ERR10036468.out	0.000028	31	2840314	Alterinioella
ERR10036468.out	0.000028	31	2860291	Geomesophilobacter
ERR10036468.out	0.000028	30	28073	Lyngbya
ERR10036468.out	0.000028	30	35800	Nitrospina
ERR10036468.out	0.000028	30	158848	Moellerella
ERR10036468.out	0.000028	30	189326	Gelria
ERR10036468.out	0.000028	30	216431	Croceibacter
ERR10036468.out	0.000028	30	225447	Yaniella
ERR10036468.out	0.000028	30	268175	Chondrocystis
ERR10036468.out	0.000028	30	289244	Xylanimicrobium
ERR10036468.out	0.000028	30	316625	Saccharophagus
ERR10036468.out	0.000028	30	456826	Candidatus Cloacimonas
ERR10036468.out	0.000028	30	497742	Desulfatirhabdium
ERR10036468.out	0.000028	30	582472	Wohlfahrtiimonas
ERR10036468.out	0.000028	30	608658	Citreimonas
ERR10036468.out	0.000028	30	869896	Halonotius
ERR10036468.out	0.000028	30	1231242	Ferrovibrio
ERR10036468.out	0.000028	30	1269201	Salinarchaeum
ERR10036468.out	0.000028	30	1535192	Desulfocarbo
ERR10036468.out	0.000028	30	1573806	Mariniphaga
ERR10036468.out	0.000028	30	1577779	Phaeocystidibacter
ERR10036468.out	0.000028	30	1579315	Halocynthiibacter
ERR10036468.out	0.000028	30	2211639	Pseudaestuariivita
ERR10036468.out	0.000028	30	2766927	Persicimonas
ERR10036468.out	0.000027	29	33055	Candidatus Kinetoplastibacterium
ERR10036468.out	0.000027	29	61593	Thiorhodovibrio
ERR10036468.out	0.000027	29	85273	Rhodothalassium
ERR10036468.out	0.000027	29	87171	Natronohydrobacter
ERR10036468.out	0.000027	29	98443	Richelia
ERR10036468.out	0.000027	29	156885	Thioflavicoccus
ERR10036468.out	0.000027	29	157932	Paucimonas
ERR10036468.out	0.000027	29	282682	Citreicella
ERR10036468.out	0.000027	29	340070	Criblamydia
ERR10036468.out	0.000027	29	387095	Maribius
ERR10036468.out	0.000027	29	574559	Hellea
ERR10036468.out	0.000027	29	1381133	Candidatus Profftella
ERR10036468.out	0.000027	29	1501143	Neosynechococcus
ERR10036468.out	0.000027	29	1649481	Pseudodonghicola
ERR10036468.out	0.000027	29	1774278	Aquimixticola
ERR10036468.out	0.000027	29	1775685	Limisphaera
ERR10036468.out	0.000027	29	1840210	Corticibacterium
ERR10036468.out	0.000027	29	1844015	Pontivivens
ERR10036468.out	0.000027	29	1868329	Xanthomarina
ERR10036468.out	0.000027	29	1911573	Haloprofundus
ERR10036468.out	0.000027	29	1970620	Jacksonvillea
ERR10036468.out	0.000027	29	2022712	Candidatus Methanohalarchaeum
ERR10036468.out	0.000027	29	2042653	Nigerium
ERR10036468.out	0.000027	29	2173039	Arcticibacterium
ERR10036468.out	0.000027	29	2175957	Ruficoccus
ERR10036468.out	0.000027	29	2303321	Superficieibacter
ERR10036468.out	0.000027	29	2692118	Winkia
ERR10036468.out	0.000027	29	2806693	Candidatus Nitrohelix
ERR10036468.out	0.000027	29	2815782	Bullifex
ERR10036468.out	0.000026	28	71	Simonsiella
ERR10036468.out	0.000026	28	939	Hydrogenobacter
ERR10036468.out	0.000026	28	1645	Renibacterium
ERR10036468.out	0.000026	28	45033	Chorda
ERR10036468.out	0.000026	28	65097	Euhalothece
ERR10036468.out	0.000026	28	79598	Heliorestis
ERR10036468.out	0.000026	28	83660	Desulfonispora
ERR10036468.out	0.000026	28	157008	Zonaria
ERR10036468.out	0.000026	28	203525	Cystobasidium
ERR10036468.out	0.000026	28	352449	Giesbergeria
ERR10036468.out	0.000026	28	983507	Ponticoccus
ERR10036468.out	0.000026	28	1185408	Defluviitalea
ERR10036468.out	0.000026	28	1233426	Roseofilum
ERR10036468.out	0.000026	28	1484107	Galbitalea
ERR10036468.out	0.000026	28	1759417	Pseudohalocynthiibacter
ERR10036468.out	0.000026	28	1775176	Corallincola
ERR10036468.out	0.000026	28	1912503	Candidatus Izimaplasma
ERR10036468.out	0.000026	28	2171988	Candidatus Nanoperiomorbus
ERR10036468.out	0.000026	28	2683599	Paraoceanicella
ERR10036468.out	0.000026	28	2749846	Amedibacillus
ERR10036468.out	0.000026	28	2787008	Thermogemmata
ERR10036468.out	0.000025	27	41707	Lawsonia
ERR10036468.out	0.000025	27	84034	Propionispira
ERR10036468.out	0.000025	27	168470	Laribacter
ERR10036468.out	0.000025	27	214906	Histophilus
ERR10036468.out	0.000025	27	217140	Arcicella
ERR10036468.out	0.000025	27	427922	Desulfurivibrio
ERR10036468.out	0.000025	27	476528	Bibersteinia
ERR10036468.out	0.000025	27	574347	Modicisalibacter
ERR10036468.out	0.000025	27	651554	Paraeggerthella
ERR10036468.out	0.000025	27	1188227	Gloeomargarita
ERR10036468.out	0.000025	27	1274363	Polycyclovorans
ERR10036468.out	0.000025	27	1537406	Bacterioplanes
ERR10036468.out	0.000025	27	1649489	Robertkochia
ERR10036468.out	0.000025	27	1758230	Corticibacter
ERR10036468.out	0.000025	27	1921582	Orrella
ERR10036468.out	0.000025	27	1921784	Kiritimatiella
ERR10036468.out	0.000025	27	1938145	Praetumpfia
ERR10036468.out	0.000025	27	2022127	Komarekiella
ERR10036468.out	0.000025	27	2055876	Metakosakonia
ERR10036468.out	0.000025	27	2304687	Petroclostridium
ERR10036468.out	0.000025	27	2678529	Kineobactrum
ERR10036468.out	0.000025	27	2721104	Candidatus Heteroruminococcus
ERR10036468.out	0.000025	27	2885966	Frigoriflavimonas
ERR10036468.out	0.000024	26	35796	Nitrococcus
ERR10036468.out	0.000024	26	42398	Vittaforma
ERR10036468.out	0.000024	26	52784	Anaerofilum
ERR10036468.out	0.000024	26	156454	Anaeroglobus
ERR10036468.out	0.000024	26	159191	Nodularia
ERR10036468.out	0.000024	26	379074	Sediminitomix
ERR10036468.out	0.000024	26	466108	Biostraticola
ERR10036468.out	0.000024	26	483422	Estrella
ERR10036468.out	0.000024	26	697279	Bavariicoccus
ERR10036468.out	0.000024	26	861913	Fibrisoma
ERR10036468.out	0.000024	26	995729	Candidatus Magnetoovum
ERR10036468.out	0.000024	26	1259734	Compostimonas
ERR10036468.out	0.000024	26	1406885	Aliiglaciecola
ERR10036468.out	0.000024	26	1443590	Ferriphaselus
ERR10036468.out	0.000024	26	1524214	Vulgatibacter
ERR10036468.out	0.000024	26	1524449	Butyriboletus
ERR10036468.out	0.000024	26	1649875	Cucumispora
ERR10036468.out	0.000024	26	1857011	Lysinibacter
ERR10036468.out	0.000024	26	1914244	Krasilnikoviella
ERR10036468.out	0.000024	26	1930830	Floricoccus
ERR10036468.out	0.000024	26	2019482	Brevefilum
ERR10036468.out	0.000024	26	2571159	Mycetohabitans
ERR10036468.out	0.000024	26	2767878	Bombilactobacillus
ERR10036468.out	0.000024	26	2767891	Schleiferilactobacillus
ERR10036468.out	0.000024	26	2806306	Aggregatilinea
ERR10036468.out	0.000023	25	82978	Budvicia
ERR10036468.out	0.000023	25	89523	Rubrimonas
ERR10036468.out	0.000023	25	140458	Thermacetogenium
ERR10036468.out	0.000023	25	146785	Thermosynechococcus
ERR10036468.out	0.000023	25	152180	Ahrensia
ERR10036468.out	0.000023	25	240233	Aeriscardovia
ERR10036468.out	0.000023	25	252306	Robiginitalea
ERR10036468.out	0.000023	25	291194	Tubulinosema
ERR10036468.out	0.000023	25	331654	Alkalibacillus
ERR10036468.out	0.000023	25	551208	Chitinilyticum
ERR10036468.out	0.000023	25	633413	Pseudozobellia
ERR10036468.out	0.000023	25	1100891	Paenalcaligenes
ERR10036468.out	0.000023	25	1121251	Cucumibacter
ERR10036468.out	0.000023	25	1269048	Halorubellus
ERR10036468.out	0.000023	25	1356488	Rosenbergiella
ERR10036468.out	0.000023	25	1431544	Candidatus Halobonum
ERR10036468.out	0.000023	25	1609595	Microseira
ERR10036468.out	0.000023	25	1705353	Aurantimicrobium
ERR10036468.out	0.000023	25	1844498	Halovulum
ERR10036468.out	0.000023	25	1914443	Allostreptomyces
ERR10036468.out	0.000023	25	2005380	Mariniblastus
ERR10036468.out	0.000023	25	2039639	Candidatus Nanopelagicus
ERR10036468.out	0.000023	25	2282743	Desulfohalotomaculum
ERR10036468.out	0.000023	25	2304693	Pseudoclostridium
ERR10036468.out	0.000023	25	2501796	Natrarchaeobius
ERR10036468.out	0.000023	25	2690160	Limihaloglobus
ERR10036468.out	0.000023	25	2706948	Aureibaculum
ERR10036468.out	0.000023	25	2721109	Candidatus Neoanaerotignum
ERR10036468.out	0.000023	25	2756134	Paenactinomyces
ERR10036468.out	0.000023	25	2795774	Polystyrenella
ERR10036468.out	0.000023	25	2803301	Poriferisphaera
ERR10036468.out	0.000023	25	2884326	Aquariibacter
ERR10036468.out	0.000022	24	28070	Gloeothece
ERR10036468.out	0.000022	24	83770	Succinivibrio
ERR10036468.out	0.000022	24	109168	Desulfotalea
ERR10036468.out	0.000022	24	181069	Proteocatella
ERR10036468.out	0.000022	24	246861	Grimontia
ERR10036468.out	0.000022	24	326319	Dokdonia
ERR10036468.out	0.000022	24	336803	Thorsellia
ERR10036468.out	0.000022	24	574892	Kriegella
ERR10036468.out	0.000022	24	574899	Haloferula
ERR10036468.out	0.000022	24	580374	Klugiella
ERR10036468.out	0.000022	24	622681	Candidatus Planktophila
ERR10036468.out	0.000022	24	690621	Georgfuchsia
ERR10036468.out	0.000022	24	762641	Muriicola
ERR10036468.out	0.000022	24	766765	Yamadazyma
ERR10036468.out	0.000022	24	911113	Bryobacter
ERR10036468.out	0.000022	24	944321	Soonwooa
ERR10036468.out	0.000022	24	1078860	Bryocella
ERR10036468.out	0.000022	24	1121829	Fodinicurvata
ERR10036468.out	0.000022	24	1341120	Pseudohaliea
ERR10036468.out	0.000022	24	1410680	Methyloglobulus
ERR10036468.out	0.000022	24	1434015	Limimonas
ERR10036468.out	0.000022	24	1486726	Pseudobacteroides
ERR10036468.out	0.000022	24	1542963	Halapricum
ERR10036468.out	0.000022	24	1649457	Homoserinibacter
ERR10036468.out	0.000022	24	1747773	Rhabdobacter
ERR10036468.out	0.000022	24	1855364	Candidatus Kryptobacter
ERR10036468.out	0.000022	24	2478349	Indioceanicola
ERR10036468.out	0.000022	24	2507545	Candidatus Termititenax
ERR10036468.out	0.000022	24	2663399	Halegenticoccus
ERR10036468.out	0.000022	24	2773294	Desulfolutivibrio
ERR10036468.out	0.000022	24	2831665	Candidatus Mycosynbacter
ERR10036468.out	0.000022	24	2874214	Terrihabitans
ERR10036468.out	0.000021	23	44	Melittangium
ERR10036468.out	0.000021	23	846	Oxalobacter
ERR10036468.out	0.000021	23	3049	Polytomella
ERR10036468.out	0.000021	23	81682	Methylovorus
ERR10036468.out	0.000021	23	135858	Catenibacterium
ERR10036468.out	0.000021	23	147067	Thermobispora
ERR10036468.out	0.000021	23	194195	Alysiella
ERR10036468.out	0.000021	23	203135	Halomicrobium
ERR10036468.out	0.000021	23	283821	Snowella
ERR10036468.out	0.000021	23	314343	Sideroxydans
ERR10036468.out	0.000021	23	387658	Marixanthomonas
ERR10036468.out	0.000021	23	418453	Desulfovirgula
ERR10036468.out	0.000021	23	444090	Caldimicrobium
ERR10036468.out	0.000021	23	573657	Candidatus Hodgkinia
ERR10036468.out	0.000021	23	1148150	Desulfosoma
ERR10036468.out	0.000021	23	1472763	Kallipyga
ERR10036468.out	0.000021	23	1632778	Diaminobutyricibacter
ERR10036468.out	0.000021	23	1649482	Pseudopedobacter
ERR10036468.out	0.000021	23	1763555	Risungbinella
ERR10036468.out	0.000021	23	1849530	Oblitimonas
ERR10036468.out	0.000021	23	1937008	Dubosiella
ERR10036468.out	0.000021	23	2038280	Robbsia
ERR10036468.out	0.000021	23	2045060	Methyloterricola
ERR10036468.out	0.000021	23	2047745	Oceaniglobus
ERR10036468.out	0.000021	23	2083206	Tritonibacter
ERR10036468.out	0.000021	23	2685927	Tardibacter
ERR10036468.out	0.000021	23	2706000	Casimicrobium
ERR10036468.out	0.000021	23	2720801	Candidatus Avimonas
ERR10036468.out	0.000021	23	2806694	Candidatus Nitronauta
ERR10036468.out	0.000021	23	2828366	Caldichromatium
ERR10036468.out	0.000020	22	1370	Marinococcus
ERR10036468.out	0.000020	22	57039	Malonomonas
ERR10036468.out	0.000020	22	70535	Edhazardia
ERR10036468.out	0.000020	22	118004	Chrysiogenes
ERR10036468.out	0.000020	22	188907	Oleispira
ERR10036468.out	0.000020	22	289239	Roseisalinus
ERR10036468.out	0.000020	22	306539	Halolactibacillus
ERR10036468.out	0.000020	22	393277	Donghicola
ERR10036468.out	0.000020	22	448125	Dethiosulfatibacter
ERR10036468.out	0.000020	22	476278	Thiohalospira
ERR10036468.out	0.000020	22	498845	Candidatus Korarchaeum
ERR10036468.out	0.000020	22	909931	Sporolituus
ERR10036468.out	0.000020	22	1172191	Catenovulum
ERR10036468.out	0.000020	22	1223423	Neokomagataea
ERR10036468.out	0.000020	22	1386924	Aestuariibaculum
ERR10036468.out	0.000020	22	1421213	Colponema
ERR10036468.out	0.000020	22	1434000	Eilatimonas
ERR10036468.out	0.000020	22	1522429	Lihuaxuella
ERR10036468.out	0.000020	22	1573808	Mangrovibacterium
ERR10036468.out	0.000020	22	1742977	Tepidicaulis
ERR10036468.out	0.000020	22	1762932	Algoriella
ERR10036468.out	0.000020	22	1843185	Halostella
ERR10036468.out	0.000020	22	1930791	Aureibacillus
ERR10036468.out	0.000020	22	1933048	Neofamilia
ERR10036468.out	0.000020	22	1934947	Immundisolibacter
ERR10036468.out	0.000020	22	2211635	Cognatishimia
ERR10036468.out	0.000020	22	2597258	Candidatus Macondimonas
ERR10036468.out	0.000020	22	2721105	Candidatus Heteroscilispira
ERR10036468.out	0.000020	22	2721124	Candidatus Timburyella
ERR10036468.out	0.000020	22	2732587	Candidatus Vesicomyosocius
ERR10036468.out	0.000020	22	2778525	Profundibacter
ERR10036468.out	0.000020	22	2815007	Oceanomicrobium
ERR10036468.out	0.000020	22	2822332	Segnochrobactrum
ERR10036468.out	0.000020	22	2883109	Sandaracinobacteroides
ERR10036468.out	0.000019	21	61170	Holdemania
ERR10036468.out	0.000019	21	85274	Rhodovibrio
ERR10036468.out	0.000019	21	146935	Azovibrio
ERR10036468.out	0.000019	21	177971	Shuttleworthia
ERR10036468.out	0.000019	21	193383	Rhodoglobus
ERR10036468.out	0.000019	21	196084	Okibacterium
ERR10036468.out	0.000019	21	224135	Candidatus Glomeribacter
ERR10036468.out	0.000019	21	281119	Candidatus Amoebophilus
ERR10036468.out	0.000019	21	288018	Yeosuana
ERR10036468.out	0.000019	21	291988	Thermosediminibacter
ERR10036468.out	0.000019	21	351094	Paucisalibacillus
ERR10036468.out	0.000019	21	475965	Levilinea
ERR10036468.out	0.000019	21	500614	Desmospora
ERR10036468.out	0.000019	21	576341	Halovibrio
ERR10036468.out	0.000019	21	999506	Pseudofulvimonas
ERR10036468.out	0.000019	21	1637257	Mageeibacillus
ERR10036468.out	0.000019	21	1649461	Imperialibacter
ERR10036468.out	0.000019	21	1649499	Swingsia
ERR10036468.out	0.000019	21	1758290	Arthrocladium
ERR10036468.out	0.000019	21	1903173	Pelobium
ERR10036468.out	0.000019	21	2035349	Oceanispirochaeta
ERR10036468.out	0.000019	21	2174441	Marinicaulis
ERR10036468.out	0.000019	21	2662287	Paenimaribius
ERR10036468.out	0.000019	21	2662752	Kalamiella
ERR10036468.out	0.000019	21	2678343	Halalkaliarchaeum
ERR10036468.out	0.000019	21	2720800	Candidatus Avimicrobium
ERR10036468.out	0.000019	21	2752546	Denitrobaculum
ERR10036468.out	0.000019	21	2767876	Amylolactobacillus
ERR10036468.out	0.000019	21	2795979	Posidoniimonas
ERR10036468.out	0.000019	21	2804525	Lichenicola
ERR10036468.out	0.000019	21	2815296	Jejubacter
ERR10036468.out	0.000018	20	843	Wolinella
ERR10036468.out	0.000018	20	2368	Arhodomonas
ERR10036468.out	0.000018	20	33976	Caryophanon
ERR10036468.out	0.000018	20	38258	Glaucocystis
ERR10036468.out	0.000018	20	42417	Halobacteroides
ERR10036468.out	0.000018	20	81411	Aminomonas
ERR10036468.out	0.000018	20	84162	Cryptobacterium
ERR10036468.out	0.000018	20	90243	Oligella
ERR10036468.out	0.000018	20	120376	Salana
ERR10036468.out	0.000018	20	131079	Limnobacter
ERR10036468.out	0.000018	20	266808	Thalassobacter
ERR10036468.out	0.000018	20	377149	Desulfosalsimonas
ERR10036468.out	0.000018	20	393029	Desulfurispirillum
ERR10036468.out	0.000018	20	475961	Longilinea
ERR10036468.out	0.000018	20	519422	Ponticoccus
ERR10036468.out	0.000018	20	1007342	Desulfurispira
ERR10036468.out	0.000018	20	1150774	Natribacillus
ERR10036468.out	0.000018	20	1195766	Planktotalea
ERR10036468.out	0.000018	20	1364858	Agaricicola
ERR10036468.out	0.000018	20	1511750	Jhaorihella
ERR10036468.out	0.000018	20	1573536	Faecalicoccus
ERR10036468.out	0.000018	20	1742974	Pyruvatibacter
ERR10036468.out	0.000018	20	1779141	Planctomicrobium
ERR10036468.out	0.000018	20	1924062	Desnuesiella
ERR10036468.out	0.000018	20	1926253	Chthonobacter
ERR10036468.out	0.000018	20	1926677	Raoultibacter
ERR10036468.out	0.000018	20	1980680	Alterileibacterium
ERR10036468.out	0.000018	20	2100210	Caedimonas
ERR10036468.out	0.000018	20	2307008	Candidatus Galacturonibacter
ERR10036468.out	0.000018	20	2488300	Marophrys
ERR10036468.out	0.000018	20	2681566	Thermaurantimonas
ERR10036468.out	0.000018	20	2703944	Pararcticibacter
ERR10036468.out	0.000018	20	2707015	Amnimonas
ERR10036468.out	0.000018	20	2721121	Candidatus Roslinia
ERR10036468.out	0.000018	20	2824158	Aquirhabdus
ERR10036468.out	0.000018	20	2855184	Oryzomonas
ERR10036468.out	0.000018	20	2855473	Mesobaculum
ERR10036468.out	0.000018	20	2860235	Glacieibacterium
ERR10036468.out	0.000017	19	37817	Desulfuromusa
ERR10036468.out	0.000017	19	54253	Thermosphaera
ERR10036468.out	0.000017	19	67915	Tuomeya
ERR10036468.out	0.000017	19	186191	Marinithermus
ERR10036468.out	0.000017	19	246876	Cryomorpha
ERR10036468.out	0.000017	19	423604	Elusimicrobium
ERR10036468.out	0.000017	19	442431	Persicitalea
ERR10036468.out	0.000017	19	518754	Persicirhabdus
ERR10036468.out	0.000017	19	559173	Fructobacillus
ERR10036468.out	0.000017	19	565005	Nubsella
ERR10036468.out	0.000017	19	633130	Thalassobium
ERR10036468.out	0.000017	19	651553	Haloglycomyces
ERR10036468.out	0.000017	19	697331	Basfia
ERR10036468.out	0.000017	19	995014	Fontibacillus
ERR10036468.out	0.000017	19	1079057	Phorcysia
ERR10036468.out	0.000017	19	1146865	Rivibacter
ERR10036468.out	0.000017	19	1237104	Litoribacter
ERR10036468.out	0.000017	19	1340414	Desmonostoc
ERR10036468.out	0.000017	19	1635133	Aestuariicella
ERR10036468.out	0.000017	19	1751872	Lacimicrobium
ERR10036468.out	0.000017	19	1763827	Hankyongella
ERR10036468.out	0.000017	19	1891669	Candidatus Neptunochlamydia
ERR10036468.out	0.000017	19	2004661	Hyphobacterium
ERR10036468.out	0.000017	19	2048137	Agathobaculum
ERR10036468.out	0.000017	19	2136117	Candidatus Sulfotelmatomonas
ERR10036468.out	0.000017	19	2211637	Flavimaricola
ERR10036468.out	0.000017	19	2569097	Anaerobutyricum
ERR10036468.out	0.000017	19	2601645	Candidatus Sneabacter
ERR10036468.out	0.000017	19	2653226	Lujinxingia
ERR10036468.out	0.000017	19	2689589	Staphylospora
ERR10036468.out	0.000017	19	2705466	Lacisediminimonas
ERR10036468.out	0.000017	19	2792393	Aquipluma
ERR10036468.out	0.000017	19	2822114	Chlamydiifrater
ERR10036468.out	0.000017	18	1013	Weeksella
ERR10036468.out	0.000017	18	1175	Aphanizomenon
ERR10036468.out	0.000017	18	2373	Acetonema
ERR10036468.out	0.000017	18	34093	Simkania
ERR10036468.out	0.000017	18	51194	Desulfofustis
ERR10036468.out	0.000017	18	61423	Furculomyces
ERR10036468.out	0.000017	18	76312	Caulerpa
ERR10036468.out	0.000017	18	92838	Arthothelium
ERR10036468.out	0.000017	18	129577	Oceanimonas
ERR10036468.out	0.000017	18	158876	Yokenella
ERR10036468.out	0.000017	18	196082	Parascardovia
ERR10036468.out	0.000017	18	221282	Mastigocladopsis
ERR10036468.out	0.000017	18	294702	Proteiniphilum
ERR10036468.out	0.000017	18	305399	Chrysoporthe
ERR10036468.out	0.000017	18	320496	Neoasaia
ERR10036468.out	0.000017	18	392332	Geoalkalibacter
ERR10036468.out	0.000017	18	442430	Coraliomargarita
ERR10036468.out	0.000017	18	475960	Bellilinea
ERR10036468.out	0.000017	18	1075398	Salarchaeum
ERR10036468.out	0.000017	18	1383070	Brevifollis
ERR10036468.out	0.000017	18	1434025	Neiella
ERR10036468.out	0.000017	18	1640153	Caldisalinibacter
ERR10036468.out	0.000017	18	1649298	Siccibacter
ERR10036468.out	0.000017	18	1792239	Caviibacter
ERR10036468.out	0.000017	18	2005387	Bacilliculturomica
ERR10036468.out	0.000017	18	2014233	Thaumasiovibrio
ERR10036468.out	0.000017	18	2023705	Membranicola
ERR10036468.out	0.000017	18	2282756	Pueribacillus
ERR10036468.out	0.000017	18	2315876	Coralloluteibacterium
ERR10036468.out	0.000017	18	2321113	Pseudoarcobacter
ERR10036468.out	0.000017	18	2582840	Desulfocurvibacter
ERR10036468.out	0.000017	18	2661806	Solirhodobacter
ERR10036468.out	0.000017	18	2721108	Candidatus Metaruminococcus
ERR10036468.out	0.000017	18	2761542	Fundicoccus
ERR10036468.out	0.000017	18	2770110	Xanthovirga
ERR10036468.out	0.000017	18	2802295	Cupidesulfovibrio
ERR10036468.out	0.000017	18	2821507	Agriterribacter
ERR10036468.out	0.000017	18	2827482	Caenibius
ERR10036468.out	0.000017	18	2846763	Pseudoprimorskyibacter
ERR10036468.out	0.000017	18	2853332	Peteryoungia
ERR10036468.out	0.000017	18	2884243	Musicola
ERR10036468.out	0.000017	18	2884814	Pseudoprevotella
ERR10036468.out	0.000016	17	2038	Tropheryma
ERR10036468.out	0.000016	17	3038	Euglena
ERR10036468.out	0.000016	17	3110	Prototheca
ERR10036468.out	0.000016	17	166484	Caminicella
ERR10036468.out	0.000016	17	186829	Agitococcus
ERR10036468.out	0.000016	17	244825	Anaerospora
ERR10036468.out	0.000016	17	278993	Thermincola
ERR10036468.out	0.000016	17	319458	Leadbetterella
ERR10036468.out	0.000016	17	336809	Candidatus Sulcia
ERR10036468.out	0.000016	17	351195	Salimicrobium
ERR10036468.out	0.000016	17	468938	Cerasicoccus
ERR10036468.out	0.000016	17	596919	Lactifluus
ERR10036468.out	0.000016	17	882379	Aliagarivorans
ERR10036468.out	0.000016	17	908284	Necropsobacter
ERR10036468.out	0.000016	17	1004302	Parasegetibacter
ERR10036468.out	0.000016	17	1054211	Sulfuritalea
ERR10036468.out	0.000016	17	1159323	Macellibacteroides
ERR10036468.out	0.000016	17	1217414	Sediminihabitans
ERR10036468.out	0.000016	17	1506577	Tyzzerella
ERR10036468.out	0.000016	17	1602338	Emcibacter
ERR10036468.out	0.000016	17	1840207	Dissulfurirhabdus
ERR10036468.out	0.000016	17	1891672	Candidatus Jidaibacter
ERR10036468.out	0.000016	17	1936111	Fuerstia
ERR10036468.out	0.000016	17	1980513	Candidatus Nitrosoglobus
ERR10036468.out	0.000016	17	2026179	Desulfocucumis
ERR10036468.out	0.000016	17	2045416	Oceanihabitans
ERR10036468.out	0.000016	17	2126006	Enteroscipio
ERR10036468.out	0.000016	17	2605940	Hwanghaeella
ERR10036468.out	0.000016	17	2676790	Acidimangrovimonas
ERR10036468.out	0.000016	17	2679910	Intestinibaculum
ERR10036468.out	0.000016	17	2707768	Calorimonas
ERR10036468.out	0.000016	17	2760873	Tenuifilum
ERR10036468.out	0.000016	17	2762352	Albibacterium
ERR10036468.out	0.000016	17	2813804	Paremcibacter
ERR10036468.out	0.000016	17	2820281	Thermaurantiacus
ERR10036468.out	0.000016	17	2824249	Arenibacterium
ERR10036468.out	0.000016	17	2847256	Pelorhabdus
ERR10036468.out	0.000015	16	187	Aquaspirillum
ERR10036468.out	0.000015	16	1007	Saprospira
ERR10036468.out	0.000015	16	28194	Thermonema
ERR10036468.out	0.000015	16	51540	Spraguea
ERR10036468.out	0.000015	16	64497	Sydowia
ERR10036468.out	0.000015	16	74032	Antarctobacter
ERR10036468.out	0.000015	16	76632	Thermobacillus
ERR10036468.out	0.000015	16	171413	Dolosicoccus
ERR10036468.out	0.000015	16	258514	Acetanaerobacterium
ERR10036468.out	0.000015	16	292713	Silanimonas
ERR10036468.out	0.000015	16	338321	Turneriella
ERR10036468.out	0.000015	16	367771	Marinovum
ERR10036468.out	0.000015	16	442968	Ameyamaea
ERR10036468.out	0.000015	16	527198	Mariniflexile
ERR10036468.out	0.000015	16	871740	Halomarina
ERR10036468.out	0.000015	16	991903	Polymorphum
ERR10036468.out	0.000015	16	1004300	Hydrotalea
ERR10036468.out	0.000015	16	1284657	Planktomarina
ERR10036468.out	0.000015	16	1573534	Faecalitalea
ERR10036468.out	0.000015	16	1608298	Thiolapillus
ERR10036468.out	0.000015	16	1769735	Mongoliibacter
ERR10036468.out	0.000015	16	1775471	Spongiivirga
ERR10036468.out	0.000015	16	1915405	Pseudohoeflea
ERR10036468.out	0.000015	16	2661800	Georhizobium
ERR10036468.out	0.000015	16	2720798	Candidatus Alloscillospira
ERR10036468.out	0.000015	16	2778334	Candidatus Aquirickettsiella
ERR10036468.out	0.000015	16	2811390	Sporofaciens
ERR10036468.out	0.000015	16	2820263	Capillibacterium
ERR10036468.out	0.000015	16	2841540	Halosegnis
ERR10036468.out	0.000014	15	3028	Chroomonas
ERR10036468.out	0.000014	15	31289	Psalteriomonas
ERR10036468.out	0.000014	15	48728	Rhabdochromatium
ERR10036468.out	0.000014	15	55506	Schwartzia
ERR10036468.out	0.000014	15	264995	Anaerofustis
ERR10036468.out	0.000014	15	369400	Flaviramulus
ERR10036468.out	0.000014	15	447792	Phytobacter
ERR10036468.out	0.000014	15	759360	Oleibacter
ERR10036468.out	0.000014	15	1123951	Thalassocella
ERR10036468.out	0.000014	15	1148783	Geminisphaera
ERR10036468.out	0.000014	15	1165076	Imtechella
ERR10036468.out	0.000014	15	1176327	Aureitalea
ERR10036468.out	0.000014	15	1193324	Alkalitalea
ERR10036468.out	0.000014	15	1209327	Flavivirga
ERR10036468.out	0.000014	15	1235438	Snuella
ERR10036468.out	0.000014	15	1472292	Magnetofaba
ERR10036468.out	0.000014	15	1501433	Kamptonema
ERR10036468.out	0.000014	15	1505657	Intestinibacter
ERR10036468.out	0.000014	15	1572860	Hartmannibacter
ERR10036468.out	0.000014	15	1649513	Youngimonas
ERR10036468.out	0.000014	15	1654741	Bombella
ERR10036468.out	0.000014	15	1759331	Cnuibacter
ERR10036468.out	0.000014	15	1848396	Limibacillus
ERR10036468.out	0.000014	15	1867836	Stygiella
ERR10036468.out	0.000014	15	1915401	Roseitalea
ERR10036468.out	0.000014	15	1945592	Lagierella
ERR10036468.out	0.000014	15	2066435	Arboricoccus
ERR10036468.out	0.000014	15	2249462	Ferrigenium
ERR10036468.out	0.000014	15	2304164	Jaagichlorella
ERR10036468.out	0.000014	15	2489367	Candidatus Cyclonatronum
ERR10036468.out	0.000014	15	2493629	Minwuia
ERR10036468.out	0.000014	15	2651725	Leptothoe
ERR10036468.out	0.000014	15	2721110	Candidatus Neochristensenella
ERR10036468.out	0.000014	15	2723776	Lichenihabitans
ERR10036468.out	0.000014	15	2767875	Agrilactobacillus
ERR10036468.out	0.000014	15	2795377	Pelagovum
ERR10036468.out	0.000014	15	2838170	Alkalicella
ERR10036468.out	0.000014	15	2848171	Cognaticolwellia
ERR10036468.out	0.000013	14	13159	Mycoplana
ERR10036468.out	0.000013	14	33969	Melissococcus
ERR10036468.out	0.000013	14	49082	Candidatus Arthromitus
ERR10036468.out	0.000013	14	52228	Hallella
ERR10036468.out	0.000013	14	53402	Merismopedia
ERR10036468.out	0.000013	14	53416	Lonepinella
ERR10036468.out	0.000013	14	54293	Thermosyntropha
ERR10036468.out	0.000013	14	68745	Stropharia
ERR10036468.out	0.000013	14	83764	Formivibrio
ERR10036468.out	0.000013	14	85078	Thiococcus
ERR10036468.out	0.000013	14	159345	Roseibacterium
ERR10036468.out	0.000013	14	209260	Swaminathania
ERR10036468.out	0.000013	14	239143	Dicranema
ERR10036468.out	0.000013	14	249523	Aestuariibacter
ERR10036468.out	0.000013	14	292480	Atopostipes
ERR10036468.out	0.000013	14	356797	Neomegalonema
ERR10036468.out	0.000013	14	387342	Halopiger
ERR10036468.out	0.000013	14	388745	Puniceicoccus
ERR10036468.out	0.000013	14	389486	Sediminicola
ERR10036468.out	0.000013	14	444051	Mesoflavibacter
ERR10036468.out	0.000013	14	467749	Candidatus Neoehrlichia
ERR10036468.out	0.000013	14	1008195	Halopelagius
ERR10036468.out	0.000013	14	1432051	Eisenbergiella
ERR10036468.out	0.000013	14	1433989	Aureicoccus
ERR10036468.out	0.000013	14	1465824	Timonella
ERR10036468.out	0.000013	14	1648497	Boseongicola
ERR10036468.out	0.000013	14	1649295	Franconibacter
ERR10036468.out	0.000013	14	1649476	Parafilimonas
ERR10036468.out	0.000013	14	1729679	Faecalibaculum
ERR10036468.out	0.000013	14	1775424	Nioella
ERR10036468.out	0.000013	14	1780190	Izhakiella
ERR10036468.out	0.000013	14	1792291	Marinagarivorans
ERR10036468.out	0.000013	14	1795639	Aquisalinus
ERR10036468.out	0.000013	14	1827478	Youhaiella
ERR10036468.out	0.000013	14	1897649	Pistricoccus
ERR10036468.out	0.000013	14	1928820	Intestinibacillus
ERR10036468.out	0.000013	14	1935184	Vaginella
ERR10036468.out	0.000013	14	1937963	Eisenibacter
ERR10036468.out	0.000013	14	2055880	Pseudescherichia
ERR10036468.out	0.000013	14	2211636	Cognatiyoonia
ERR10036468.out	0.000013	14	2491977	Candidatus Aquarickettsia
ERR10036468.out	0.000013	14	2510710	Candidatus Amulumruptor
ERR10036468.out	0.000013	14	2518495	Duncaniella
ERR10036468.out	0.000013	14	2613960	Pseudopuniceibacterium
ERR10036468.out	0.000013	14	2712947	Pterocladiophila
ERR10036468.out	0.000013	14	2720803	Candidatus Cryptoclostridium
ERR10036468.out	0.000013	14	2721107	Candidatus Metalachnospira
ERR10036468.out	0.000013	14	2795776	Calycomorphotria
ERR10036468.out	0.000013	14	2800082	Alkalicaulis
ERR10036468.out	0.000013	14	2816884	Qingshengfaniella
ERR10036468.out	0.000013	14	2837502	Ectobacillus
ERR10036468.out	0.000013	14	2862451	Adhaeretor
ERR10036468.out	0.000012	13	461	Fluoribacter
ERR10036468.out	0.000012	13	2351	Flexistipes
ERR10036468.out	0.000012	13	39716	Paulinella
ERR10036468.out	0.000012	13	50932	Pertusaria
ERR10036468.out	0.000012	13	79603	Denitrobacterium
ERR10036468.out	0.000012	13	140625	Lachnobacterium
ERR10036468.out	0.000012	13	192987	Allofustis
ERR10036468.out	0.000012	13	252965	Mahella
ERR10036468.out	0.000012	13	420345	Lactonifactor
ERR10036468.out	0.000012	13	647744	Indibacter
ERR10036468.out	0.000012	13	884214	Candidatus Zinderia
ERR10036468.out	0.000012	13	1064513	Lamprobacter
ERR10036468.out	0.000012	13	1146845	Dongia
ERR10036468.out	0.000012	13	1246884	Algimonas
ERR10036468.out	0.000012	13	1279384	Eggerthia
ERR10036468.out	0.000012	13	1332112	Limnoraphis
ERR10036468.out	0.000012	13	1348235	Candidatus Similichlamydia
ERR10036468.out	0.000012	13	1400134	Streptohalobacillus
ERR10036468.out	0.000012	13	1500514	Thermolongibacillus
ERR10036468.out	0.000012	13	1648492	Ascidiaceihabitans
ERR10036468.out	0.000012	13	1648500	Brockia
ERR10036468.out	0.000012	13	1649485	Pustulibacterium
ERR10036468.out	0.000012	13	1774128	Murimonas
ERR10036468.out	0.000012	13	1803512	Candidatus Altiarchaeum
ERR10036468.out	0.000012	13	1860077	Sulfuriflexus
ERR10036468.out	0.000012	13	1884429	Salibacterium
ERR10036468.out	0.000012	13	1911566	Arsenicitalea
ERR10036468.out	0.000012	13	1935206	Rubeoparvulum
ERR10036468.out	0.000012	13	1970191	Salinivirga
ERR10036468.out	0.000012	13	2027874	Mongoliimonas
ERR10036468.out	0.000012	13	2093225	Candidatus Sulfobium
ERR10036468.out	0.000012	13	2303528	Thermoleptolyngbya
ERR10036468.out	0.000012	13	2601681	Edaphocola
ERR10036468.out	0.000012	13	2610842	Siculibacillus
ERR10036468.out	0.000012	13	2720804	Candidatus Falkowella
ERR10036468.out	0.000012	13	2721111	Candidatus Neoclostridium
ERR10036468.out	0.000012	13	2767206	Candidatus Reconcilibacillus
ERR10036468.out	0.000012	13	2795781	Aeoliella
ERR10036468.out	0.000012	13	2795784	Pseudobythopirellula
ERR10036468.out	0.000012	13	2836216	Phnomibacter
ERR10036468.out	0.000012	13	2860205	Canicola
ERR10036468.out	0.000011	12	33641	Coscinodiscus
ERR10036468.out	0.000011	12	70190	Chroococcus
ERR10036468.out	0.000011	12	76023	Halothece
ERR10036468.out	0.000011	12	81463	Anaeromusa
ERR10036468.out	0.000011	12	131041	Acrosorium
ERR10036468.out	0.000011	12	254245	Aquicella
ERR10036468.out	0.000011	12	269773	Atopococcus
ERR10036468.out	0.000011	12	361106	Desulfoglaeba
ERR10036468.out	0.000011	12	426668	Ulnaria
ERR10036468.out	0.000011	12	494041	Ophiognomonia
ERR10036468.out	0.000011	12	582491	Rubidibacter
ERR10036468.out	0.000011	12	931553	Copromyxa
ERR10036468.out	0.000011	12	1080193	Hyunsoonleella
ERR10036468.out	0.000011	12	1297562	Phaseolibacter
ERR10036468.out	0.000011	12	1403538	Fervidicella
ERR10036468.out	0.000011	12	1445504	Gynuella
ERR10036468.out	0.000011	12	1494913	Anditalea
ERR10036468.out	0.000011	12	1543703	Desulfuribacillus
ERR10036468.out	0.000011	12	1561962	Amorphochlora
ERR10036468.out	0.000011	12	1849551	Cephaloticoccus
ERR10036468.out	0.000011	12	1890059	Serpentinicella
ERR10036468.out	0.000011	12	1911577	Oryzomicrobium
ERR10036468.out	0.000011	12	1914026	Marimonas
ERR10036468.out	0.000011	12	1918385	Acutalibacter
ERR10036468.out	0.000011	12	1918452	Extibacter
ERR10036468.out	0.000011	12	1923871	Massilibacterium
ERR10036468.out	0.000011	12	1980675	Colibacter
ERR10036468.out	0.000011	12	2036021	Agarilytica
ERR10036468.out	0.000011	12	2038733	Oryzisolibacter
ERR10036468.out	0.000011	12	2066475	Parendozoicomonas
ERR10036468.out	0.000011	12	2562805	Natronospirillum
ERR10036468.out	0.000011	12	2676252	Alginatibacterium
ERR10036468.out	0.000011	12	2678886	Pulveribacter
ERR10036468.out	0.000011	12	2683203	Vaginisenegalia
ERR10036468.out	0.000011	12	2721098	Candidatus Harrysmithimonas
ERR10036468.out	0.000011	12	2743582	Peptacetobacter
ERR10036468.out	0.000011	12	2821517	Albibacillus
ERR10036468.out	0.000010	11	28905	Caedibacter
ERR10036468.out	0.000010	11	33870	Coriobacterium
ERR10036468.out	0.000010	11	34096	Brevinema
ERR10036468.out	0.000010	11	38880	Botryococcus
ERR10036468.out	0.000010	11	119541	Rhodobaca
ERR10036468.out	0.000010	11	135261	Prasiola
ERR10036468.out	0.000010	11	142587	Isobaculum
ERR10036468.out	0.000010	11	154346	Thiorhodospira
ERR10036468.out	0.000010	11	177399	Anaerophaga
ERR10036468.out	0.000010	11	202771	Zooshikella
ERR10036468.out	0.000010	11	269260	Nitratifractor
ERR10036468.out	0.000010	11	291967	Acaricomes
ERR10036468.out	0.000010	11	299568	Uruburuella
ERR10036468.out	0.000010	11	342658	Gracilibacter
ERR10036468.out	0.000010	11	418700	Litoricola
ERR10036468.out	0.000010	11	447467	Simiduia
ERR10036468.out	0.000010	11	575869	Pseudochlorodesmis
ERR10036468.out	0.000010	11	580024	Enterorhabdus
ERR10036468.out	0.000010	11	653683	Anaerosporobacter
ERR10036468.out	0.000010	11	999488	Paenochrobactrum
ERR10036468.out	0.000010	11	1036132	Kistimonas
ERR10036468.out	0.000010	11	1209988	Halopenitus
ERR10036468.out	0.000010	11	1400135	Sporosalibacterium
ERR10036468.out	0.000010	11	1434023	Natranaerovirga
ERR10036468.out	0.000010	11	1495768	Candidatus Evansia
ERR10036468.out	0.000010	11	1553903	Oligoflexus
ERR10036468.out	0.000010	11	1644102	Flavicella
ERR10036468.out	0.000010	11	1649503	Terrimicrobium
ERR10036468.out	0.000010	11	1664383	Pseudarcicella
ERR10036468.out	0.000010	11	1775574	Dethiosulfatarculus
ERR10036468.out	0.000010	11	1870822	Candidatus Aegiribacteria
ERR10036468.out	0.000010	11	1931200	Marinibacterium
ERR10036468.out	0.000010	11	1961799	Lacunisphaera
ERR10036468.out	0.000010	11	1979843	Olegusella
ERR10036468.out	0.000010	11	1983104	Lusitaniella
ERR10036468.out	0.000010	11	2036025	Pontibacterium
ERR10036468.out	0.000010	11	2060722	Labilibaculum
ERR10036468.out	0.000010	11	2170427	Vulcanococcus
ERR10036468.out	0.000010	11	2601574	Candidatus Cytomitobacter
ERR10036468.out	0.000010	11	2703814	Candidatus Mcinerneyibacterium
ERR10036468.out	0.000010	11	2720795	Candidatus Allochristensenella
ERR10036468.out	0.000010	11	2721119	Candidatus Pseudoruminococcus
ERR10036468.out	0.000010	11	2740557	Pauljensenia
ERR10036468.out	0.000010	11	2768738	Spartinivicinus
ERR10036468.out	0.000010	11	2781120	Thiosulfativibrio
ERR10036468.out	0.000010	11	2808942	Fluviibacter
ERR10036468.out	0.000010	11	2811435	Candidatus Ordinivivax
ERR10036468.out	0.000010	11	2847769	Aequoribacter
ERR10036468.out	0.000010	11	2879611	Oryzicola
ERR10036468.out	0.000009	10	1183	Plectonema
ERR10036468.out	0.000009	10	1222	Prochlorothrix
ERR10036468.out	0.000009	10	2753	Synergistes
ERR10036468.out	0.000009	10	3030	Cryptomonas
ERR10036468.out	0.000009	10	34390	Epidermophyton
ERR10036468.out	0.000009	10	35676	Pelagomonas
ERR10036468.out	0.000009	10	46238	Entomoplasma
ERR10036468.out	0.000009	10	50949	Navicula
ERR10036468.out	0.000009	10	64322	Carnimonas
ERR10036468.out	0.000009	10	74819	Lotharella
ERR10036468.out	0.000009	10	77924	Hemiselmis
ERR10036468.out	0.000009	10	81099	Mastigamoeba
ERR10036468.out	0.000009	10	82980	Leminorella
ERR10036468.out	0.000009	10	83768	Succinimonas
ERR10036468.out	0.000009	10	85073	Thermochromatium
ERR10036468.out	0.000009	10	150818	Heliophilum
ERR10036468.out	0.000009	10	168915	Leptogium
ERR10036468.out	0.000009	10	227062	Pithomyces
ERR10036468.out	0.000009	10	261684	Thermosinus
ERR10036468.out	0.000009	10	292637	Seinonella
ERR10036468.out	0.000009	10	427077	Salsuginibacillus
ERR10036468.out	0.000009	10	445670	Thiohalophilus
ERR10036468.out	0.000009	10	674963	Succinatimonas
ERR10036468.out	0.000009	10	929812	Gibbsiella
ERR10036468.out	0.000009	10	998014	Cocleimonas
ERR10036468.out	0.000009	10	1055323	Aeribacillus
ERR10036468.out	0.000009	10	1268272	Paraperlucidibaca
ERR10036468.out	0.000009	10	1377992	Halovenus
ERR10036468.out	0.000009	10	1742986	Fluviicoccus
ERR10036468.out	0.000009	10	1759371	Inmirania
ERR10036468.out	0.000009	10	1804663	Haematospirillum
ERR10036468.out	0.000009	10	1827307	Ventosimonas
ERR10036468.out	0.000009	10	1903336	Balneicella
ERR10036468.out	0.000009	10	1926663	Phocea
ERR10036468.out	0.000009	10	2027863	Paraphaeobacter
ERR10036468.out	0.000009	10	2028344	Ereboglobus
ERR10036468.out	0.000009	10	2661844	Fluviibacterium
ERR10036468.out	0.000009	10	2679899	Thalassorhabdomicrobium
ERR10036468.out	0.000009	10	2720779	Candidatus Adamsella
ERR10036468.out	0.000009	10	2784135	Shackletoniella
ERR10036468.out	0.000009	10	2831925	Pukyongiella
ERR10036468.out	0.000008	9	465	Tatlockia
ERR10036468.out	0.000008	9	2129	Ureaplasma
ERR10036468.out	0.000008	9	2918	Heterocapsa
ERR10036468.out	0.000008	9	29218	Chondracanthus
ERR10036468.out	0.000008	9	32205	Leptonema
ERR10036468.out	0.000008	9	51514	Dehalobacterium
ERR10036468.out	0.000008	9	86004	Pasteuria
ERR10036468.out	0.000008	9	103711	Bostrychia
ERR10036468.out	0.000008	9	191291	Nautilia
ERR10036468.out	0.000008	9	216800	Guinardia
ERR10036468.out	0.000008	9	218204	Garciella
ERR10036468.out	0.000008	9	271087	Geopsychrobacter
ERR10036468.out	0.000008	9	282350	Choreocolax
ERR10036468.out	0.000008	9	285105	Tepidimicrobium
ERR10036468.out	0.000008	9	291178	Subsaximicrobium
ERR10036468.out	0.000008	9	307628	Petrimonas
ERR10036468.out	0.000008	9	326606	Annulohypoxylon
ERR10036468.out	0.000008	9	392825	Halalkalibacillus
ERR10036468.out	0.000008	9	471824	Haloplasma
ERR10036468.out	0.000008	9	644269	Kumanoa
ERR10036468.out	0.000008	9	1434029	Pelagimonas
ERR10036468.out	0.000008	9	1505768	Candidatus Schmidhempelia
ERR10036468.out	0.000008	9	1780122	Mobilisporobacter
ERR10036468.out	0.000008	9	1794910	Anaerosporomusa
ERR10036468.out	0.000008	9	1861843	Terasakiispira
ERR10036468.out	0.000008	9	2024982	Notoacmeibacter
ERR10036468.out	0.000008	9	2038740	Coniferiporia
ERR10036468.out	0.000008	9	2054427	Aestuariicoccus
ERR10036468.out	0.000008	9	2093783	Methylomusa
ERR10036468.out	0.000008	9	2163168	Kineothrix
ERR10036468.out	0.000008	9	2720794	Candidatus Allobutyricicoccus
ERR10036468.out	0.000008	9	2721113	Candidatus Parachristensenella
ERR10036468.out	0.000008	9	2721115	Candidatus Pararuminococcus
ERR10036468.out	0.000008	9	2721120	Candidatus Pseudoscilispira
ERR10036468.out	0.000008	9	2762384	Breznakibacter
ERR10036468.out	0.000008	9	2767204	Candidatus Muirbacterium
ERR10036468.out	0.000008	9	2807738	Parasulfuritortus
ERR10036468.out	0.000008	9	2820419	Fertoeibacter
ERR10036468.out	0.000008	9	2831955	Pikeienuella
ERR10036468.out	0.000008	9	2880942	Zeimonas
ERR10036468.out	0.000007	8	2761	Cyanophora
ERR10036468.out	0.000007	8	3158	Pedinomonas
ERR10036468.out	0.000007	8	37096	Rhodomonas
ERR10036468.out	0.000007	8	39713	Euglypha
ERR10036468.out	0.000007	8	79276	Monoblepharis
ERR10036468.out	0.000007	8	91373	Diplonema
ERR10036468.out	0.000007	8	94008	Thermicanus
ERR10036468.out	0.000007	8	150333	Thermobrachium
ERR10036468.out	0.000007	8	233770	Ishige
ERR10036468.out	0.000007	8	240236	Woodsholea
ERR10036468.out	0.000007	8	292635	Laceyella
ERR10036468.out	0.000007	8	300418	Catellicoccus
ERR10036468.out	0.000007	8	313557	Cochliopodium
ERR10036468.out	0.000007	8	336277	Roseicyclus
ERR10036468.out	0.000007	8	412592	Thermosulfidibacter
ERR10036468.out	0.000007	8	659427	Sediminimonas
ERR10036468.out	0.000007	8	1078863	Stereomyxa
ERR10036468.out	0.000007	8	1245590	Mariniradius
ERR10036468.out	0.000007	8	1279388	Kandleria
ERR10036468.out	0.000007	8	1287916	Euzebyella
ERR10036468.out	0.000007	8	1398404	Salinihabitans
ERR10036468.out	0.000007	8	1434044	Sinobacterium
ERR10036468.out	0.000007	8	1505660	Asaccharospora
ERR10036468.out	0.000007	8	1541445	Candidatus Phaeomarinobacter
ERR10036468.out	0.000007	8	1541743	Candidatus Ruthia
ERR10036468.out	0.000007	8	1616833	Hydrococcus
ERR10036468.out	0.000007	8	1634037	Desulfoplanes
ERR10036468.out	0.000007	8	1650335	Chrysosporum
ERR10036468.out	0.000007	8	1784836	Fermentimonas
ERR10036468.out	0.000007	8	1795789	Candidatus Syntrophonatronum
ERR10036468.out	0.000007	8	1855405	Longibacter
ERR10036468.out	0.000007	8	1987749	Marasmitruncus
ERR10036468.out	0.000007	8	2017546	Paracandidimonas
ERR10036468.out	0.000007	8	2034843	Aquaticitalea
ERR10036468.out	0.000007	8	2036001	Salinirussus
ERR10036468.out	0.000007	8	2041902	Chenggangzhangella
ERR10036468.out	0.000007	8	2052989	Aquidulcibacter
ERR10036468.out	0.000007	8	2056239	Myxacorys
ERR10036468.out	0.000007	8	2066486	Iodidimonas
ERR10036468.out	0.000007	8	2115980	Candidatus Phycorickettsia
ERR10036468.out	0.000007	8	2301194	Pokkaliibacter
ERR10036468.out	0.000007	8	2576890	Nibricoccus
ERR10036468.out	0.000007	8	2593687	Aquella
ERR10036468.out	0.000007	8	2662254	Marisediminitalea
ERR10036468.out	0.000007	8	2709686	Novosphingopyxis
ERR10036468.out	0.000007	8	2717089	Massilistercora
ERR10036468.out	0.000007	8	2721116	Candidatus Protoclostridium
ERR10036468.out	0.000007	8	2726810	Scandinavium
ERR10036468.out	0.000007	8	2740719	Cochleicola
ERR10036468.out	0.000007	8	2768684	Terricaulis
ERR10036468.out	0.000007	8	2797878	Pareuzebyella
ERR10036468.out	0.000007	8	2798470	Algibacillus
ERR10036468.out	0.000007	8	2811373	Acerihabitans
ERR10036468.out	0.000007	8	2815783	Floccifex
ERR10036468.out	0.000007	8	2881027	Paradesulfitobacterium
ERR10036468.out	0.000006	7	3011	Fucus
ERR10036468.out	0.000006	7	3164	Tetraselmis
ERR10036468.out	0.000006	7	27316	Galactomyces
ERR10036468.out	0.000006	7	31366	Asparagopsis
ERR10036468.out	0.000006	7	38944	Flammulina
ERR10036468.out	0.000006	7	44439	Chattonella
ERR10036468.out	0.000006	7	46200	Geovibrio
ERR10036468.out	0.000006	7	64914	Scytothamnus
ERR10036468.out	0.000006	7	75683	Balneatrix
ERR10036468.out	0.000006	7	82984	Pragia
ERR10036468.out	0.000006	7	94775	Opalina
ERR10036468.out	0.000006	7	118221	Halimeda
ERR10036468.out	0.000006	7	118241	Pedobesia
ERR10036468.out	0.000006	7	165812	Sporanaerobacter
ERR10036468.out	0.000006	7	235572	Candidatus Portiera
ERR10036468.out	0.000006	7	249349	Paradoxia
ERR10036468.out	0.000006	7	282687	Philasterides
ERR10036468.out	0.000006	7	343334	Costertonia
ERR10036468.out	0.000006	7	431394	Cyanosarcina
ERR10036468.out	0.000006	7	596767	Hydrogenoanaerobacterium
ERR10036468.out	0.000006	7	1076727	Candidatus Photodesmus
ERR10036468.out	0.000006	7	1187887	Nitritalea
ERR10036468.out	0.000006	7	1204432	Cumathamnion
ERR10036468.out	0.000006	7	1234605	Gayadomonas
ERR10036468.out	0.000006	7	1407607	Fusicatenibacter
ERR10036468.out	0.000006	7	1418015	Pseudochloris
ERR10036468.out	0.000006	7	1604279	Cribrihabitans
ERR10036468.out	0.000006	7	1617886	Thiogranum
ERR10036468.out	0.000006	7	1738642	Pelagirhabdus
ERR10036468.out	0.000006	7	1802983	Candidatus Fokinia
ERR10036468.out	0.000006	7	1810868	Mycoavidus
ERR10036468.out	0.000006	7	1820275	Aestuariivivens
ERR10036468.out	0.000006	7	1857014	Tamilnaduibacter
ERR10036468.out	0.000006	7	1860196	Pseudobacter
ERR10036468.out	0.000006	7	1964366	Nissabacter
ERR10036468.out	0.000006	7	1980681	Colidextribacter
ERR10036468.out	0.000006	7	2028104	Rubricella
ERR10036468.out	0.000006	7	2039236	Saliphagus
ERR10036468.out	0.000006	7	2172100	Limnobaculum
ERR10036468.out	0.000006	7	2175151	Candidatus Micropelagos
ERR10036468.out	0.000006	7	2201379	Kandeliimicrobium
ERR10036468.out	0.000006	7	2204160	Methylocucumis
ERR10036468.out	0.000006	7	2269381	Mangrovicella
ERR10036468.out	0.000006	7	2582955	Candidatus Huberarchaeum
ERR10036468.out	0.000006	7	2590445	Pelagibaculum
ERR10036468.out	0.000006	7	2598729	Ophirina
ERR10036468.out	0.000006	7	2680019	Alkalilacustris
ERR10036468.out	0.000006	7	2682476	Chryseotalea
ERR10036468.out	0.000006	7	2683202	Massilicoli
ERR10036468.out	0.000006	7	2689591	Stenotrophobium
ERR10036468.out	0.000006	7	2738399	Parasedimentitalea
ERR10036468.out	0.000006	7	2774168	Avrilella
ERR10036468.out	0.000006	7	2791118	Oecophyllibacter
ERR10036468.out	0.000006	7	2811506	Dissulfurispira
ERR10036468.out	0.000006	7	2819026	Candidatus Desulfobacillus
ERR10036468.out	0.000006	7	2822394	Patiriisocius
ERR10036468.out	0.000006	7	2852059	Actirhodobacter
ERR10036468.out	0.000006	7	2875235	Pseudohalioglobus
ERR10036468.out	0.000006	6	2774	Gracilaria
ERR10036468.out	0.000006	6	2985	Ochromonas
ERR10036468.out	0.000006	6	5130	Hypomyces
ERR10036468.out	0.000006	6	5714	Herpetomonas
ERR10036468.out	0.000006	6	62100	Candidatus Endobugula
ERR10036468.out	0.000006	6	87258	Hypogymnia
ERR10036468.out	0.000006	6	116064	Choristocarpus
ERR10036468.out	0.000006	6	122416	Ballia
ERR10036468.out	0.000006	6	158697	Membranoptera
ERR10036468.out	0.000006	6	160433	Samsonia
ERR10036468.out	0.000006	6	206375	Prolinoborus
ERR10036468.out	0.000006	6	221285	Westiellopsis
ERR10036468.out	0.000006	6	265718	Aquimonas
ERR10036468.out	0.000006	6	271159	Nicoletella
ERR10036468.out	0.000006	6	295595	Candidatus Hepatoplasma
ERR10036468.out	0.000006	6	296051	Terrimonas
ERR10036468.out	0.000006	6	364031	Sulfurivirga
ERR10036468.out	0.000006	6	447678	Ekhidna
ERR10036468.out	0.000006	6	450634	Chilomastix
ERR10036468.out	0.000006	6	453850	Joostella
ERR10036468.out	0.000006	6	510701	Desulfurispora
ERR10036468.out	0.000006	6	525236	Edenia
ERR10036468.out	0.000006	6	1177214	Candidatus Profftia
ERR10036468.out	0.000006	6	1434042	Salisediminibacterium
ERR10036468.out	0.000006	6	1434043	Saliterribacillus
ERR10036468.out	0.000006	6	1505231	Chitinivibrio
ERR10036468.out	0.000006	6	1505664	Gottschalkia
ERR10036468.out	0.000006	6	1539665	Teunomyces
ERR10036468.out	0.000006	6	1608457	Aestuariivita
ERR10036468.out	0.000006	6	1648514	Cricetibacter
ERR10036468.out	0.000006	6	1649501	Tangfeifania
ERR10036468.out	0.000006	6	1742636	Candidatus Megaira
ERR10036468.out	0.000006	6	1822002	Enterobacillus
ERR10036468.out	0.000006	6	1851152	Candidatus Rubidus
ERR10036468.out	0.000006	6	1857532	Muribacter
ERR10036468.out	0.000006	6	1892380	Harryflintia
ERR10036468.out	0.000006	6	1916646	Ochrovirga
ERR10036468.out	0.000006	6	1921511	Candidatus Udaeobacter
ERR10036468.out	0.000006	6	1926556	Emergencia
ERR10036468.out	0.000006	6	1935176	Angelakisella
ERR10036468.out	0.000006	6	1951300	Solirubrum
ERR10036468.out	0.000006	6	2058174	Antarcticibacterium
ERR10036468.out	0.000006	6	2065790	Synstelium
ERR10036468.out	0.000006	6	2125985	Neptunicella
ERR10036468.out	0.000006	6	2508983	Candidatus Saccharicenans
ERR10036468.out	0.000006	6	2563783	Anaerolactibacter
ERR10036468.out	0.000006	6	2603323	Petrocella
ERR10036468.out	0.000006	6	2665910	Ulvibacterium
ERR10036468.out	0.000006	6	2676048	Schaedlerella
ERR10036468.out	0.000006	6	2680018	Rhodophyticola
ERR10036468.out	0.000006	6	2682228	Tepidiforma
ERR10036468.out	0.000006	6	2715929	Aurantibacter
ERR10036468.out	0.000006	6	2767874	Acetilactobacillus
ERR10036468.out	0.000006	6	2792299	Calidifontibacillus
ERR10036468.out	0.000006	6	2802300	Lunatibacter
ERR10036468.out	0.000006	6	2804673	Cypionkella
ERR10036468.out	0.000006	6	2812019	Pseudocnuella
ERR10036468.out	0.000006	6	2813803	Luteithermobacter
ERR10036468.out	0.000006	6	2819029	Candidatus Denitrolinea
ERR10036468.out	0.000006	6	2845254	Breznakiella
ERR10036468.out	0.000006	6	2866025	Maribrevibacterium
ERR10036468.out	0.000006	6	2867376	Desulfoscipio
ERR10036468.out	0.000005	5	1205	Trichodesmium
ERR10036468.out	0.000005	5	2086	Anaeroplasma
ERR10036468.out	0.000005	5	2968	Oxyrrhis
ERR10036468.out	0.000005	5	2988	Mallomonas
ERR10036468.out	0.000005	5	5774	Amoeba
ERR10036468.out	0.000005	5	13034	Dactylococcopsis
ERR10036468.out	0.000005	5	28186	Acetohalobium
ERR10036468.out	0.000005	5	31357	Acrochaetium
ERR10036468.out	0.000005	5	40468	Inonotus
ERR10036468.out	0.000005	5	42305	Hypocrella
ERR10036468.out	0.000005	5	51196	Syntrophobotulus
ERR10036468.out	0.000005	5	81530	Choanoeca
ERR10036468.out	0.000005	5	81534	Stephanoeca
ERR10036468.out	0.000005	5	89415	Antarctomyces
ERR10036468.out	0.000005	5	91354	Mychonastes
ERR10036468.out	0.000005	5	99900	Laurencia
ERR10036468.out	0.000005	5	110669	Prasinococcus
ERR10036468.out	0.000005	5	141715	Monomastix
ERR10036468.out	0.000005	5	146775	Dictyophora
ERR10036468.out	0.000005	5	151038	Anaeroarcus
ERR10036468.out	0.000005	5	174708	Allobaculum
ERR10036468.out	0.000005	5	193568	Nanoarchaeum
ERR10036468.out	0.000005	5	205841	Cryocola
ERR10036468.out	0.000005	5	210619	Toxarium
ERR10036468.out	0.000005	5	212347	Aulosira
ERR10036468.out	0.000005	5	257820	Kerstersia
ERR10036468.out	0.000005	5	318740	Phlyctis
ERR10036468.out	0.000005	5	379070	Gilvibacter
ERR10036468.out	0.000005	5	409304	Candidatus Ishikawaella
ERR10036468.out	0.000005	5	444513	Salibacter
ERR10036468.out	0.000005	5	472054	Leptobacterium
ERR10036468.out	0.000005	5	483019	Lignosus
ERR10036468.out	0.000005	5	658623	Chelonobacter
ERR10036468.out	0.000005	5	871272	Parallela
ERR10036468.out	0.000005	5	1095182	Magnusiomyces
ERR10036468.out	0.000005	5	1123967	Porticoccus
ERR10036468.out	0.000005	5	1141976	Candidatus Magnetananas
ERR10036468.out	0.000005	5	1211399	Rhizomastix
ERR10036468.out	0.000005	5	1407056	Litorilituus
ERR10036468.out	0.000005	5	1427376	Parvibacter
ERR10036468.out	0.000005	5	1434014	Lentibacter
ERR10036468.out	0.000005	5	1470208	Paratrypanosoma
ERR10036468.out	0.000005	5	1486725	Anaerobacterium
ERR10036468.out	0.000005	5	1494958	Pseudogracilibacillus
ERR10036468.out	0.000005	5	1504576	Pseudocitrobacter
ERR10036468.out	0.000005	5	1509243	Candidatus Nucleicultrix
ERR10036468.out	0.000005	5	1649463	Lentilitoribacter
ERR10036468.out	0.000005	5	1649504	Texcoconibacillus
ERR10036468.out	0.000005	5	1656823	Halanaeroarchaeum
ERR10036468.out	0.000005	5	1678397	Candidatus Phycosocius
ERR10036468.out	0.000005	5	1680826	Candidatus Thalassarchaeum
ERR10036468.out	0.000005	5	1699619	Candidatus Westeberhardia
ERR10036468.out	0.000005	5	1766253	Agathobacter
ERR10036468.out	0.000005	5	1773450	Anseongella
ERR10036468.out	0.000005	5	1818108	Pseudobryopsis
ERR10036468.out	0.000005	5	1881091	Edaphobacillus
ERR10036468.out	0.000005	5	1903506	Drancourtella
ERR10036468.out	0.000005	5	1918454	Flintibacter
ERR10036468.out	0.000005	5	1918538	Longibaculum
ERR10036468.out	0.000005	5	1980693	Negativibacillus
ERR10036468.out	0.000005	5	1981033	Mordavella
ERR10036468.out	0.000005	5	2038244	Agaribacterium
ERR10036468.out	0.000005	5	2042066	Paraphotobacterium
ERR10036468.out	0.000005	5	2045213	Candidatus Fonsibacter
ERR10036468.out	0.000005	5	2070443	Caviibacterium
ERR10036468.out	0.000005	5	2070447	Conservatibacter
ERR10036468.out	0.000005	5	2137249	Neptunicoccus
ERR10036468.out	0.000005	5	2172004	Lawsonibacter
ERR10036468.out	0.000005	5	2603951	Sulcionema
ERR10036468.out	0.000005	5	2651279	Pradoshia
ERR10036468.out	0.000005	5	2676063	Pseudomethylobacillus
ERR10036468.out	0.000005	5	2692382	Gudongella
ERR10036468.out	0.000005	5	2709266	Arthrospiribacter
ERR10036468.out	0.000005	5	2720807	Candidatus Gallispira
ERR10036468.out	0.000005	5	2721123	Candidatus Tabaqchalia
ERR10036468.out	0.000005	5	2800682	Paraurantiacibacter
ERR10036468.out	0.000005	5	2800683	Parapontixanthobacter
ERR10036468.out	0.000005	5	2801325	Neoporphyra
ERR10036468.out	0.000005	5	2813348	Luxibacter
ERR10036468.out	0.000005	5	2815315	Pelomicrobium
ERR10036468.out	0.000005	5	2838409	Pigmentibacter
ERR10036468.out	0.000005	5	2840441	Atlanticothrix
ERR10036468.out	0.000005	5	2840442	Dendronalium
ERR10036468.out	0.000005	5	2841677	Candidatus Pseudothioglobus
ERR10036468.out	0.000005	5	2853326	Affinibrenneria
ERR10036468.out	0.000005	5	2856846	Curvivirga
ERR10036468.out	0.000005	5	2862144	Ruoffia
ERR10036468.out	0.000005	5	2870408	Chitinasiproducens
ERR10036468.out	0.000004	4	866	Ruminobacter
ERR10036468.out	0.000004	4	2256	Natronobacterium
ERR10036468.out	0.000004	4	2794	Rhodymenia
ERR10036468.out	0.000004	4	2842	Skeletonema
ERR10036468.out	0.000004	4	2924	Alexandrium
ERR10036468.out	0.000004	4	2944	Prorocentrum
ERR10036468.out	0.000004	4	2960	Amphidinium
ERR10036468.out	0.000004	4	5345	Coprinus
ERR10036468.out	0.000004	4	5429	Sporobolomyces
ERR10036468.out	0.000004	4	29189	Ammonia
ERR10036468.out	0.000004	4	29198	Chlorarachnion
ERR10036468.out	0.000004	4	29646	Stichococcus
ERR10036468.out	0.000004	4	31311	Nephroselmis
ERR10036468.out	0.000004	4	31451	Plocamium
ERR10036468.out	0.000004	4	33993	Neorickettsia
ERR10036468.out	0.000004	4	40657	Plectosphaerella
ERR10036468.out	0.000004	4	41299	Choricystis
ERR10036468.out	0.000004	4	42745	Proteromonas
ERR10036468.out	0.000004	4	45109	Cercomonas
ERR10036468.out	0.000004	4	46466	Halocella
ERR10036468.out	0.000004	4	47792	Volvulina
ERR10036468.out	0.000004	4	63193	Roussoella
ERR10036468.out	0.000004	4	67677	Antonospora
ERR10036468.out	0.000004	4	69959	Rhodospira
ERR10036468.out	0.000004	4	75735	Starmerella
ERR10036468.out	0.000004	4	101716	Lambia
ERR10036468.out	0.000004	4	104242	Clavaria
ERR10036468.out	0.000004	4	111860	Balbiania
ERR10036468.out	0.000004	4	134550	Candidatus Xiphinematobacter
ERR10036468.out	0.000004	4	152459	Moneuplotes
ERR10036468.out	0.000004	4	153903	Gayralia
ERR10036468.out	0.000004	4	204619	Candidatus Nardonella
ERR10036468.out	0.000004	4	224461	Jahnella
ERR10036468.out	0.000004	4	253106	Natronolimnobius
ERR10036468.out	0.000004	4	559293	Lishizhenia
ERR10036468.out	0.000004	4	561554	Zeaxanthinibacter
ERR10036468.out	0.000004	4	577483	Ettlia
ERR10036468.out	0.000004	4	715222	Caldicoprobacter
ERR10036468.out	0.000004	4	937253	Thermohydrogenium
ERR10036468.out	0.000004	4	1048757	Candidatus Moranella
ERR10036468.out	0.000004	4	1065495	Neocystis
ERR10036468.out	0.000004	4	1079112	Ilyonectria
ERR10036468.out	0.000004	4	1123044	Ponticaulis
ERR10036468.out	0.000004	4	1159909	Bombiscardovia
ERR10036468.out	0.000004	4	1292369	Bulboplastis
ERR10036468.out	0.000004	4	1470353	Candidatus Soleaferrea
ERR10036468.out	0.000004	4	1573407	Paradevosia
ERR10036468.out	0.000004	4	1647173	Acetobacteroides
ERR10036468.out	0.000004	4	1648517	Mesocricetibacter
ERR10036468.out	0.000004	4	1654711	Litorivivens
ERR10036468.out	0.000004	4	1854458	Breznakia
ERR10036468.out	0.000004	4	1855413	Brevirhabdus
ERR10036468.out	0.000004	4	1869285	Allofrancisella
ERR10036468.out	0.000004	4	1892809	Parengyodontium
ERR10036468.out	0.000004	4	1910890	Groenewaldozyma
ERR10036468.out	0.000004	4	1922299	Beduini
ERR10036468.out	0.000004	4	1923837	Hartaetosiga
ERR10036468.out	0.000004	4	1930592	Vampirococcus
ERR10036468.out	0.000004	4	1935192	Mobilibacterium
ERR10036468.out	0.000004	4	1955421	Rappaport
ERR10036468.out	0.000004	4	2005386	Arabia
ERR10036468.out	0.000004	4	2016741	Telimena
ERR10036468.out	0.000004	4	2018663	Marinisporobacter
ERR10036468.out	0.000004	4	2035712	Guyparkeria
ERR10036468.out	0.000004	4	2058188	Rostrostelium
ERR10036468.out	0.000004	4	2060871	Galactobacillus
ERR10036468.out	0.000004	4	2082587	Parolsenella
ERR10036468.out	0.000004	4	2152900	Candidatus Fermentibacter
ERR10036468.out	0.000004	4	2483368	Sedimentisphaera
ERR10036468.out	0.000004	4	2508948	Candidatus Borkfalkia
ERR10036468.out	0.000004	4	2591381	Dysosmobacter
ERR10036468.out	0.000004	4	2593013	Candidatus Syntrophosphaera
ERR10036468.out	0.000004	4	2678248	Edaphovirga
ERR10036468.out	0.000004	4	2680021	Ephemeroptericola
ERR10036468.out	0.000004	4	2681298	Indiicoccus
ERR10036468.out	0.000004	4	2690159	Anaerohalosphaera
ERR10036468.out	0.000004	4	2715734	Candidatus Chazhemtobacterium
ERR10036468.out	0.000004	4	2729736	Torularia
ERR10036468.out	0.000004	4	2751156	Ningiella
ERR10036468.out	0.000004	4	2765403	Natronolimnohabitans
ERR10036468.out	0.000004	4	2792240	Thiospirochaeta
ERR10036468.out	0.000004	4	2798309	Salinadaptatus
ERR10036468.out	0.000004	4	2814657	Candidatus Nitromaritima
ERR10036468.out	0.000004	4	2815773	Baileyella
ERR10036468.out	0.000004	4	2815774	Hornefia
ERR10036468.out	0.000004	4	2815776	Bilifractor
ERR10036468.out	0.000004	4	2815778	Porcincola
ERR10036468.out	0.000004	4	2815779	Suipraoptans
ERR10036468.out	0.000004	4	2815787	Stecheria
ERR10036468.out	0.000004	4	2820509	Aestuarium
ERR10036468.out	0.000004	4	2820724	Spirabiliibacterium
ERR10036468.out	0.000004	4	2834241	Anaerotalea
ERR10036468.out	0.000004	4	2837505	Margalitia
ERR10036468.out	0.000004	4	2846747	Meinhardsimonia
ERR10036468.out	0.000004	4	2847777	Atribacter
ERR10036468.out	0.000004	4	2850403	Paucihalobacter
ERR10036468.out	0.000004	4	2851088	Marinifaba
ERR10036468.out	0.000004	4	2856855	Ostreibacterium
ERR10036468.out	0.000004	4	2881385	Thermostichus
ERR10036468.out	0.000003	3	2865	Crypthecodinium
ERR10036468.out	0.000003	3	2991	Synura
ERR10036468.out	0.000003	3	3128	Bryopsis
ERR10036468.out	0.000003	3	3136	Acetabularia
ERR10036468.out	0.000003	3	5330	Bjerkandera
ERR10036468.out	0.000003	3	5540	Thermomyces
ERR10036468.out	0.000003	3	5736	Monocercomonas
ERR10036468.out	0.000003	3	5792	Didymium
ERR10036468.out	0.000003	3	35129	Asterionella
ERR10036468.out	0.000003	3	36882	Pyramimonas
ERR10036468.out	0.000003	3	37463	Phoma
ERR10036468.out	0.000003	3	43971	Blastobotrys
ERR10036468.out	0.000003	3	43988	Cyanothece
ERR10036468.out	0.000003	3	46769	Cenarchaeum
ERR10036468.out	0.000003	3	51228	Wigglesworthia
ERR10036468.out	0.000003	3	55993	Oedogonium
ERR10036468.out	0.000003	3	79754	Yamagishiella
ERR10036468.out	0.000003	3	81614	Semnocarpa
ERR10036468.out	0.000003	3	82267	Hyaloraphidium
ERR10036468.out	0.000003	3	82982	Obesumbacterium
ERR10036468.out	0.000003	3	85924	Alkalispirillum
ERR10036468.out	0.000003	3	88743	Pseudevernia
ERR10036468.out	0.000003	3	91479	Opegrapha
ERR10036468.out	0.000003	3	94288	Sterkiella
ERR10036468.out	0.000003	3	96312	Leptographium
ERR10036468.out	0.000003	3	101925	Flintiella
ERR10036468.out	0.000003	3	109236	Planoglabratella
ERR10036468.out	0.000003	3	118262	Dichotomosiphon
ERR10036468.out	0.000003	3	131057	Cryptopleura
ERR10036468.out	0.000003	3	131316	Passalora
ERR10036468.out	0.000003	3	135491	Hematodinium
ERR10036468.out	0.000003	3	146780	Phallus
ERR10036468.out	0.000003	3	153027	Desulforegula
ERR10036468.out	0.000003	3	153250	Cryptocaryon
ERR10036468.out	0.000003	3	157684	Karlodinium
ERR10036468.out	0.000003	3	160794	Filobacillus
ERR10036468.out	0.000003	3	160821	Chaos
ERR10036468.out	0.000003	3	186042	Entomoneis
ERR10036468.out	0.000003	3	189427	Flabellia
ERR10036468.out	0.000003	3	203193	Halobiforma
ERR10036468.out	0.000003	3	243267	Phaeostrophion
ERR10036468.out	0.000003	3	249344	Picochlorum
ERR10036468.out	0.000003	3	256730	Volucribacter
ERR10036468.out	0.000003	3	286800	Tenuibacillus
ERR10036468.out	0.000003	3	312848	Prasiolopsis
ERR10036468.out	0.000003	3	334108	Bergeriella
ERR10036468.out	0.000003	3	354201	Vermistella
ERR10036468.out	0.000003	3	373097	Gambierdiscus
ERR10036468.out	0.000003	3	381414	Boodleopsis
ERR10036468.out	0.000003	3	392299	Histiona
ERR10036468.out	0.000003	3	401618	Candidatus Riesia
ERR10036468.out	0.000003	3	472930	Protostelium
ERR10036468.out	0.000003	3	555078	Fervidicola
ERR10036468.out	0.000003	3	630723	Halarsenatibacter
ERR10036468.out	0.000003	3	660063	Methermicoccus
ERR10036468.out	0.000003	3	681103	Roombia
ERR10036468.out	0.000003	3	745153	Umboniibacter
ERR10036468.out	0.000003	3	759891	Palpitomonas
ERR10036468.out	0.000003	3	766758	Schwanniomyces
ERR10036468.out	0.000003	3	873565	Diplorickettsia
ERR10036468.out	0.000003	3	1034309	Wildemania
ERR10036468.out	0.000003	3	1051666	Candidatus Nanosalina
ERR10036468.out	0.000003	3	1051667	Candidatus Nanosalinarum
ERR10036468.out	0.000003	3	1072081	Jenufa
ERR10036468.out	0.000003	3	1115525	Gomphoneis
ERR10036468.out	0.000003	3	1115532	Didymosphenia
ERR10036468.out	0.000003	3	1117308	Funneliformis
ERR10036468.out	0.000003	3	1204360	Siansivirga
ERR10036468.out	0.000003	3	1269031	Haloarchaeobius
ERR10036468.out	0.000003	3	1301080	Candidatus Nasuia
ERR10036468.out	0.000003	3	1348911	Coprobacter
ERR10036468.out	0.000003	3	1450140	Halohasta
ERR10036468.out	0.000003	3	1473205	Senegalimassilia
ERR10036468.out	0.000003	3	1520333	Vespertiliibacter
ERR10036468.out	0.000003	3	1535231	Altibacter
ERR10036468.out	0.000003	3	1541822	Pseudophaeobacter
ERR10036468.out	0.000003	3	1686374	Pseudooctadecabacter
ERR10036468.out	0.000003	3	1704230	Aureisphaera
ERR10036468.out	0.000003	3	1755829	Ichthyobacterium
ERR10036468.out	0.000003	3	1759400	Paramesorhizobium
ERR10036468.out	0.000003	3	1803399	Candidatus Peribacter
ERR10036468.out	0.000003	3	1837315	Ricasolia
ERR10036468.out	0.000003	3	1855363	Candidatus Chrysopegis
ERR10036468.out	0.000003	3	1918542	Muricomes
ERR10036468.out	0.000003	3	1924081	Bariatricus
ERR10036468.out	0.000003	3	1926659	Mediterranea
ERR10036468.out	0.000003	3	1929305	Pygmaiobacter
ERR10036468.out	0.000003	3	1954229	Racemicystis
ERR10036468.out	0.000003	3	1973275	Massilibacillus
ERR10036468.out	0.000003	3	1975703	Xylanibacillus
ERR10036468.out	0.000003	3	1981050	Phoenicibacter
ERR10036468.out	0.000003	3	1993653	Candidatus Nitrosomarinus
ERR10036468.out	0.000003	3	2125981	Pseudobizionia
ERR10036468.out	0.000003	3	2137577	Ellagibacter
ERR10036468.out	0.000003	3	2510790	Crassa
ERR10036468.out	0.000003	3	2601651	Candidatus Nesciobacter
ERR10036468.out	0.000003	3	2603342	Cafileria
ERR10036468.out	0.000003	3	2703676	Metalysinibacillus
ERR10036468.out	0.000003	3	2720796	Candidatus Alloclostridium
ERR10036468.out	0.000003	3	2721106	Candidatus Howiella
ERR10036468.out	0.000003	3	2721112	Candidatus Neoruminococcus
ERR10036468.out	0.000003	3	2764317	Hydrogeniiclostidium
ERR10036468.out	0.000003	3	2778400	Tepiditoga
ERR10036468.out	0.000003	3	2781121	Thiosulfatimonas
ERR10036468.out	0.000003	3	2782172	Algicoccus
ERR10036468.out	0.000003	3	2792469	Candidatus Pinguicoccus
ERR10036468.out	0.000003	3	2800684	Parerythrobacter
ERR10036468.out	0.000003	3	2802288	Dongshaea
ERR10036468.out	0.000003	3	2817383	Candidatus Azoamicus
ERR10036468.out	0.000003	3	2820788	Facilibium
ERR10036468.out	0.000003	3	2834348	Caproicibacterium
ERR10036468.out	0.000003	3	2840440	Amazonocrinis
ERR10036468.out	0.000003	3	2853170	Neopyropia
ERR10036468.out	0.000003	3	2858886	Mangrovivirga
ERR10036468.out	0.000003	3	2881427	Parasynechococcus
ERR10036468.out	0.000002	2	2811	Gelidium
ERR10036468.out	0.000002	2	2875	Dictyota
ERR10036468.out	0.000002	2	3021	Akkesiphycus
ERR10036468.out	0.000002	2	3106	Hydrodictyon
ERR10036468.out	0.000002	2	5473	Leptoxyphium
ERR10036468.out	0.000002	2	5615	Sterigmatomyces
ERR10036468.out	0.000002	2	5655	Crithidia
ERR10036468.out	0.000002	2	5777	Hartmannella
ERR10036468.out	0.000002	2	28138	Rikenella
ERR10036468.out	0.000002	2	29395	Saccharococcus
ERR10036468.out	0.000002	2	31332	Analipus
ERR10036468.out	0.000002	2	31335	Ralfsia
ERR10036468.out	0.000002	2	31380	Ceramium
ERR10036468.out	0.000002	2	31388	Caloglossa
ERR10036468.out	0.000002	2	35158	Griffithsia
ERR10036468.out	0.000002	2	35858	Neomeris
ERR10036468.out	0.000002	2	36054	Kondoa
ERR10036468.out	0.000002	2	36917	Ambrosiozyma
ERR10036468.out	0.000002	2	39941	Mycocalicium
ERR10036468.out	0.000002	2	42022	Mychodea
ERR10036468.out	0.000002	2	44431	Vischeria
ERR10036468.out	0.000002	2	47933	Dinophysis
ERR10036468.out	0.000002	2	48863	Solorina
ERR10036468.out	0.000002	2	57138	Calonectria
ERR10036468.out	0.000002	2	60005	Strombidium
ERR10036468.out	0.000002	2	60186	Rhizophydium
ERR10036468.out	0.000002	2	62701	Podosphaera
ERR10036468.out	0.000002	2	64607	Moniliella
ERR10036468.out	0.000002	2	65591	Collozoum
ERR10036468.out	0.000002	2	66846	Lepocinclis
ERR10036468.out	0.000002	2	67475	Haslea
ERR10036468.out	0.000002	2	67960	Thorea
ERR10036468.out	0.000002	2	71000	Pfiesteria
ERR10036468.out	0.000002	2	77521	Haemoproteus
ERR10036468.out	0.000002	2	77930	Teleaulax
ERR10036468.out	0.000002	2	78119	Succinispira
ERR10036468.out	0.000002	2	78912	Rhopalomyces
ERR10036468.out	0.000002	2	89043	Spumella
ERR10036468.out	0.000002	2	91192	Tetradesmus
ERR10036468.out	0.000002	2	96503	Trachelomonas
ERR10036468.out	0.000002	2	109471	Bisgaardia
ERR10036468.out	0.000002	2	112177	Arthrinium
ERR10036468.out	0.000002	2	115543	Parasporobacterium
ERR10036468.out	0.000002	2	118966	Anaerorhabdus
ERR10036468.out	0.000002	2	136463	Saccamoeba
ERR10036468.out	0.000002	2	162985	Hapalosiphon
ERR10036468.out	0.000002	2	167639	Ilyobacter
ERR10036468.out	0.000002	2	173111	Smardaea
ERR10036468.out	0.000002	2	175857	Porodaedalea
ERR10036468.out	0.000002	2	191672	Watanabea
ERR10036468.out	0.000002	2	196078	Pseudospirillum
ERR10036468.out	0.000002	2	212512	Globobulimina
ERR10036468.out	0.000002	2	216753	Surirella
ERR10036468.out	0.000002	2	221932	Neogoniolithon
ERR10036468.out	0.000002	2	223385	Grimontella
ERR10036468.out	0.000002	2	223428	Xylographa
ERR10036468.out	0.000002	2	228945	Laetisaria
ERR10036468.out	0.000002	2	229671	Pseudoparamoeba
ERR10036468.out	0.000002	2	247501	Parachlorella
ERR10036468.out	0.000002	2	279170	Nadvornikia
ERR10036468.out	0.000002	2	282198	Nereida
ERR10036468.out	0.000002	2	302781	Monocercomonoides
ERR10036468.out	0.000002	2	303226	Lactovum
ERR10036468.out	0.000002	2	309357	Saccharina
ERR10036468.out	0.000002	2	311207	Gaetbulibacter
ERR10036468.out	0.000002	2	325644	Tydemania
ERR10036468.out	0.000002	2	354440	Marsupiomonas
ERR10036468.out	0.000002	2	364708	Staurothele
ERR10036468.out	0.000002	2	375453	Gonyostomum
ERR10036468.out	0.000002	2	377367	Acanthothecis
ERR10036468.out	0.000002	2	379072	Sediminibacter
ERR10036468.out	0.000002	2	500577	Nesiotobacter
ERR10036468.out	0.000002	2	522481	Esteya
ERR10036468.out	0.000002	2	569950	Flabellula
ERR10036468.out	0.000002	2	574891	Croceitalea
ERR10036468.out	0.000002	2	661322	Coccotylus
ERR10036468.out	0.000002	2	669516	Bartheletia
ERR10036468.out	0.000002	2	722752	Triparma
ERR10036468.out	0.000002	2	743714	Orbus
ERR10036468.out	0.000002	2	1072579	Haemogregarina
ERR10036468.out	0.000002	2	1074866	Glaciozyma
ERR10036468.out	0.000002	2	1078833	Cryptodifflugia
ERR10036468.out	0.000002	2	1078848	Gocevia
ERR10036468.out	0.000002	2	1105339	Orbiocrella
ERR10036468.out	0.000002	2	1191175	Candidatus Vidania
ERR10036468.out	0.000002	2	1258570	Profundibacterium
ERR10036468.out	0.000002	2	1274401	Candidatus Hepatobacter
ERR10036468.out	0.000002	2	1389453	Candidatus Actinomarina
ERR10036468.out	0.000002	2	1433998	Dissulfuribacter
ERR10036468.out	0.000002	2	1434048	Thermoanaerobaculum
ERR10036468.out	0.000002	2	1442082	Candidatus Xenolissoclinum
ERR10036468.out	0.000002	2	1484022	Diddensiella
ERR10036468.out	0.000002	2	1654807	Cunea
ERR10036468.out	0.000002	2	1656252	Rotundella
ERR10036468.out	0.000002	2	1739105	Halopeptonella
ERR10036468.out	0.000002	2	1775694	Ichthyenterobacterium
ERR10036468.out	0.000002	2	1799703	Rhodosporidiobolus
ERR10036468.out	0.000002	2	1801533	Fellozyma
ERR10036468.out	0.000002	2	1852974	Coeloseira
ERR10036468.out	0.000002	2	1862153	Marinirhabdus
ERR10036468.out	0.000002	2	1882917	Pajaroellobacter
ERR10036468.out	0.000002	2	1910924	Hydromonas
ERR10036468.out	0.000002	2	1914292	Hemiarma
ERR10036468.out	0.000002	2	1918511	Frisingicoccus
ERR10036468.out	0.000002	2	1923863	Microstomoeca
ERR10036468.out	0.000002	2	1981028	Mailhella
ERR10036468.out	0.000002	2	2018044	Candidatus Vallotia
ERR10036468.out	0.000002	2	2034765	Massilibacteroides
ERR10036468.out	0.000002	2	2049301	Changchengzhania
ERR10036468.out	0.000002	2	2057233	Absiella
ERR10036468.out	0.000002	2	2316203	Catenibacillus
ERR10036468.out	0.000002	2	2486699	Durusdinium
ERR10036468.out	0.000002	2	2576755	Caproicibacter
ERR10036468.out	0.000002	2	2603325	Aliishimia
ERR10036468.out	0.000002	2	2652702	Hypomontagnella
ERR10036468.out	0.000002	2	2678539	Paracnuella
ERR10036468.out	0.000002	2	2678885	Faecalibacillus
ERR10036468.out	0.000002	2	2694839	Salinibius
ERR10036468.out	0.000002	2	2696673	Pseudoruminococcus
ERR10036468.out	0.000002	2	2718525	Absicoccus
ERR10036468.out	0.000002	2	2720808	Candidatus Geddesella
ERR10036468.out	0.000002	2	2739835	Peptidiphaga
ERR10036468.out	0.000002	2	2749267	Amedibacterium
ERR10036468.out	0.000002	2	2767883	Holzapfelia
ERR10036468.out	0.000002	2	2802942	Candidatus Aquidulcis
ERR10036468.out	0.000002	2	2810010	Anaerophilus
ERR10036468.out	0.000002	2	2813798	Litorivita
ERR10036468.out	0.000002	2	2819089	Rhynchobrunnera
ERR10036468.out	0.000002	2	2821838	Hongsoonwoonella
ERR10036468.out	0.000002	2	2831916	Pukyongia
ERR10036468.out	0.000002	2	2843285	Protohalopteris
ERR10036468.out	0.000002	2	2847307	Thermophilibacter
ERR10036468.out	0.000002	2	2855468	Muriiphilus
ERR10036468.out	0.000002	2	2862346	Baaleninema
ERR10036468.out	0.000002	2	2866216	Perlabentimonas
ERR10036468.out	0.000002	2	2870907	Craterilacuibacter
ERR10036468.out	0.000002	2	2872156	Methyloradius
ERR10036468.out	0.000002	2	2878373	Neoconidiobolus
ERR10036468.out	0.000001	1	869	Dichelobacter
ERR10036468.out	0.000001	1	2764	Aglaothamnion
ERR10036468.out	0.000001	1	2809	Batrachospermum
ERR10036468.out	0.000001	1	2821	Palmaria
ERR10036468.out	0.000001	1	2828	Heterosigma
ERR10036468.out	0.000001	1	2997	Chromulina
ERR10036468.out	0.000001	1	3191	Spermatozopsis
ERR10036468.out	0.000001	1	4807	Blastocladiella
ERR10036468.out	0.000001	1	5040	Malbranchea
ERR10036468.out	0.000001	1	5246	Septobasidium
ERR10036468.out	0.000001	1	5943	Oxytricha
ERR10036468.out	0.000001	1	28022	Ahnfeltia
ERR10036468.out	0.000001	1	29238	Phyllophora
ERR10036468.out	0.000001	1	29417	Mastigocladus
ERR10036468.out	0.000001	1	31346	Bangia
ERR10036468.out	0.000001	1	31444	Eucheuma
ERR10036468.out	0.000001	1	31473	Melanthalia
ERR10036468.out	0.000001	1	34114	Pleurastrum
ERR10036468.out	0.000001	1	34399	Phomopsis
ERR10036468.out	0.000001	1	35121	Macrocystis
ERR10036468.out	0.000001	1	38543	Kappaphycus
ERR10036468.out	0.000001	1	39186	Entomophaga
ERR10036468.out	0.000001	1	39679	Arthonia
ERR10036468.out	0.000001	1	39934	Lecanora
ERR10036468.out	0.000001	1	40593	Peziza
ERR10036468.out	0.000001	1	40599	Sphaerophorus
ERR10036468.out	0.000001	1	42001	Crouania
ERR10036468.out	0.000001	1	45106	Heteromita
ERR10036468.out	0.000001	1	45284	Neotyphodium
ERR10036468.out	0.000001	1	45366	Sporochnus
ERR10036468.out	0.000001	1	46461	Anophryoides
ERR10036468.out	0.000001	1	47780	Carteria
ERR10036468.out	0.000001	1	51333	Rhynchobodo
ERR10036468.out	0.000001	1	51727	Chloromonas
ERR10036468.out	0.000001	1	63260	Melanotaenium
ERR10036468.out	0.000001	1	63600	Pharyngomonas
ERR10036468.out	0.000001	1	64515	Rhizophlyctis
ERR10036468.out	0.000001	1	66470	Lepidodinium
ERR10036468.out	0.000001	1	68813	Tulostoma
ERR10036468.out	0.000001	1	71599	Graphis
ERR10036468.out	0.000001	1	76787	Bachelotia
ERR10036468.out	0.000001	1	82368	Xanthonema
ERR10036468.out	0.000001	1	85902	Telotrochidium
ERR10036468.out	0.000001	1	86620	Usnea
ERR10036468.out	0.000001	1	88359	Symphyocladia
ERR10036468.out	0.000001	1	96783	Phacus
ERR10036468.out	0.000001	1	97104	Marvania
ERR10036468.out	0.000001	1	101120	Thermomucor
ERR10036468.out	0.000001	1	105411	Lessonia
ERR10036468.out	0.000001	1	111621	Xanthoparmelia
ERR10036468.out	0.000001	1	114823	Hapalopilus
ERR10036468.out	0.000001	1	127147	Caecitellus
ERR10036468.out	0.000001	1	137624	Clastoderma
ERR10036468.out	0.000001	1	156229	Karenia
ERR10036468.out	0.000001	1	157480	Peltula
ERR10036468.out	0.000001	1	157915	Ovipleistophora
ERR10036468.out	0.000001	1	158703	Nitophyllum
ERR10036468.out	0.000001	1	159597	Neorhodomela
ERR10036468.out	0.000001	1	163097	Chlorosarcina
ERR10036468.out	0.000001	1	166514	Acrothrix
ERR10036468.out	0.000001	1	169779	Hedophyllum
ERR10036468.out	0.000001	1	172618	Hypotrachyna
ERR10036468.out	0.000001	1	178367	Assulina
ERR10036468.out	0.000001	1	180939	Tintinnopsis
ERR10036468.out	0.000001	1	188963	Gymnophrys
ERR10036468.out	0.000001	1	189384	Candidatus Tremblaya
ERR10036468.out	0.000001	1	189635	Dictyurus
ERR10036468.out	0.000001	1	191097	Coccocarpia
ERR10036468.out	0.000001	1	193185	Sphondylothamnion
ERR10036468.out	0.000001	1	195944	Leucocytozoon
ERR10036468.out	0.000001	1	196140	Schizocladia
ERR10036468.out	0.000001	1	196637	Eunotia
ERR10036468.out	0.000001	1	204413	Boodlea
ERR10036468.out	0.000001	1	224419	Shiraia
ERR10036468.out	0.000001	1	224459	Byssovorax
ERR10036468.out	0.000001	1	238775	Pterocystis
ERR10036468.out	0.000001	1	240367	Palmellopsis
ERR10036468.out	0.000001	1	261839	Protoperidinium
ERR10036468.out	0.000001	1	284134	Sarocladium
ERR10036468.out	0.000001	1	291363	Lecanicillium
ERR10036468.out	0.000001	1	298266	Monomorphina
ERR10036468.out	0.000001	1	306127	Euacanthe
ERR10036468.out	0.000001	1	373137	Rosculus
ERR10036468.out	0.000001	1	427904	Pseudopediastrum
ERR10036468.out	0.000001	1	468065	Bagliettoa
ERR10036468.out	0.000001	1	472825	Candidatus Purcelliella
ERR10036468.out	0.000001	1	485443	Chlamydomyzium
ERR10036468.out	0.000001	1	700917	Corynoplastis
ERR10036468.out	0.000001	1	732289	Mastodia
ERR10036468.out	0.000001	1	753681	Pseudoerythrocladia
ERR10036468.out	0.000001	1	762551	Jejuia
ERR10036468.out	0.000001	1	862252	Capsellina
ERR10036468.out	0.000001	1	873537	Nephromyces
ERR10036468.out	0.000001	1	940661	Cetraspora
ERR10036468.out	0.000001	1	1076757	Parvamoeba
ERR10036468.out	0.000001	1	1148059	Borodinellopsis
ERR10036468.out	0.000001	1	1174524	Rapaza
ERR10036468.out	0.000001	1	1197472	Meridianimaribacter
ERR10036468.out	0.000001	1	1242273	Halamphora
ERR10036468.out	0.000001	1	1302410	Candidatus Annandia
ERR10036468.out	0.000001	1	1333716	Schleiferia
ERR10036468.out	0.000001	1	1346288	Telaepolella
ERR10036468.out	0.000001	1	1399958	Chromochloris
ERR10036468.out	0.000001	1	1486645	Sheathia
ERR10036468.out	0.000001	1	1499983	Euglenaformis
ERR10036468.out	0.000001	1	1511649	Mongoliitalea
ERR10036468.out	0.000001	1	1620386	Lotmaria
ERR10036468.out	0.000001	1	1649317	Frederiksenia
ERR10036468.out	0.000001	1	1653391	Liagoropsis
ERR10036468.out	0.000001	1	1745211	Chania
ERR10036468.out	0.000001	1	1745946	Monodopsis
ERR10036468.out	0.000001	1	1769710	Sellimonas
ERR10036468.out	0.000001	1	1802956	Cairneyella
ERR10036468.out	0.000001	1	1929045	Traorella
ERR10036468.out	0.000001	1	1940138	Candidatus Walczuchella
ERR10036468.out	0.000001	1	1954222	Protokeelia
ERR10036468.out	0.000001	1	1960884	Wynnella
ERR10036468.out	0.000001	1	1980038	Millionella
ERR10036468.out	0.000001	1	1980697	Duodenibacillus
ERR10036468.out	0.000001	1	2004411	Inediibacterium
ERR10036468.out	0.000001	1	2029851	Saonia
ERR10036468.out	0.000001	1	2045304	Ghiorsea
ERR10036468.out	0.000001	1	2055850	Aquicoccus
ERR10036468.out	0.000001	1	2058169	Vicingus
ERR10036468.out	0.000001	1	2079189	Tetzosporium
ERR10036468.out	0.000001	1	2126174	Raphidocystis
ERR10036468.out	0.000001	1	2219504	Sodalinema
ERR10036468.out	0.000001	1	2303406	Simulacricoccus
ERR10036468.out	0.000001	1	2320805	Johnson-sea-linkia
ERR10036468.out	0.000001	1	2448024	Desertimonas
ERR10036468.out	0.000001	1	2483397	Oehlia
ERR10036468.out	0.000001	1	2494213	Mesosutterella
ERR10036468.out	0.000001	1	2562729	Proschkinia
ERR10036468.out	0.000001	1	2661818	Saliniradius
ERR10036468.out	0.000001	1	2668037	Fauchea
ERR10036468.out	0.000001	1	2670333	Lottiidibacillus
ERR10036468.out	0.000001	1	2689588	Marortus
ERR10036468.out	0.000001	1	2700084	Urechidicola
ERR10036468.out	0.000001	1	2720799	Candidatus Aristotella
ERR10036468.out	0.000001	1	2721122	Candidatus Schneewindia
ERR10036468.out	0.000001	1	2721125	Candidatus Woodwardibium
ERR10036468.out	0.000001	1	2787156	Culicoidibacter
ERR10036468.out	0.000001	1	2795773	Vickermania
ERR10036468.out	0.000001	1	2802694	Candidatus Limnocylindrus
ERR10036468.out	0.000001	1	2806916	Halalkalirubrum
ERR10036468.out	0.000001	1	2812012	Zongyanglinia
ERR10036468.out	0.000001	1	2812839	Flavihalobacter
ERR10036468.out	0.000001	1	2815780	Velocimicrobium
ERR10036468.out	0.000001	1	2834353	Litoribacterium
ERR10036468.out	0.000001	1	2846749	Pacificitalea
ERR10036468.out	0.158925	173323	10239	Viruses
ERR10036468.out	8.491497	9260793	NA	cannot be assigned to a (non-viral) genus
ERR10036468.out	19.895001	21697410	NA	unclassified
