Discrepancy Report Results

Summary
FATAL: MISSING_PROTEIN_ID:2133 proteins have invalid IDs.
DISC_SOURCE_QUALS_ASNDISC:strain (all present, all unique)
DISC_SOURCE_QUALS_ASNDISC:taxname (all present, all unique)
DISC_FEATURE_COUNT:CDS: 2133 present
DISC_FEATURE_COUNT:tRNA: 44 present
DISC_FEATURE_COUNT:rRNA: 2 present
DISC_FEATURE_COUNT:repeat_region: 1 present
DISC_COUNT_NUCLEOTIDES:1 nucleotide Bioseqs are present
FEATURE_LOCATION_CONFLICT:2179 features have inconsistent gene locations.
OVERLAPPING_CDS:17 coding regions overlap another coding region with a similar or identical name.
SUSPECT_PRODUCT_NAMES:6 product_names contain suspect phrase or characters
	Putative Typo
		1 features May contain plural
	May contain database identifier more appropriate in note; remove from product name
		3 features contains three or more numbers together that may be identifiers more appropriate in note
		2 features Contains underscore
DISC_QUALITY_SCORES:Quality scores are missing on all sequences.
ONCALLER_COMMENT_PRESENT:1 comment descriptors were found (all same)
SHORT_PROT_SEQUENCES:86 protein sequences are shorter than 50 aa.
MISSING_GENOMEASSEMBLY_COMMENTS:1 bioseqs are missing GenomeAssembly structured comments
MOLTYPE_NOT_MRNA:1 molecule types are not set as mRNA.
TECHNIQUE_NOT_TSA:1 technique are not set as TSA
MISSING_STRUCTURED_COMMENT:1 sequences do not include structured comments.
MISSING_PROJECT:2134 sequences do not include project.
DISC_INCONSISTENT_MOLINFO_TECH:Molinfo Technique Report (some missing, all same)


Detailed Report

FATAL: DiscRep_ALL:MISSING_PROTEIN_ID::2133 proteins hali invalid IDs.
PROKKA_04262022/PROKKA_04262022:Ferroplasma_1 (length 126)
PROKKA_04262022/PROKKA_04262022:Ferroplasma_2 (length 84)
PROKKA_04262022/PROKKA_04262022:Ferroplasma_3 (length 46)
PROKKA_04262022/PROKKA_04262022:Ferroplasma_4 (length 42)
PROKKA_04262022/PROKKA_04262022:Ferroplasma_5 (length 32)
PROKKA_04262022/PROKKA_04262022:Ferroplasma_6 (length 134)
PROKKA_04262022/PROKKA_04262022:Ferroplasma_7 (length 171)
PROKKA_04262022/PROKKA_04262022:Ferroplasma_8 (length 92)
PROKKA_04262022/PROKKA_04262022:Ferroplasma_9 (length 101)
PROKKA_04262022/PROKKA_04262022:Ferroplasma_10 (length 182)
PROKKA_04262022/PROKKA_04262022:Ferroplasma_11 (length 244)
PROKKA_04262022/PROKKA_04262022:Ferroplasma_12 (length 239)
PROKKA_04262022/PROKKA_04262022:Ferroplasma_13 (length 900)
PROKKA_04262022/PROKKA_04262022:Ferroplasma_14 (length 315)
PROKKA_04262022/PROKKA_04262022:Ferroplasma_15 (length 219)
PROKKA_04262022/PROKKA_04262022:Ferroplasma_16 (length 607)
PROKKA_04262022/PROKKA_04262022:Ferroplasma_17 (length 146)
PROKKA_04262022/PROKKA_04262022:Ferroplasma_18 (length 322)
PROKKA_04262022/PROKKA_04262022:Ferroplasma_19 (length 86)
PROKKA_04262022/PROKKA_04262022:Ferroplasma_20 (length 251)
PROKKA_04262022/PROKKA_04262022:Ferroplasma_21 (length 163)
PROKKA_04262022/PROKKA_04262022:Ferroplasma_22 (length 98)
PROKKA_04262022/PROKKA_04262022:Ferroplasma_23 (length 122)
PROKKA_04262022/PROKKA_04262022:Ferroplasma_24 (length 73)
PROKKA_04262022/PROKKA_04262022:Ferroplasma_25 (length 73)
PROKKA_04262022/PROKKA_04262022:Ferroplasma_26 (length 90)
PROKKA_04262022/PROKKA_04262022:Ferroplasma_27 (length 121)
PROKKA_04262022/PROKKA_04262022:Ferroplasma_28 (length 169)
PROKKA_04262022/PROKKA_04262022:Ferroplasma_29 (length 268)
PROKKA_04262022/PROKKA_04262022:Ferroplasma_30 (length 137)
PROKKA_04262022/PROKKA_04262022:Ferroplasma_31 (length 76)
PROKKA_04262022/PROKKA_04262022:Ferroplasma_32 (length 102)
PROKKA_04262022/PROKKA_04262022:Ferroplasma_33 (length 139)
PROKKA_04262022/PROKKA_04262022:Ferroplasma_34 (length 311)
PROKKA_04262022/PROKKA_04262022:Ferroplasma_35 (length 115)
PROKKA_04262022/PROKKA_04262022:Ferroplasma_36 (length 57)
PROKKA_04262022/PROKKA_04262022:Ferroplasma_37 (length 109)
PROKKA_04262022/PROKKA_04262022:Ferroplasma_38 (length 142)
PROKKA_04262022/PROKKA_04262022:Ferroplasma_39 (length 360)
PROKKA_04262022/PROKKA_04262022:Ferroplasma_40 (length 55)
PROKKA_04262022/PROKKA_04262022:Ferroplasma_41 (length 351)
PROKKA_04262022/PROKKA_04262022:Ferroplasma_42 (length 275)
PROKKA_04262022/PROKKA_04262022:Ferroplasma_43 (length 328)
PROKKA_04262022/PROKKA_04262022:Ferroplasma_44 (length 179)
PROKKA_04262022/PROKKA_04262022:Ferroplasma_45 (length 246)
PROKKA_04262022/PROKKA_04262022:Ferroplasma_46 (length 30)
PROKKA_04262022/PROKKA_04262022:Ferroplasma_47 (length 298)
PROKKA_04262022/PROKKA_04262022:Ferroplasma_48 (length 42)
PROKKA_04262022/PROKKA_04262022:Ferroplasma_49 (length 296)
PROKKA_04262022/PROKKA_04262022:Ferroplasma_50 (length 312)
PROKKA_04262022/PROKKA_04262022:Ferroplasma_51 (length 60)
PROKKA_04262022/PROKKA_04262022:Ferroplasma_52 (length 215)
PROKKA_04262022/PROKKA_04262022:Ferroplasma_53 (length 41)
PROKKA_04262022/PROKKA_04262022:Ferroplasma_54 (length 134)
PROKKA_04262022/PROKKA_04262022:Ferroplasma_55 (length 290)
PROKKA_04262022/PROKKA_04262022:Ferroplasma_56 (length 87)
PROKKA_04262022/PROKKA_04262022:Ferroplasma_57 (length 320)
PROKKA_04262022/PROKKA_04262022:Ferroplasma_58 (length 236)
PROKKA_04262022/PROKKA_04262022:Ferroplasma_59 (length 64)
PROKKA_04262022/PROKKA_04262022:Ferroplasma_60 (length 413)
PROKKA_04262022/PROKKA_04262022:Ferroplasma_61 (length 356)
PROKKA_04262022/PROKKA_04262022:Ferroplasma_62 (length 840)
PROKKA_04262022/PROKKA_04262022:Ferroplasma_63 (length 87)
PROKKA_04262022/PROKKA_04262022:Ferroplasma_64 (length 320)
PROKKA_04262022/PROKKA_04262022:Ferroplasma_65 (length 105)
PROKKA_04262022/PROKKA_04262022:Ferroplasma_66 (length 264)
PROKKA_04262022/PROKKA_04262022:Ferroplasma_67 (length 242)
PROKKA_04262022/PROKKA_04262022:Ferroplasma_68 (length 272)
PROKKA_04262022/PROKKA_04262022:Ferroplasma_69 (length 98)
PROKKA_04262022/PROKKA_04262022:Ferroplasma_70 (length 528)
PROKKA_04262022/PROKKA_04262022:Ferroplasma_71 (length 277)
PROKKA_04262022/PROKKA_04262022:Ferroplasma_72 (length 412)
PROKKA_04262022/PROKKA_04262022:Ferroplasma_73 (length 382)
PROKKA_04262022/PROKKA_04262022:Ferroplasma_74 (length 351)
PROKKA_04262022/PROKKA_04262022:Ferroplasma_75 (length 263)
PROKKA_04262022/PROKKA_04262022:Ferroplasma_76 (length 82)
PROKKA_04262022/PROKKA_04262022:Ferroplasma_77 (length 303)
PROKKA_04262022/PROKKA_04262022:Ferroplasma_78 (length 343)
PROKKA_04262022/PROKKA_04262022:Ferroplasma_79 (length 89)
PROKKA_04262022/PROKKA_04262022:Ferroplasma_80 (length 253)
PROKKA_04262022/PROKKA_04262022:Ferroplasma_81 (length 209)
PROKKA_04262022/PROKKA_04262022:Ferroplasma_82 (length 495)
PROKKA_04262022/PROKKA_04262022:Ferroplasma_83 (length 504)
PROKKA_04262022/PROKKA_04262022:Ferroplasma_84 (length 137)
PROKKA_04262022/PROKKA_04262022:Ferroplasma_85 (length 78)
PROKKA_04262022/PROKKA_04262022:Ferroplasma_86 (length 72)
PROKKA_04262022/PROKKA_04262022:Ferroplasma_87 (length 59)
PROKKA_04262022/PROKKA_04262022:Ferroplasma_88 (length 85)
PROKKA_04262022/PROKKA_04262022:Ferroplasma_89 (length 159)
PROKKA_04262022/PROKKA_04262022:Ferroplasma_90 (length 112)
PROKKA_04262022/PROKKA_04262022:Ferroplasma_91 (length 198)
PROKKA_04262022/PROKKA_04262022:Ferroplasma_92 (length 89)
PROKKA_04262022/PROKKA_04262022:Ferroplasma_93 (length 105)
PROKKA_04262022/PROKKA_04262022:Ferroplasma_94 (length 35)
PROKKA_04262022/PROKKA_04262022:Ferroplasma_95 (length 136)
PROKKA_04262022/PROKKA_04262022:Ferroplasma_96 (length 404)
PROKKA_04262022/PROKKA_04262022:Ferroplasma_97 (length 194)
PROKKA_04262022/PROKKA_04262022:Ferroplasma_98 (length 41)
PROKKA_04262022/PROKKA_04262022:Ferroplasma_99 (length 191)
PROKKA_04262022/PROKKA_04262022:Ferroplasma_100 (length 360)
PROKKA_04262022/PROKKA_04262022:Ferroplasma_101 (length 324)
PROKKA_04262022/PROKKA_04262022:Ferroplasma_102 (length 184)
PROKKA_04262022/PROKKA_04262022:Ferroplasma_103 (length 189)
PROKKA_04262022/PROKKA_04262022:Ferroplasma_104 (length 177)
PROKKA_04262022/PROKKA_04262022:Ferroplasma_105 (length 235)
PROKKA_04262022/PROKKA_04262022:Ferroplasma_106 (length 437)
PROKKA_04262022/PROKKA_04262022:Ferroplasma_107 (length 45)
PROKKA_04262022/PROKKA_04262022:Ferroplasma_108 (length 113)
PROKKA_04262022/PROKKA_04262022:Ferroplasma_109 (length 54)
PROKKA_04262022/PROKKA_04262022:Ferroplasma_110 (length 533)
PROKKA_04262022/PROKKA_04262022:Ferroplasma_111 (length 31)
PROKKA_04262022/PROKKA_04262022:Ferroplasma_112 (length 30)
PROKKA_04262022/PROKKA_04262022:Ferroplasma_113 (length 120)
PROKKA_04262022/PROKKA_04262022:Ferroplasma_114 (length 273)
PROKKA_04262022/PROKKA_04262022:Ferroplasma_115 (length 91)
PROKKA_04262022/PROKKA_04262022:Ferroplasma_116 (length 41)
PROKKA_04262022/PROKKA_04262022:Ferroplasma_117 (length 174)
PROKKA_04262022/PROKKA_04262022:Ferroplasma_118 (length 68)
PROKKA_04262022/PROKKA_04262022:Ferroplasma_119 (length 165)
PROKKA_04262022/PROKKA_04262022:Ferroplasma_120 (length 37)
PROKKA_04262022/PROKKA_04262022:Ferroplasma_121 (length 125)
PROKKA_04262022/PROKKA_04262022:Ferroplasma_122 (length 178)
PROKKA_04262022/PROKKA_04262022:Ferroplasma_123 (length 170)
PROKKA_04262022/PROKKA_04262022:Ferroplasma_124 (length 188)
PROKKA_04262022/PROKKA_04262022:Ferroplasma_125 (length 93)
PROKKA_04262022/PROKKA_04262022:Ferroplasma_126 (length 107)
PROKKA_04262022/PROKKA_04262022:Ferroplasma_127 (length 396)
PROKKA_04262022/PROKKA_04262022:Ferroplasma_128 (length 413)
PROKKA_04262022/PROKKA_04262022:Ferroplasma_129 (length 189)
PROKKA_04262022/PROKKA_04262022:Ferroplasma_130 (length 329)
PROKKA_04262022/PROKKA_04262022:Ferroplasma_131 (length 102)
PROKKA_04262022/PROKKA_04262022:Ferroplasma_132 (length 463)
PROKKA_04262022/PROKKA_04262022:Ferroplasma_133 (length 369)
PROKKA_04262022/PROKKA_04262022:Ferroplasma_134 (length 226)
PROKKA_04262022/PROKKA_04262022:Ferroplasma_135 (length 397)
PROKKA_04262022/PROKKA_04262022:Ferroplasma_136 (length 64)
PROKKA_04262022/PROKKA_04262022:Ferroplasma_137 (length 386)
PROKKA_04262022/PROKKA_04262022:Ferroplasma_138 (length 55)
PROKKA_04262022/PROKKA_04262022:Ferroplasma_139 (length 177)
PROKKA_04262022/PROKKA_04262022:Ferroplasma_140 (length 277)
PROKKA_04262022/PROKKA_04262022:Ferroplasma_141 (length 322)
PROKKA_04262022/PROKKA_04262022:Ferroplasma_142 (length 297)
PROKKA_04262022/PROKKA_04262022:Ferroplasma_143 (length 474)
PROKKA_04262022/PROKKA_04262022:Ferroplasma_144 (length 300)
PROKKA_04262022/PROKKA_04262022:Ferroplasma_145 (length 245)
PROKKA_04262022/PROKKA_04262022:Ferroplasma_146 (length 517)
PROKKA_04262022/PROKKA_04262022:Ferroplasma_147 (length 41)
PROKKA_04262022/PROKKA_04262022:Ferroplasma_148 (length 150)
PROKKA_04262022/PROKKA_04262022:Ferroplasma_149 (length 437)
PROKKA_04262022/PROKKA_04262022:Ferroplasma_150 (length 465)
PROKKA_04262022/PROKKA_04262022:Ferroplasma_151 (length 189)
PROKKA_04262022/PROKKA_04262022:Ferroplasma_152 (length 275)
PROKKA_04262022/PROKKA_04262022:Ferroplasma_153 (length 44)
PROKKA_04262022/PROKKA_04262022:Ferroplasma_154 (length 53)
PROKKA_04262022/PROKKA_04262022:Ferroplasma_155 (length 496)
PROKKA_04262022/PROKKA_04262022:Ferroplasma_156 (length 134)
PROKKA_04262022/PROKKA_04262022:Ferroplasma_157 (length 513)
PROKKA_04262022/PROKKA_04262022:Ferroplasma_158 (length 312)
PROKKA_04262022/PROKKA_04262022:Ferroplasma_159 (length 145)
PROKKA_04262022/PROKKA_04262022:Ferroplasma_160 (length 312)
PROKKA_04262022/PROKKA_04262022:Ferroplasma_161 (length 338)
PROKKA_04262022/PROKKA_04262022:Ferroplasma_162 (length 136)
PROKKA_04262022/PROKKA_04262022:Ferroplasma_163 (length 53)
PROKKA_04262022/PROKKA_04262022:Ferroplasma_164 (length 416)
PROKKA_04262022/PROKKA_04262022:Ferroplasma_165 (length 503)
PROKKA_04262022/PROKKA_04262022:Ferroplasma_166 (length 386)
PROKKA_04262022/PROKKA_04262022:Ferroplasma_167 (length 182)
PROKKA_04262022/PROKKA_04262022:Ferroplasma_168 (length 463)
PROKKA_04262022/PROKKA_04262022:Ferroplasma_169 (length 85)
PROKKA_04262022/PROKKA_04262022:Ferroplasma_170 (length 37)
PROKKA_04262022/PROKKA_04262022:Ferroplasma_171 (length 369)
PROKKA_04262022/PROKKA_04262022:Ferroplasma_172 (length 317)
PROKKA_04262022/PROKKA_04262022:Ferroplasma_173 (length 466)
PROKKA_04262022/PROKKA_04262022:Ferroplasma_174 (length 230)
PROKKA_04262022/PROKKA_04262022:Ferroplasma_175 (length 430)
PROKKA_04262022/PROKKA_04262022:Ferroplasma_176 (length 185)
PROKKA_04262022/PROKKA_04262022:Ferroplasma_177 (length 137)
PROKKA_04262022/PROKKA_04262022:Ferroplasma_178 (length 321)
PROKKA_04262022/PROKKA_04262022:Ferroplasma_179 (length 497)
PROKKA_04262022/PROKKA_04262022:Ferroplasma_180 (length 134)
PROKKA_04262022/PROKKA_04262022:Ferroplasma_181 (length 291)
PROKKA_04262022/PROKKA_04262022:Ferroplasma_182 (length 89)
PROKKA_04262022/PROKKA_04262022:Ferroplasma_183 (length 229)
PROKKA_04262022/PROKKA_04262022:Ferroplasma_184 (length 180)
PROKKA_04262022/PROKKA_04262022:Ferroplasma_185 (length 95)
PROKKA_04262022/PROKKA_04262022:Ferroplasma_186 (length 207)
PROKKA_04262022/PROKKA_04262022:Ferroplasma_187 (length 651)
PROKKA_04262022/PROKKA_04262022:Ferroplasma_188 (length 69)
PROKKA_04262022/PROKKA_04262022:Ferroplasma_189 (length 347)
PROKKA_04262022/PROKKA_04262022:Ferroplasma_190 (length 88)
PROKKA_04262022/PROKKA_04262022:Ferroplasma_191 (length 451)
PROKKA_04262022/PROKKA_04262022:Ferroplasma_192 (length 89)
PROKKA_04262022/PROKKA_04262022:Ferroplasma_193 (length 93)
PROKKA_04262022/PROKKA_04262022:Ferroplasma_194 (length 322)
PROKKA_04262022/PROKKA_04262022:Ferroplasma_195 (length 477)
PROKKA_04262022/PROKKA_04262022:Ferroplasma_196 (length 187)
PROKKA_04262022/PROKKA_04262022:Ferroplasma_197 (length 332)
PROKKA_04262022/PROKKA_04262022:Ferroplasma_198 (length 143)
PROKKA_04262022/PROKKA_04262022:Ferroplasma_199 (length 404)
PROKKA_04262022/PROKKA_04262022:Ferroplasma_200 (length 45)
PROKKA_04262022/PROKKA_04262022:Ferroplasma_201 (length 471)
PROKKA_04262022/PROKKA_04262022:Ferroplasma_202 (length 460)
PROKKA_04262022/PROKKA_04262022:Ferroplasma_203 (length 378)
PROKKA_04262022/PROKKA_04262022:Ferroplasma_204 (length 66)
PROKKA_04262022/PROKKA_04262022:Ferroplasma_205 (length 62)
PROKKA_04262022/PROKKA_04262022:Ferroplasma_206 (length 366)
PROKKA_04262022/PROKKA_04262022:Ferroplasma_207 (length 453)
PROKKA_04262022/PROKKA_04262022:Ferroplasma_208 (length 329)
PROKKA_04262022/PROKKA_04262022:Ferroplasma_209 (length 400)
PROKKA_04262022/PROKKA_04262022:Ferroplasma_210 (length 667)
PROKKA_04262022/PROKKA_04262022:Ferroplasma_211 (length 227)
PROKKA_04262022/PROKKA_04262022:Ferroplasma_212 (length 547)
PROKKA_04262022/PROKKA_04262022:Ferroplasma_213 (length 147)
PROKKA_04262022/PROKKA_04262022:Ferroplasma_214 (length 319)
PROKKA_04262022/PROKKA_04262022:Ferroplasma_215 (length 107)
PROKKA_04262022/PROKKA_04262022:Ferroplasma_216 (length 320)
PROKKA_04262022/PROKKA_04262022:Ferroplasma_217 (length 196)
PROKKA_04262022/PROKKA_04262022:Ferroplasma_218 (length 185)
PROKKA_04262022/PROKKA_04262022:Ferroplasma_219 (length 107)
PROKKA_04262022/PROKKA_04262022:Ferroplasma_220 (length 194)
PROKKA_04262022/PROKKA_04262022:Ferroplasma_221 (length 75)
PROKKA_04262022/PROKKA_04262022:Ferroplasma_222 (length 86)
PROKKA_04262022/PROKKA_04262022:Ferroplasma_223 (length 114)
PROKKA_04262022/PROKKA_04262022:Ferroplasma_224 (length 91)
PROKKA_04262022/PROKKA_04262022:Ferroplasma_225 (length 57)
PROKKA_04262022/PROKKA_04262022:Ferroplasma_226 (length 122)
PROKKA_04262022/PROKKA_04262022:Ferroplasma_227 (length 146)
PROKKA_04262022/PROKKA_04262022:Ferroplasma_228 (length 139)
PROKKA_04262022/PROKKA_04262022:Ferroplasma_229 (length 94)
PROKKA_04262022/PROKKA_04262022:Ferroplasma_230 (length 71)
PROKKA_04262022/PROKKA_04262022:Ferroplasma_231 (length 398)
PROKKA_04262022/PROKKA_04262022:Ferroplasma_232 (length 358)
PROKKA_04262022/PROKKA_04262022:Ferroplasma_233 (length 89)
PROKKA_04262022/PROKKA_04262022:Ferroplasma_234 (length 260)
PROKKA_04262022/PROKKA_04262022:Ferroplasma_235 (length 639)
PROKKA_04262022/PROKKA_04262022:Ferroplasma_236 (length 211)
PROKKA_04262022/PROKKA_04262022:Ferroplasma_237 (length 514)
PROKKA_04262022/PROKKA_04262022:Ferroplasma_238 (length 474)
PROKKA_04262022/PROKKA_04262022:Ferroplasma_239 (length 81)
PROKKA_04262022/PROKKA_04262022:Ferroplasma_240 (length 263)
PROKKA_04262022/PROKKA_04262022:Ferroplasma_241 (length 291)
PROKKA_04262022/PROKKA_04262022:Ferroplasma_242 (length 84)
PROKKA_04262022/PROKKA_04262022:Ferroplasma_243 (length 341)
PROKKA_04262022/PROKKA_04262022:Ferroplasma_244 (length 111)
PROKKA_04262022/PROKKA_04262022:Ferroplasma_245 (length 361)
PROKKA_04262022/PROKKA_04262022:Ferroplasma_246 (length 206)
PROKKA_04262022/PROKKA_04262022:Ferroplasma_247 (length 260)
PROKKA_04262022/PROKKA_04262022:Ferroplasma_248 (length 120)
PROKKA_04262022/PROKKA_04262022:Ferroplasma_249 (length 253)
PROKKA_04262022/PROKKA_04262022:Ferroplasma_250 (length 364)
PROKKA_04262022/PROKKA_04262022:Ferroplasma_251 (length 124)
PROKKA_04262022/PROKKA_04262022:Ferroplasma_252 (length 441)
PROKKA_04262022/PROKKA_04262022:Ferroplasma_253 (length 426)
PROKKA_04262022/PROKKA_04262022:Ferroplasma_254 (length 44)
PROKKA_04262022/PROKKA_04262022:Ferroplasma_255 (length 108)
PROKKA_04262022/PROKKA_04262022:Ferroplasma_256 (length 262)
PROKKA_04262022/PROKKA_04262022:Ferroplasma_257 (length 343)
PROKKA_04262022/PROKKA_04262022:Ferroplasma_258 (length 146)
PROKKA_04262022/PROKKA_04262022:Ferroplasma_259 (length 166)
PROKKA_04262022/PROKKA_04262022:Ferroplasma_260 (length 298)
PROKKA_04262022/PROKKA_04262022:Ferroplasma_261 (length 289)
PROKKA_04262022/PROKKA_04262022:Ferroplasma_262 (length 140)
PROKKA_04262022/PROKKA_04262022:Ferroplasma_263 (length 399)
PROKKA_04262022/PROKKA_04262022:Ferroplasma_264 (length 510)
PROKKA_04262022/PROKKA_04262022:Ferroplasma_265 (length 256)
PROKKA_04262022/PROKKA_04262022:Ferroplasma_266 (length 279)
PROKKA_04262022/PROKKA_04262022:Ferroplasma_267 (length 387)
PROKKA_04262022/PROKKA_04262022:Ferroplasma_268 (length 320)
PROKKA_04262022/PROKKA_04262022:Ferroplasma_269 (length 61)
PROKKA_04262022/PROKKA_04262022:Ferroplasma_270 (length 399)
PROKKA_04262022/PROKKA_04262022:Ferroplasma_271 (length 178)
PROKKA_04262022/PROKKA_04262022:Ferroplasma_272 (length 109)
PROKKA_04262022/PROKKA_04262022:Ferroplasma_273 (length 679)
PROKKA_04262022/PROKKA_04262022:Ferroplasma_274 (length 267)
PROKKA_04262022/PROKKA_04262022:Ferroplasma_275 (length 264)
PROKKA_04262022/PROKKA_04262022:Ferroplasma_276 (length 491)
PROKKA_04262022/PROKKA_04262022:Ferroplasma_277 (length 63)
PROKKA_04262022/PROKKA_04262022:Ferroplasma_278 (length 304)
PROKKA_04262022/PROKKA_04262022:Ferroplasma_279 (length 221)
PROKKA_04262022/PROKKA_04262022:Ferroplasma_280 (length 389)
PROKKA_04262022/PROKKA_04262022:Ferroplasma_281 (length 134)
PROKKA_04262022/PROKKA_04262022:Ferroplasma_282 (length 757)
PROKKA_04262022/PROKKA_04262022:Ferroplasma_283 (length 317)
PROKKA_04262022/PROKKA_04262022:Ferroplasma_284 (length 118)
PROKKA_04262022/PROKKA_04262022:Ferroplasma_285 (length 247)
PROKKA_04262022/PROKKA_04262022:Ferroplasma_286 (length 157)
PROKKA_04262022/PROKKA_04262022:Ferroplasma_287 (length 191)
PROKKA_04262022/PROKKA_04262022:Ferroplasma_288 (length 214)
PROKKA_04262022/PROKKA_04262022:Ferroplasma_289 (length 139)
PROKKA_04262022/PROKKA_04262022:Ferroplasma_290 (length 66)
PROKKA_04262022/PROKKA_04262022:Ferroplasma_291 (length 190)
PROKKA_04262022/PROKKA_04262022:Ferroplasma_292 (length 330)
PROKKA_04262022/PROKKA_04262022:Ferroplasma_293 (length 322)
PROKKA_04262022/PROKKA_04262022:Ferroplasma_294 (length 77)
PROKKA_04262022/PROKKA_04262022:Ferroplasma_295 (length 467)
PROKKA_04262022/PROKKA_04262022:Ferroplasma_296 (length 313)
PROKKA_04262022/PROKKA_04262022:Ferroplasma_297 (length 291)
PROKKA_04262022/PROKKA_04262022:Ferroplasma_298 (length 115)
PROKKA_04262022/PROKKA_04262022:Ferroplasma_299 (length 314)
PROKKA_04262022/PROKKA_04262022:Ferroplasma_300 (length 632)
PROKKA_04262022/PROKKA_04262022:Ferroplasma_301 (length 94)
PROKKA_04262022/PROKKA_04262022:Ferroplasma_302 (length 284)
PROKKA_04262022/PROKKA_04262022:Ferroplasma_303 (length 366)
PROKKA_04262022/PROKKA_04262022:Ferroplasma_304 (length 278)
PROKKA_04262022/PROKKA_04262022:Ferroplasma_305 (length 104)
PROKKA_04262022/PROKKA_04262022:Ferroplasma_306 (length 443)
PROKKA_04262022/PROKKA_04262022:Ferroplasma_307 (length 241)
PROKKA_04262022/PROKKA_04262022:Ferroplasma_308 (length 62)
PROKKA_04262022/PROKKA_04262022:Ferroplasma_309 (length 435)
PROKKA_04262022/PROKKA_04262022:Ferroplasma_310 (length 155)
PROKKA_04262022/PROKKA_04262022:Ferroplasma_311 (length 837)
PROKKA_04262022/PROKKA_04262022:Ferroplasma_312 (length 290)
PROKKA_04262022/PROKKA_04262022:Ferroplasma_313 (length 112)
PROKKA_04262022/PROKKA_04262022:Ferroplasma_314 (length 383)
PROKKA_04262022/PROKKA_04262022:Ferroplasma_315 (length 446)
PROKKA_04262022/PROKKA_04262022:Ferroplasma_316 (length 239)
PROKKA_04262022/PROKKA_04262022:Ferroplasma_317 (length 31)
PROKKA_04262022/PROKKA_04262022:Ferroplasma_318 (length 292)
PROKKA_04262022/PROKKA_04262022:Ferroplasma_319 (length 150)
PROKKA_04262022/PROKKA_04262022:Ferroplasma_320 (length 320)
PROKKA_04262022/PROKKA_04262022:Ferroplasma_321 (length 491)
PROKKA_04262022/PROKKA_04262022:Ferroplasma_322 (length 219)
PROKKA_04262022/PROKKA_04262022:Ferroplasma_323 (length 478)
PROKKA_04262022/PROKKA_04262022:Ferroplasma_324 (length 361)
PROKKA_04262022/PROKKA_04262022:Ferroplasma_325 (length 361)
PROKKA_04262022/PROKKA_04262022:Ferroplasma_326 (length 432)
PROKKA_04262022/PROKKA_04262022:Ferroplasma_327 (length 363)
PROKKA_04262022/PROKKA_04262022:Ferroplasma_328 (length 75)
PROKKA_04262022/PROKKA_04262022:Ferroplasma_329 (length 402)
PROKKA_04262022/PROKKA_04262022:Ferroplasma_330 (length 752)
PROKKA_04262022/PROKKA_04262022:Ferroplasma_331 (length 114)
PROKKA_04262022/PROKKA_04262022:Ferroplasma_332 (length 505)
PROKKA_04262022/PROKKA_04262022:Ferroplasma_333 (length 69)
PROKKA_04262022/PROKKA_04262022:Ferroplasma_334 (length 239)
PROKKA_04262022/PROKKA_04262022:Ferroplasma_335 (length 428)
PROKKA_04262022/PROKKA_04262022:Ferroplasma_336 (length 42)
PROKKA_04262022/PROKKA_04262022:Ferroplasma_337 (length 129)
PROKKA_04262022/PROKKA_04262022:Ferroplasma_338 (length 105)
PROKKA_04262022/PROKKA_04262022:Ferroplasma_339 (length 82)
PROKKA_04262022/PROKKA_04262022:Ferroplasma_340 (length 87)
PROKKA_04262022/PROKKA_04262022:Ferroplasma_341 (length 116)
PROKKA_04262022/PROKKA_04262022:Ferroplasma_342 (length 529)
PROKKA_04262022/PROKKA_04262022:Ferroplasma_343 (length 105)
PROKKA_04262022/PROKKA_04262022:Ferroplasma_344 (length 57)
PROKKA_04262022/PROKKA_04262022:Ferroplasma_345 (length 136)
PROKKA_04262022/PROKKA_04262022:Ferroplasma_346 (length 84)
PROKKA_04262022/PROKKA_04262022:Ferroplasma_347 (length 35)
PROKKA_04262022/PROKKA_04262022:Ferroplasma_348 (length 49)
PROKKA_04262022/PROKKA_04262022:Ferroplasma_349 (length 84)
PROKKA_04262022/PROKKA_04262022:Ferroplasma_350 (length 135)
PROKKA_04262022/PROKKA_04262022:Ferroplasma_351 (length 114)
PROKKA_04262022/PROKKA_04262022:Ferroplasma_352 (length 170)
PROKKA_04262022/PROKKA_04262022:Ferroplasma_353 (length 430)
PROKKA_04262022/PROKKA_04262022:Ferroplasma_354 (length 107)
PROKKA_04262022/PROKKA_04262022:Ferroplasma_355 (length 321)
PROKKA_04262022/PROKKA_04262022:Ferroplasma_356 (length 90)
PROKKA_04262022/PROKKA_04262022:Ferroplasma_357 (length 78)
PROKKA_04262022/PROKKA_04262022:Ferroplasma_358 (length 137)
PROKKA_04262022/PROKKA_04262022:Ferroplasma_359 (length 122)
PROKKA_04262022/PROKKA_04262022:Ferroplasma_360 (length 1025)
PROKKA_04262022/PROKKA_04262022:Ferroplasma_361 (length 46)
PROKKA_04262022/PROKKA_04262022:Ferroplasma_362 (length 1698)
PROKKA_04262022/PROKKA_04262022:Ferroplasma_363 (length 668)
PROKKA_04262022/PROKKA_04262022:Ferroplasma_364 (length 159)
PROKKA_04262022/PROKKA_04262022:Ferroplasma_365 (length 284)
PROKKA_04262022/PROKKA_04262022:Ferroplasma_366 (length 111)
PROKKA_04262022/PROKKA_04262022:Ferroplasma_367 (length 53)
PROKKA_04262022/PROKKA_04262022:Ferroplasma_368 (length 65)
PROKKA_04262022/PROKKA_04262022:Ferroplasma_369 (length 314)
PROKKA_04262022/PROKKA_04262022:Ferroplasma_370 (length 305)
PROKKA_04262022/PROKKA_04262022:Ferroplasma_371 (length 356)
PROKKA_04262022/PROKKA_04262022:Ferroplasma_372 (length 329)
PROKKA_04262022/PROKKA_04262022:Ferroplasma_373 (length 103)
PROKKA_04262022/PROKKA_04262022:Ferroplasma_374 (length 198)
PROKKA_04262022/PROKKA_04262022:Ferroplasma_375 (length 795)
PROKKA_04262022/PROKKA_04262022:Ferroplasma_376 (length 158)
PROKKA_04262022/PROKKA_04262022:Ferroplasma_377 (length 29)
PROKKA_04262022/PROKKA_04262022:Ferroplasma_378 (length 359)
PROKKA_04262022/PROKKA_04262022:Ferroplasma_379 (length 385)
PROKKA_04262022/PROKKA_04262022:Ferroplasma_380 (length 318)
PROKKA_04262022/PROKKA_04262022:Ferroplasma_381 (length 126)
PROKKA_04262022/PROKKA_04262022:Ferroplasma_382 (length 72)
PROKKA_04262022/PROKKA_04262022:Ferroplasma_383 (length 109)
PROKKA_04262022/PROKKA_04262022:Ferroplasma_384 (length 134)
PROKKA_04262022/PROKKA_04262022:Ferroplasma_385 (length 557)
PROKKA_04262022/PROKKA_04262022:Ferroplasma_386 (length 445)
PROKKA_04262022/PROKKA_04262022:Ferroplasma_387 (length 536)
PROKKA_04262022/PROKKA_04262022:Ferroplasma_388 (length 54)
PROKKA_04262022/PROKKA_04262022:Ferroplasma_389 (length 559)
PROKKA_04262022/PROKKA_04262022:Ferroplasma_390 (length 55)
PROKKA_04262022/PROKKA_04262022:Ferroplasma_391 (length 73)
PROKKA_04262022/PROKKA_04262022:Ferroplasma_392 (length 375)
PROKKA_04262022/PROKKA_04262022:Ferroplasma_393 (length 309)
PROKKA_04262022/PROKKA_04262022:Ferroplasma_394 (length 190)
PROKKA_04262022/PROKKA_04262022:Ferroplasma_395 (length 412)
PROKKA_04262022/PROKKA_04262022:Ferroplasma_396 (length 133)
PROKKA_04262022/PROKKA_04262022:Ferroplasma_397 (length 311)
PROKKA_04262022/PROKKA_04262022:Ferroplasma_398 (length 144)
PROKKA_04262022/PROKKA_04262022:Ferroplasma_399 (length 95)
PROKKA_04262022/PROKKA_04262022:Ferroplasma_400 (length 158)
PROKKA_04262022/PROKKA_04262022:Ferroplasma_401 (length 100)
PROKKA_04262022/PROKKA_04262022:Ferroplasma_402 (length 311)
PROKKA_04262022/PROKKA_04262022:Ferroplasma_403 (length 150)
PROKKA_04262022/PROKKA_04262022:Ferroplasma_404 (length 676)
PROKKA_04262022/PROKKA_04262022:Ferroplasma_405 (length 44)
PROKKA_04262022/PROKKA_04262022:Ferroplasma_406 (length 172)
PROKKA_04262022/PROKKA_04262022:Ferroplasma_407 (length 107)
PROKKA_04262022/PROKKA_04262022:Ferroplasma_408 (length 274)
PROKKA_04262022/PROKKA_04262022:Ferroplasma_409 (length 107)
PROKKA_04262022/PROKKA_04262022:Ferroplasma_410 (length 350)
PROKKA_04262022/PROKKA_04262022:Ferroplasma_411 (length 397)
PROKKA_04262022/PROKKA_04262022:Ferroplasma_412 (length 112)
PROKKA_04262022/PROKKA_04262022:Ferroplasma_413 (length 74)
PROKKA_04262022/PROKKA_04262022:Ferroplasma_414 (length 257)
PROKKA_04262022/PROKKA_04262022:Ferroplasma_415 (length 72)
PROKKA_04262022/PROKKA_04262022:Ferroplasma_416 (length 261)
PROKKA_04262022/PROKKA_04262022:Ferroplasma_417 (length 79)
PROKKA_04262022/PROKKA_04262022:Ferroplasma_418 (length 328)
PROKKA_04262022/PROKKA_04262022:Ferroplasma_419 (length 584)
PROKKA_04262022/PROKKA_04262022:Ferroplasma_420 (length 168)
PROKKA_04262022/PROKKA_04262022:Ferroplasma_421 (length 215)
PROKKA_04262022/PROKKA_04262022:Ferroplasma_422 (length 791)
PROKKA_04262022/PROKKA_04262022:Ferroplasma_423 (length 643)
PROKKA_04262022/PROKKA_04262022:Ferroplasma_424 (length 205)
PROKKA_04262022/PROKKA_04262022:Ferroplasma_425 (length 79)
PROKKA_04262022/PROKKA_04262022:Ferroplasma_426 (length 547)
PROKKA_04262022/PROKKA_04262022:Ferroplasma_427 (length 339)
PROKKA_04262022/PROKKA_04262022:Ferroplasma_428 (length 209)
PROKKA_04262022/PROKKA_04262022:Ferroplasma_429 (length 177)
PROKKA_04262022/PROKKA_04262022:Ferroplasma_430 (length 78)
PROKKA_04262022/PROKKA_04262022:Ferroplasma_431 (length 79)
PROKKA_04262022/PROKKA_04262022:Ferroplasma_432 (length 111)
PROKKA_04262022/PROKKA_04262022:Ferroplasma_433 (length 137)
PROKKA_04262022/PROKKA_04262022:Ferroplasma_434 (length 81)
PROKKA_04262022/PROKKA_04262022:Ferroplasma_435 (length 112)
PROKKA_04262022/PROKKA_04262022:Ferroplasma_436 (length 468)
PROKKA_04262022/PROKKA_04262022:Ferroplasma_437 (length 498)
PROKKA_04262022/PROKKA_04262022:Ferroplasma_438 (length 627)
PROKKA_04262022/PROKKA_04262022:Ferroplasma_439 (length 99)
PROKKA_04262022/PROKKA_04262022:Ferroplasma_440 (length 73)
PROKKA_04262022/PROKKA_04262022:Ferroplasma_441 (length 83)
PROKKA_04262022/PROKKA_04262022:Ferroplasma_442 (length 165)
PROKKA_04262022/PROKKA_04262022:Ferroplasma_443 (length 351)
PROKKA_04262022/PROKKA_04262022:Ferroplasma_444 (length 367)
PROKKA_04262022/PROKKA_04262022:Ferroplasma_445 (length 151)
PROKKA_04262022/PROKKA_04262022:Ferroplasma_446 (length 154)
PROKKA_04262022/PROKKA_04262022:Ferroplasma_447 (length 144)
PROKKA_04262022/PROKKA_04262022:Ferroplasma_448 (length 91)
PROKKA_04262022/PROKKA_04262022:Ferroplasma_449 (length 305)
PROKKA_04262022/PROKKA_04262022:Ferroplasma_450 (length 206)
PROKKA_04262022/PROKKA_04262022:Ferroplasma_451 (length 402)
PROKKA_04262022/PROKKA_04262022:Ferroplasma_452 (length 377)
PROKKA_04262022/PROKKA_04262022:Ferroplasma_453 (length 69)
PROKKA_04262022/PROKKA_04262022:Ferroplasma_454 (length 164)
PROKKA_04262022/PROKKA_04262022:Ferroplasma_455 (length 211)
PROKKA_04262022/PROKKA_04262022:Ferroplasma_456 (length 458)
PROKKA_04262022/PROKKA_04262022:Ferroplasma_457 (length 112)
PROKKA_04262022/PROKKA_04262022:Ferroplasma_458 (length 187)
PROKKA_04262022/PROKKA_04262022:Ferroplasma_459 (length 129)
PROKKA_04262022/PROKKA_04262022:Ferroplasma_460 (length 81)
PROKKA_04262022/PROKKA_04262022:Ferroplasma_461 (length 119)
PROKKA_04262022/PROKKA_04262022:Ferroplasma_462 (length 166)
PROKKA_04262022/PROKKA_04262022:Ferroplasma_463 (length 235)
PROKKA_04262022/PROKKA_04262022:Ferroplasma_464 (length 83)
PROKKA_04262022/PROKKA_04262022:Ferroplasma_465 (length 99)
PROKKA_04262022/PROKKA_04262022:Ferroplasma_466 (length 437)
PROKKA_04262022/PROKKA_04262022:Ferroplasma_467 (length 304)
PROKKA_04262022/PROKKA_04262022:Ferroplasma_468 (length 245)
PROKKA_04262022/PROKKA_04262022:Ferroplasma_469 (length 118)
PROKKA_04262022/PROKKA_04262022:Ferroplasma_470 (length 1168)
PROKKA_04262022/PROKKA_04262022:Ferroplasma_471 (length 204)
PROKKA_04262022/PROKKA_04262022:Ferroplasma_472 (length 80)
PROKKA_04262022/PROKKA_04262022:Ferroplasma_473 (length 88)
PROKKA_04262022/PROKKA_04262022:Ferroplasma_474 (length 353)
PROKKA_04262022/PROKKA_04262022:Ferroplasma_475 (length 446)
PROKKA_04262022/PROKKA_04262022:Ferroplasma_476 (length 201)
PROKKA_04262022/PROKKA_04262022:Ferroplasma_477 (length 426)
PROKKA_04262022/PROKKA_04262022:Ferroplasma_478 (length 262)
PROKKA_04262022/PROKKA_04262022:Ferroplasma_479 (length 343)
PROKKA_04262022/PROKKA_04262022:Ferroplasma_480 (length 60)
PROKKA_04262022/PROKKA_04262022:Ferroplasma_481 (length 161)
PROKKA_04262022/PROKKA_04262022:Ferroplasma_482 (length 256)
PROKKA_04262022/PROKKA_04262022:Ferroplasma_483 (length 130)
PROKKA_04262022/PROKKA_04262022:Ferroplasma_484 (length 288)
PROKKA_04262022/PROKKA_04262022:Ferroplasma_485 (length 492)
PROKKA_04262022/PROKKA_04262022:Ferroplasma_486 (length 139)
PROKKA_04262022/PROKKA_04262022:Ferroplasma_487 (length 69)
PROKKA_04262022/PROKKA_04262022:Ferroplasma_488 (length 193)
PROKKA_04262022/PROKKA_04262022:Ferroplasma_489 (length 71)
PROKKA_04262022/PROKKA_04262022:Ferroplasma_490 (length 298)
PROKKA_04262022/PROKKA_04262022:Ferroplasma_491 (length 175)
PROKKA_04262022/PROKKA_04262022:Ferroplasma_492 (length 381)
PROKKA_04262022/PROKKA_04262022:Ferroplasma_493 (length 1158)
PROKKA_04262022/PROKKA_04262022:Ferroplasma_494 (length 313)
PROKKA_04262022/PROKKA_04262022:Ferroplasma_495 (length 213)
PROKKA_04262022/PROKKA_04262022:Ferroplasma_496 (length 441)
PROKKA_04262022/PROKKA_04262022:Ferroplasma_497 (length 384)
PROKKA_04262022/PROKKA_04262022:Ferroplasma_498 (length 209)
PROKKA_04262022/PROKKA_04262022:Ferroplasma_499 (length 581)
PROKKA_04262022/PROKKA_04262022:Ferroplasma_500 (length 361)
PROKKA_04262022/PROKKA_04262022:Ferroplasma_501 (length 66)
PROKKA_04262022/PROKKA_04262022:Ferroplasma_502 (length 52)
PROKKA_04262022/PROKKA_04262022:Ferroplasma_503 (length 170)
PROKKA_04262022/PROKKA_04262022:Ferroplasma_504 (length 84)
PROKKA_04262022/PROKKA_04262022:Ferroplasma_505 (length 749)
PROKKA_04262022/PROKKA_04262022:Ferroplasma_506 (length 80)
PROKKA_04262022/PROKKA_04262022:Ferroplasma_507 (length 105)
PROKKA_04262022/PROKKA_04262022:Ferroplasma_508 (length 317)
PROKKA_04262022/PROKKA_04262022:Ferroplasma_509 (length 51)
PROKKA_04262022/PROKKA_04262022:Ferroplasma_510 (length 208)
PROKKA_04262022/PROKKA_04262022:Ferroplasma_511 (length 181)
PROKKA_04262022/PROKKA_04262022:Ferroplasma_512 (length 118)
PROKKA_04262022/PROKKA_04262022:Ferroplasma_513 (length 183)
PROKKA_04262022/PROKKA_04262022:Ferroplasma_514 (length 351)
PROKKA_04262022/PROKKA_04262022:Ferroplasma_515 (length 154)
PROKKA_04262022/PROKKA_04262022:Ferroplasma_516 (length 251)
PROKKA_04262022/PROKKA_04262022:Ferroplasma_517 (length 368)
PROKKA_04262022/PROKKA_04262022:Ferroplasma_518 (length 295)
PROKKA_04262022/PROKKA_04262022:Ferroplasma_519 (length 252)
PROKKA_04262022/PROKKA_04262022:Ferroplasma_520 (length 100)
PROKKA_04262022/PROKKA_04262022:Ferroplasma_521 (length 453)
PROKKA_04262022/PROKKA_04262022:Ferroplasma_522 (length 253)
PROKKA_04262022/PROKKA_04262022:Ferroplasma_523 (length 237)
PROKKA_04262022/PROKKA_04262022:Ferroplasma_524 (length 116)
PROKKA_04262022/PROKKA_04262022:Ferroplasma_525 (length 308)
PROKKA_04262022/PROKKA_04262022:Ferroplasma_526 (length 437)
PROKKA_04262022/PROKKA_04262022:Ferroplasma_527 (length 379)
PROKKA_04262022/PROKKA_04262022:Ferroplasma_528 (length 354)
PROKKA_04262022/PROKKA_04262022:Ferroplasma_529 (length 173)
PROKKA_04262022/PROKKA_04262022:Ferroplasma_530 (length 115)
PROKKA_04262022/PROKKA_04262022:Ferroplasma_531 (length 92)
PROKKA_04262022/PROKKA_04262022:Ferroplasma_532 (length 202)
PROKKA_04262022/PROKKA_04262022:Ferroplasma_533 (length 139)
PROKKA_04262022/PROKKA_04262022:Ferroplasma_534 (length 221)
PROKKA_04262022/PROKKA_04262022:Ferroplasma_535 (length 470)
PROKKA_04262022/PROKKA_04262022:Ferroplasma_536 (length 107)
PROKKA_04262022/PROKKA_04262022:Ferroplasma_537 (length 95)
PROKKA_04262022/PROKKA_04262022:Ferroplasma_538 (length 419)
PROKKA_04262022/PROKKA_04262022:Ferroplasma_539 (length 457)
PROKKA_04262022/PROKKA_04262022:Ferroplasma_540 (length 54)
PROKKA_04262022/PROKKA_04262022:Ferroplasma_541 (length 376)
PROKKA_04262022/PROKKA_04262022:Ferroplasma_542 (length 503)
PROKKA_04262022/PROKKA_04262022:Ferroplasma_543 (length 237)
PROKKA_04262022/PROKKA_04262022:Ferroplasma_544 (length 287)
PROKKA_04262022/PROKKA_04262022:Ferroplasma_545 (length 70)
PROKKA_04262022/PROKKA_04262022:Ferroplasma_546 (length 83)
PROKKA_04262022/PROKKA_04262022:Ferroplasma_547 (length 104)
PROKKA_04262022/PROKKA_04262022:Ferroplasma_548 (length 277)
PROKKA_04262022/PROKKA_04262022:Ferroplasma_549 (length 481)
PROKKA_04262022/PROKKA_04262022:Ferroplasma_550 (length 196)
PROKKA_04262022/PROKKA_04262022:Ferroplasma_551 (length 66)
PROKKA_04262022/PROKKA_04262022:Ferroplasma_552 (length 162)
PROKKA_04262022/PROKKA_04262022:Ferroplasma_553 (length 376)
PROKKA_04262022/PROKKA_04262022:Ferroplasma_554 (length 890)
PROKKA_04262022/PROKKA_04262022:Ferroplasma_555 (length 272)
PROKKA_04262022/PROKKA_04262022:Ferroplasma_556 (length 143)
PROKKA_04262022/PROKKA_04262022:Ferroplasma_557 (length 964)
PROKKA_04262022/PROKKA_04262022:Ferroplasma_558 (length 198)
PROKKA_04262022/PROKKA_04262022:Ferroplasma_559 (length 152)
PROKKA_04262022/PROKKA_04262022:Ferroplasma_560 (length 181)
PROKKA_04262022/PROKKA_04262022:Ferroplasma_561 (length 134)
PROKKA_04262022/PROKKA_04262022:Ferroplasma_562 (length 425)
PROKKA_04262022/PROKKA_04262022:Ferroplasma_563 (length 250)
PROKKA_04262022/PROKKA_04262022:Ferroplasma_564 (length 157)
PROKKA_04262022/PROKKA_04262022:Ferroplasma_565 (length 550)
PROKKA_04262022/PROKKA_04262022:Ferroplasma_566 (length 503)
PROKKA_04262022/PROKKA_04262022:Ferroplasma_567 (length 63)
PROKKA_04262022/PROKKA_04262022:Ferroplasma_568 (length 821)
PROKKA_04262022/PROKKA_04262022:Ferroplasma_569 (length 237)
PROKKA_04262022/PROKKA_04262022:Ferroplasma_570 (length 396)
PROKKA_04262022/PROKKA_04262022:Ferroplasma_571 (length 35)
PROKKA_04262022/PROKKA_04262022:Ferroplasma_572 (length 261)
PROKKA_04262022/PROKKA_04262022:Ferroplasma_573 (length 188)
PROKKA_04262022/PROKKA_04262022:Ferroplasma_574 (length 44)
PROKKA_04262022/PROKKA_04262022:Ferroplasma_575 (length 99)
PROKKA_04262022/PROKKA_04262022:Ferroplasma_576 (length 125)
PROKKA_04262022/PROKKA_04262022:Ferroplasma_577 (length 91)
PROKKA_04262022/PROKKA_04262022:Ferroplasma_578 (length 678)
PROKKA_04262022/PROKKA_04262022:Ferroplasma_579 (length 297)
PROKKA_04262022/PROKKA_04262022:Ferroplasma_580 (length 154)
PROKKA_04262022/PROKKA_04262022:Ferroplasma_581 (length 348)
PROKKA_04262022/PROKKA_04262022:Ferroplasma_582 (length 391)
PROKKA_04262022/PROKKA_04262022:Ferroplasma_583 (length 180)
PROKKA_04262022/PROKKA_04262022:Ferroplasma_584 (length 130)
PROKKA_04262022/PROKKA_04262022:Ferroplasma_585 (length 151)
PROKKA_04262022/PROKKA_04262022:Ferroplasma_586 (length 258)
PROKKA_04262022/PROKKA_04262022:Ferroplasma_587 (length 404)
PROKKA_04262022/PROKKA_04262022:Ferroplasma_588 (length 130)
PROKKA_04262022/PROKKA_04262022:Ferroplasma_589 (length 133)
PROKKA_04262022/PROKKA_04262022:Ferroplasma_590 (length 329)
PROKKA_04262022/PROKKA_04262022:Ferroplasma_591 (length 525)
PROKKA_04262022/PROKKA_04262022:Ferroplasma_592 (length 85)
PROKKA_04262022/PROKKA_04262022:Ferroplasma_593 (length 108)
PROKKA_04262022/PROKKA_04262022:Ferroplasma_594 (length 697)
PROKKA_04262022/PROKKA_04262022:Ferroplasma_595 (length 631)
PROKKA_04262022/PROKKA_04262022:Ferroplasma_596 (length 379)
PROKKA_04262022/PROKKA_04262022:Ferroplasma_597 (length 258)
PROKKA_04262022/PROKKA_04262022:Ferroplasma_598 (length 617)
PROKKA_04262022/PROKKA_04262022:Ferroplasma_599 (length 322)
PROKKA_04262022/PROKKA_04262022:Ferroplasma_600 (length 239)
PROKKA_04262022/PROKKA_04262022:Ferroplasma_601 (length 311)
PROKKA_04262022/PROKKA_04262022:Ferroplasma_602 (length 220)
PROKKA_04262022/PROKKA_04262022:Ferroplasma_603 (length 171)
PROKKA_04262022/PROKKA_04262022:Ferroplasma_604 (length 201)
PROKKA_04262022/PROKKA_04262022:Ferroplasma_605 (length 199)
PROKKA_04262022/PROKKA_04262022:Ferroplasma_606 (length 519)
PROKKA_04262022/PROKKA_04262022:Ferroplasma_607 (length 433)
PROKKA_04262022/PROKKA_04262022:Ferroplasma_608 (length 299)
PROKKA_04262022/PROKKA_04262022:Ferroplasma_609 (length 285)
PROKKA_04262022/PROKKA_04262022:Ferroplasma_610 (length 212)
PROKKA_04262022/PROKKA_04262022:Ferroplasma_611 (length 178)
PROKKA_04262022/PROKKA_04262022:Ferroplasma_612 (length 81)
PROKKA_04262022/PROKKA_04262022:Ferroplasma_613 (length 136)
PROKKA_04262022/PROKKA_04262022:Ferroplasma_614 (length 236)
PROKKA_04262022/PROKKA_04262022:Ferroplasma_615 (length 409)
PROKKA_04262022/PROKKA_04262022:Ferroplasma_616 (length 257)
PROKKA_04262022/PROKKA_04262022:Ferroplasma_617 (length 242)
PROKKA_04262022/PROKKA_04262022:Ferroplasma_618 (length 139)
PROKKA_04262022/PROKKA_04262022:Ferroplasma_619 (length 127)
PROKKA_04262022/PROKKA_04262022:Ferroplasma_620 (length 77)
PROKKA_04262022/PROKKA_04262022:Ferroplasma_621 (length 54)
PROKKA_04262022/PROKKA_04262022:Ferroplasma_622 (length 181)
PROKKA_04262022/PROKKA_04262022:Ferroplasma_623 (length 210)
PROKKA_04262022/PROKKA_04262022:Ferroplasma_624 (length 200)
PROKKA_04262022/PROKKA_04262022:Ferroplasma_625 (length 379)
PROKKA_04262022/PROKKA_04262022:Ferroplasma_626 (length 240)
PROKKA_04262022/PROKKA_04262022:Ferroplasma_627 (length 311)
PROKKA_04262022/PROKKA_04262022:Ferroplasma_628 (length 283)
PROKKA_04262022/PROKKA_04262022:Ferroplasma_629 (length 293)
PROKKA_04262022/PROKKA_04262022:Ferroplasma_630 (length 48)
PROKKA_04262022/PROKKA_04262022:Ferroplasma_631 (length 202)
PROKKA_04262022/PROKKA_04262022:Ferroplasma_632 (length 69)
PROKKA_04262022/PROKKA_04262022:Ferroplasma_633 (length 182)
PROKKA_04262022/PROKKA_04262022:Ferroplasma_634 (length 125)
PROKKA_04262022/PROKKA_04262022:Ferroplasma_635 (length 207)
PROKKA_04262022/PROKKA_04262022:Ferroplasma_636 (length 558)
PROKKA_04262022/PROKKA_04262022:Ferroplasma_637 (length 396)
PROKKA_04262022/PROKKA_04262022:Ferroplasma_638 (length 29)
PROKKA_04262022/PROKKA_04262022:Ferroplasma_639 (length 418)
PROKKA_04262022/PROKKA_04262022:Ferroplasma_640 (length 149)
PROKKA_04262022/PROKKA_04262022:Ferroplasma_641 (length 274)
PROKKA_04262022/PROKKA_04262022:Ferroplasma_642 (length 316)
PROKKA_04262022/PROKKA_04262022:Ferroplasma_643 (length 299)
PROKKA_04262022/PROKKA_04262022:Ferroplasma_644 (length 143)
PROKKA_04262022/PROKKA_04262022:Ferroplasma_645 (length 97)
PROKKA_04262022/PROKKA_04262022:Ferroplasma_646 (length 140)
PROKKA_04262022/PROKKA_04262022:Ferroplasma_647 (length 173)
PROKKA_04262022/PROKKA_04262022:Ferroplasma_648 (length 72)
PROKKA_04262022/PROKKA_04262022:Ferroplasma_649 (length 432)
PROKKA_04262022/PROKKA_04262022:Ferroplasma_650 (length 229)
PROKKA_04262022/PROKKA_04262022:Ferroplasma_651 (length 210)
PROKKA_04262022/PROKKA_04262022:Ferroplasma_652 (length 47)
PROKKA_04262022/PROKKA_04262022:Ferroplasma_653 (length 109)
PROKKA_04262022/PROKKA_04262022:Ferroplasma_654 (length 274)
PROKKA_04262022/PROKKA_04262022:Ferroplasma_655 (length 78)
PROKKA_04262022/PROKKA_04262022:Ferroplasma_656 (length 85)
PROKKA_04262022/PROKKA_04262022:Ferroplasma_657 (length 1370)
PROKKA_04262022/PROKKA_04262022:Ferroplasma_658 (length 113)
PROKKA_04262022/PROKKA_04262022:Ferroplasma_659 (length 702)
PROKKA_04262022/PROKKA_04262022:Ferroplasma_660 (length 729)
PROKKA_04262022/PROKKA_04262022:Ferroplasma_661 (length 329)
PROKKA_04262022/PROKKA_04262022:Ferroplasma_662 (length 247)
PROKKA_04262022/PROKKA_04262022:Ferroplasma_663 (length 199)
PROKKA_04262022/PROKKA_04262022:Ferroplasma_664 (length 331)
PROKKA_04262022/PROKKA_04262022:Ferroplasma_665 (length 103)
PROKKA_04262022/PROKKA_04262022:Ferroplasma_666 (length 361)
PROKKA_04262022/PROKKA_04262022:Ferroplasma_667 (length 276)
PROKKA_04262022/PROKKA_04262022:Ferroplasma_668 (length 466)
PROKKA_04262022/PROKKA_04262022:Ferroplasma_669 (length 134)
PROKKA_04262022/PROKKA_04262022:Ferroplasma_670 (length 46)
PROKKA_04262022/PROKKA_04262022:Ferroplasma_671 (length 58)
PROKKA_04262022/PROKKA_04262022:Ferroplasma_672 (length 60)
PROKKA_04262022/PROKKA_04262022:Ferroplasma_673 (length 116)
PROKKA_04262022/PROKKA_04262022:Ferroplasma_674 (length 392)
PROKKA_04262022/PROKKA_04262022:Ferroplasma_675 (length 85)
PROKKA_04262022/PROKKA_04262022:Ferroplasma_676 (length 334)
PROKKA_04262022/PROKKA_04262022:Ferroplasma_677 (length 67)
PROKKA_04262022/PROKKA_04262022:Ferroplasma_678 (length 210)
PROKKA_04262022/PROKKA_04262022:Ferroplasma_679 (length 349)
PROKKA_04262022/PROKKA_04262022:Ferroplasma_680 (length 166)
PROKKA_04262022/PROKKA_04262022:Ferroplasma_681 (length 126)
PROKKA_04262022/PROKKA_04262022:Ferroplasma_682 (length 248)
PROKKA_04262022/PROKKA_04262022:Ferroplasma_683 (length 170)
PROKKA_04262022/PROKKA_04262022:Ferroplasma_684 (length 275)
PROKKA_04262022/PROKKA_04262022:Ferroplasma_685 (length 317)
PROKKA_04262022/PROKKA_04262022:Ferroplasma_686 (length 223)
PROKKA_04262022/PROKKA_04262022:Ferroplasma_687 (length 637)
PROKKA_04262022/PROKKA_04262022:Ferroplasma_688 (length 210)
PROKKA_04262022/PROKKA_04262022:Ferroplasma_689 (length 160)
PROKKA_04262022/PROKKA_04262022:Ferroplasma_690 (length 85)
PROKKA_04262022/PROKKA_04262022:Ferroplasma_691 (length 534)
PROKKA_04262022/PROKKA_04262022:Ferroplasma_692 (length 67)
PROKKA_04262022/PROKKA_04262022:Ferroplasma_693 (length 57)
PROKKA_04262022/PROKKA_04262022:Ferroplasma_694 (length 89)
PROKKA_04262022/PROKKA_04262022:Ferroplasma_695 (length 53)
PROKKA_04262022/PROKKA_04262022:Ferroplasma_696 (length 582)
PROKKA_04262022/PROKKA_04262022:Ferroplasma_697 (length 164)
PROKKA_04262022/PROKKA_04262022:Ferroplasma_698 (length 85)
PROKKA_04262022/PROKKA_04262022:Ferroplasma_699 (length 130)
PROKKA_04262022/PROKKA_04262022:Ferroplasma_700 (length 621)
PROKKA_04262022/PROKKA_04262022:Ferroplasma_701 (length 397)
PROKKA_04262022/PROKKA_04262022:Ferroplasma_702 (length 221)
PROKKA_04262022/PROKKA_04262022:Ferroplasma_703 (length 205)
PROKKA_04262022/PROKKA_04262022:Ferroplasma_704 (length 177)
PROKKA_04262022/PROKKA_04262022:Ferroplasma_705 (length 558)
PROKKA_04262022/PROKKA_04262022:Ferroplasma_706 (length 65)
PROKKA_04262022/PROKKA_04262022:Ferroplasma_707 (length 163)
PROKKA_04262022/PROKKA_04262022:Ferroplasma_708 (length 299)
PROKKA_04262022/PROKKA_04262022:Ferroplasma_709 (length 255)
PROKKA_04262022/PROKKA_04262022:Ferroplasma_710 (length 323)
PROKKA_04262022/PROKKA_04262022:Ferroplasma_711 (length 61)
PROKKA_04262022/PROKKA_04262022:Ferroplasma_712 (length 386)
PROKKA_04262022/PROKKA_04262022:Ferroplasma_713 (length 330)
PROKKA_04262022/PROKKA_04262022:Ferroplasma_714 (length 97)
PROKKA_04262022/PROKKA_04262022:Ferroplasma_715 (length 129)
PROKKA_04262022/PROKKA_04262022:Ferroplasma_716 (length 83)
PROKKA_04262022/PROKKA_04262022:Ferroplasma_717 (length 578)
PROKKA_04262022/PROKKA_04262022:Ferroplasma_718 (length 301)
PROKKA_04262022/PROKKA_04262022:Ferroplasma_719 (length 261)
PROKKA_04262022/PROKKA_04262022:Ferroplasma_720 (length 64)
PROKKA_04262022/PROKKA_04262022:Ferroplasma_721 (length 545)
PROKKA_04262022/PROKKA_04262022:Ferroplasma_722 (length 517)
PROKKA_04262022/PROKKA_04262022:Ferroplasma_723 (length 280)
PROKKA_04262022/PROKKA_04262022:Ferroplasma_724 (length 155)
PROKKA_04262022/PROKKA_04262022:Ferroplasma_725 (length 356)
PROKKA_04262022/PROKKA_04262022:Ferroplasma_726 (length 575)
PROKKA_04262022/PROKKA_04262022:Ferroplasma_727 (length 354)
PROKKA_04262022/PROKKA_04262022:Ferroplasma_728 (length 229)
PROKKA_04262022/PROKKA_04262022:Ferroplasma_729 (length 237)
PROKKA_04262022/PROKKA_04262022:Ferroplasma_730 (length 122)
PROKKA_04262022/PROKKA_04262022:Ferroplasma_731 (length 105)
PROKKA_04262022/PROKKA_04262022:Ferroplasma_732 (length 269)
PROKKA_04262022/PROKKA_04262022:Ferroplasma_733 (length 95)
PROKKA_04262022/PROKKA_04262022:Ferroplasma_734 (length 160)
PROKKA_04262022/PROKKA_04262022:Ferroplasma_735 (length 194)
PROKKA_04262022/PROKKA_04262022:Ferroplasma_736 (length 324)
PROKKA_04262022/PROKKA_04262022:Ferroplasma_737 (length 293)
PROKKA_04262022/PROKKA_04262022:Ferroplasma_738 (length 266)
PROKKA_04262022/PROKKA_04262022:Ferroplasma_739 (length 91)
PROKKA_04262022/PROKKA_04262022:Ferroplasma_740 (length 1101)
PROKKA_04262022/PROKKA_04262022:Ferroplasma_741 (length 200)
PROKKA_04262022/PROKKA_04262022:Ferroplasma_742 (length 106)
PROKKA_04262022/PROKKA_04262022:Ferroplasma_743 (length 437)
PROKKA_04262022/PROKKA_04262022:Ferroplasma_744 (length 416)
PROKKA_04262022/PROKKA_04262022:Ferroplasma_745 (length 149)
PROKKA_04262022/PROKKA_04262022:Ferroplasma_746 (length 410)
PROKKA_04262022/PROKKA_04262022:Ferroplasma_747 (length 374)
PROKKA_04262022/PROKKA_04262022:Ferroplasma_748 (length 401)
PROKKA_04262022/PROKKA_04262022:Ferroplasma_749 (length 89)
PROKKA_04262022/PROKKA_04262022:Ferroplasma_750 (length 209)
PROKKA_04262022/PROKKA_04262022:Ferroplasma_751 (length 488)
PROKKA_04262022/PROKKA_04262022:Ferroplasma_752 (length 363)
PROKKA_04262022/PROKKA_04262022:Ferroplasma_753 (length 360)
PROKKA_04262022/PROKKA_04262022:Ferroplasma_754 (length 180)
PROKKA_04262022/PROKKA_04262022:Ferroplasma_755 (length 894)
PROKKA_04262022/PROKKA_04262022:Ferroplasma_756 (length 372)
PROKKA_04262022/PROKKA_04262022:Ferroplasma_757 (length 517)
PROKKA_04262022/PROKKA_04262022:Ferroplasma_758 (length 354)
PROKKA_04262022/PROKKA_04262022:Ferroplasma_759 (length 52)
PROKKA_04262022/PROKKA_04262022:Ferroplasma_760 (length 299)
PROKKA_04262022/PROKKA_04262022:Ferroplasma_761 (length 84)
PROKKA_04262022/PROKKA_04262022:Ferroplasma_762 (length 174)
PROKKA_04262022/PROKKA_04262022:Ferroplasma_763 (length 361)
PROKKA_04262022/PROKKA_04262022:Ferroplasma_764 (length 86)
PROKKA_04262022/PROKKA_04262022:Ferroplasma_765 (length 93)
PROKKA_04262022/PROKKA_04262022:Ferroplasma_766 (length 127)
PROKKA_04262022/PROKKA_04262022:Ferroplasma_767 (length 39)
PROKKA_04262022/PROKKA_04262022:Ferroplasma_768 (length 85)
PROKKA_04262022/PROKKA_04262022:Ferroplasma_769 (length 304)
PROKKA_04262022/PROKKA_04262022:Ferroplasma_770 (length 462)
PROKKA_04262022/PROKKA_04262022:Ferroplasma_771 (length 426)
PROKKA_04262022/PROKKA_04262022:Ferroplasma_772 (length 229)
PROKKA_04262022/PROKKA_04262022:Ferroplasma_773 (length 276)
PROKKA_04262022/PROKKA_04262022:Ferroplasma_774 (length 225)
PROKKA_04262022/PROKKA_04262022:Ferroplasma_775 (length 61)
PROKKA_04262022/PROKKA_04262022:Ferroplasma_776 (length 90)
PROKKA_04262022/PROKKA_04262022:Ferroplasma_777 (length 161)
PROKKA_04262022/PROKKA_04262022:Ferroplasma_778 (length 135)
PROKKA_04262022/PROKKA_04262022:Ferroplasma_779 (length 79)
PROKKA_04262022/PROKKA_04262022:Ferroplasma_780 (length 345)
PROKKA_04262022/PROKKA_04262022:Ferroplasma_781 (length 372)
PROKKA_04262022/PROKKA_04262022:Ferroplasma_782 (length 454)
PROKKA_04262022/PROKKA_04262022:Ferroplasma_783 (length 414)
PROKKA_04262022/PROKKA_04262022:Ferroplasma_784 (length 105)
PROKKA_04262022/PROKKA_04262022:Ferroplasma_785 (length 37)
PROKKA_04262022/PROKKA_04262022:Ferroplasma_786 (length 73)
PROKKA_04262022/PROKKA_04262022:Ferroplasma_787 (length 134)
PROKKA_04262022/PROKKA_04262022:Ferroplasma_788 (length 137)
PROKKA_04262022/PROKKA_04262022:Ferroplasma_789 (length 122)
PROKKA_04262022/PROKKA_04262022:Ferroplasma_790 (length 64)
PROKKA_04262022/PROKKA_04262022:Ferroplasma_791 (length 447)
PROKKA_04262022/PROKKA_04262022:Ferroplasma_792 (length 236)
PROKKA_04262022/PROKKA_04262022:Ferroplasma_793 (length 257)
PROKKA_04262022/PROKKA_04262022:Ferroplasma_794 (length 493)
PROKKA_04262022/PROKKA_04262022:Ferroplasma_795 (length 559)
PROKKA_04262022/PROKKA_04262022:Ferroplasma_796 (length 542)
PROKKA_04262022/PROKKA_04262022:Ferroplasma_797 (length 357)
PROKKA_04262022/PROKKA_04262022:Ferroplasma_798 (length 262)
PROKKA_04262022/PROKKA_04262022:Ferroplasma_799 (length 272)
PROKKA_04262022/PROKKA_04262022:Ferroplasma_800 (length 423)
PROKKA_04262022/PROKKA_04262022:Ferroplasma_801 (length 72)
PROKKA_04262022/PROKKA_04262022:Ferroplasma_802 (length 298)
PROKKA_04262022/PROKKA_04262022:Ferroplasma_803 (length 455)
PROKKA_04262022/PROKKA_04262022:Ferroplasma_804 (length 149)
PROKKA_04262022/PROKKA_04262022:Ferroplasma_805 (length 166)
PROKKA_04262022/PROKKA_04262022:Ferroplasma_806 (length 48)
PROKKA_04262022/PROKKA_04262022:Ferroplasma_807 (length 100)
PROKKA_04262022/PROKKA_04262022:Ferroplasma_808 (length 318)
PROKKA_04262022/PROKKA_04262022:Ferroplasma_809 (length 214)
PROKKA_04262022/PROKKA_04262022:Ferroplasma_810 (length 158)
PROKKA_04262022/PROKKA_04262022:Ferroplasma_811 (length 221)
PROKKA_04262022/PROKKA_04262022:Ferroplasma_812 (length 224)
PROKKA_04262022/PROKKA_04262022:Ferroplasma_813 (length 375)
PROKKA_04262022/PROKKA_04262022:Ferroplasma_814 (length 71)
PROKKA_04262022/PROKKA_04262022:Ferroplasma_815 (length 249)
PROKKA_04262022/PROKKA_04262022:Ferroplasma_816 (length 331)
PROKKA_04262022/PROKKA_04262022:Ferroplasma_817 (length 334)
PROKKA_04262022/PROKKA_04262022:Ferroplasma_818 (length 400)
PROKKA_04262022/PROKKA_04262022:Ferroplasma_819 (length 52)
PROKKA_04262022/PROKKA_04262022:Ferroplasma_820 (length 176)
PROKKA_04262022/PROKKA_04262022:Ferroplasma_821 (length 470)
PROKKA_04262022/PROKKA_04262022:Ferroplasma_822 (length 373)
PROKKA_04262022/PROKKA_04262022:Ferroplasma_823 (length 282)
PROKKA_04262022/PROKKA_04262022:Ferroplasma_824 (length 313)
PROKKA_04262022/PROKKA_04262022:Ferroplasma_825 (length 868)
PROKKA_04262022/PROKKA_04262022:Ferroplasma_826 (length 172)
PROKKA_04262022/PROKKA_04262022:Ferroplasma_827 (length 179)
PROKKA_04262022/PROKKA_04262022:Ferroplasma_828 (length 193)
PROKKA_04262022/PROKKA_04262022:Ferroplasma_829 (length 138)
PROKKA_04262022/PROKKA_04262022:Ferroplasma_830 (length 337)
PROKKA_04262022/PROKKA_04262022:Ferroplasma_831 (length 732)
PROKKA_04262022/PROKKA_04262022:Ferroplasma_832 (length 103)
PROKKA_04262022/PROKKA_04262022:Ferroplasma_833 (length 426)
PROKKA_04262022/PROKKA_04262022:Ferroplasma_834 (length 104)
PROKKA_04262022/PROKKA_04262022:Ferroplasma_835 (length 172)
PROKKA_04262022/PROKKA_04262022:Ferroplasma_836 (length 35)
PROKKA_04262022/PROKKA_04262022:Ferroplasma_837 (length 116)
PROKKA_04262022/PROKKA_04262022:Ferroplasma_838 (length 1024)
PROKKA_04262022/PROKKA_04262022:Ferroplasma_839 (length 105)
PROKKA_04262022/PROKKA_04262022:Ferroplasma_840 (length 93)
PROKKA_04262022/PROKKA_04262022:Ferroplasma_841 (length 66)
PROKKA_04262022/PROKKA_04262022:Ferroplasma_842 (length 253)
PROKKA_04262022/PROKKA_04262022:Ferroplasma_843 (length 59)
PROKKA_04262022/PROKKA_04262022:Ferroplasma_844 (length 250)
PROKKA_04262022/PROKKA_04262022:Ferroplasma_845 (length 205)
PROKKA_04262022/PROKKA_04262022:Ferroplasma_846 (length 421)
PROKKA_04262022/PROKKA_04262022:Ferroplasma_847 (length 88)
PROKKA_04262022/PROKKA_04262022:Ferroplasma_848 (length 463)
PROKKA_04262022/PROKKA_04262022:Ferroplasma_849 (length 215)
PROKKA_04262022/PROKKA_04262022:Ferroplasma_850 (length 385)
PROKKA_04262022/PROKKA_04262022:Ferroplasma_851 (length 126)
PROKKA_04262022/PROKKA_04262022:Ferroplasma_852 (length 36)
PROKKA_04262022/PROKKA_04262022:Ferroplasma_853 (length 128)
PROKKA_04262022/PROKKA_04262022:Ferroplasma_854 (length 65)
PROKKA_04262022/PROKKA_04262022:Ferroplasma_855 (length 711)
PROKKA_04262022/PROKKA_04262022:Ferroplasma_856 (length 59)
PROKKA_04262022/PROKKA_04262022:Ferroplasma_857 (length 177)
PROKKA_04262022/PROKKA_04262022:Ferroplasma_858 (length 219)
PROKKA_04262022/PROKKA_04262022:Ferroplasma_859 (length 429)
PROKKA_04262022/PROKKA_04262022:Ferroplasma_860 (length 386)
PROKKA_04262022/PROKKA_04262022:Ferroplasma_861 (length 316)
PROKKA_04262022/PROKKA_04262022:Ferroplasma_862 (length 344)
PROKKA_04262022/PROKKA_04262022:Ferroplasma_863 (length 284)
PROKKA_04262022/PROKKA_04262022:Ferroplasma_864 (length 329)
PROKKA_04262022/PROKKA_04262022:Ferroplasma_865 (length 469)
PROKKA_04262022/PROKKA_04262022:Ferroplasma_866 (length 136)
PROKKA_04262022/PROKKA_04262022:Ferroplasma_867 (length 225)
PROKKA_04262022/PROKKA_04262022:Ferroplasma_868 (length 364)
PROKKA_04262022/PROKKA_04262022:Ferroplasma_869 (length 576)
PROKKA_04262022/PROKKA_04262022:Ferroplasma_870 (length 75)
PROKKA_04262022/PROKKA_04262022:Ferroplasma_871 (length 36)
PROKKA_04262022/PROKKA_04262022:Ferroplasma_872 (length 623)
PROKKA_04262022/PROKKA_04262022:Ferroplasma_873 (length 211)
PROKKA_04262022/PROKKA_04262022:Ferroplasma_874 (length 168)
PROKKA_04262022/PROKKA_04262022:Ferroplasma_875 (length 214)
PROKKA_04262022/PROKKA_04262022:Ferroplasma_876 (length 301)
PROKKA_04262022/PROKKA_04262022:Ferroplasma_877 (length 480)
PROKKA_04262022/PROKKA_04262022:Ferroplasma_878 (length 295)
PROKKA_04262022/PROKKA_04262022:Ferroplasma_879 (length 212)
PROKKA_04262022/PROKKA_04262022:Ferroplasma_880 (length 242)
PROKKA_04262022/PROKKA_04262022:Ferroplasma_881 (length 234)
PROKKA_04262022/PROKKA_04262022:Ferroplasma_882 (length 322)
PROKKA_04262022/PROKKA_04262022:Ferroplasma_883 (length 222)
PROKKA_04262022/PROKKA_04262022:Ferroplasma_884 (length 298)
PROKKA_04262022/PROKKA_04262022:Ferroplasma_885 (length 288)
PROKKA_04262022/PROKKA_04262022:Ferroplasma_886 (length 216)
PROKKA_04262022/PROKKA_04262022:Ferroplasma_887 (length 181)
PROKKA_04262022/PROKKA_04262022:Ferroplasma_888 (length 191)
PROKKA_04262022/PROKKA_04262022:Ferroplasma_889 (length 657)
PROKKA_04262022/PROKKA_04262022:Ferroplasma_890 (length 281)
PROKKA_04262022/PROKKA_04262022:Ferroplasma_891 (length 259)
PROKKA_04262022/PROKKA_04262022:Ferroplasma_892 (length 1080)
PROKKA_04262022/PROKKA_04262022:Ferroplasma_893 (length 110)
PROKKA_04262022/PROKKA_04262022:Ferroplasma_894 (length 536)
PROKKA_04262022/PROKKA_04262022:Ferroplasma_895 (length 453)
PROKKA_04262022/PROKKA_04262022:Ferroplasma_896 (length 164)
PROKKA_04262022/PROKKA_04262022:Ferroplasma_897 (length 471)
PROKKA_04262022/PROKKA_04262022:Ferroplasma_898 (length 342)
PROKKA_04262022/PROKKA_04262022:Ferroplasma_899 (length 319)
PROKKA_04262022/PROKKA_04262022:Ferroplasma_900 (length 257)
PROKKA_04262022/PROKKA_04262022:Ferroplasma_901 (length 439)
PROKKA_04262022/PROKKA_04262022:Ferroplasma_902 (length 433)
PROKKA_04262022/PROKKA_04262022:Ferroplasma_903 (length 209)
PROKKA_04262022/PROKKA_04262022:Ferroplasma_904 (length 119)
PROKKA_04262022/PROKKA_04262022:Ferroplasma_905 (length 256)
PROKKA_04262022/PROKKA_04262022:Ferroplasma_906 (length 100)
PROKKA_04262022/PROKKA_04262022:Ferroplasma_907 (length 365)
PROKKA_04262022/PROKKA_04262022:Ferroplasma_908 (length 240)
PROKKA_04262022/PROKKA_04262022:Ferroplasma_909 (length 366)
PROKKA_04262022/PROKKA_04262022:Ferroplasma_910 (length 218)
PROKKA_04262022/PROKKA_04262022:Ferroplasma_911 (length 42)
PROKKA_04262022/PROKKA_04262022:Ferroplasma_912 (length 244)
PROKKA_04262022/PROKKA_04262022:Ferroplasma_913 (length 187)
PROKKA_04262022/PROKKA_04262022:Ferroplasma_914 (length 202)
PROKKA_04262022/PROKKA_04262022:Ferroplasma_915 (length 94)
PROKKA_04262022/PROKKA_04262022:Ferroplasma_916 (length 231)
PROKKA_04262022/PROKKA_04262022:Ferroplasma_917 (length 140)
PROKKA_04262022/PROKKA_04262022:Ferroplasma_918 (length 401)
PROKKA_04262022/PROKKA_04262022:Ferroplasma_919 (length 209)
PROKKA_04262022/PROKKA_04262022:Ferroplasma_920 (length 59)
PROKKA_04262022/PROKKA_04262022:Ferroplasma_921 (length 111)
PROKKA_04262022/PROKKA_04262022:Ferroplasma_922 (length 134)
PROKKA_04262022/PROKKA_04262022:Ferroplasma_923 (length 591)
PROKKA_04262022/PROKKA_04262022:Ferroplasma_924 (length 117)
PROKKA_04262022/PROKKA_04262022:Ferroplasma_925 (length 66)
PROKKA_04262022/PROKKA_04262022:Ferroplasma_926 (length 250)
PROKKA_04262022/PROKKA_04262022:Ferroplasma_927 (length 91)
PROKKA_04262022/PROKKA_04262022:Ferroplasma_928 (length 169)
PROKKA_04262022/PROKKA_04262022:Ferroplasma_929 (length 59)
PROKKA_04262022/PROKKA_04262022:Ferroplasma_930 (length 204)
PROKKA_04262022/PROKKA_04262022:Ferroplasma_931 (length 356)
PROKKA_04262022/PROKKA_04262022:Ferroplasma_932 (length 616)
PROKKA_04262022/PROKKA_04262022:Ferroplasma_933 (length 845)
PROKKA_04262022/PROKKA_04262022:Ferroplasma_934 (length 57)
PROKKA_04262022/PROKKA_04262022:Ferroplasma_935 (length 485)
PROKKA_04262022/PROKKA_04262022:Ferroplasma_936 (length 125)
PROKKA_04262022/PROKKA_04262022:Ferroplasma_937 (length 70)
PROKKA_04262022/PROKKA_04262022:Ferroplasma_938 (length 51)
PROKKA_04262022/PROKKA_04262022:Ferroplasma_939 (length 75)
PROKKA_04262022/PROKKA_04262022:Ferroplasma_940 (length 152)
PROKKA_04262022/PROKKA_04262022:Ferroplasma_941 (length 71)
PROKKA_04262022/PROKKA_04262022:Ferroplasma_942 (length 183)
PROKKA_04262022/PROKKA_04262022:Ferroplasma_943 (length 156)
PROKKA_04262022/PROKKA_04262022:Ferroplasma_944 (length 361)
PROKKA_04262022/PROKKA_04262022:Ferroplasma_945 (length 160)
PROKKA_04262022/PROKKA_04262022:Ferroplasma_946 (length 221)
PROKKA_04262022/PROKKA_04262022:Ferroplasma_947 (length 168)
PROKKA_04262022/PROKKA_04262022:Ferroplasma_948 (length 472)
PROKKA_04262022/PROKKA_04262022:Ferroplasma_949 (length 193)
PROKKA_04262022/PROKKA_04262022:Ferroplasma_950 (length 100)
PROKKA_04262022/PROKKA_04262022:Ferroplasma_951 (length 426)
PROKKA_04262022/PROKKA_04262022:Ferroplasma_952 (length 478)
PROKKA_04262022/PROKKA_04262022:Ferroplasma_953 (length 103)
PROKKA_04262022/PROKKA_04262022:Ferroplasma_954 (length 83)
PROKKA_04262022/PROKKA_04262022:Ferroplasma_955 (length 84)
PROKKA_04262022/PROKKA_04262022:Ferroplasma_956 (length 330)
PROKKA_04262022/PROKKA_04262022:Ferroplasma_957 (length 381)
PROKKA_04262022/PROKKA_04262022:Ferroplasma_958 (length 38)
PROKKA_04262022/PROKKA_04262022:Ferroplasma_959 (length 174)
PROKKA_04262022/PROKKA_04262022:Ferroplasma_960 (length 99)
PROKKA_04262022/PROKKA_04262022:Ferroplasma_961 (length 291)
PROKKA_04262022/PROKKA_04262022:Ferroplasma_962 (length 78)
PROKKA_04262022/PROKKA_04262022:Ferroplasma_963 (length 50)
PROKKA_04262022/PROKKA_04262022:Ferroplasma_964 (length 63)
PROKKA_04262022/PROKKA_04262022:Ferroplasma_965 (length 384)
PROKKA_04262022/PROKKA_04262022:Ferroplasma_966 (length 54)
PROKKA_04262022/PROKKA_04262022:Ferroplasma_967 (length 48)
PROKKA_04262022/PROKKA_04262022:Ferroplasma_968 (length 253)
PROKKA_04262022/PROKKA_04262022:Ferroplasma_969 (length 117)
PROKKA_04262022/PROKKA_04262022:Ferroplasma_970 (length 89)
PROKKA_04262022/PROKKA_04262022:Ferroplasma_971 (length 66)
PROKKA_04262022/PROKKA_04262022:Ferroplasma_972 (length 106)
PROKKA_04262022/PROKKA_04262022:Ferroplasma_973 (length 214)
PROKKA_04262022/PROKKA_04262022:Ferroplasma_974 (length 65)
PROKKA_04262022/PROKKA_04262022:Ferroplasma_975 (length 429)
PROKKA_04262022/PROKKA_04262022:Ferroplasma_976 (length 77)
PROKKA_04262022/PROKKA_04262022:Ferroplasma_977 (length 101)
PROKKA_04262022/PROKKA_04262022:Ferroplasma_978 (length 345)
PROKKA_04262022/PROKKA_04262022:Ferroplasma_979 (length 324)
PROKKA_04262022/PROKKA_04262022:Ferroplasma_980 (length 200)
PROKKA_04262022/PROKKA_04262022:Ferroplasma_981 (length 288)
PROKKA_04262022/PROKKA_04262022:Ferroplasma_982 (length 165)
PROKKA_04262022/PROKKA_04262022:Ferroplasma_983 (length 400)
PROKKA_04262022/PROKKA_04262022:Ferroplasma_984 (length 324)
PROKKA_04262022/PROKKA_04262022:Ferroplasma_985 (length 296)
PROKKA_04262022/PROKKA_04262022:Ferroplasma_986 (length 375)
PROKKA_04262022/PROKKA_04262022:Ferroplasma_987 (length 100)
PROKKA_04262022/PROKKA_04262022:Ferroplasma_988 (length 201)
PROKKA_04262022/PROKKA_04262022:Ferroplasma_989 (length 414)
PROKKA_04262022/PROKKA_04262022:Ferroplasma_990 (length 73)
PROKKA_04262022/PROKKA_04262022:Ferroplasma_991 (length 65)
PROKKA_04262022/PROKKA_04262022:Ferroplasma_992 (length 485)
PROKKA_04262022/PROKKA_04262022:Ferroplasma_993 (length 467)
PROKKA_04262022/PROKKA_04262022:Ferroplasma_994 (length 113)
PROKKA_04262022/PROKKA_04262022:Ferroplasma_995 (length 183)
PROKKA_04262022/PROKKA_04262022:Ferroplasma_996 (length 369)
PROKKA_04262022/PROKKA_04262022:Ferroplasma_997 (length 38)
PROKKA_04262022/PROKKA_04262022:Ferroplasma_998 (length 416)
PROKKA_04262022/PROKKA_04262022:Ferroplasma_999 (length 167)
PROKKA_04262022/PROKKA_04262022:Ferroplasma_1000 (length 389)
PROKKA_04262022/PROKKA_04262022:Ferroplasma_1001 (length 229)
PROKKA_04262022/PROKKA_04262022:Ferroplasma_1002 (length 74)
PROKKA_04262022/PROKKA_04262022:Ferroplasma_1003 (length 77)
PROKKA_04262022/PROKKA_04262022:Ferroplasma_1004 (length 429)
PROKKA_04262022/PROKKA_04262022:Ferroplasma_1005 (length 372)
PROKKA_04262022/PROKKA_04262022:Ferroplasma_1006 (length 323)
PROKKA_04262022/PROKKA_04262022:Ferroplasma_1007 (length 138)
PROKKA_04262022/PROKKA_04262022:Ferroplasma_1008 (length 327)
PROKKA_04262022/PROKKA_04262022:Ferroplasma_1009 (length 267)
PROKKA_04262022/PROKKA_04262022:Ferroplasma_1010 (length 225)
PROKKA_04262022/PROKKA_04262022:Ferroplasma_1011 (length 412)
PROKKA_04262022/PROKKA_04262022:Ferroplasma_1012 (length 330)
PROKKA_04262022/PROKKA_04262022:Ferroplasma_1013 (length 744)
PROKKA_04262022/PROKKA_04262022:Ferroplasma_1014 (length 308)
PROKKA_04262022/PROKKA_04262022:Ferroplasma_1015 (length 361)
PROKKA_04262022/PROKKA_04262022:Ferroplasma_1016 (length 198)
PROKKA_04262022/PROKKA_04262022:Ferroplasma_1017 (length 207)
PROKKA_04262022/PROKKA_04262022:Ferroplasma_1018 (length 209)
PROKKA_04262022/PROKKA_04262022:Ferroplasma_1019 (length 279)
PROKKA_04262022/PROKKA_04262022:Ferroplasma_1020 (length 178)
PROKKA_04262022/PROKKA_04262022:Ferroplasma_1021 (length 184)
PROKKA_04262022/PROKKA_04262022:Ferroplasma_1022 (length 96)
PROKKA_04262022/PROKKA_04262022:Ferroplasma_1023 (length 360)
PROKKA_04262022/PROKKA_04262022:Ferroplasma_1024 (length 642)
PROKKA_04262022/PROKKA_04262022:Ferroplasma_1025 (length 80)
PROKKA_04262022/PROKKA_04262022:Ferroplasma_1026 (length 35)
PROKKA_04262022/PROKKA_04262022:Ferroplasma_1027 (length 216)
PROKKA_04262022/PROKKA_04262022:Ferroplasma_1028 (length 458)
PROKKA_04262022/PROKKA_04262022:Ferroplasma_1029 (length 70)
PROKKA_04262022/PROKKA_04262022:Ferroplasma_1030 (length 507)
PROKKA_04262022/PROKKA_04262022:Ferroplasma_1031 (length 102)
PROKKA_04262022/PROKKA_04262022:Ferroplasma_1032 (length 353)
PROKKA_04262022/PROKKA_04262022:Ferroplasma_1033 (length 189)
PROKKA_04262022/PROKKA_04262022:Ferroplasma_1034 (length 75)
PROKKA_04262022/PROKKA_04262022:Ferroplasma_1035 (length 502)
PROKKA_04262022/PROKKA_04262022:Ferroplasma_1036 (length 298)
PROKKA_04262022/PROKKA_04262022:Ferroplasma_1037 (length 129)
PROKKA_04262022/PROKKA_04262022:Ferroplasma_1038 (length 103)
PROKKA_04262022/PROKKA_04262022:Ferroplasma_1039 (length 242)
PROKKA_04262022/PROKKA_04262022:Ferroplasma_1040 (length 99)
PROKKA_04262022/PROKKA_04262022:Ferroplasma_1041 (length 134)
PROKKA_04262022/PROKKA_04262022:Ferroplasma_1042 (length 69)
PROKKA_04262022/PROKKA_04262022:Ferroplasma_1043 (length 76)
PROKKA_04262022/PROKKA_04262022:Ferroplasma_1044 (length 47)
PROKKA_04262022/PROKKA_04262022:Ferroplasma_1045 (length 166)
PROKKA_04262022/PROKKA_04262022:Ferroplasma_1046 (length 349)
PROKKA_04262022/PROKKA_04262022:Ferroplasma_1047 (length 242)
PROKKA_04262022/PROKKA_04262022:Ferroplasma_1048 (length 46)
PROKKA_04262022/PROKKA_04262022:Ferroplasma_1049 (length 84)
PROKKA_04262022/PROKKA_04262022:Ferroplasma_1050 (length 552)
PROKKA_04262022/PROKKA_04262022:Ferroplasma_1051 (length 77)
PROKKA_04262022/PROKKA_04262022:Ferroplasma_1052 (length 169)
PROKKA_04262022/PROKKA_04262022:Ferroplasma_1053 (length 368)
PROKKA_04262022/PROKKA_04262022:Ferroplasma_1054 (length 75)
PROKKA_04262022/PROKKA_04262022:Ferroplasma_1055 (length 388)
PROKKA_04262022/PROKKA_04262022:Ferroplasma_1056 (length 413)
PROKKA_04262022/PROKKA_04262022:Ferroplasma_1057 (length 160)
PROKKA_04262022/PROKKA_04262022:Ferroplasma_1058 (length 356)
PROKKA_04262022/PROKKA_04262022:Ferroplasma_1059 (length 411)
PROKKA_04262022/PROKKA_04262022:Ferroplasma_1060 (length 215)
PROKKA_04262022/PROKKA_04262022:Ferroplasma_1061 (length 64)
PROKKA_04262022/PROKKA_04262022:Ferroplasma_1062 (length 427)
PROKKA_04262022/PROKKA_04262022:Ferroplasma_1063 (length 110)
PROKKA_04262022/PROKKA_04262022:Ferroplasma_1064 (length 311)
PROKKA_04262022/PROKKA_04262022:Ferroplasma_1065 (length 441)
PROKKA_04262022/PROKKA_04262022:Ferroplasma_1066 (length 772)
PROKKA_04262022/PROKKA_04262022:Ferroplasma_1067 (length 427)
PROKKA_04262022/PROKKA_04262022:Ferroplasma_1068 (length 413)
PROKKA_04262022/PROKKA_04262022:Ferroplasma_1069 (length 196)
PROKKA_04262022/PROKKA_04262022:Ferroplasma_1070 (length 144)
PROKKA_04262022/PROKKA_04262022:Ferroplasma_1071 (length 335)
PROKKA_04262022/PROKKA_04262022:Ferroplasma_1072 (length 122)
PROKKA_04262022/PROKKA_04262022:Ferroplasma_1073 (length 112)
PROKKA_04262022/PROKKA_04262022:Ferroplasma_1074 (length 211)
PROKKA_04262022/PROKKA_04262022:Ferroplasma_1075 (length 74)
PROKKA_04262022/PROKKA_04262022:Ferroplasma_1076 (length 79)
PROKKA_04262022/PROKKA_04262022:Ferroplasma_1077 (length 276)
PROKKA_04262022/PROKKA_04262022:Ferroplasma_1078 (length 298)
PROKKA_04262022/PROKKA_04262022:Ferroplasma_1079 (length 141)
PROKKA_04262022/PROKKA_04262022:Ferroplasma_1080 (length 193)
PROKKA_04262022/PROKKA_04262022:Ferroplasma_1081 (length 507)
PROKKA_04262022/PROKKA_04262022:Ferroplasma_1082 (length 362)
PROKKA_04262022/PROKKA_04262022:Ferroplasma_1083 (length 637)
PROKKA_04262022/PROKKA_04262022:Ferroplasma_1084 (length 86)
PROKKA_04262022/PROKKA_04262022:Ferroplasma_1085 (length 115)
PROKKA_04262022/PROKKA_04262022:Ferroplasma_1086 (length 151)
PROKKA_04262022/PROKKA_04262022:Ferroplasma_1087 (length 469)
PROKKA_04262022/PROKKA_04262022:Ferroplasma_1088 (length 336)
PROKKA_04262022/PROKKA_04262022:Ferroplasma_1089 (length 251)
PROKKA_04262022/PROKKA_04262022:Ferroplasma_1090 (length 190)
PROKKA_04262022/PROKKA_04262022:Ferroplasma_1091 (length 223)
PROKKA_04262022/PROKKA_04262022:Ferroplasma_1092 (length 152)
PROKKA_04262022/PROKKA_04262022:Ferroplasma_1093 (length 361)
PROKKA_04262022/PROKKA_04262022:Ferroplasma_1094 (length 361)
PROKKA_04262022/PROKKA_04262022:Ferroplasma_1095 (length 103)
PROKKA_04262022/PROKKA_04262022:Ferroplasma_1096 (length 276)
PROKKA_04262022/PROKKA_04262022:Ferroplasma_1097 (length 105)
PROKKA_04262022/PROKKA_04262022:Ferroplasma_1098 (length 562)
PROKKA_04262022/PROKKA_04262022:Ferroplasma_1099 (length 193)
PROKKA_04262022/PROKKA_04262022:Ferroplasma_1100 (length 157)
PROKKA_04262022/PROKKA_04262022:Ferroplasma_1101 (length 256)
PROKKA_04262022/PROKKA_04262022:Ferroplasma_1102 (length 255)
PROKKA_04262022/PROKKA_04262022:Ferroplasma_1103 (length 170)
PROKKA_04262022/PROKKA_04262022:Ferroplasma_1104 (length 137)
PROKKA_04262022/PROKKA_04262022:Ferroplasma_1105 (length 294)
PROKKA_04262022/PROKKA_04262022:Ferroplasma_1106 (length 206)
PROKKA_04262022/PROKKA_04262022:Ferroplasma_1107 (length 192)
PROKKA_04262022/PROKKA_04262022:Ferroplasma_1108 (length 185)
PROKKA_04262022/PROKKA_04262022:Ferroplasma_1109 (length 53)
PROKKA_04262022/PROKKA_04262022:Ferroplasma_1110 (length 64)
PROKKA_04262022/PROKKA_04262022:Ferroplasma_1111 (length 29)
PROKKA_04262022/PROKKA_04262022:Ferroplasma_1112 (length 84)
PROKKA_04262022/PROKKA_04262022:Ferroplasma_1113 (length 80)
PROKKA_04262022/PROKKA_04262022:Ferroplasma_1114 (length 49)
PROKKA_04262022/PROKKA_04262022:Ferroplasma_1115 (length 651)
PROKKA_04262022/PROKKA_04262022:Ferroplasma_1116 (length 472)
PROKKA_04262022/PROKKA_04262022:Ferroplasma_1117 (length 29)
PROKKA_04262022/PROKKA_04262022:Ferroplasma_1118 (length 88)
PROKKA_04262022/PROKKA_04262022:Ferroplasma_1119 (length 82)
PROKKA_04262022/PROKKA_04262022:Ferroplasma_1120 (length 276)
PROKKA_04262022/PROKKA_04262022:Ferroplasma_1121 (length 388)
PROKKA_04262022/PROKKA_04262022:Ferroplasma_1122 (length 361)
PROKKA_04262022/PROKKA_04262022:Ferroplasma_1123 (length 202)
PROKKA_04262022/PROKKA_04262022:Ferroplasma_1124 (length 55)
PROKKA_04262022/PROKKA_04262022:Ferroplasma_1125 (length 151)
PROKKA_04262022/PROKKA_04262022:Ferroplasma_1126 (length 78)
PROKKA_04262022/PROKKA_04262022:Ferroplasma_1127 (length 370)
PROKKA_04262022/PROKKA_04262022:Ferroplasma_1128 (length 230)
PROKKA_04262022/PROKKA_04262022:Ferroplasma_1129 (length 159)
PROKKA_04262022/PROKKA_04262022:Ferroplasma_1130 (length 64)
PROKKA_04262022/PROKKA_04262022:Ferroplasma_1131 (length 240)
PROKKA_04262022/PROKKA_04262022:Ferroplasma_1132 (length 260)
PROKKA_04262022/PROKKA_04262022:Ferroplasma_1133 (length 85)
PROKKA_04262022/PROKKA_04262022:Ferroplasma_1134 (length 380)
PROKKA_04262022/PROKKA_04262022:Ferroplasma_1135 (length 98)
PROKKA_04262022/PROKKA_04262022:Ferroplasma_1136 (length 89)
PROKKA_04262022/PROKKA_04262022:Ferroplasma_1137 (length 146)
PROKKA_04262022/PROKKA_04262022:Ferroplasma_1138 (length 239)
PROKKA_04262022/PROKKA_04262022:Ferroplasma_1139 (length 281)
PROKKA_04262022/PROKKA_04262022:Ferroplasma_1140 (length 370)
PROKKA_04262022/PROKKA_04262022:Ferroplasma_1141 (length 390)
PROKKA_04262022/PROKKA_04262022:Ferroplasma_1142 (length 113)
PROKKA_04262022/PROKKA_04262022:Ferroplasma_1143 (length 269)
PROKKA_04262022/PROKKA_04262022:Ferroplasma_1144 (length 501)
PROKKA_04262022/PROKKA_04262022:Ferroplasma_1145 (length 350)
PROKKA_04262022/PROKKA_04262022:Ferroplasma_1146 (length 139)
PROKKA_04262022/PROKKA_04262022:Ferroplasma_1147 (length 296)
PROKKA_04262022/PROKKA_04262022:Ferroplasma_1148 (length 74)
PROKKA_04262022/PROKKA_04262022:Ferroplasma_1149 (length 94)
PROKKA_04262022/PROKKA_04262022:Ferroplasma_1150 (length 134)
PROKKA_04262022/PROKKA_04262022:Ferroplasma_1151 (length 167)
PROKKA_04262022/PROKKA_04262022:Ferroplasma_1152 (length 92)
PROKKA_04262022/PROKKA_04262022:Ferroplasma_1153 (length 457)
PROKKA_04262022/PROKKA_04262022:Ferroplasma_1154 (length 390)
PROKKA_04262022/PROKKA_04262022:Ferroplasma_1155 (length 158)
PROKKA_04262022/PROKKA_04262022:Ferroplasma_1156 (length 118)
PROKKA_04262022/PROKKA_04262022:Ferroplasma_1157 (length 85)
PROKKA_04262022/PROKKA_04262022:Ferroplasma_1158 (length 99)
PROKKA_04262022/PROKKA_04262022:Ferroplasma_1159 (length 210)
PROKKA_04262022/PROKKA_04262022:Ferroplasma_1160 (length 260)
PROKKA_04262022/PROKKA_04262022:Ferroplasma_1161 (length 160)
PROKKA_04262022/PROKKA_04262022:Ferroplasma_1162 (length 171)
PROKKA_04262022/PROKKA_04262022:Ferroplasma_1163 (length 450)
PROKKA_04262022/PROKKA_04262022:Ferroplasma_1164 (length 54)
PROKKA_04262022/PROKKA_04262022:Ferroplasma_1165 (length 121)
PROKKA_04262022/PROKKA_04262022:Ferroplasma_1166 (length 200)
PROKKA_04262022/PROKKA_04262022:Ferroplasma_1167 (length 257)
PROKKA_04262022/PROKKA_04262022:Ferroplasma_1168 (length 518)
PROKKA_04262022/PROKKA_04262022:Ferroplasma_1169 (length 150)
PROKKA_04262022/PROKKA_04262022:Ferroplasma_1170 (length 113)
PROKKA_04262022/PROKKA_04262022:Ferroplasma_1171 (length 34)
PROKKA_04262022/PROKKA_04262022:Ferroplasma_1172 (length 90)
PROKKA_04262022/PROKKA_04262022:Ferroplasma_1173 (length 218)
PROKKA_04262022/PROKKA_04262022:Ferroplasma_1174 (length 166)
PROKKA_04262022/PROKKA_04262022:Ferroplasma_1175 (length 194)
PROKKA_04262022/PROKKA_04262022:Ferroplasma_1176 (length 32)
PROKKA_04262022/PROKKA_04262022:Ferroplasma_1177 (length 207)
PROKKA_04262022/PROKKA_04262022:Ferroplasma_1178 (length 94)
PROKKA_04262022/PROKKA_04262022:Ferroplasma_1179 (length 398)
PROKKA_04262022/PROKKA_04262022:Ferroplasma_1180 (length 336)
PROKKA_04262022/PROKKA_04262022:Ferroplasma_1181 (length 318)
PROKKA_04262022/PROKKA_04262022:Ferroplasma_1182 (length 473)
PROKKA_04262022/PROKKA_04262022:Ferroplasma_1183 (length 342)
PROKKA_04262022/PROKKA_04262022:Ferroplasma_1184 (length 294)
PROKKA_04262022/PROKKA_04262022:Ferroplasma_1185 (length 58)
PROKKA_04262022/PROKKA_04262022:Ferroplasma_1186 (length 360)
PROKKA_04262022/PROKKA_04262022:Ferroplasma_1187 (length 791)
PROKKA_04262022/PROKKA_04262022:Ferroplasma_1188 (length 385)
PROKKA_04262022/PROKKA_04262022:Ferroplasma_1189 (length 273)
PROKKA_04262022/PROKKA_04262022:Ferroplasma_1190 (length 338)
PROKKA_04262022/PROKKA_04262022:Ferroplasma_1191 (length 168)
PROKKA_04262022/PROKKA_04262022:Ferroplasma_1192 (length 107)
PROKKA_04262022/PROKKA_04262022:Ferroplasma_1193 (length 80)
PROKKA_04262022/PROKKA_04262022:Ferroplasma_1194 (length 475)
PROKKA_04262022/PROKKA_04262022:Ferroplasma_1195 (length 260)
PROKKA_04262022/PROKKA_04262022:Ferroplasma_1196 (length 237)
PROKKA_04262022/PROKKA_04262022:Ferroplasma_1197 (length 186)
PROKKA_04262022/PROKKA_04262022:Ferroplasma_1198 (length 383)
PROKKA_04262022/PROKKA_04262022:Ferroplasma_1199 (length 201)
PROKKA_04262022/PROKKA_04262022:Ferroplasma_1200 (length 323)
PROKKA_04262022/PROKKA_04262022:Ferroplasma_1201 (length 244)
PROKKA_04262022/PROKKA_04262022:Ferroplasma_1202 (length 424)
PROKKA_04262022/PROKKA_04262022:Ferroplasma_1203 (length 243)
PROKKA_04262022/PROKKA_04262022:Ferroplasma_1204 (length 220)
PROKKA_04262022/PROKKA_04262022:Ferroplasma_1205 (length 116)
PROKKA_04262022/PROKKA_04262022:Ferroplasma_1206 (length 148)
PROKKA_04262022/PROKKA_04262022:Ferroplasma_1207 (length 465)
PROKKA_04262022/PROKKA_04262022:Ferroplasma_1208 (length 124)
PROKKA_04262022/PROKKA_04262022:Ferroplasma_1209 (length 194)
PROKKA_04262022/PROKKA_04262022:Ferroplasma_1210 (length 69)
PROKKA_04262022/PROKKA_04262022:Ferroplasma_1211 (length 205)
PROKKA_04262022/PROKKA_04262022:Ferroplasma_1212 (length 306)
PROKKA_04262022/PROKKA_04262022:Ferroplasma_1213 (length 201)
PROKKA_04262022/PROKKA_04262022:Ferroplasma_1214 (length 300)
PROKKA_04262022/PROKKA_04262022:Ferroplasma_1215 (length 371)
PROKKA_04262022/PROKKA_04262022:Ferroplasma_1216 (length 238)
PROKKA_04262022/PROKKA_04262022:Ferroplasma_1217 (length 220)
PROKKA_04262022/PROKKA_04262022:Ferroplasma_1218 (length 402)
PROKKA_04262022/PROKKA_04262022:Ferroplasma_1219 (length 86)
PROKKA_04262022/PROKKA_04262022:Ferroplasma_1220 (length 217)
PROKKA_04262022/PROKKA_04262022:Ferroplasma_1221 (length 208)
PROKKA_04262022/PROKKA_04262022:Ferroplasma_1222 (length 493)
PROKKA_04262022/PROKKA_04262022:Ferroplasma_1223 (length 428)
PROKKA_04262022/PROKKA_04262022:Ferroplasma_1224 (length 141)
PROKKA_04262022/PROKKA_04262022:Ferroplasma_1225 (length 204)
PROKKA_04262022/PROKKA_04262022:Ferroplasma_1226 (length 95)
PROKKA_04262022/PROKKA_04262022:Ferroplasma_1227 (length 121)
PROKKA_04262022/PROKKA_04262022:Ferroplasma_1228 (length 257)
PROKKA_04262022/PROKKA_04262022:Ferroplasma_1229 (length 90)
PROKKA_04262022/PROKKA_04262022:Ferroplasma_1230 (length 531)
PROKKA_04262022/PROKKA_04262022:Ferroplasma_1231 (length 182)
PROKKA_04262022/PROKKA_04262022:Ferroplasma_1232 (length 129)
PROKKA_04262022/PROKKA_04262022:Ferroplasma_1233 (length 406)
PROKKA_04262022/PROKKA_04262022:Ferroplasma_1234 (length 94)
PROKKA_04262022/PROKKA_04262022:Ferroplasma_1235 (length 384)
PROKKA_04262022/PROKKA_04262022:Ferroplasma_1236 (length 131)
PROKKA_04262022/PROKKA_04262022:Ferroplasma_1237 (length 165)
PROKKA_04262022/PROKKA_04262022:Ferroplasma_1238 (length 390)
PROKKA_04262022/PROKKA_04262022:Ferroplasma_1239 (length 221)
PROKKA_04262022/PROKKA_04262022:Ferroplasma_1240 (length 258)
PROKKA_04262022/PROKKA_04262022:Ferroplasma_1241 (length 738)
PROKKA_04262022/PROKKA_04262022:Ferroplasma_1242 (length 499)
PROKKA_04262022/PROKKA_04262022:Ferroplasma_1243 (length 51)
PROKKA_04262022/PROKKA_04262022:Ferroplasma_1244 (length 72)
PROKKA_04262022/PROKKA_04262022:Ferroplasma_1245 (length 73)
PROKKA_04262022/PROKKA_04262022:Ferroplasma_1246 (length 249)
PROKKA_04262022/PROKKA_04262022:Ferroplasma_1247 (length 835)
PROKKA_04262022/PROKKA_04262022:Ferroplasma_1248 (length 73)
PROKKA_04262022/PROKKA_04262022:Ferroplasma_1249 (length 205)
PROKKA_04262022/PROKKA_04262022:Ferroplasma_1250 (length 275)
PROKKA_04262022/PROKKA_04262022:Ferroplasma_1251 (length 288)
PROKKA_04262022/PROKKA_04262022:Ferroplasma_1252 (length 175)
PROKKA_04262022/PROKKA_04262022:Ferroplasma_1253 (length 52)
PROKKA_04262022/PROKKA_04262022:Ferroplasma_1254 (length 50)
PROKKA_04262022/PROKKA_04262022:Ferroplasma_1255 (length 54)
PROKKA_04262022/PROKKA_04262022:Ferroplasma_1256 (length 154)
PROKKA_04262022/PROKKA_04262022:Ferroplasma_1257 (length 71)
PROKKA_04262022/PROKKA_04262022:Ferroplasma_1258 (length 96)
PROKKA_04262022/PROKKA_04262022:Ferroplasma_1259 (length 293)
PROKKA_04262022/PROKKA_04262022:Ferroplasma_1260 (length 60)
PROKKA_04262022/PROKKA_04262022:Ferroplasma_1261 (length 330)
PROKKA_04262022/PROKKA_04262022:Ferroplasma_1262 (length 256)
PROKKA_04262022/PROKKA_04262022:Ferroplasma_1263 (length 82)
PROKKA_04262022/PROKKA_04262022:Ferroplasma_1264 (length 232)
PROKKA_04262022/PROKKA_04262022:Ferroplasma_1265 (length 151)
PROKKA_04262022/PROKKA_04262022:Ferroplasma_1266 (length 149)
PROKKA_04262022/PROKKA_04262022:Ferroplasma_1267 (length 223)
PROKKA_04262022/PROKKA_04262022:Ferroplasma_1268 (length 65)
PROKKA_04262022/PROKKA_04262022:Ferroplasma_1269 (length 99)
PROKKA_04262022/PROKKA_04262022:Ferroplasma_1270 (length 100)
PROKKA_04262022/PROKKA_04262022:Ferroplasma_1271 (length 106)
PROKKA_04262022/PROKKA_04262022:Ferroplasma_1272 (length 132)
PROKKA_04262022/PROKKA_04262022:Ferroplasma_1273 (length 238)
PROKKA_04262022/PROKKA_04262022:Ferroplasma_1274 (length 174)
PROKKA_04262022/PROKKA_04262022:Ferroplasma_1275 (length 129)
PROKKA_04262022/PROKKA_04262022:Ferroplasma_1276 (length 174)
PROKKA_04262022/PROKKA_04262022:Ferroplasma_1277 (length 114)
PROKKA_04262022/PROKKA_04262022:Ferroplasma_1278 (length 158)
PROKKA_04262022/PROKKA_04262022:Ferroplasma_1279 (length 157)
PROKKA_04262022/PROKKA_04262022:Ferroplasma_1280 (length 221)
PROKKA_04262022/PROKKA_04262022:Ferroplasma_1281 (length 164)
PROKKA_04262022/PROKKA_04262022:Ferroplasma_1282 (length 135)
PROKKA_04262022/PROKKA_04262022:Ferroplasma_1283 (length 586)
PROKKA_04262022/PROKKA_04262022:Ferroplasma_1284 (length 180)
PROKKA_04262022/PROKKA_04262022:Ferroplasma_1285 (length 228)
PROKKA_04262022/PROKKA_04262022:Ferroplasma_1286 (length 175)
PROKKA_04262022/PROKKA_04262022:Ferroplasma_1287 (length 130)
PROKKA_04262022/PROKKA_04262022:Ferroplasma_1288 (length 351)
PROKKA_04262022/PROKKA_04262022:Ferroplasma_1289 (length 185)
PROKKA_04262022/PROKKA_04262022:Ferroplasma_1290 (length 465)
PROKKA_04262022/PROKKA_04262022:Ferroplasma_1291 (length 84)
PROKKA_04262022/PROKKA_04262022:Ferroplasma_1292 (length 166)
PROKKA_04262022/PROKKA_04262022:Ferroplasma_1293 (length 325)
PROKKA_04262022/PROKKA_04262022:Ferroplasma_1294 (length 91)
PROKKA_04262022/PROKKA_04262022:Ferroplasma_1295 (length 226)
PROKKA_04262022/PROKKA_04262022:Ferroplasma_1296 (length 76)
PROKKA_04262022/PROKKA_04262022:Ferroplasma_1297 (length 194)
PROKKA_04262022/PROKKA_04262022:Ferroplasma_1298 (length 420)
PROKKA_04262022/PROKKA_04262022:Ferroplasma_1299 (length 285)
PROKKA_04262022/PROKKA_04262022:Ferroplasma_1300 (length 185)
PROKKA_04262022/PROKKA_04262022:Ferroplasma_1301 (length 254)
PROKKA_04262022/PROKKA_04262022:Ferroplasma_1302 (length 110)
PROKKA_04262022/PROKKA_04262022:Ferroplasma_1303 (length 582)
PROKKA_04262022/PROKKA_04262022:Ferroplasma_1304 (length 143)
PROKKA_04262022/PROKKA_04262022:Ferroplasma_1305 (length 496)
PROKKA_04262022/PROKKA_04262022:Ferroplasma_1306 (length 522)
PROKKA_04262022/PROKKA_04262022:Ferroplasma_1307 (length 383)
PROKKA_04262022/PROKKA_04262022:Ferroplasma_1308 (length 858)
PROKKA_04262022/PROKKA_04262022:Ferroplasma_1309 (length 354)
PROKKA_04262022/PROKKA_04262022:Ferroplasma_1310 (length 86)
PROKKA_04262022/PROKKA_04262022:Ferroplasma_1311 (length 338)
PROKKA_04262022/PROKKA_04262022:Ferroplasma_1312 (length 430)
PROKKA_04262022/PROKKA_04262022:Ferroplasma_1313 (length 442)
PROKKA_04262022/PROKKA_04262022:Ferroplasma_1314 (length 312)
PROKKA_04262022/PROKKA_04262022:Ferroplasma_1315 (length 198)
PROKKA_04262022/PROKKA_04262022:Ferroplasma_1316 (length 100)
PROKKA_04262022/PROKKA_04262022:Ferroplasma_1317 (length 297)
PROKKA_04262022/PROKKA_04262022:Ferroplasma_1318 (length 192)
PROKKA_04262022/PROKKA_04262022:Ferroplasma_1319 (length 52)
PROKKA_04262022/PROKKA_04262022:Ferroplasma_1320 (length 66)
PROKKA_04262022/PROKKA_04262022:Ferroplasma_1321 (length 524)
PROKKA_04262022/PROKKA_04262022:Ferroplasma_1322 (length 416)
PROKKA_04262022/PROKKA_04262022:Ferroplasma_1323 (length 54)
PROKKA_04262022/PROKKA_04262022:Ferroplasma_1324 (length 129)
PROKKA_04262022/PROKKA_04262022:Ferroplasma_1325 (length 287)
PROKKA_04262022/PROKKA_04262022:Ferroplasma_1326 (length 169)
PROKKA_04262022/PROKKA_04262022:Ferroplasma_1327 (length 124)
PROKKA_04262022/PROKKA_04262022:Ferroplasma_1328 (length 48)
PROKKA_04262022/PROKKA_04262022:Ferroplasma_1329 (length 364)
PROKKA_04262022/PROKKA_04262022:Ferroplasma_1330 (length 237)
PROKKA_04262022/PROKKA_04262022:Ferroplasma_1331 (length 250)
PROKKA_04262022/PROKKA_04262022:Ferroplasma_1332 (length 96)
PROKKA_04262022/PROKKA_04262022:Ferroplasma_1333 (length 132)
PROKKA_04262022/PROKKA_04262022:Ferroplasma_1334 (length 403)
PROKKA_04262022/PROKKA_04262022:Ferroplasma_1335 (length 448)
PROKKA_04262022/PROKKA_04262022:Ferroplasma_1336 (length 241)
PROKKA_04262022/PROKKA_04262022:Ferroplasma_1337 (length 338)
PROKKA_04262022/PROKKA_04262022:Ferroplasma_1338 (length 1426)
PROKKA_04262022/PROKKA_04262022:Ferroplasma_1339 (length 279)
PROKKA_04262022/PROKKA_04262022:Ferroplasma_1340 (length 213)
PROKKA_04262022/PROKKA_04262022:Ferroplasma_1341 (length 137)
PROKKA_04262022/PROKKA_04262022:Ferroplasma_1342 (length 232)
PROKKA_04262022/PROKKA_04262022:Ferroplasma_1343 (length 56)
PROKKA_04262022/PROKKA_04262022:Ferroplasma_1344 (length 91)
PROKKA_04262022/PROKKA_04262022:Ferroplasma_1345 (length 393)
PROKKA_04262022/PROKKA_04262022:Ferroplasma_1346 (length 193)
PROKKA_04262022/PROKKA_04262022:Ferroplasma_1347 (length 409)
PROKKA_04262022/PROKKA_04262022:Ferroplasma_1348 (length 122)
PROKKA_04262022/PROKKA_04262022:Ferroplasma_1349 (length 328)
PROKKA_04262022/PROKKA_04262022:Ferroplasma_1350 (length 222)
PROKKA_04262022/PROKKA_04262022:Ferroplasma_1351 (length 80)
PROKKA_04262022/PROKKA_04262022:Ferroplasma_1352 (length 100)
PROKKA_04262022/PROKKA_04262022:Ferroplasma_1353 (length 361)
PROKKA_04262022/PROKKA_04262022:Ferroplasma_1354 (length 144)
PROKKA_04262022/PROKKA_04262022:Ferroplasma_1355 (length 443)
PROKKA_04262022/PROKKA_04262022:Ferroplasma_1356 (length 341)
PROKKA_04262022/PROKKA_04262022:Ferroplasma_1357 (length 365)
PROKKA_04262022/PROKKA_04262022:Ferroplasma_1358 (length 697)
PROKKA_04262022/PROKKA_04262022:Ferroplasma_1359 (length 95)
PROKKA_04262022/PROKKA_04262022:Ferroplasma_1360 (length 159)
PROKKA_04262022/PROKKA_04262022:Ferroplasma_1361 (length 195)
PROKKA_04262022/PROKKA_04262022:Ferroplasma_1362 (length 127)
PROKKA_04262022/PROKKA_04262022:Ferroplasma_1363 (length 270)
PROKKA_04262022/PROKKA_04262022:Ferroplasma_1364 (length 68)
PROKKA_04262022/PROKKA_04262022:Ferroplasma_1365 (length 215)
PROKKA_04262022/PROKKA_04262022:Ferroplasma_1366 (length 188)
PROKKA_04262022/PROKKA_04262022:Ferroplasma_1367 (length 271)
PROKKA_04262022/PROKKA_04262022:Ferroplasma_1368 (length 110)
PROKKA_04262022/PROKKA_04262022:Ferroplasma_1369 (length 340)
PROKKA_04262022/PROKKA_04262022:Ferroplasma_1370 (length 148)
PROKKA_04262022/PROKKA_04262022:Ferroplasma_1371 (length 184)
PROKKA_04262022/PROKKA_04262022:Ferroplasma_1372 (length 182)
PROKKA_04262022/PROKKA_04262022:Ferroplasma_1373 (length 287)
PROKKA_04262022/PROKKA_04262022:Ferroplasma_1374 (length 804)
PROKKA_04262022/PROKKA_04262022:Ferroplasma_1375 (length 342)
PROKKA_04262022/PROKKA_04262022:Ferroplasma_1376 (length 293)
PROKKA_04262022/PROKKA_04262022:Ferroplasma_1377 (length 310)
PROKKA_04262022/PROKKA_04262022:Ferroplasma_1378 (length 388)
PROKKA_04262022/PROKKA_04262022:Ferroplasma_1379 (length 311)
PROKKA_04262022/PROKKA_04262022:Ferroplasma_1380 (length 125)
PROKKA_04262022/PROKKA_04262022:Ferroplasma_1381 (length 79)
PROKKA_04262022/PROKKA_04262022:Ferroplasma_1382 (length 436)
PROKKA_04262022/PROKKA_04262022:Ferroplasma_1383 (length 381)
PROKKA_04262022/PROKKA_04262022:Ferroplasma_1384 (length 427)
PROKKA_04262022/PROKKA_04262022:Ferroplasma_1385 (length 93)
PROKKA_04262022/PROKKA_04262022:Ferroplasma_1386 (length 220)
PROKKA_04262022/PROKKA_04262022:Ferroplasma_1387 (length 145)
PROKKA_04262022/PROKKA_04262022:Ferroplasma_1388 (length 427)
PROKKA_04262022/PROKKA_04262022:Ferroplasma_1389 (length 172)
PROKKA_04262022/PROKKA_04262022:Ferroplasma_1390 (length 182)
PROKKA_04262022/PROKKA_04262022:Ferroplasma_1391 (length 142)
PROKKA_04262022/PROKKA_04262022:Ferroplasma_1392 (length 391)
PROKKA_04262022/PROKKA_04262022:Ferroplasma_1393 (length 146)
PROKKA_04262022/PROKKA_04262022:Ferroplasma_1394 (length 205)
PROKKA_04262022/PROKKA_04262022:Ferroplasma_1395 (length 109)
PROKKA_04262022/PROKKA_04262022:Ferroplasma_1396 (length 156)
PROKKA_04262022/PROKKA_04262022:Ferroplasma_1397 (length 280)
PROKKA_04262022/PROKKA_04262022:Ferroplasma_1398 (length 351)
PROKKA_04262022/PROKKA_04262022:Ferroplasma_1399 (length 228)
PROKKA_04262022/PROKKA_04262022:Ferroplasma_1400 (length 53)
PROKKA_04262022/PROKKA_04262022:Ferroplasma_1401 (length 89)
PROKKA_04262022/PROKKA_04262022:Ferroplasma_1402 (length 317)
PROKKA_04262022/PROKKA_04262022:Ferroplasma_1403 (length 216)
PROKKA_04262022/PROKKA_04262022:Ferroplasma_1404 (length 58)
PROKKA_04262022/PROKKA_04262022:Ferroplasma_1405 (length 508)
PROKKA_04262022/PROKKA_04262022:Ferroplasma_1406 (length 126)
PROKKA_04262022/PROKKA_04262022:Ferroplasma_1407 (length 314)
PROKKA_04262022/PROKKA_04262022:Ferroplasma_1408 (length 149)
PROKKA_04262022/PROKKA_04262022:Ferroplasma_1409 (length 567)
PROKKA_04262022/PROKKA_04262022:Ferroplasma_1410 (length 245)
PROKKA_04262022/PROKKA_04262022:Ferroplasma_1411 (length 106)
PROKKA_04262022/PROKKA_04262022:Ferroplasma_1412 (length 272)
PROKKA_04262022/PROKKA_04262022:Ferroplasma_1413 (length 82)
PROKKA_04262022/PROKKA_04262022:Ferroplasma_1414 (length 137)
PROKKA_04262022/PROKKA_04262022:Ferroplasma_1415 (length 100)
PROKKA_04262022/PROKKA_04262022:Ferroplasma_1416 (length 105)
PROKKA_04262022/PROKKA_04262022:Ferroplasma_1417 (length 129)
PROKKA_04262022/PROKKA_04262022:Ferroplasma_1418 (length 78)
PROKKA_04262022/PROKKA_04262022:Ferroplasma_1419 (length 89)
PROKKA_04262022/PROKKA_04262022:Ferroplasma_1420 (length 44)
PROKKA_04262022/PROKKA_04262022:Ferroplasma_1421 (length 55)
PROKKA_04262022/PROKKA_04262022:Ferroplasma_1422 (length 64)
PROKKA_04262022/PROKKA_04262022:Ferroplasma_1423 (length 35)
PROKKA_04262022/PROKKA_04262022:Ferroplasma_1424 (length 608)
PROKKA_04262022/PROKKA_04262022:Ferroplasma_1425 (length 133)
PROKKA_04262022/PROKKA_04262022:Ferroplasma_1426 (length 902)
PROKKA_04262022/PROKKA_04262022:Ferroplasma_1427 (length 179)
PROKKA_04262022/PROKKA_04262022:Ferroplasma_1428 (length 899)
PROKKA_04262022/PROKKA_04262022:Ferroplasma_1429 (length 542)
PROKKA_04262022/PROKKA_04262022:Ferroplasma_1430 (length 101)
PROKKA_04262022/PROKKA_04262022:Ferroplasma_1431 (length 443)
PROKKA_04262022/PROKKA_04262022:Ferroplasma_1432 (length 445)
PROKKA_04262022/PROKKA_04262022:Ferroplasma_1433 (length 124)
PROKKA_04262022/PROKKA_04262022:Ferroplasma_1434 (length 151)
PROKKA_04262022/PROKKA_04262022:Ferroplasma_1435 (length 39)
PROKKA_04262022/PROKKA_04262022:Ferroplasma_1436 (length 322)
PROKKA_04262022/PROKKA_04262022:Ferroplasma_1437 (length 148)
PROKKA_04262022/PROKKA_04262022:Ferroplasma_1438 (length 111)
PROKKA_04262022/PROKKA_04262022:Ferroplasma_1439 (length 296)
PROKKA_04262022/PROKKA_04262022:Ferroplasma_1440 (length 378)
PROKKA_04262022/PROKKA_04262022:Ferroplasma_1441 (length 140)
PROKKA_04262022/PROKKA_04262022:Ferroplasma_1442 (length 416)
PROKKA_04262022/PROKKA_04262022:Ferroplasma_1443 (length 787)
PROKKA_04262022/PROKKA_04262022:Ferroplasma_1444 (length 141)
PROKKA_04262022/PROKKA_04262022:Ferroplasma_1445 (length 154)
PROKKA_04262022/PROKKA_04262022:Ferroplasma_1446 (length 107)
PROKKA_04262022/PROKKA_04262022:Ferroplasma_1447 (length 109)
PROKKA_04262022/PROKKA_04262022:Ferroplasma_1448 (length 361)
PROKKA_04262022/PROKKA_04262022:Ferroplasma_1449 (length 215)
PROKKA_04262022/PROKKA_04262022:Ferroplasma_1450 (length 303)
PROKKA_04262022/PROKKA_04262022:Ferroplasma_1451 (length 277)
PROKKA_04262022/PROKKA_04262022:Ferroplasma_1452 (length 131)
PROKKA_04262022/PROKKA_04262022:Ferroplasma_1453 (length 175)
PROKKA_04262022/PROKKA_04262022:Ferroplasma_1454 (length 483)
PROKKA_04262022/PROKKA_04262022:Ferroplasma_1455 (length 204)
PROKKA_04262022/PROKKA_04262022:Ferroplasma_1456 (length 428)
PROKKA_04262022/PROKKA_04262022:Ferroplasma_1457 (length 422)
PROKKA_04262022/PROKKA_04262022:Ferroplasma_1458 (length 96)
PROKKA_04262022/PROKKA_04262022:Ferroplasma_1459 (length 189)
PROKKA_04262022/PROKKA_04262022:Ferroplasma_1460 (length 248)
PROKKA_04262022/PROKKA_04262022:Ferroplasma_1461 (length 49)
PROKKA_04262022/PROKKA_04262022:Ferroplasma_1462 (length 381)
PROKKA_04262022/PROKKA_04262022:Ferroplasma_1463 (length 330)
PROKKA_04262022/PROKKA_04262022:Ferroplasma_1464 (length 355)
PROKKA_04262022/PROKKA_04262022:Ferroplasma_1465 (length 226)
PROKKA_04262022/PROKKA_04262022:Ferroplasma_1466 (length 219)
PROKKA_04262022/PROKKA_04262022:Ferroplasma_1467 (length 414)
PROKKA_04262022/PROKKA_04262022:Ferroplasma_1468 (length 429)
PROKKA_04262022/PROKKA_04262022:Ferroplasma_1469 (length 377)
PROKKA_04262022/PROKKA_04262022:Ferroplasma_1470 (length 158)
PROKKA_04262022/PROKKA_04262022:Ferroplasma_1471 (length 283)
PROKKA_04262022/PROKKA_04262022:Ferroplasma_1472 (length 150)
PROKKA_04262022/PROKKA_04262022:Ferroplasma_1473 (length 403)
PROKKA_04262022/PROKKA_04262022:Ferroplasma_1474 (length 397)
PROKKA_04262022/PROKKA_04262022:Ferroplasma_1475 (length 443)
PROKKA_04262022/PROKKA_04262022:Ferroplasma_1476 (length 254)
PROKKA_04262022/PROKKA_04262022:Ferroplasma_1477 (length 402)
PROKKA_04262022/PROKKA_04262022:Ferroplasma_1478 (length 219)
PROKKA_04262022/PROKKA_04262022:Ferroplasma_1479 (length 657)
PROKKA_04262022/PROKKA_04262022:Ferroplasma_1480 (length 140)
PROKKA_04262022/PROKKA_04262022:Ferroplasma_1481 (length 296)
PROKKA_04262022/PROKKA_04262022:Ferroplasma_1482 (length 533)
PROKKA_04262022/PROKKA_04262022:Ferroplasma_1483 (length 202)
PROKKA_04262022/PROKKA_04262022:Ferroplasma_1484 (length 157)
PROKKA_04262022/PROKKA_04262022:Ferroplasma_1485 (length 317)
PROKKA_04262022/PROKKA_04262022:Ferroplasma_1486 (length 431)
PROKKA_04262022/PROKKA_04262022:Ferroplasma_1487 (length 290)
PROKKA_04262022/PROKKA_04262022:Ferroplasma_1488 (length 104)
PROKKA_04262022/PROKKA_04262022:Ferroplasma_1489 (length 637)
PROKKA_04262022/PROKKA_04262022:Ferroplasma_1490 (length 610)
PROKKA_04262022/PROKKA_04262022:Ferroplasma_1491 (length 372)
PROKKA_04262022/PROKKA_04262022:Ferroplasma_1492 (length 376)
PROKKA_04262022/PROKKA_04262022:Ferroplasma_1493 (length 907)
PROKKA_04262022/PROKKA_04262022:Ferroplasma_1494 (length 74)
PROKKA_04262022/PROKKA_04262022:Ferroplasma_1495 (length 90)
PROKKA_04262022/PROKKA_04262022:Ferroplasma_1496 (length 223)
PROKKA_04262022/PROKKA_04262022:Ferroplasma_1497 (length 355)
PROKKA_04262022/PROKKA_04262022:Ferroplasma_1498 (length 357)
PROKKA_04262022/PROKKA_04262022:Ferroplasma_1499 (length 337)
PROKKA_04262022/PROKKA_04262022:Ferroplasma_1500 (length 82)
PROKKA_04262022/PROKKA_04262022:Ferroplasma_1501 (length 126)
PROKKA_04262022/PROKKA_04262022:Ferroplasma_1502 (length 570)
PROKKA_04262022/PROKKA_04262022:Ferroplasma_1503 (length 585)
PROKKA_04262022/PROKKA_04262022:Ferroplasma_1504 (length 128)
PROKKA_04262022/PROKKA_04262022:Ferroplasma_1505 (length 68)
PROKKA_04262022/PROKKA_04262022:Ferroplasma_1506 (length 289)
PROKKA_04262022/PROKKA_04262022:Ferroplasma_1507 (length 74)
PROKKA_04262022/PROKKA_04262022:Ferroplasma_1508 (length 305)
PROKKA_04262022/PROKKA_04262022:Ferroplasma_1509 (length 246)
PROKKA_04262022/PROKKA_04262022:Ferroplasma_1510 (length 188)
PROKKA_04262022/PROKKA_04262022:Ferroplasma_1511 (length 201)
PROKKA_04262022/PROKKA_04262022:Ferroplasma_1512 (length 132)
PROKKA_04262022/PROKKA_04262022:Ferroplasma_1513 (length 206)
PROKKA_04262022/PROKKA_04262022:Ferroplasma_1514 (length 152)
PROKKA_04262022/PROKKA_04262022:Ferroplasma_1515 (length 184)
PROKKA_04262022/PROKKA_04262022:Ferroplasma_1516 (length 638)
PROKKA_04262022/PROKKA_04262022:Ferroplasma_1517 (length 334)
PROKKA_04262022/PROKKA_04262022:Ferroplasma_1518 (length 415)
PROKKA_04262022/PROKKA_04262022:Ferroplasma_1519 (length 209)
PROKKA_04262022/PROKKA_04262022:Ferroplasma_1520 (length 163)
PROKKA_04262022/PROKKA_04262022:Ferroplasma_1521 (length 416)
PROKKA_04262022/PROKKA_04262022:Ferroplasma_1522 (length 246)
PROKKA_04262022/PROKKA_04262022:Ferroplasma_1523 (length 409)
PROKKA_04262022/PROKKA_04262022:Ferroplasma_1524 (length 274)
PROKKA_04262022/PROKKA_04262022:Ferroplasma_1525 (length 179)
PROKKA_04262022/PROKKA_04262022:Ferroplasma_1526 (length 402)
PROKKA_04262022/PROKKA_04262022:Ferroplasma_1527 (length 312)
PROKKA_04262022/PROKKA_04262022:Ferroplasma_1528 (length 95)
PROKKA_04262022/PROKKA_04262022:Ferroplasma_1529 (length 156)
PROKKA_04262022/PROKKA_04262022:Ferroplasma_1530 (length 186)
PROKKA_04262022/PROKKA_04262022:Ferroplasma_1531 (length 185)
PROKKA_04262022/PROKKA_04262022:Ferroplasma_1532 (length 142)
PROKKA_04262022/PROKKA_04262022:Ferroplasma_1533 (length 39)
PROKKA_04262022/PROKKA_04262022:Ferroplasma_1534 (length 139)
PROKKA_04262022/PROKKA_04262022:Ferroplasma_1535 (length 128)
PROKKA_04262022/PROKKA_04262022:Ferroplasma_1536 (length 90)
PROKKA_04262022/PROKKA_04262022:Ferroplasma_1537 (length 391)
PROKKA_04262022/PROKKA_04262022:Ferroplasma_1538 (length 215)
PROKKA_04262022/PROKKA_04262022:Ferroplasma_1539 (length 62)
PROKKA_04262022/PROKKA_04262022:Ferroplasma_1540 (length 76)
PROKKA_04262022/PROKKA_04262022:Ferroplasma_1541 (length 429)
PROKKA_04262022/PROKKA_04262022:Ferroplasma_1542 (length 477)
PROKKA_04262022/PROKKA_04262022:Ferroplasma_1543 (length 344)
PROKKA_04262022/PROKKA_04262022:Ferroplasma_1544 (length 298)
PROKKA_04262022/PROKKA_04262022:Ferroplasma_1545 (length 202)
PROKKA_04262022/PROKKA_04262022:Ferroplasma_1546 (length 120)
PROKKA_04262022/PROKKA_04262022:Ferroplasma_1547 (length 57)
PROKKA_04262022/PROKKA_04262022:Ferroplasma_1548 (length 48)
PROKKA_04262022/PROKKA_04262022:Ferroplasma_1549 (length 51)
PROKKA_04262022/PROKKA_04262022:Ferroplasma_1550 (length 105)
PROKKA_04262022/PROKKA_04262022:Ferroplasma_1551 (length 168)
PROKKA_04262022/PROKKA_04262022:Ferroplasma_1552 (length 63)
PROKKA_04262022/PROKKA_04262022:Ferroplasma_1553 (length 191)
PROKKA_04262022/PROKKA_04262022:Ferroplasma_1554 (length 437)
PROKKA_04262022/PROKKA_04262022:Ferroplasma_1555 (length 335)
PROKKA_04262022/PROKKA_04262022:Ferroplasma_1556 (length 293)
PROKKA_04262022/PROKKA_04262022:Ferroplasma_1557 (length 299)
PROKKA_04262022/PROKKA_04262022:Ferroplasma_1558 (length 425)
PROKKA_04262022/PROKKA_04262022:Ferroplasma_1559 (length 138)
PROKKA_04262022/PROKKA_04262022:Ferroplasma_1560 (length 455)
PROKKA_04262022/PROKKA_04262022:Ferroplasma_1561 (length 143)
PROKKA_04262022/PROKKA_04262022:Ferroplasma_1562 (length 172)
PROKKA_04262022/PROKKA_04262022:Ferroplasma_1563 (length 777)
PROKKA_04262022/PROKKA_04262022:Ferroplasma_1564 (length 364)
PROKKA_04262022/PROKKA_04262022:Ferroplasma_1565 (length 485)
PROKKA_04262022/PROKKA_04262022:Ferroplasma_1566 (length 606)
PROKKA_04262022/PROKKA_04262022:Ferroplasma_1567 (length 124)
PROKKA_04262022/PROKKA_04262022:Ferroplasma_1568 (length 500)
PROKKA_04262022/PROKKA_04262022:Ferroplasma_1569 (length 108)
PROKKA_04262022/PROKKA_04262022:Ferroplasma_1570 (length 419)
PROKKA_04262022/PROKKA_04262022:Ferroplasma_1571 (length 89)
PROKKA_04262022/PROKKA_04262022:Ferroplasma_1572 (length 172)
PROKKA_04262022/PROKKA_04262022:Ferroplasma_1573 (length 99)
PROKKA_04262022/PROKKA_04262022:Ferroplasma_1574 (length 124)
PROKKA_04262022/PROKKA_04262022:Ferroplasma_1575 (length 168)
PROKKA_04262022/PROKKA_04262022:Ferroplasma_1576 (length 149)
PROKKA_04262022/PROKKA_04262022:Ferroplasma_1577 (length 203)
PROKKA_04262022/PROKKA_04262022:Ferroplasma_1578 (length 140)
PROKKA_04262022/PROKKA_04262022:Ferroplasma_1579 (length 121)
PROKKA_04262022/PROKKA_04262022:Ferroplasma_1580 (length 365)
PROKKA_04262022/PROKKA_04262022:Ferroplasma_1581 (length 150)
PROKKA_04262022/PROKKA_04262022:Ferroplasma_1582 (length 298)
PROKKA_04262022/PROKKA_04262022:Ferroplasma_1583 (length 165)
PROKKA_04262022/PROKKA_04262022:Ferroplasma_1584 (length 379)
PROKKA_04262022/PROKKA_04262022:Ferroplasma_1585 (length 361)
PROKKA_04262022/PROKKA_04262022:Ferroplasma_1586 (length 607)
PROKKA_04262022/PROKKA_04262022:Ferroplasma_1587 (length 60)
PROKKA_04262022/PROKKA_04262022:Ferroplasma_1588 (length 96)
PROKKA_04262022/PROKKA_04262022:Ferroplasma_1589 (length 150)
PROKKA_04262022/PROKKA_04262022:Ferroplasma_1590 (length 244)
PROKKA_04262022/PROKKA_04262022:Ferroplasma_1591 (length 271)
PROKKA_04262022/PROKKA_04262022:Ferroplasma_1592 (length 403)
PROKKA_04262022/PROKKA_04262022:Ferroplasma_1593 (length 784)
PROKKA_04262022/PROKKA_04262022:Ferroplasma_1594 (length 193)
PROKKA_04262022/PROKKA_04262022:Ferroplasma_1595 (length 121)
PROKKA_04262022/PROKKA_04262022:Ferroplasma_1596 (length 250)
PROKKA_04262022/PROKKA_04262022:Ferroplasma_1597 (length 261)
PROKKA_04262022/PROKKA_04262022:Ferroplasma_1598 (length 123)
PROKKA_04262022/PROKKA_04262022:Ferroplasma_1599 (length 29)
PROKKA_04262022/PROKKA_04262022:Ferroplasma_1600 (length 66)
PROKKA_04262022/PROKKA_04262022:Ferroplasma_1601 (length 348)
PROKKA_04262022/PROKKA_04262022:Ferroplasma_1602 (length 254)
PROKKA_04262022/PROKKA_04262022:Ferroplasma_1603 (length 393)
PROKKA_04262022/PROKKA_04262022:Ferroplasma_1604 (length 282)
PROKKA_04262022/PROKKA_04262022:Ferroplasma_1605 (length 350)
PROKKA_04262022/PROKKA_04262022:Ferroplasma_1606 (length 254)
PROKKA_04262022/PROKKA_04262022:Ferroplasma_1607 (length 642)
PROKKA_04262022/PROKKA_04262022:Ferroplasma_1608 (length 525)
PROKKA_04262022/PROKKA_04262022:Ferroplasma_1609 (length 391)
PROKKA_04262022/PROKKA_04262022:Ferroplasma_1610 (length 359)
PROKKA_04262022/PROKKA_04262022:Ferroplasma_1611 (length 328)
PROKKA_04262022/PROKKA_04262022:Ferroplasma_1612 (length 103)
PROKKA_04262022/PROKKA_04262022:Ferroplasma_1613 (length 160)
PROKKA_04262022/PROKKA_04262022:Ferroplasma_1614 (length 78)
PROKKA_04262022/PROKKA_04262022:Ferroplasma_1615 (length 260)
PROKKA_04262022/PROKKA_04262022:Ferroplasma_1616 (length 288)
PROKKA_04262022/PROKKA_04262022:Ferroplasma_1617 (length 109)
PROKKA_04262022/PROKKA_04262022:Ferroplasma_1618 (length 64)
PROKKA_04262022/PROKKA_04262022:Ferroplasma_1619 (length 41)
PROKKA_04262022/PROKKA_04262022:Ferroplasma_1620 (length 87)
PROKKA_04262022/PROKKA_04262022:Ferroplasma_1621 (length 320)
PROKKA_04262022/PROKKA_04262022:Ferroplasma_1622 (length 395)
PROKKA_04262022/PROKKA_04262022:Ferroplasma_1623 (length 100)
PROKKA_04262022/PROKKA_04262022:Ferroplasma_1624 (length 81)
PROKKA_04262022/PROKKA_04262022:Ferroplasma_1625 (length 206)
PROKKA_04262022/PROKKA_04262022:Ferroplasma_1626 (length 351)
PROKKA_04262022/PROKKA_04262022:Ferroplasma_1627 (length 212)
PROKKA_04262022/PROKKA_04262022:Ferroplasma_1628 (length 190)
PROKKA_04262022/PROKKA_04262022:Ferroplasma_1629 (length 321)
PROKKA_04262022/PROKKA_04262022:Ferroplasma_1630 (length 171)
PROKKA_04262022/PROKKA_04262022:Ferroplasma_1631 (length 626)
PROKKA_04262022/PROKKA_04262022:Ferroplasma_1632 (length 367)
PROKKA_04262022/PROKKA_04262022:Ferroplasma_1633 (length 307)
PROKKA_04262022/PROKKA_04262022:Ferroplasma_1634 (length 243)
PROKKA_04262022/PROKKA_04262022:Ferroplasma_1635 (length 380)
PROKKA_04262022/PROKKA_04262022:Ferroplasma_1636 (length 59)
PROKKA_04262022/PROKKA_04262022:Ferroplasma_1637 (length 271)
PROKKA_04262022/PROKKA_04262022:Ferroplasma_1638 (length 274)
PROKKA_04262022/PROKKA_04262022:Ferroplasma_1639 (length 259)
PROKKA_04262022/PROKKA_04262022:Ferroplasma_1640 (length 1156)
PROKKA_04262022/PROKKA_04262022:Ferroplasma_1641 (length 540)
PROKKA_04262022/PROKKA_04262022:Ferroplasma_1642 (length 60)
PROKKA_04262022/PROKKA_04262022:Ferroplasma_1643 (length 329)
PROKKA_04262022/PROKKA_04262022:Ferroplasma_1644 (length 92)
PROKKA_04262022/PROKKA_04262022:Ferroplasma_1645 (length 339)
PROKKA_04262022/PROKKA_04262022:Ferroplasma_1646 (length 236)
PROKKA_04262022/PROKKA_04262022:Ferroplasma_1647 (length 148)
PROKKA_04262022/PROKKA_04262022:Ferroplasma_1648 (length 401)
PROKKA_04262022/PROKKA_04262022:Ferroplasma_1649 (length 305)
PROKKA_04262022/PROKKA_04262022:Ferroplasma_1650 (length 615)
PROKKA_04262022/PROKKA_04262022:Ferroplasma_1651 (length 204)
PROKKA_04262022/PROKKA_04262022:Ferroplasma_1652 (length 523)
PROKKA_04262022/PROKKA_04262022:Ferroplasma_1653 (length 140)
PROKKA_04262022/PROKKA_04262022:Ferroplasma_1654 (length 81)
PROKKA_04262022/PROKKA_04262022:Ferroplasma_1655 (length 459)
PROKKA_04262022/PROKKA_04262022:Ferroplasma_1656 (length 285)
PROKKA_04262022/PROKKA_04262022:Ferroplasma_1657 (length 54)
PROKKA_04262022/PROKKA_04262022:Ferroplasma_1658 (length 80)
PROKKA_04262022/PROKKA_04262022:Ferroplasma_1659 (length 133)
PROKKA_04262022/PROKKA_04262022:Ferroplasma_1660 (length 438)
PROKKA_04262022/PROKKA_04262022:Ferroplasma_1661 (length 258)
PROKKA_04262022/PROKKA_04262022:Ferroplasma_1662 (length 310)
PROKKA_04262022/PROKKA_04262022:Ferroplasma_1663 (length 681)
PROKKA_04262022/PROKKA_04262022:Ferroplasma_1664 (length 52)
PROKKA_04262022/PROKKA_04262022:Ferroplasma_1665 (length 47)
PROKKA_04262022/PROKKA_04262022:Ferroplasma_1666 (length 455)
PROKKA_04262022/PROKKA_04262022:Ferroplasma_1667 (length 194)
PROKKA_04262022/PROKKA_04262022:Ferroplasma_1668 (length 218)
PROKKA_04262022/PROKKA_04262022:Ferroplasma_1669 (length 118)
PROKKA_04262022/PROKKA_04262022:Ferroplasma_1670 (length 76)
PROKKA_04262022/PROKKA_04262022:Ferroplasma_1671 (length 145)
PROKKA_04262022/PROKKA_04262022:Ferroplasma_1672 (length 198)
PROKKA_04262022/PROKKA_04262022:Ferroplasma_1673 (length 477)
PROKKA_04262022/PROKKA_04262022:Ferroplasma_1674 (length 98)
PROKKA_04262022/PROKKA_04262022:Ferroplasma_1675 (length 220)
PROKKA_04262022/PROKKA_04262022:Ferroplasma_1676 (length 454)
PROKKA_04262022/PROKKA_04262022:Ferroplasma_1677 (length 203)
PROKKA_04262022/PROKKA_04262022:Ferroplasma_1678 (length 250)
PROKKA_04262022/PROKKA_04262022:Ferroplasma_1679 (length 181)
PROKKA_04262022/PROKKA_04262022:Ferroplasma_1680 (length 32)
PROKKA_04262022/PROKKA_04262022:Ferroplasma_1681 (length 189)
PROKKA_04262022/PROKKA_04262022:Ferroplasma_1682 (length 176)
PROKKA_04262022/PROKKA_04262022:Ferroplasma_1683 (length 375)
PROKKA_04262022/PROKKA_04262022:Ferroplasma_1684 (length 210)
PROKKA_04262022/PROKKA_04262022:Ferroplasma_1685 (length 254)
PROKKA_04262022/PROKKA_04262022:Ferroplasma_1686 (length 54)
PROKKA_04262022/PROKKA_04262022:Ferroplasma_1687 (length 346)
PROKKA_04262022/PROKKA_04262022:Ferroplasma_1688 (length 308)
PROKKA_04262022/PROKKA_04262022:Ferroplasma_1689 (length 155)
PROKKA_04262022/PROKKA_04262022:Ferroplasma_1690 (length 623)
PROKKA_04262022/PROKKA_04262022:Ferroplasma_1691 (length 203)
PROKKA_04262022/PROKKA_04262022:Ferroplasma_1692 (length 78)
PROKKA_04262022/PROKKA_04262022:Ferroplasma_1693 (length 94)
PROKKA_04262022/PROKKA_04262022:Ferroplasma_1694 (length 134)
PROKKA_04262022/PROKKA_04262022:Ferroplasma_1695 (length 150)
PROKKA_04262022/PROKKA_04262022:Ferroplasma_1696 (length 540)
PROKKA_04262022/PROKKA_04262022:Ferroplasma_1697 (length 263)
PROKKA_04262022/PROKKA_04262022:Ferroplasma_1698 (length 169)
PROKKA_04262022/PROKKA_04262022:Ferroplasma_1699 (length 94)
PROKKA_04262022/PROKKA_04262022:Ferroplasma_1700 (length 89)
PROKKA_04262022/PROKKA_04262022:Ferroplasma_1701 (length 142)
PROKKA_04262022/PROKKA_04262022:Ferroplasma_1702 (length 405)
PROKKA_04262022/PROKKA_04262022:Ferroplasma_1703 (length 354)
PROKKA_04262022/PROKKA_04262022:Ferroplasma_1704 (length 184)
PROKKA_04262022/PROKKA_04262022:Ferroplasma_1705 (length 481)
PROKKA_04262022/PROKKA_04262022:Ferroplasma_1706 (length 545)
PROKKA_04262022/PROKKA_04262022:Ferroplasma_1707 (length 483)
PROKKA_04262022/PROKKA_04262022:Ferroplasma_1708 (length 99)
PROKKA_04262022/PROKKA_04262022:Ferroplasma_1709 (length 255)
PROKKA_04262022/PROKKA_04262022:Ferroplasma_1710 (length 34)
PROKKA_04262022/PROKKA_04262022:Ferroplasma_1711 (length 78)
PROKKA_04262022/PROKKA_04262022:Ferroplasma_1712 (length 675)
PROKKA_04262022/PROKKA_04262022:Ferroplasma_1713 (length 132)
PROKKA_04262022/PROKKA_04262022:Ferroplasma_1714 (length 44)
PROKKA_04262022/PROKKA_04262022:Ferroplasma_1715 (length 392)
PROKKA_04262022/PROKKA_04262022:Ferroplasma_1716 (length 80)
PROKKA_04262022/PROKKA_04262022:Ferroplasma_1717 (length 571)
PROKKA_04262022/PROKKA_04262022:Ferroplasma_1718 (length 354)
PROKKA_04262022/PROKKA_04262022:Ferroplasma_1719 (length 199)
PROKKA_04262022/PROKKA_04262022:Ferroplasma_1720 (length 250)
PROKKA_04262022/PROKKA_04262022:Ferroplasma_1721 (length 66)
PROKKA_04262022/PROKKA_04262022:Ferroplasma_1722 (length 165)
PROKKA_04262022/PROKKA_04262022:Ferroplasma_1723 (length 462)
PROKKA_04262022/PROKKA_04262022:Ferroplasma_1724 (length 488)
PROKKA_04262022/PROKKA_04262022:Ferroplasma_1725 (length 249)
PROKKA_04262022/PROKKA_04262022:Ferroplasma_1726 (length 111)
PROKKA_04262022/PROKKA_04262022:Ferroplasma_1727 (length 125)
PROKKA_04262022/PROKKA_04262022:Ferroplasma_1728 (length 118)
PROKKA_04262022/PROKKA_04262022:Ferroplasma_1729 (length 315)
PROKKA_04262022/PROKKA_04262022:Ferroplasma_1730 (length 382)
PROKKA_04262022/PROKKA_04262022:Ferroplasma_1731 (length 503)
PROKKA_04262022/PROKKA_04262022:Ferroplasma_1732 (length 548)
PROKKA_04262022/PROKKA_04262022:Ferroplasma_1733 (length 257)
PROKKA_04262022/PROKKA_04262022:Ferroplasma_1734 (length 195)
PROKKA_04262022/PROKKA_04262022:Ferroplasma_1735 (length 85)
PROKKA_04262022/PROKKA_04262022:Ferroplasma_1736 (length 307)
PROKKA_04262022/PROKKA_04262022:Ferroplasma_1737 (length 660)
PROKKA_04262022/PROKKA_04262022:Ferroplasma_1738 (length 224)
PROKKA_04262022/PROKKA_04262022:Ferroplasma_1739 (length 92)
PROKKA_04262022/PROKKA_04262022:Ferroplasma_1740 (length 67)
PROKKA_04262022/PROKKA_04262022:Ferroplasma_1741 (length 43)
PROKKA_04262022/PROKKA_04262022:Ferroplasma_1742 (length 29)
PROKKA_04262022/PROKKA_04262022:Ferroplasma_1743 (length 325)
PROKKA_04262022/PROKKA_04262022:Ferroplasma_1744 (length 88)
PROKKA_04262022/PROKKA_04262022:Ferroplasma_1745 (length 174)
PROKKA_04262022/PROKKA_04262022:Ferroplasma_1746 (length 369)
PROKKA_04262022/PROKKA_04262022:Ferroplasma_1747 (length 161)
PROKKA_04262022/PROKKA_04262022:Ferroplasma_1748 (length 172)
PROKKA_04262022/PROKKA_04262022:Ferroplasma_1749 (length 224)
PROKKA_04262022/PROKKA_04262022:Ferroplasma_1750 (length 140)
PROKKA_04262022/PROKKA_04262022:Ferroplasma_1751 (length 298)
PROKKA_04262022/PROKKA_04262022:Ferroplasma_1752 (length 247)
PROKKA_04262022/PROKKA_04262022:Ferroplasma_1753 (length 53)
PROKKA_04262022/PROKKA_04262022:Ferroplasma_1754 (length 112)
PROKKA_04262022/PROKKA_04262022:Ferroplasma_1755 (length 336)
PROKKA_04262022/PROKKA_04262022:Ferroplasma_1756 (length 104)
PROKKA_04262022/PROKKA_04262022:Ferroplasma_1757 (length 579)
PROKKA_04262022/PROKKA_04262022:Ferroplasma_1758 (length 552)
PROKKA_04262022/PROKKA_04262022:Ferroplasma_1759 (length 83)
PROKKA_04262022/PROKKA_04262022:Ferroplasma_1760 (length 51)
PROKKA_04262022/PROKKA_04262022:Ferroplasma_1761 (length 393)
PROKKA_04262022/PROKKA_04262022:Ferroplasma_1762 (length 375)
PROKKA_04262022/PROKKA_04262022:Ferroplasma_1763 (length 98)
PROKKA_04262022/PROKKA_04262022:Ferroplasma_1764 (length 55)
PROKKA_04262022/PROKKA_04262022:Ferroplasma_1765 (length 45)
PROKKA_04262022/PROKKA_04262022:Ferroplasma_1766 (length 55)
PROKKA_04262022/PROKKA_04262022:Ferroplasma_1767 (length 387)
PROKKA_04262022/PROKKA_04262022:Ferroplasma_1768 (length 397)
PROKKA_04262022/PROKKA_04262022:Ferroplasma_1769 (length 172)
PROKKA_04262022/PROKKA_04262022:Ferroplasma_1770 (length 163)
PROKKA_04262022/PROKKA_04262022:Ferroplasma_1771 (length 101)
PROKKA_04262022/PROKKA_04262022:Ferroplasma_1772 (length 242)
PROKKA_04262022/PROKKA_04262022:Ferroplasma_1773 (length 220)
PROKKA_04262022/PROKKA_04262022:Ferroplasma_1774 (length 97)
PROKKA_04262022/PROKKA_04262022:Ferroplasma_1775 (length 189)
PROKKA_04262022/PROKKA_04262022:Ferroplasma_1776 (length 142)
PROKKA_04262022/PROKKA_04262022:Ferroplasma_1777 (length 103)
PROKKA_04262022/PROKKA_04262022:Ferroplasma_1778 (length 94)
PROKKA_04262022/PROKKA_04262022:Ferroplasma_1779 (length 99)
PROKKA_04262022/PROKKA_04262022:Ferroplasma_1780 (length 308)
PROKKA_04262022/PROKKA_04262022:Ferroplasma_1781 (length 151)
PROKKA_04262022/PROKKA_04262022:Ferroplasma_1782 (length 209)
PROKKA_04262022/PROKKA_04262022:Ferroplasma_1783 (length 129)
PROKKA_04262022/PROKKA_04262022:Ferroplasma_1784 (length 118)
PROKKA_04262022/PROKKA_04262022:Ferroplasma_1785 (length 203)
PROKKA_04262022/PROKKA_04262022:Ferroplasma_1786 (length 43)
PROKKA_04262022/PROKKA_04262022:Ferroplasma_1787 (length 125)
PROKKA_04262022/PROKKA_04262022:Ferroplasma_1788 (length 149)
PROKKA_04262022/PROKKA_04262022:Ferroplasma_1789 (length 299)
PROKKA_04262022/PROKKA_04262022:Ferroplasma_1790 (length 273)
PROKKA_04262022/PROKKA_04262022:Ferroplasma_1791 (length 283)
PROKKA_04262022/PROKKA_04262022:Ferroplasma_1792 (length 269)
PROKKA_04262022/PROKKA_04262022:Ferroplasma_1793 (length 218)
PROKKA_04262022/PROKKA_04262022:Ferroplasma_1794 (length 522)
PROKKA_04262022/PROKKA_04262022:Ferroplasma_1795 (length 186)
PROKKA_04262022/PROKKA_04262022:Ferroplasma_1796 (length 224)
PROKKA_04262022/PROKKA_04262022:Ferroplasma_1797 (length 261)
PROKKA_04262022/PROKKA_04262022:Ferroplasma_1798 (length 203)
PROKKA_04262022/PROKKA_04262022:Ferroplasma_1799 (length 294)
PROKKA_04262022/PROKKA_04262022:Ferroplasma_1800 (length 99)
PROKKA_04262022/PROKKA_04262022:Ferroplasma_1801 (length 105)
PROKKA_04262022/PROKKA_04262022:Ferroplasma_1802 (length 129)
PROKKA_04262022/PROKKA_04262022:Ferroplasma_1803 (length 47)
PROKKA_04262022/PROKKA_04262022:Ferroplasma_1804 (length 559)
PROKKA_04262022/PROKKA_04262022:Ferroplasma_1805 (length 374)
PROKKA_04262022/PROKKA_04262022:Ferroplasma_1806 (length 141)
PROKKA_04262022/PROKKA_04262022:Ferroplasma_1807 (length 235)
PROKKA_04262022/PROKKA_04262022:Ferroplasma_1808 (length 608)
PROKKA_04262022/PROKKA_04262022:Ferroplasma_1809 (length 397)
PROKKA_04262022/PROKKA_04262022:Ferroplasma_1810 (length 95)
PROKKA_04262022/PROKKA_04262022:Ferroplasma_1811 (length 262)
PROKKA_04262022/PROKKA_04262022:Ferroplasma_1812 (length 530)
PROKKA_04262022/PROKKA_04262022:Ferroplasma_1813 (length 227)
PROKKA_04262022/PROKKA_04262022:Ferroplasma_1814 (length 1051)
PROKKA_04262022/PROKKA_04262022:Ferroplasma_1815 (length 348)
PROKKA_04262022/PROKKA_04262022:Ferroplasma_1816 (length 303)
PROKKA_04262022/PROKKA_04262022:Ferroplasma_1817 (length 341)
PROKKA_04262022/PROKKA_04262022:Ferroplasma_1818 (length 194)
PROKKA_04262022/PROKKA_04262022:Ferroplasma_1819 (length 406)
PROKKA_04262022/PROKKA_04262022:Ferroplasma_1820 (length 70)
PROKKA_04262022/PROKKA_04262022:Ferroplasma_1821 (length 302)
PROKKA_04262022/PROKKA_04262022:Ferroplasma_1822 (length 259)
PROKKA_04262022/PROKKA_04262022:Ferroplasma_1823 (length 306)
PROKKA_04262022/PROKKA_04262022:Ferroplasma_1824 (length 113)
PROKKA_04262022/PROKKA_04262022:Ferroplasma_1825 (length 88)
PROKKA_04262022/PROKKA_04262022:Ferroplasma_1826 (length 270)
PROKKA_04262022/PROKKA_04262022:Ferroplasma_1827 (length 322)
PROKKA_04262022/PROKKA_04262022:Ferroplasma_1828 (length 189)
PROKKA_04262022/PROKKA_04262022:Ferroplasma_1829 (length 187)
PROKKA_04262022/PROKKA_04262022:Ferroplasma_1830 (length 587)
PROKKA_04262022/PROKKA_04262022:Ferroplasma_1831 (length 223)
PROKKA_04262022/PROKKA_04262022:Ferroplasma_1832 (length 269)
PROKKA_04262022/PROKKA_04262022:Ferroplasma_1833 (length 150)
PROKKA_04262022/PROKKA_04262022:Ferroplasma_1834 (length 86)
PROKKA_04262022/PROKKA_04262022:Ferroplasma_1835 (length 174)
PROKKA_04262022/PROKKA_04262022:Ferroplasma_1836 (length 159)
PROKKA_04262022/PROKKA_04262022:Ferroplasma_1837 (length 225)
PROKKA_04262022/PROKKA_04262022:Ferroplasma_1838 (length 76)
PROKKA_04262022/PROKKA_04262022:Ferroplasma_1839 (length 169)
PROKKA_04262022/PROKKA_04262022:Ferroplasma_1840 (length 239)
PROKKA_04262022/PROKKA_04262022:Ferroplasma_1841 (length 242)
PROKKA_04262022/PROKKA_04262022:Ferroplasma_1842 (length 411)
PROKKA_04262022/PROKKA_04262022:Ferroplasma_1843 (length 268)
PROKKA_04262022/PROKKA_04262022:Ferroplasma_1844 (length 117)
PROKKA_04262022/PROKKA_04262022:Ferroplasma_1845 (length 281)
PROKKA_04262022/PROKKA_04262022:Ferroplasma_1846 (length 84)
PROKKA_04262022/PROKKA_04262022:Ferroplasma_1847 (length 320)
PROKKA_04262022/PROKKA_04262022:Ferroplasma_1848 (length 192)
PROKKA_04262022/PROKKA_04262022:Ferroplasma_1849 (length 53)
PROKKA_04262022/PROKKA_04262022:Ferroplasma_1850 (length 156)
PROKKA_04262022/PROKKA_04262022:Ferroplasma_1851 (length 96)
PROKKA_04262022/PROKKA_04262022:Ferroplasma_1852 (length 101)
PROKKA_04262022/PROKKA_04262022:Ferroplasma_1853 (length 313)
PROKKA_04262022/PROKKA_04262022:Ferroplasma_1854 (length 198)
PROKKA_04262022/PROKKA_04262022:Ferroplasma_1855 (length 106)
PROKKA_04262022/PROKKA_04262022:Ferroplasma_1856 (length 239)
PROKKA_04262022/PROKKA_04262022:Ferroplasma_1857 (length 75)
PROKKA_04262022/PROKKA_04262022:Ferroplasma_1858 (length 162)
PROKKA_04262022/PROKKA_04262022:Ferroplasma_1859 (length 309)
PROKKA_04262022/PROKKA_04262022:Ferroplasma_1860 (length 373)
PROKKA_04262022/PROKKA_04262022:Ferroplasma_1861 (length 222)
PROKKA_04262022/PROKKA_04262022:Ferroplasma_1862 (length 223)
PROKKA_04262022/PROKKA_04262022:Ferroplasma_1863 (length 87)
PROKKA_04262022/PROKKA_04262022:Ferroplasma_1864 (length 142)
PROKKA_04262022/PROKKA_04262022:Ferroplasma_1865 (length 515)
PROKKA_04262022/PROKKA_04262022:Ferroplasma_1866 (length 291)
PROKKA_04262022/PROKKA_04262022:Ferroplasma_1867 (length 274)
PROKKA_04262022/PROKKA_04262022:Ferroplasma_1868 (length 295)
PROKKA_04262022/PROKKA_04262022:Ferroplasma_1869 (length 140)
PROKKA_04262022/PROKKA_04262022:Ferroplasma_1870 (length 399)
PROKKA_04262022/PROKKA_04262022:Ferroplasma_1871 (length 49)
PROKKA_04262022/PROKKA_04262022:Ferroplasma_1872 (length 171)
PROKKA_04262022/PROKKA_04262022:Ferroplasma_1873 (length 94)
PROKKA_04262022/PROKKA_04262022:Ferroplasma_1874 (length 224)
PROKKA_04262022/PROKKA_04262022:Ferroplasma_1875 (length 139)
PROKKA_04262022/PROKKA_04262022:Ferroplasma_1876 (length 206)
PROKKA_04262022/PROKKA_04262022:Ferroplasma_1877 (length 83)
PROKKA_04262022/PROKKA_04262022:Ferroplasma_1878 (length 69)
PROKKA_04262022/PROKKA_04262022:Ferroplasma_1879 (length 104)
PROKKA_04262022/PROKKA_04262022:Ferroplasma_1880 (length 222)
PROKKA_04262022/PROKKA_04262022:Ferroplasma_1881 (length 229)
PROKKA_04262022/PROKKA_04262022:Ferroplasma_1882 (length 56)
PROKKA_04262022/PROKKA_04262022:Ferroplasma_1883 (length 46)
PROKKA_04262022/PROKKA_04262022:Ferroplasma_1884 (length 50)
PROKKA_04262022/PROKKA_04262022:Ferroplasma_1885 (length 598)
PROKKA_04262022/PROKKA_04262022:Ferroplasma_1886 (length 373)
PROKKA_04262022/PROKKA_04262022:Ferroplasma_1887 (length 78)
PROKKA_04262022/PROKKA_04262022:Ferroplasma_1888 (length 51)
PROKKA_04262022/PROKKA_04262022:Ferroplasma_1889 (length 161)
PROKKA_04262022/PROKKA_04262022:Ferroplasma_1890 (length 191)
PROKKA_04262022/PROKKA_04262022:Ferroplasma_1891 (length 443)
PROKKA_04262022/PROKKA_04262022:Ferroplasma_1892 (length 89)
PROKKA_04262022/PROKKA_04262022:Ferroplasma_1893 (length 29)
PROKKA_04262022/PROKKA_04262022:Ferroplasma_1894 (length 165)
PROKKA_04262022/PROKKA_04262022:Ferroplasma_1895 (length 30)
PROKKA_04262022/PROKKA_04262022:Ferroplasma_1896 (length 345)
PROKKA_04262022/PROKKA_04262022:Ferroplasma_1897 (length 154)
PROKKA_04262022/PROKKA_04262022:Ferroplasma_1898 (length 178)
PROKKA_04262022/PROKKA_04262022:Ferroplasma_1899 (length 324)
PROKKA_04262022/PROKKA_04262022:Ferroplasma_1900 (length 185)
PROKKA_04262022/PROKKA_04262022:Ferroplasma_1901 (length 40)
PROKKA_04262022/PROKKA_04262022:Ferroplasma_1902 (length 45)
PROKKA_04262022/PROKKA_04262022:Ferroplasma_1903 (length 436)
PROKKA_04262022/PROKKA_04262022:Ferroplasma_1904 (length 251)
PROKKA_04262022/PROKKA_04262022:Ferroplasma_1905 (length 267)
PROKKA_04262022/PROKKA_04262022:Ferroplasma_1906 (length 77)
PROKKA_04262022/PROKKA_04262022:Ferroplasma_1907 (length 195)
PROKKA_04262022/PROKKA_04262022:Ferroplasma_1908 (length 207)
PROKKA_04262022/PROKKA_04262022:Ferroplasma_1909 (length 260)
PROKKA_04262022/PROKKA_04262022:Ferroplasma_1910 (length 42)
PROKKA_04262022/PROKKA_04262022:Ferroplasma_1911 (length 40)
PROKKA_04262022/PROKKA_04262022:Ferroplasma_1912 (length 107)
PROKKA_04262022/PROKKA_04262022:Ferroplasma_1913 (length 225)
PROKKA_04262022/PROKKA_04262022:Ferroplasma_1914 (length 170)
PROKKA_04262022/PROKKA_04262022:Ferroplasma_1915 (length 259)
PROKKA_04262022/PROKKA_04262022:Ferroplasma_1916 (length 106)
PROKKA_04262022/PROKKA_04262022:Ferroplasma_1917 (length 108)
PROKKA_04262022/PROKKA_04262022:Ferroplasma_1918 (length 547)
PROKKA_04262022/PROKKA_04262022:Ferroplasma_1919 (length 182)
PROKKA_04262022/PROKKA_04262022:Ferroplasma_1920 (length 483)
PROKKA_04262022/PROKKA_04262022:Ferroplasma_1921 (length 78)
PROKKA_04262022/PROKKA_04262022:Ferroplasma_1922 (length 148)
PROKKA_04262022/PROKKA_04262022:Ferroplasma_1923 (length 140)
PROKKA_04262022/PROKKA_04262022:Ferroplasma_1924 (length 240)
PROKKA_04262022/PROKKA_04262022:Ferroplasma_1925 (length 279)
PROKKA_04262022/PROKKA_04262022:Ferroplasma_1926 (length 65)
PROKKA_04262022/PROKKA_04262022:Ferroplasma_1927 (length 85)
PROKKA_04262022/PROKKA_04262022:Ferroplasma_1928 (length 268)
PROKKA_04262022/PROKKA_04262022:Ferroplasma_1929 (length 100)
PROKKA_04262022/PROKKA_04262022:Ferroplasma_1930 (length 64)
PROKKA_04262022/PROKKA_04262022:Ferroplasma_1931 (length 200)
PROKKA_04262022/PROKKA_04262022:Ferroplasma_1932 (length 345)
PROKKA_04262022/PROKKA_04262022:Ferroplasma_1933 (length 463)
PROKKA_04262022/PROKKA_04262022:Ferroplasma_1934 (length 122)
PROKKA_04262022/PROKKA_04262022:Ferroplasma_1935 (length 77)
PROKKA_04262022/PROKKA_04262022:Ferroplasma_1936 (length 340)
PROKKA_04262022/PROKKA_04262022:Ferroplasma_1937 (length 348)
PROKKA_04262022/PROKKA_04262022:Ferroplasma_1938 (length 401)
PROKKA_04262022/PROKKA_04262022:Ferroplasma_1939 (length 470)
PROKKA_04262022/PROKKA_04262022:Ferroplasma_1940 (length 451)
PROKKA_04262022/PROKKA_04262022:Ferroplasma_1941 (length 136)
PROKKA_04262022/PROKKA_04262022:Ferroplasma_1942 (length 142)
PROKKA_04262022/PROKKA_04262022:Ferroplasma_1943 (length 118)
PROKKA_04262022/PROKKA_04262022:Ferroplasma_1944 (length 318)
PROKKA_04262022/PROKKA_04262022:Ferroplasma_1945 (length 277)
PROKKA_04262022/PROKKA_04262022:Ferroplasma_1946 (length 136)
PROKKA_04262022/PROKKA_04262022:Ferroplasma_1947 (length 429)
PROKKA_04262022/PROKKA_04262022:Ferroplasma_1948 (length 283)
PROKKA_04262022/PROKKA_04262022:Ferroplasma_1949 (length 247)
PROKKA_04262022/PROKKA_04262022:Ferroplasma_1950 (length 274)
PROKKA_04262022/PROKKA_04262022:Ferroplasma_1951 (length 145)
PROKKA_04262022/PROKKA_04262022:Ferroplasma_1952 (length 211)
PROKKA_04262022/PROKKA_04262022:Ferroplasma_1953 (length 562)
PROKKA_04262022/PROKKA_04262022:Ferroplasma_1954 (length 276)
PROKKA_04262022/PROKKA_04262022:Ferroplasma_1955 (length 406)
PROKKA_04262022/PROKKA_04262022:Ferroplasma_1956 (length 173)
PROKKA_04262022/PROKKA_04262022:Ferroplasma_1957 (length 77)
PROKKA_04262022/PROKKA_04262022:Ferroplasma_1958 (length 93)
PROKKA_04262022/PROKKA_04262022:Ferroplasma_1959 (length 82)
PROKKA_04262022/PROKKA_04262022:Ferroplasma_1960 (length 100)
PROKKA_04262022/PROKKA_04262022:Ferroplasma_1961 (length 481)
PROKKA_04262022/PROKKA_04262022:Ferroplasma_1962 (length 47)
PROKKA_04262022/PROKKA_04262022:Ferroplasma_1963 (length 169)
PROKKA_04262022/PROKKA_04262022:Ferroplasma_1964 (length 103)
PROKKA_04262022/PROKKA_04262022:Ferroplasma_1965 (length 187)
PROKKA_04262022/PROKKA_04262022:Ferroplasma_1966 (length 372)
PROKKA_04262022/PROKKA_04262022:Ferroplasma_1967 (length 242)
PROKKA_04262022/PROKKA_04262022:Ferroplasma_1968 (length 379)
PROKKA_04262022/PROKKA_04262022:Ferroplasma_1969 (length 767)
PROKKA_04262022/PROKKA_04262022:Ferroplasma_1970 (length 111)
PROKKA_04262022/PROKKA_04262022:Ferroplasma_1971 (length 77)
PROKKA_04262022/PROKKA_04262022:Ferroplasma_1972 (length 115)
PROKKA_04262022/PROKKA_04262022:Ferroplasma_1973 (length 411)
PROKKA_04262022/PROKKA_04262022:Ferroplasma_1974 (length 388)
PROKKA_04262022/PROKKA_04262022:Ferroplasma_1975 (length 275)
PROKKA_04262022/PROKKA_04262022:Ferroplasma_1976 (length 409)
PROKKA_04262022/PROKKA_04262022:Ferroplasma_1977 (length 217)
PROKKA_04262022/PROKKA_04262022:Ferroplasma_1978 (length 247)
PROKKA_04262022/PROKKA_04262022:Ferroplasma_1979 (length 479)
PROKKA_04262022/PROKKA_04262022:Ferroplasma_1980 (length 404)
PROKKA_04262022/PROKKA_04262022:Ferroplasma_1981 (length 607)
PROKKA_04262022/PROKKA_04262022:Ferroplasma_1982 (length 323)
PROKKA_04262022/PROKKA_04262022:Ferroplasma_1983 (length 54)
PROKKA_04262022/PROKKA_04262022:Ferroplasma_1984 (length 334)
PROKKA_04262022/PROKKA_04262022:Ferroplasma_1985 (length 129)
PROKKA_04262022/PROKKA_04262022:Ferroplasma_1986 (length 101)
PROKKA_04262022/PROKKA_04262022:Ferroplasma_1987 (length 456)
PROKKA_04262022/PROKKA_04262022:Ferroplasma_1988 (length 396)
PROKKA_04262022/PROKKA_04262022:Ferroplasma_1989 (length 69)
PROKKA_04262022/PROKKA_04262022:Ferroplasma_1990 (length 476)
PROKKA_04262022/PROKKA_04262022:Ferroplasma_1991 (length 497)
PROKKA_04262022/PROKKA_04262022:Ferroplasma_1992 (length 414)
PROKKA_04262022/PROKKA_04262022:Ferroplasma_1993 (length 169)
PROKKA_04262022/PROKKA_04262022:Ferroplasma_1994 (length 29)
PROKKA_04262022/PROKKA_04262022:Ferroplasma_1995 (length 548)
PROKKA_04262022/PROKKA_04262022:Ferroplasma_1996 (length 127)
PROKKA_04262022/PROKKA_04262022:Ferroplasma_1997 (length 532)
PROKKA_04262022/PROKKA_04262022:Ferroplasma_1998 (length 296)
PROKKA_04262022/PROKKA_04262022:Ferroplasma_1999 (length 563)
PROKKA_04262022/PROKKA_04262022:Ferroplasma_2000 (length 105)
PROKKA_04262022/PROKKA_04262022:Ferroplasma_2001 (length 523)
PROKKA_04262022/PROKKA_04262022:Ferroplasma_2002 (length 89)
PROKKA_04262022/PROKKA_04262022:Ferroplasma_2003 (length 302)
PROKKA_04262022/PROKKA_04262022:Ferroplasma_2004 (length 305)
PROKKA_04262022/PROKKA_04262022:Ferroplasma_2005 (length 646)
PROKKA_04262022/PROKKA_04262022:Ferroplasma_2006 (length 359)
PROKKA_04262022/PROKKA_04262022:Ferroplasma_2007 (length 295)
PROKKA_04262022/PROKKA_04262022:Ferroplasma_2008 (length 382)
PROKKA_04262022/PROKKA_04262022:Ferroplasma_2009 (length 223)
PROKKA_04262022/PROKKA_04262022:Ferroplasma_2010 (length 100)
PROKKA_04262022/PROKKA_04262022:Ferroplasma_2011 (length 354)
PROKKA_04262022/PROKKA_04262022:Ferroplasma_2012 (length 193)
PROKKA_04262022/PROKKA_04262022:Ferroplasma_2013 (length 230)
PROKKA_04262022/PROKKA_04262022:Ferroplasma_2014 (length 162)
PROKKA_04262022/PROKKA_04262022:Ferroplasma_2015 (length 134)
PROKKA_04262022/PROKKA_04262022:Ferroplasma_2016 (length 225)
PROKKA_04262022/PROKKA_04262022:Ferroplasma_2017 (length 140)
PROKKA_04262022/PROKKA_04262022:Ferroplasma_2018 (length 94)
PROKKA_04262022/PROKKA_04262022:Ferroplasma_2019 (length 134)
PROKKA_04262022/PROKKA_04262022:Ferroplasma_2020 (length 168)
PROKKA_04262022/PROKKA_04262022:Ferroplasma_2021 (length 56)
PROKKA_04262022/PROKKA_04262022:Ferroplasma_2022 (length 100)
PROKKA_04262022/PROKKA_04262022:Ferroplasma_2023 (length 665)
PROKKA_04262022/PROKKA_04262022:Ferroplasma_2024 (length 361)
PROKKA_04262022/PROKKA_04262022:Ferroplasma_2025 (length 38)
PROKKA_04262022/PROKKA_04262022:Ferroplasma_2026 (length 70)
PROKKA_04262022/PROKKA_04262022:Ferroplasma_2027 (length 598)
PROKKA_04262022/PROKKA_04262022:Ferroplasma_2028 (length 81)
PROKKA_04262022/PROKKA_04262022:Ferroplasma_2029 (length 429)
PROKKA_04262022/PROKKA_04262022:Ferroplasma_2030 (length 588)
PROKKA_04262022/PROKKA_04262022:Ferroplasma_2031 (length 178)
PROKKA_04262022/PROKKA_04262022:Ferroplasma_2032 (length 344)
PROKKA_04262022/PROKKA_04262022:Ferroplasma_2033 (length 392)
PROKKA_04262022/PROKKA_04262022:Ferroplasma_2034 (length 246)
PROKKA_04262022/PROKKA_04262022:Ferroplasma_2035 (length 50)
PROKKA_04262022/PROKKA_04262022:Ferroplasma_2036 (length 32)
PROKKA_04262022/PROKKA_04262022:Ferroplasma_2037 (length 361)
PROKKA_04262022/PROKKA_04262022:Ferroplasma_2038 (length 133)
PROKKA_04262022/PROKKA_04262022:Ferroplasma_2039 (length 220)
PROKKA_04262022/PROKKA_04262022:Ferroplasma_2040 (length 163)
PROKKA_04262022/PROKKA_04262022:Ferroplasma_2041 (length 108)
PROKKA_04262022/PROKKA_04262022:Ferroplasma_2042 (length 64)
PROKKA_04262022/PROKKA_04262022:Ferroplasma_2043 (length 514)
PROKKA_04262022/PROKKA_04262022:Ferroplasma_2044 (length 368)
PROKKA_04262022/PROKKA_04262022:Ferroplasma_2045 (length 137)
PROKKA_04262022/PROKKA_04262022:Ferroplasma_2046 (length 38)
PROKKA_04262022/PROKKA_04262022:Ferroplasma_2047 (length 440)
PROKKA_04262022/PROKKA_04262022:Ferroplasma_2048 (length 118)
PROKKA_04262022/PROKKA_04262022:Ferroplasma_2049 (length 418)
PROKKA_04262022/PROKKA_04262022:Ferroplasma_2050 (length 129)
PROKKA_04262022/PROKKA_04262022:Ferroplasma_2051 (length 433)
PROKKA_04262022/PROKKA_04262022:Ferroplasma_2052 (length 1039)
PROKKA_04262022/PROKKA_04262022:Ferroplasma_2053 (length 563)
PROKKA_04262022/PROKKA_04262022:Ferroplasma_2054 (length 133)
PROKKA_04262022/PROKKA_04262022:Ferroplasma_2055 (length 375)
PROKKA_04262022/PROKKA_04262022:Ferroplasma_2056 (length 613)
PROKKA_04262022/PROKKA_04262022:Ferroplasma_2057 (length 391)
PROKKA_04262022/PROKKA_04262022:Ferroplasma_2058 (length 58)
PROKKA_04262022/PROKKA_04262022:Ferroplasma_2059 (length 464)
PROKKA_04262022/PROKKA_04262022:Ferroplasma_2060 (length 169)
PROKKA_04262022/PROKKA_04262022:Ferroplasma_2061 (length 83)
PROKKA_04262022/PROKKA_04262022:Ferroplasma_2062 (length 247)
PROKKA_04262022/PROKKA_04262022:Ferroplasma_2063 (length 500)
PROKKA_04262022/PROKKA_04262022:Ferroplasma_2064 (length 617)
PROKKA_04262022/PROKKA_04262022:Ferroplasma_2065 (length 65)
PROKKA_04262022/PROKKA_04262022:Ferroplasma_2066 (length 399)
PROKKA_04262022/PROKKA_04262022:Ferroplasma_2067 (length 265)
PROKKA_04262022/PROKKA_04262022:Ferroplasma_2068 (length 307)
PROKKA_04262022/PROKKA_04262022:Ferroplasma_2069 (length 636)
PROKKA_04262022/PROKKA_04262022:Ferroplasma_2070 (length 91)
PROKKA_04262022/PROKKA_04262022:Ferroplasma_2071 (length 630)
PROKKA_04262022/PROKKA_04262022:Ferroplasma_2072 (length 404)
PROKKA_04262022/PROKKA_04262022:Ferroplasma_2073 (length 279)
PROKKA_04262022/PROKKA_04262022:Ferroplasma_2074 (length 119)
PROKKA_04262022/PROKKA_04262022:Ferroplasma_2075 (length 144)
PROKKA_04262022/PROKKA_04262022:Ferroplasma_2076 (length 71)
PROKKA_04262022/PROKKA_04262022:Ferroplasma_2077 (length 373)
PROKKA_04262022/PROKKA_04262022:Ferroplasma_2078 (length 53)
PROKKA_04262022/PROKKA_04262022:Ferroplasma_2079 (length 31)
PROKKA_04262022/PROKKA_04262022:Ferroplasma_2080 (length 379)
PROKKA_04262022/PROKKA_04262022:Ferroplasma_2081 (length 407)
PROKKA_04262022/PROKKA_04262022:Ferroplasma_2082 (length 252)
PROKKA_04262022/PROKKA_04262022:Ferroplasma_2083 (length 216)
PROKKA_04262022/PROKKA_04262022:Ferroplasma_2084 (length 100)
PROKKA_04262022/PROKKA_04262022:Ferroplasma_2085 (length 104)
PROKKA_04262022/PROKKA_04262022:Ferroplasma_2086 (length 128)
PROKKA_04262022/PROKKA_04262022:Ferroplasma_2087 (length 296)
PROKKA_04262022/PROKKA_04262022:Ferroplasma_2088 (length 405)
PROKKA_04262022/PROKKA_04262022:Ferroplasma_2089 (length 70)
PROKKA_04262022/PROKKA_04262022:Ferroplasma_2090 (length 918)
PROKKA_04262022/PROKKA_04262022:Ferroplasma_2091 (length 197)
PROKKA_04262022/PROKKA_04262022:Ferroplasma_2092 (length 49)
PROKKA_04262022/PROKKA_04262022:Ferroplasma_2093 (length 29)
PROKKA_04262022/PROKKA_04262022:Ferroplasma_2094 (length 183)
PROKKA_04262022/PROKKA_04262022:Ferroplasma_2095 (length 180)
PROKKA_04262022/PROKKA_04262022:Ferroplasma_2096 (length 271)
PROKKA_04262022/PROKKA_04262022:Ferroplasma_2097 (length 338)
PROKKA_04262022/PROKKA_04262022:Ferroplasma_2098 (length 82)
PROKKA_04262022/PROKKA_04262022:Ferroplasma_2099 (length 258)
PROKKA_04262022/PROKKA_04262022:Ferroplasma_2100 (length 69)
PROKKA_04262022/PROKKA_04262022:Ferroplasma_2101 (length 51)
PROKKA_04262022/PROKKA_04262022:Ferroplasma_2102 (length 92)
PROKKA_04262022/PROKKA_04262022:Ferroplasma_2103 (length 80)
PROKKA_04262022/PROKKA_04262022:Ferroplasma_2104 (length 155)
PROKKA_04262022/PROKKA_04262022:Ferroplasma_2105 (length 95)
PROKKA_04262022/PROKKA_04262022:Ferroplasma_2106 (length 395)
PROKKA_04262022/PROKKA_04262022:Ferroplasma_2107 (length 69)
PROKKA_04262022/PROKKA_04262022:Ferroplasma_2108 (length 29)
PROKKA_04262022/PROKKA_04262022:Ferroplasma_2109 (length 117)
PROKKA_04262022/PROKKA_04262022:Ferroplasma_2110 (length 144)
PROKKA_04262022/PROKKA_04262022:Ferroplasma_2111 (length 327)
PROKKA_04262022/PROKKA_04262022:Ferroplasma_2112 (length 70)
PROKKA_04262022/PROKKA_04262022:Ferroplasma_2113 (length 47)
PROKKA_04262022/PROKKA_04262022:Ferroplasma_2114 (length 127)
PROKKA_04262022/PROKKA_04262022:Ferroplasma_2115 (length 249)
PROKKA_04262022/PROKKA_04262022:Ferroplasma_2116 (length 343)
PROKKA_04262022/PROKKA_04262022:Ferroplasma_2117 (length 553)
PROKKA_04262022/PROKKA_04262022:Ferroplasma_2118 (length 62)
PROKKA_04262022/PROKKA_04262022:Ferroplasma_2119 (length 64)
PROKKA_04262022/PROKKA_04262022:Ferroplasma_2120 (length 102)
PROKKA_04262022/PROKKA_04262022:Ferroplasma_2121 (length 61)
PROKKA_04262022/PROKKA_04262022:Ferroplasma_2122 (length 360)
PROKKA_04262022/PROKKA_04262022:Ferroplasma_2123 (length 187)
PROKKA_04262022/PROKKA_04262022:Ferroplasma_2124 (length 211)
PROKKA_04262022/PROKKA_04262022:Ferroplasma_2125 (length 56)
PROKKA_04262022/PROKKA_04262022:Ferroplasma_2126 (length 36)
PROKKA_04262022/PROKKA_04262022:Ferroplasma_2127 (length 164)
PROKKA_04262022/PROKKA_04262022:Ferroplasma_2128 (length 251)
PROKKA_04262022/PROKKA_04262022:Ferroplasma_2129 (length 226)
PROKKA_04262022/PROKKA_04262022:Ferroplasma_2130 (length 1223)
PROKKA_04262022/PROKKA_04262022:Ferroplasma_2131 (length 596)
PROKKA_04262022/PROKKA_04262022:Ferroplasma_2132 (length 1015)
PROKKA_04262022/PROKKA_04262022:Ferroplasma_2133 (length 160)

DiscRep_ALL:DISC_SOURCE_QUALS_ASNDISC::strain (all present, all unique)
DiscRep_SUB:DISC_SOURCE_QUALS_ASNDISC::1 sources have unique values for strain
DiscRep_ALL:DISC_SOURCE_QUALS_ASNDISC::taxname (all present, all unique)
DiscRep_SUB:DISC_SOURCE_QUALS_ASNDISC::1 sources have unique values for taxname
DiscRep_ALL:DISC_FEATURE_COUNT::CDS: 2133 present
DiscRep_ALL:DISC_FEATURE_COUNT::tRNA: 44 present
DiscRep_ALL:DISC_FEATURE_COUNT::rRNA: 2 present
DiscRep_ALL:DISC_FEATURE_COUNT::repeat_region: 1 present
DiscRep_ALL:DISC_COUNT_NUCLEOTIDES::1 nucleotide Bioseqs are present
PROKKA_04262022/PROKKA_04262022:Ferroplasma (length 1890475)

DiscRep_ALL:FEATURE_LOCATION_CONFLICT::2179 features have inconsistent gene locations.
DiscRep_SUB:FEATURE_LOCATION_CONFLICT::Coding region xref gene does not exist
PROKKA_04262022/PROKKA_04262022:CDS	hypothetical protein	Ferroplasma:c428-48	KNPMNEEE_00001

DiscRep_SUB:FEATURE_LOCATION_CONFLICT::Coding region xref gene does not exist
PROKKA_04262022/PROKKA_04262022:CDS	hypothetical protein	Ferroplasma:c648-394	KNPMNEEE_00002

DiscRep_SUB:FEATURE_LOCATION_CONFLICT::Coding region xref gene does not exist
PROKKA_04262022/PROKKA_04262022:CDS	hypothetical protein	Ferroplasma:c1154-1014	KNPMNEEE_00003

DiscRep_SUB:FEATURE_LOCATION_CONFLICT::Coding region xref gene does not exist
PROKKA_04262022/PROKKA_04262022:CDS	hypothetical protein	Ferroplasma:1193-1321	KNPMNEEE_00004

DiscRep_SUB:FEATURE_LOCATION_CONFLICT::Coding region xref gene does not exist
PROKKA_04262022/PROKKA_04262022:CDS	hypothetical protein	Ferroplasma:1338-1436	KNPMNEEE_00005

DiscRep_SUB:FEATURE_LOCATION_CONFLICT::Coding region xref gene does not exist
PROKKA_04262022/PROKKA_04262022:CDS	hypothetical protein	Ferroplasma:c2166-1762	KNPMNEEE_00006

DiscRep_SUB:FEATURE_LOCATION_CONFLICT::Coding region xref gene does not exist
PROKKA_04262022/PROKKA_04262022:CDS	hypothetical protein	Ferroplasma:c2678-2163	KNPMNEEE_00007

DiscRep_SUB:FEATURE_LOCATION_CONFLICT::Coding region xref gene does not exist
PROKKA_04262022/PROKKA_04262022:CDS	hypothetical protein	Ferroplasma:c2946-2668	KNPMNEEE_00008

DiscRep_SUB:FEATURE_LOCATION_CONFLICT::Coding region xref gene does not exist
PROKKA_04262022/PROKKA_04262022:CDS	hypothetical protein	Ferroplasma:c3326-3021	KNPMNEEE_00009

DiscRep_SUB:FEATURE_LOCATION_CONFLICT::Coding region xref gene does not exist
PROKKA_04262022/PROKKA_04262022:CDS	IS481 family transposase ISFac5	Ferroplasma:3524-4072	KNPMNEEE_00010

DiscRep_SUB:FEATURE_LOCATION_CONFLICT::Coding region xref gene does not exist
PROKKA_04262022/PROKKA_04262022:CDS	hypothetical protein	Ferroplasma:c4898-4164	KNPMNEEE_00011

DiscRep_SUB:FEATURE_LOCATION_CONFLICT::Coding region xref gene does not exist
PROKKA_04262022/PROKKA_04262022:CDS	hypothetical protein	Ferroplasma:4935-5654	KNPMNEEE_00012

DiscRep_SUB:FEATURE_LOCATION_CONFLICT::Coding region xref gene does not exist
PROKKA_04262022/PROKKA_04262022:CDS	hypothetical protein	Ferroplasma:5651-8353	KNPMNEEE_00013

DiscRep_SUB:FEATURE_LOCATION_CONFLICT::Coding region xref gene does not exist
PROKKA_04262022/PROKKA_04262022:CDS	hypothetical protein	Ferroplasma:8355-9302	KNPMNEEE_00014

DiscRep_SUB:FEATURE_LOCATION_CONFLICT::Coding region xref gene does not exist
PROKKA_04262022/PROKKA_04262022:CDS	hypothetical protein	Ferroplasma:9307-9966	KNPMNEEE_00015

DiscRep_SUB:FEATURE_LOCATION_CONFLICT::Coding region xref gene does not exist
PROKKA_04262022/PROKKA_04262022:CDS	hypothetical protein	Ferroplasma:9959-11782	KNPMNEEE_00016

DiscRep_SUB:FEATURE_LOCATION_CONFLICT::Coding region xref gene does not exist
PROKKA_04262022/PROKKA_04262022:CDS	hypothetical protein	Ferroplasma:11851-12291	KNPMNEEE_00017

DiscRep_SUB:FEATURE_LOCATION_CONFLICT::Coding region xref gene does not exist
PROKKA_04262022/PROKKA_04262022:CDS	CRISPR-associated endonuclease Cas1	Ferroplasma:12288-13256	KNPMNEEE_00018

DiscRep_SUB:FEATURE_LOCATION_CONFLICT::Coding region xref gene does not exist
PROKKA_04262022/PROKKA_04262022:CDS	CRISPR-associated endoribonuclease Cas2	Ferroplasma:13257-13517	KNPMNEEE_00019

DiscRep_SUB:FEATURE_LOCATION_CONFLICT::Coding region xref gene does not exist
PROKKA_04262022/PROKKA_04262022:CDS	hypothetical protein	Ferroplasma:22749-23504	KNPMNEEE_00020

DiscRep_SUB:FEATURE_LOCATION_CONFLICT::Coding region xref gene does not exist
PROKKA_04262022/PROKKA_04262022:CDS	hypothetical protein	Ferroplasma:23987-24478	KNPMNEEE_00021

DiscRep_SUB:FEATURE_LOCATION_CONFLICT::Coding region xref gene does not exist
PROKKA_04262022/PROKKA_04262022:CDS	hypothetical protein	Ferroplasma:24586-24882	KNPMNEEE_00022

DiscRep_SUB:FEATURE_LOCATION_CONFLICT::Coding region xref gene does not exist
PROKKA_04262022/PROKKA_04262022:CDS	hypothetical protein	Ferroplasma:25114-25482	KNPMNEEE_00023

DiscRep_SUB:FEATURE_LOCATION_CONFLICT::Coding region xref gene does not exist
PROKKA_04262022/PROKKA_04262022:CDS	hypothetical protein	Ferroplasma:c26057-25836	KNPMNEEE_00024

DiscRep_SUB:FEATURE_LOCATION_CONFLICT::Coding region xref gene does not exist
PROKKA_04262022/PROKKA_04262022:CDS	hypothetical protein	Ferroplasma:c26326-26105	KNPMNEEE_00025

DiscRep_SUB:FEATURE_LOCATION_CONFLICT::Coding region xref gene does not exist
PROKKA_04262022/PROKKA_04262022:CDS	hypothetical protein	Ferroplasma:c27292-27020	KNPMNEEE_00026

DiscRep_SUB:FEATURE_LOCATION_CONFLICT::Coding region xref gene does not exist
PROKKA_04262022/PROKKA_04262022:CDS	hypothetical protein	Ferroplasma:c27817-27452	KNPMNEEE_00027

DiscRep_SUB:FEATURE_LOCATION_CONFLICT::Coding region xref gene does not exist
PROKKA_04262022/PROKKA_04262022:CDS	hypothetical protein	Ferroplasma:c28387-27878	KNPMNEEE_00028

DiscRep_SUB:FEATURE_LOCATION_CONFLICT::Coding region xref gene does not exist
PROKKA_04262022/PROKKA_04262022:CDS	IS481 family transposase ISFac5	Ferroplasma:c29390-28584	KNPMNEEE_00029

DiscRep_SUB:FEATURE_LOCATION_CONFLICT::Coding region xref gene does not exist
PROKKA_04262022/PROKKA_04262022:CDS	hypothetical protein	Ferroplasma:29545-29958	KNPMNEEE_00030

DiscRep_SUB:FEATURE_LOCATION_CONFLICT::Coding region xref gene does not exist
PROKKA_04262022/PROKKA_04262022:CDS	hypothetical protein	Ferroplasma:30225-30455	KNPMNEEE_00031

DiscRep_SUB:FEATURE_LOCATION_CONFLICT::Coding region xref gene does not exist
PROKKA_04262022/PROKKA_04262022:CDS	hypothetical protein	Ferroplasma:30503-30811	KNPMNEEE_00032

DiscRep_SUB:FEATURE_LOCATION_CONFLICT::Coding region xref gene does not exist
PROKKA_04262022/PROKKA_04262022:CDS	hypothetical protein	Ferroplasma:30808-31227	KNPMNEEE_00033

DiscRep_SUB:FEATURE_LOCATION_CONFLICT::Coding region xref gene does not exist
PROKKA_04262022/PROKKA_04262022:CDS	hypothetical protein	Ferroplasma:31214-32149	KNPMNEEE_00034

DiscRep_SUB:FEATURE_LOCATION_CONFLICT::Coding region xref gene does not exist
PROKKA_04262022/PROKKA_04262022:CDS	hypothetical protein	Ferroplasma:c32612-32265	KNPMNEEE_00035

DiscRep_SUB:FEATURE_LOCATION_CONFLICT::Coding region xref gene does not exist
PROKKA_04262022/PROKKA_04262022:CDS	hypothetical protein	Ferroplasma:c32757-32584	KNPMNEEE_00036

DiscRep_SUB:FEATURE_LOCATION_CONFLICT::Coding region xref gene does not exist
PROKKA_04262022/PROKKA_04262022:CDS	hypothetical protein	Ferroplasma:c33444-33115	KNPMNEEE_00037

DiscRep_SUB:FEATURE_LOCATION_CONFLICT::Coding region xref gene does not exist
PROKKA_04262022/PROKKA_04262022:CDS	IS256 family transposase ISMco4	Ferroplasma:33580-34008	KNPMNEEE_00038

DiscRep_SUB:FEATURE_LOCATION_CONFLICT::Coding region xref gene does not exist
PROKKA_04262022/PROKKA_04262022:CDS	D-inositol-3-phosphate glycosyltransferase	Ferroplasma:c35486-34404	KNPMNEEE_00039

DiscRep_SUB:FEATURE_LOCATION_CONFLICT::Coding region xref gene does not exist
PROKKA_04262022/PROKKA_04262022:CDS	hypothetical protein	Ferroplasma:c35650-35483	KNPMNEEE_00040

DiscRep_SUB:FEATURE_LOCATION_CONFLICT::Coding region xref gene does not exist
PROKKA_04262022/PROKKA_04262022:CDS	UTP--glucose-1-phosphate uridylyltransferase	Ferroplasma:c37578-36523	KNPMNEEE_00041

DiscRep_SUB:FEATURE_LOCATION_CONFLICT::Coding region xref gene does not exist
PROKKA_04262022/PROKKA_04262022:CDS	dTDP-4-dehydrorhamnose reductase	Ferroplasma:37693-38520	KNPMNEEE_00042

DiscRep_SUB:FEATURE_LOCATION_CONFLICT::Coding region xref gene does not exist
PROKKA_04262022/PROKKA_04262022:CDS	dTDP-glucose 4,6-dehydratase 2	Ferroplasma:38540-39526	KNPMNEEE_00043

DiscRep_SUB:FEATURE_LOCATION_CONFLICT::Coding region xref gene does not exist
PROKKA_04262022/PROKKA_04262022:CDS	dTDP-4-dehydrorhamnose 3,5-epimerase	Ferroplasma:c40062-39523	KNPMNEEE_00044

DiscRep_SUB:FEATURE_LOCATION_CONFLICT::Coding region xref gene does not exist
PROKKA_04262022/PROKKA_04262022:CDS	Polyprenol monophosphomannose synthase	Ferroplasma:c40869-40129	KNPMNEEE_00045

DiscRep_SUB:FEATURE_LOCATION_CONFLICT::Coding region xref gene does not exist
PROKKA_04262022/PROKKA_04262022:CDS	hypothetical protein	Ferroplasma:c41100-41008	KNPMNEEE_00046

DiscRep_SUB:FEATURE_LOCATION_CONFLICT::Coding region xref gene does not exist
PROKKA_04262022/PROKKA_04262022:CDS	hypothetical protein	Ferroplasma:c42158-41262	KNPMNEEE_00047

DiscRep_SUB:FEATURE_LOCATION_CONFLICT::Coding region xref gene does not exist
PROKKA_04262022/PROKKA_04262022:CDS	hypothetical protein	Ferroplasma:42307-42435	KNPMNEEE_00048

DiscRep_SUB:FEATURE_LOCATION_CONFLICT::Coding region xref gene does not exist
PROKKA_04262022/PROKKA_04262022:CDS	D-inositol-3-phosphate glycosyltransferase	Ferroplasma:c43685-42795	KNPMNEEE_00049

DiscRep_SUB:FEATURE_LOCATION_CONFLICT::Coding region xref gene does not exist
PROKKA_04262022/PROKKA_04262022:CDS	hypothetical protein	Ferroplasma:c44711-43773	KNPMNEEE_00050

DiscRep_SUB:FEATURE_LOCATION_CONFLICT::Coding region xref gene does not exist
PROKKA_04262022/PROKKA_04262022:CDS	hypothetical protein	Ferroplasma:45362-45544	KNPMNEEE_00051

DiscRep_SUB:FEATURE_LOCATION_CONFLICT::Coding region xref gene does not exist
PROKKA_04262022/PROKKA_04262022:CDS	hypothetical protein	Ferroplasma:45552-46199	KNPMNEEE_00052

DiscRep_SUB:FEATURE_LOCATION_CONFLICT::Coding region xref gene does not exist
PROKKA_04262022/PROKKA_04262022:CDS	hypothetical protein	Ferroplasma:46196-46321	KNPMNEEE_00053

DiscRep_SUB:FEATURE_LOCATION_CONFLICT::Coding region xref gene does not exist
PROKKA_04262022/PROKKA_04262022:CDS	hypothetical protein	Ferroplasma:46416-46820	KNPMNEEE_00054

DiscRep_SUB:FEATURE_LOCATION_CONFLICT::Coding region xref gene does not exist
PROKKA_04262022/PROKKA_04262022:CDS	IS481 family transposase ISFac5	Ferroplasma:46884-47756	KNPMNEEE_00055

DiscRep_SUB:FEATURE_LOCATION_CONFLICT::Coding region xref gene does not exist
PROKKA_04262022/PROKKA_04262022:CDS	hypothetical protein	Ferroplasma:47936-48199	KNPMNEEE_00056

DiscRep_SUB:FEATURE_LOCATION_CONFLICT::Coding region xref gene does not exist
PROKKA_04262022/PROKKA_04262022:CDS	Putative transposase InsK for insertion sequence element IS150	Ferroplasma:48207-49169	KNPMNEEE_00057

DiscRep_SUB:FEATURE_LOCATION_CONFLICT::Coding region xref gene does not exist
PROKKA_04262022/PROKKA_04262022:CDS	hypothetical protein	Ferroplasma:49236-49946	KNPMNEEE_00058

DiscRep_SUB:FEATURE_LOCATION_CONFLICT::Coding region xref gene does not exist
PROKKA_04262022/PROKKA_04262022:CDS	hypothetical protein	Ferroplasma:49973-50167	KNPMNEEE_00059

DiscRep_SUB:FEATURE_LOCATION_CONFLICT::Coding region xref gene does not exist
PROKKA_04262022/PROKKA_04262022:CDS	D-inositol-3-phosphate glycosyltransferase	Ferroplasma:c51585-50344	KNPMNEEE_00060

DiscRep_SUB:FEATURE_LOCATION_CONFLICT::Coding region xref gene does not exist
PROKKA_04262022/PROKKA_04262022:CDS	hypothetical protein	Ferroplasma:51664-52734	KNPMNEEE_00061

DiscRep_SUB:FEATURE_LOCATION_CONFLICT::Coding region xref gene does not exist
PROKKA_04262022/PROKKA_04262022:CDS	hypothetical protein	Ferroplasma:52760-55282	KNPMNEEE_00062

DiscRep_SUB:FEATURE_LOCATION_CONFLICT::Coding region xref gene does not exist
PROKKA_04262022/PROKKA_04262022:CDS	hypothetical protein	Ferroplasma:55751-56014	KNPMNEEE_00063

DiscRep_SUB:FEATURE_LOCATION_CONFLICT::Coding region xref gene does not exist
PROKKA_04262022/PROKKA_04262022:CDS	Putative transposase InsK for insertion sequence element IS150	Ferroplasma:56022-56984	KNPMNEEE_00064

DiscRep_SUB:FEATURE_LOCATION_CONFLICT::Coding region xref gene does not exist
PROKKA_04262022/PROKKA_04262022:CDS	hypothetical protein	Ferroplasma:56947-57264	KNPMNEEE_00065

DiscRep_SUB:FEATURE_LOCATION_CONFLICT::Coding region xref gene does not exist
PROKKA_04262022/PROKKA_04262022:CDS	hypothetical protein	Ferroplasma:c58333-57539	KNPMNEEE_00066

DiscRep_SUB:FEATURE_LOCATION_CONFLICT::Coding region xref gene does not exist
PROKKA_04262022/PROKKA_04262022:CDS	hypothetical protein	Ferroplasma:58400-59128	KNPMNEEE_00067

DiscRep_SUB:FEATURE_LOCATION_CONFLICT::Coding region xref gene does not exist
PROKKA_04262022/PROKKA_04262022:CDS	hypothetical protein	Ferroplasma:59125-59943	KNPMNEEE_00068

DiscRep_SUB:FEATURE_LOCATION_CONFLICT::Coding region xref gene does not exist
PROKKA_04262022/PROKKA_04262022:CDS	hypothetical protein	Ferroplasma:60066-60362	KNPMNEEE_00069

DiscRep_SUB:FEATURE_LOCATION_CONFLICT::Coding region xref gene does not exist
PROKKA_04262022/PROKKA_04262022:CDS	hypothetical protein	Ferroplasma:60706-62292	KNPMNEEE_00070

DiscRep_SUB:FEATURE_LOCATION_CONFLICT::Coding region xref gene does not exist
PROKKA_04262022/PROKKA_04262022:CDS	hypothetical protein	Ferroplasma:c63361-62528	KNPMNEEE_00071

DiscRep_SUB:FEATURE_LOCATION_CONFLICT::Coding region xref gene does not exist
PROKKA_04262022/PROKKA_04262022:CDS	hypothetical protein	Ferroplasma:63441-64679	KNPMNEEE_00072

DiscRep_SUB:FEATURE_LOCATION_CONFLICT::Coding region xref gene does not exist
PROKKA_04262022/PROKKA_04262022:CDS	D-inositol-3-phosphate glycosyltransferase	Ferroplasma:64732-65880	KNPMNEEE_00073

DiscRep_SUB:FEATURE_LOCATION_CONFLICT::Coding region xref gene does not exist
PROKKA_04262022/PROKKA_04262022:CDS	GDP-mannose 4,6-dehydratase	Ferroplasma:65970-67025	KNPMNEEE_00074

DiscRep_SUB:FEATURE_LOCATION_CONFLICT::Coding region xref gene does not exist
PROKKA_04262022/PROKKA_04262022:CDS	GDP-perosamine synthase	Ferroplasma:67022-67813	KNPMNEEE_00075

DiscRep_SUB:FEATURE_LOCATION_CONFLICT::Coding region xref gene does not exist
PROKKA_04262022/PROKKA_04262022:CDS	hypothetical protein	Ferroplasma:c68365-68117	KNPMNEEE_00076

DiscRep_SUB:FEATURE_LOCATION_CONFLICT::Coding region xref gene does not exist
PROKKA_04262022/PROKKA_04262022:CDS	hypothetical protein	Ferroplasma:c69222-68311	KNPMNEEE_00077

DiscRep_SUB:FEATURE_LOCATION_CONFLICT::Coding region xref gene does not exist
PROKKA_04262022/PROKKA_04262022:CDS	IS4 family transposase ISFac10	Ferroplasma:c70486-69455	KNPMNEEE_00078

DiscRep_SUB:FEATURE_LOCATION_CONFLICT::Coding region xref gene does not exist
PROKKA_04262022/PROKKA_04262022:CDS	hypothetical protein	Ferroplasma:c71008-70739	KNPMNEEE_00079

DiscRep_SUB:FEATURE_LOCATION_CONFLICT::Coding region xref gene does not exist
PROKKA_04262022/PROKKA_04262022:CDS	hypothetical protein	Ferroplasma:71235-71996	KNPMNEEE_00080

DiscRep_SUB:FEATURE_LOCATION_CONFLICT::Coding region xref gene does not exist
PROKKA_04262022/PROKKA_04262022:CDS	hypothetical protein	Ferroplasma:72205-72834	KNPMNEEE_00081

DiscRep_SUB:FEATURE_LOCATION_CONFLICT::Coding region xref gene does not exist
PROKKA_04262022/PROKKA_04262022:CDS	DNA mismatch repair protein MutS	Ferroplasma:c74785-73298	KNPMNEEE_00082

DiscRep_SUB:FEATURE_LOCATION_CONFLICT::Coding region xref gene does not exist
PROKKA_04262022/PROKKA_04262022:CDS	DNA mismatch repair protein MutS	Ferroplasma:c76296-74782	KNPMNEEE_00083

DiscRep_SUB:FEATURE_LOCATION_CONFLICT::Coding region xref gene does not exist
PROKKA_04262022/PROKKA_04262022:CDS	IS256 family transposase ISFac8	Ferroplasma:c77293-76880	KNPMNEEE_00084

DiscRep_SUB:FEATURE_LOCATION_CONFLICT::Coding region xref gene does not exist
PROKKA_04262022/PROKKA_04262022:CDS	hypothetical protein	Ferroplasma:c77577-77341	KNPMNEEE_00085

DiscRep_SUB:FEATURE_LOCATION_CONFLICT::Coding region xref gene does not exist
PROKKA_04262022/PROKKA_04262022:CDS	hypothetical protein	Ferroplasma:77811-78029	KNPMNEEE_00086

DiscRep_SUB:FEATURE_LOCATION_CONFLICT::Coding region xref gene does not exist
PROKKA_04262022/PROKKA_04262022:CDS	hypothetical protein	Ferroplasma:78026-78205	KNPMNEEE_00087

DiscRep_SUB:FEATURE_LOCATION_CONFLICT::Coding region xref gene does not exist
PROKKA_04262022/PROKKA_04262022:CDS	hypothetical protein	Ferroplasma:c78383-78126	KNPMNEEE_00088

DiscRep_SUB:FEATURE_LOCATION_CONFLICT::Coding region xref gene does not exist
PROKKA_04262022/PROKKA_04262022:CDS	IS481 family transposase ISFac5	Ferroplasma:c79181-78702	KNPMNEEE_00089

DiscRep_SUB:FEATURE_LOCATION_CONFLICT::Coding region xref gene does not exist
PROKKA_04262022/PROKKA_04262022:CDS	hypothetical protein	Ferroplasma:c79711-79373	KNPMNEEE_00090

DiscRep_SUB:FEATURE_LOCATION_CONFLICT::Coding region xref gene does not exist
PROKKA_04262022/PROKKA_04262022:CDS	hypothetical protein	Ferroplasma:79764-80360	KNPMNEEE_00091

DiscRep_SUB:FEATURE_LOCATION_CONFLICT::Coding region xref gene does not exist
PROKKA_04262022/PROKKA_04262022:CDS	hypothetical protein	Ferroplasma:80458-80727	KNPMNEEE_00092

DiscRep_SUB:FEATURE_LOCATION_CONFLICT::Coding region xref gene does not exist
PROKKA_04262022/PROKKA_04262022:CDS	IS256 family transposase ISFac8	Ferroplasma:c81241-80924	KNPMNEEE_00093

DiscRep_SUB:FEATURE_LOCATION_CONFLICT::Coding region xref gene does not exist
PROKKA_04262022/PROKKA_04262022:CDS	hypothetical protein	Ferroplasma:c81440-81333	KNPMNEEE_00094

DiscRep_SUB:FEATURE_LOCATION_CONFLICT::Coding region xref gene does not exist
PROKKA_04262022/PROKKA_04262022:CDS	hypothetical protein	Ferroplasma:81674-82084	KNPMNEEE_00095

DiscRep_SUB:FEATURE_LOCATION_CONFLICT::Coding region xref gene does not exist
PROKKA_04262022/PROKKA_04262022:CDS	hypothetical protein	Ferroplasma:c83358-82144	KNPMNEEE_00096

DiscRep_SUB:FEATURE_LOCATION_CONFLICT::Coding region xref gene does not exist
PROKKA_04262022/PROKKA_04262022:CDS	hypothetical protein	Ferroplasma:83409-83993	KNPMNEEE_00097

DiscRep_SUB:FEATURE_LOCATION_CONFLICT::Coding region xref gene does not exist
PROKKA_04262022/PROKKA_04262022:CDS	hypothetical protein	Ferroplasma:c84072-83947	KNPMNEEE_00098

DiscRep_SUB:FEATURE_LOCATION_CONFLICT::Coding region xref gene does not exist
PROKKA_04262022/PROKKA_04262022:CDS	Putative cysteine protease YraA	Ferroplasma:c85164-84589	KNPMNEEE_00099

DiscRep_SUB:FEATURE_LOCATION_CONFLICT::Coding region xref gene does not exist
PROKKA_04262022/PROKKA_04262022:CDS	hypothetical protein	Ferroplasma:c86477-85395	KNPMNEEE_00100

DiscRep_SUB:FEATURE_LOCATION_CONFLICT::Coding region xref gene does not exist
PROKKA_04262022/PROKKA_04262022:CDS	Nitric oxide reductase FlRd-NAD(+) reductase	Ferroplasma:c87393-86419	KNPMNEEE_00101

DiscRep_SUB:FEATURE_LOCATION_CONFLICT::Coding region xref gene does not exist
PROKKA_04262022/PROKKA_04262022:CDS	hypothetical protein	Ferroplasma:c88267-87713	KNPMNEEE_00102

DiscRep_SUB:FEATURE_LOCATION_CONFLICT::Coding region xref gene does not exist
PROKKA_04262022/PROKKA_04262022:CDS	hypothetical protein	Ferroplasma:c88842-88273	KNPMNEEE_00103

DiscRep_SUB:FEATURE_LOCATION_CONFLICT::Coding region xref gene does not exist
PROKKA_04262022/PROKKA_04262022:CDS	hypothetical protein	Ferroplasma:89453-89986	KNPMNEEE_00104

DiscRep_SUB:FEATURE_LOCATION_CONFLICT::Coding region xref gene does not exist
PROKKA_04262022/PROKKA_04262022:CDS	hypothetical protein	Ferroplasma:c90697-89990	KNPMNEEE_00105

DiscRep_SUB:FEATURE_LOCATION_CONFLICT::Coding region xref gene does not exist
PROKKA_04262022/PROKKA_04262022:CDS	Diaminobutyrate--2-oxoglutarate aminotransferase	Ferroplasma:c92303-90990	KNPMNEEE_00106

DiscRep_SUB:FEATURE_LOCATION_CONFLICT::Coding region xref gene does not exist
PROKKA_04262022/PROKKA_04262022:CDS	hypothetical protein	Ferroplasma:92448-92585	KNPMNEEE_00107

DiscRep_SUB:FEATURE_LOCATION_CONFLICT::Coding region xref gene does not exist
PROKKA_04262022/PROKKA_04262022:CDS	hypothetical protein	Ferroplasma:92572-92913	KNPMNEEE_00108

DiscRep_SUB:FEATURE_LOCATION_CONFLICT::Coding region xref gene does not exist
PROKKA_04262022/PROKKA_04262022:CDS	hypothetical protein	Ferroplasma:c93115-92951	KNPMNEEE_00109

DiscRep_SUB:FEATURE_LOCATION_CONFLICT::Coding region xref gene does not exist
PROKKA_04262022/PROKKA_04262022:CDS	Beta-barrel assembly-enhancing protease	Ferroplasma:c94789-93188	KNPMNEEE_00110

DiscRep_SUB:FEATURE_LOCATION_CONFLICT::Coding region xref gene does not exist
PROKKA_04262022/PROKKA_04262022:CDS	hypothetical protein	Ferroplasma:c95289-95194	KNPMNEEE_00111

DiscRep_SUB:FEATURE_LOCATION_CONFLICT::Coding region xref gene does not exist
PROKKA_04262022/PROKKA_04262022:CDS	hypothetical protein	Ferroplasma:c95344-95252	KNPMNEEE_00112

DiscRep_SUB:FEATURE_LOCATION_CONFLICT::Coding region xref gene does not exist
PROKKA_04262022/PROKKA_04262022:CDS	hypothetical protein	Ferroplasma:c95950-95588	KNPMNEEE_00113

DiscRep_SUB:FEATURE_LOCATION_CONFLICT::Coding region xref gene does not exist
PROKKA_04262022/PROKKA_04262022:CDS	Isoaspartyl peptidase	Ferroplasma:96047-96868	KNPMNEEE_00114

DiscRep_SUB:FEATURE_LOCATION_CONFLICT::Coding region xref gene does not exist
PROKKA_04262022/PROKKA_04262022:CDS	hypothetical protein	Ferroplasma:c97183-96908	KNPMNEEE_00115

DiscRep_SUB:FEATURE_LOCATION_CONFLICT::Coding region xref gene does not exist
PROKKA_04262022/PROKKA_04262022:CDS	hypothetical protein	Ferroplasma:c98024-97899	KNPMNEEE_00116

DiscRep_SUB:FEATURE_LOCATION_CONFLICT::Coding region xref gene does not exist
PROKKA_04262022/PROKKA_04262022:CDS	hypothetical protein	Ferroplasma:c98660-98136	KNPMNEEE_00117

DiscRep_SUB:FEATURE_LOCATION_CONFLICT::Coding region xref gene does not exist
PROKKA_04262022/PROKKA_04262022:CDS	hypothetical protein	Ferroplasma:c98888-98682	KNPMNEEE_00118

DiscRep_SUB:FEATURE_LOCATION_CONFLICT::Coding region xref gene does not exist
PROKKA_04262022/PROKKA_04262022:CDS	hypothetical protein	Ferroplasma:c99484-98987	KNPMNEEE_00119

DiscRep_SUB:FEATURE_LOCATION_CONFLICT::Coding region xref gene does not exist
PROKKA_04262022/PROKKA_04262022:CDS	hypothetical protein	Ferroplasma:99729-99842	KNPMNEEE_00120

DiscRep_SUB:FEATURE_LOCATION_CONFLICT::Coding region xref gene does not exist
PROKKA_04262022/PROKKA_04262022:CDS	hypothetical protein	Ferroplasma:c100572-100195	KNPMNEEE_00121

DiscRep_SUB:FEATURE_LOCATION_CONFLICT::Coding region xref gene does not exist
PROKKA_04262022/PROKKA_04262022:CDS	hypothetical protein	Ferroplasma:c101129-100593	KNPMNEEE_00122

DiscRep_SUB:FEATURE_LOCATION_CONFLICT::Coding region xref gene does not exist
PROKKA_04262022/PROKKA_04262022:CDS	hypothetical protein	Ferroplasma:c101740-101228	KNPMNEEE_00123

DiscRep_SUB:FEATURE_LOCATION_CONFLICT::Coding region xref gene does not exist
PROKKA_04262022/PROKKA_04262022:CDS	hypothetical protein	Ferroplasma:c102863-102297	KNPMNEEE_00124

DiscRep_SUB:FEATURE_LOCATION_CONFLICT::Coding region xref gene does not exist
PROKKA_04262022/PROKKA_04262022:CDS	hypothetical protein	Ferroplasma:103127-103408	KNPMNEEE_00125

DiscRep_SUB:FEATURE_LOCATION_CONFLICT::Coding region xref gene does not exist
PROKKA_04262022/PROKKA_04262022:CDS	hypothetical protein	Ferroplasma:103411-103734	KNPMNEEE_00126

DiscRep_SUB:FEATURE_LOCATION_CONFLICT::Coding region xref gene does not exist
PROKKA_04262022/PROKKA_04262022:CDS	D-inositol-3-phosphate glycosyltransferase	Ferroplasma:103731-104921	KNPMNEEE_00127

DiscRep_SUB:FEATURE_LOCATION_CONFLICT::Coding region xref gene does not exist
PROKKA_04262022/PROKKA_04262022:CDS	hypothetical protein	Ferroplasma:105757-106998	KNPMNEEE_00128

DiscRep_SUB:FEATURE_LOCATION_CONFLICT::Coding region xref gene does not exist
PROKKA_04262022/PROKKA_04262022:CDS	hypothetical protein	Ferroplasma:107023-107592	KNPMNEEE_00129

DiscRep_SUB:FEATURE_LOCATION_CONFLICT::Coding region xref gene does not exist
PROKKA_04262022/PROKKA_04262022:CDS	D-glycero-alpha-D-manno-heptose 7-phosphate kinase	Ferroplasma:c108574-107585	KNPMNEEE_00130

DiscRep_SUB:FEATURE_LOCATION_CONFLICT::Coding region xref gene does not exist
PROKKA_04262022/PROKKA_04262022:CDS	hypothetical protein	Ferroplasma:108691-108999	KNPMNEEE_00131

DiscRep_SUB:FEATURE_LOCATION_CONFLICT::Coding region xref gene does not exist
PROKKA_04262022/PROKKA_04262022:CDS	Putative multidrug resistance protein MdtD	Ferroplasma:109115-110506	KNPMNEEE_00132

DiscRep_SUB:FEATURE_LOCATION_CONFLICT::Coding region xref gene does not exist
PROKKA_04262022/PROKKA_04262022:CDS	Putative cytochrome P450 YjiB	Ferroplasma:110793-111902	KNPMNEEE_00134

DiscRep_SUB:FEATURE_LOCATION_CONFLICT::Coding region xref gene does not exist
PROKKA_04262022/PROKKA_04262022:CDS	Sugar fermentation stimulation protein A	Ferroplasma:111961-112641	KNPMNEEE_00135

DiscRep_SUB:FEATURE_LOCATION_CONFLICT::Coding region xref gene does not exist
PROKKA_04262022/PROKKA_04262022:CDS	Succinyl-diaminopimelate desuccinylase	Ferroplasma:112676-113869	KNPMNEEE_00136

DiscRep_SUB:FEATURE_LOCATION_CONFLICT::Coding region xref gene does not exist
PROKKA_04262022/PROKKA_04262022:CDS	hypothetical protein	Ferroplasma:113891-114085	KNPMNEEE_00137

DiscRep_SUB:FEATURE_LOCATION_CONFLICT::Coding region xref gene does not exist
PROKKA_04262022/PROKKA_04262022:CDS	hypothetical protein	Ferroplasma:c115447-114287	KNPMNEEE_00138

DiscRep_SUB:FEATURE_LOCATION_CONFLICT::Coding region xref gene does not exist
PROKKA_04262022/PROKKA_04262022:CDS	hypothetical protein	Ferroplasma:c115705-115538	KNPMNEEE_00139

DiscRep_SUB:FEATURE_LOCATION_CONFLICT::Coding region xref gene does not exist
PROKKA_04262022/PROKKA_04262022:CDS	hypothetical protein	Ferroplasma:c116362-115829	KNPMNEEE_00140

DiscRep_SUB:FEATURE_LOCATION_CONFLICT::Coding region xref gene does not exist
PROKKA_04262022/PROKKA_04262022:CDS	hypothetical protein	Ferroplasma:116462-117295	KNPMNEEE_00141

DiscRep_SUB:FEATURE_LOCATION_CONFLICT::Coding region xref gene does not exist
PROKKA_04262022/PROKKA_04262022:CDS	hypothetical protein	Ferroplasma:c118250-117282	KNPMNEEE_00142

DiscRep_SUB:FEATURE_LOCATION_CONFLICT::Coding region xref gene does not exist
PROKKA_04262022/PROKKA_04262022:CDS	Inosine-5'-monophosphate dehydrogenase	Ferroplasma:118336-119229	KNPMNEEE_00143

DiscRep_SUB:FEATURE_LOCATION_CONFLICT::Coding region xref gene does not exist
PROKKA_04262022/PROKKA_04262022:CDS	Glycine--tRNA ligase	Ferroplasma:119231-120655	KNPMNEEE_00144

DiscRep_SUB:FEATURE_LOCATION_CONFLICT::Coding region xref gene does not exist
PROKKA_04262022/PROKKA_04262022:CDS	putative D,D-dipeptide transport ATP-binding protein DdpD	Ferroplasma:120935-121837	KNPMNEEE_00145

DiscRep_SUB:FEATURE_LOCATION_CONFLICT::Coding region xref gene does not exist
PROKKA_04262022/PROKKA_04262022:CDS	Oligopeptide transport ATP-binding protein OppF	Ferroplasma:121824-122561	KNPMNEEE_00146

DiscRep_SUB:FEATURE_LOCATION_CONFLICT::Coding region xref gene does not exist
PROKKA_04262022/PROKKA_04262022:CDS	hypothetical protein	Ferroplasma:c124206-122653	KNPMNEEE_00147

DiscRep_SUB:FEATURE_LOCATION_CONFLICT::Coding region xref gene does not exist
PROKKA_04262022/PROKKA_04262022:CDS	hypothetical protein	Ferroplasma:c124580-124455	KNPMNEEE_00148

DiscRep_SUB:FEATURE_LOCATION_CONFLICT::Coding region xref gene does not exist
PROKKA_04262022/PROKKA_04262022:CDS	hypothetical protein	Ferroplasma:c125112-124660	KNPMNEEE_00149

DiscRep_SUB:FEATURE_LOCATION_CONFLICT::Coding region xref gene does not exist
PROKKA_04262022/PROKKA_04262022:CDS	Diaminobutyrate--2-oxoglutarate aminotransferase	Ferroplasma:125274-126587	KNPMNEEE_00150

DiscRep_SUB:FEATURE_LOCATION_CONFLICT::Coding region xref gene does not exist
PROKKA_04262022/PROKKA_04262022:CDS	hypothetical protein	Ferroplasma:126589-127986	KNPMNEEE_00151

DiscRep_SUB:FEATURE_LOCATION_CONFLICT::Coding region xref gene does not exist
PROKKA_04262022/PROKKA_04262022:CDS	Glutamyl-tRNA(Gln) amidotransferase subunit A, chloroplastic/mitochondrial	Ferroplasma:128112-128681	KNPMNEEE_00152

DiscRep_SUB:FEATURE_LOCATION_CONFLICT::Coding region xref gene does not exist
PROKKA_04262022/PROKKA_04262022:CDS	Putative amidase AmiD	Ferroplasma:128669-129496	KNPMNEEE_00153

DiscRep_SUB:FEATURE_LOCATION_CONFLICT::Coding region xref gene does not exist
PROKKA_04262022/PROKKA_04262022:CDS	hypothetical protein	Ferroplasma:129564-129698	KNPMNEEE_00154

DiscRep_SUB:FEATURE_LOCATION_CONFLICT::Coding region xref gene does not exist
PROKKA_04262022/PROKKA_04262022:CDS	hypothetical protein	Ferroplasma:c129812-129651	KNPMNEEE_00155

DiscRep_SUB:FEATURE_LOCATION_CONFLICT::Coding region xref gene does not exist
PROKKA_04262022/PROKKA_04262022:CDS	Betaine aldehyde dehydrogenase	Ferroplasma:c131323-129833	KNPMNEEE_00156

DiscRep_SUB:FEATURE_LOCATION_CONFLICT::Coding region xref gene does not exist
PROKKA_04262022/PROKKA_04262022:CDS	hypothetical protein	Ferroplasma:c131839-131435	KNPMNEEE_00157

DiscRep_SUB:FEATURE_LOCATION_CONFLICT::Coding region xref gene does not exist
PROKKA_04262022/PROKKA_04262022:CDS	Benzoylformate decarboxylase	Ferroplasma:c133452-131911	KNPMNEEE_00158

DiscRep_SUB:FEATURE_LOCATION_CONFLICT::Coding region xref gene does not exist
PROKKA_04262022/PROKKA_04262022:CDS	Hydroxypyruvate reductase	Ferroplasma:c134387-133449	KNPMNEEE_00159

DiscRep_SUB:FEATURE_LOCATION_CONFLICT::Coding region xref gene does not exist
PROKKA_04262022/PROKKA_04262022:CDS	putative sphingosine-1-phosphate lyase	Ferroplasma:134814-135251	KNPMNEEE_00160

DiscRep_SUB:FEATURE_LOCATION_CONFLICT::Coding region xref gene does not exist
PROKKA_04262022/PROKKA_04262022:CDS	putative sphingosine-1-phosphate lyase	Ferroplasma:135269-136207	KNPMNEEE_00161

DiscRep_SUB:FEATURE_LOCATION_CONFLICT::Coding region xref gene does not exist
PROKKA_04262022/PROKKA_04262022:CDS	Xylulose kinase	Ferroplasma:136215-137231	KNPMNEEE_00162

DiscRep_SUB:FEATURE_LOCATION_CONFLICT::Coding region xref gene does not exist
PROKKA_04262022/PROKKA_04262022:CDS	Autoinducer-2 kinase	Ferroplasma:137372-137782	KNPMNEEE_00163

DiscRep_SUB:FEATURE_LOCATION_CONFLICT::Coding region xref gene does not exist
PROKKA_04262022/PROKKA_04262022:CDS	hypothetical protein	Ferroplasma:c138004-137843	KNPMNEEE_00164

DiscRep_SUB:FEATURE_LOCATION_CONFLICT::Coding region xref gene does not exist
PROKKA_04262022/PROKKA_04262022:CDS	D-glycerate 2-kinase	Ferroplasma:c139294-138044	KNPMNEEE_00165

DiscRep_SUB:FEATURE_LOCATION_CONFLICT::Coding region xref gene does not exist
PROKKA_04262022/PROKKA_04262022:CDS	hypothetical protein	Ferroplasma:139497-141008	KNPMNEEE_00166

DiscRep_SUB:FEATURE_LOCATION_CONFLICT::Coding region xref gene does not exist
PROKKA_04262022/PROKKA_04262022:CDS	Nicotinate phosphoribosyltransferase pncB2	Ferroplasma:c142163-141003	KNPMNEEE_00167

DiscRep_SUB:FEATURE_LOCATION_CONFLICT::Coding region xref gene does not exist
PROKKA_04262022/PROKKA_04262022:CDS	Peroxyureidoacrylate/ureidoacrylate amidohydrolase RutB	Ferroplasma:c142708-142160	KNPMNEEE_00168

DiscRep_SUB:FEATURE_LOCATION_CONFLICT::Coding region xref gene does not exist
PROKKA_04262022/PROKKA_04262022:CDS	Cysteine--tRNA ligase	Ferroplasma:c144122-142731	KNPMNEEE_00169

DiscRep_SUB:FEATURE_LOCATION_CONFLICT::Coding region xref gene does not exist
PROKKA_04262022/PROKKA_04262022:CDS	hypothetical protein	Ferroplasma:c144470-144213	KNPMNEEE_00170

DiscRep_SUB:FEATURE_LOCATION_CONFLICT::Coding region xref gene does not exist
PROKKA_04262022/PROKKA_04262022:CDS	hypothetical protein	Ferroplasma:c144629-144516	KNPMNEEE_00171

DiscRep_SUB:FEATURE_LOCATION_CONFLICT::Coding region xref gene does not exist
PROKKA_04262022/PROKKA_04262022:CDS	hypothetical protein	Ferroplasma:c145713-144604	KNPMNEEE_00172

DiscRep_SUB:FEATURE_LOCATION_CONFLICT::Coding region xref gene does not exist
PROKKA_04262022/PROKKA_04262022:CDS	Cysteine synthase	Ferroplasma:146012-146965	KNPMNEEE_00173

DiscRep_SUB:FEATURE_LOCATION_CONFLICT::Coding region xref gene does not exist
PROKKA_04262022/PROKKA_04262022:CDS	Histidine decarboxylase	Ferroplasma:c148384-146984	KNPMNEEE_00174

DiscRep_SUB:FEATURE_LOCATION_CONFLICT::Coding region xref gene does not exist
PROKKA_04262022/PROKKA_04262022:CDS	Broad specificity amino-acid racemase RacX	Ferroplasma:c149120-148428	KNPMNEEE_00175

DiscRep_SUB:FEATURE_LOCATION_CONFLICT::Coding region xref gene does not exist
PROKKA_04262022/PROKKA_04262022:CDS	hypothetical protein	Ferroplasma:c150465-149173	KNPMNEEE_00176

DiscRep_SUB:FEATURE_LOCATION_CONFLICT::Coding region xref gene does not exist
PROKKA_04262022/PROKKA_04262022:CDS	hypothetical protein	Ferroplasma:151145-151702	KNPMNEEE_00177

DiscRep_SUB:FEATURE_LOCATION_CONFLICT::Coding region xref gene does not exist
PROKKA_04262022/PROKKA_04262022:CDS	hypothetical protein	Ferroplasma:151887-152300	KNPMNEEE_00178

DiscRep_SUB:FEATURE_LOCATION_CONFLICT::Coding region xref gene does not exist
PROKKA_04262022/PROKKA_04262022:CDS	D-erythronate 4-phosphate dehydrogenase	Ferroplasma:152313-153278	KNPMNEEE_00179

DiscRep_SUB:FEATURE_LOCATION_CONFLICT::Coding region xref gene does not exist
PROKKA_04262022/PROKKA_04262022:CDS	Putative multidrug resistance protein MdtD	Ferroplasma:153433-154926	KNPMNEEE_00180

DiscRep_SUB:FEATURE_LOCATION_CONFLICT::Coding region xref gene does not exist
PROKKA_04262022/PROKKA_04262022:CDS	hypothetical protein	Ferroplasma:155209-155613	KNPMNEEE_00181

DiscRep_SUB:FEATURE_LOCATION_CONFLICT::Coding region xref gene does not exist
PROKKA_04262022/PROKKA_04262022:CDS	hypothetical protein	Ferroplasma:c156589-155714	KNPMNEEE_00182

DiscRep_SUB:FEATURE_LOCATION_CONFLICT::Coding region xref gene does not exist
PROKKA_04262022/PROKKA_04262022:CDS	hypothetical protein	Ferroplasma:c157086-156817	KNPMNEEE_00183

DiscRep_SUB:FEATURE_LOCATION_CONFLICT::Coding region xref gene does not exist
PROKKA_04262022/PROKKA_04262022:CDS	hypothetical protein	Ferroplasma:c157821-157132	KNPMNEEE_00184

DiscRep_SUB:FEATURE_LOCATION_CONFLICT::Coding region xref gene does not exist
PROKKA_04262022/PROKKA_04262022:CDS	hypothetical protein	Ferroplasma:c158412-157870	KNPMNEEE_00185

DiscRep_SUB:FEATURE_LOCATION_CONFLICT::Coding region xref gene does not exist
PROKKA_04262022/PROKKA_04262022:CDS	hypothetical protein	Ferroplasma:c159166-158879	KNPMNEEE_00186

DiscRep_SUB:FEATURE_LOCATION_CONFLICT::Coding region xref gene does not exist
PROKKA_04262022/PROKKA_04262022:CDS	Validoxylamine A 7'-phosphate phosphatase	Ferroplasma:159800-160423	KNPMNEEE_00187

DiscRep_SUB:FEATURE_LOCATION_CONFLICT::Coding region xref gene does not exist
PROKKA_04262022/PROKKA_04262022:CDS	Neutral endopeptidase	Ferroplasma:c162381-160426	KNPMNEEE_00188

DiscRep_SUB:FEATURE_LOCATION_CONFLICT::Coding region xref gene does not exist
PROKKA_04262022/PROKKA_04262022:CDS	hypothetical protein	Ferroplasma:c162566-162357	KNPMNEEE_00189

DiscRep_SUB:FEATURE_LOCATION_CONFLICT::Coding region xref gene does not exist
PROKKA_04262022/PROKKA_04262022:CDS	hypothetical protein	Ferroplasma:c164124-163081	KNPMNEEE_00190

DiscRep_SUB:FEATURE_LOCATION_CONFLICT::Coding region xref gene does not exist
PROKKA_04262022/PROKKA_04262022:CDS	hypothetical protein	Ferroplasma:c164387-164121	KNPMNEEE_00191

DiscRep_SUB:FEATURE_LOCATION_CONFLICT::Coding region xref gene does not exist
PROKKA_04262022/PROKKA_04262022:CDS	Dihydrolipoyl dehydrogenase	Ferroplasma:c165834-164479	KNPMNEEE_00192

DiscRep_SUB:FEATURE_LOCATION_CONFLICT::Coding region xref gene does not exist
PROKKA_04262022/PROKKA_04262022:CDS	hypothetical protein	Ferroplasma:c166295-166026	KNPMNEEE_00193

DiscRep_SUB:FEATURE_LOCATION_CONFLICT::Coding region xref gene does not exist
PROKKA_04262022/PROKKA_04262022:CDS	hypothetical protein	Ferroplasma:166371-166652	KNPMNEEE_00194

DiscRep_SUB:FEATURE_LOCATION_CONFLICT::Coding region xref gene does not exist
PROKKA_04262022/PROKKA_04262022:CDS	hypothetical protein	Ferroplasma:166760-167728	KNPMNEEE_00195

DiscRep_SUB:FEATURE_LOCATION_CONFLICT::Coding region xref gene does not exist
PROKKA_04262022/PROKKA_04262022:CDS	hypothetical protein	Ferroplasma:c169563-168130	KNPMNEEE_00196

DiscRep_SUB:FEATURE_LOCATION_CONFLICT::Coding region xref gene does not exist
PROKKA_04262022/PROKKA_04262022:CDS	Aspartate-proton symporter	Ferroplasma:c170175-169612	KNPMNEEE_00197

DiscRep_SUB:FEATURE_LOCATION_CONFLICT::Coding region xref gene does not exist
PROKKA_04262022/PROKKA_04262022:CDS	IS200/IS605 family transposase ISMma22	Ferroplasma:c171205-170207	KNPMNEEE_00198

DiscRep_SUB:FEATURE_LOCATION_CONFLICT::Coding region xref gene does not exist
PROKKA_04262022/PROKKA_04262022:CDS	hypothetical protein	Ferroplasma:c171657-171226	KNPMNEEE_00199

DiscRep_SUB:FEATURE_LOCATION_CONFLICT::Coding region xref gene does not exist
PROKKA_04262022/PROKKA_04262022:CDS	Multidrug resistance protein MdtH	Ferroplasma:171819-173033	KNPMNEEE_00200

DiscRep_SUB:FEATURE_LOCATION_CONFLICT::Coding region xref gene does not exist
PROKKA_04262022/PROKKA_04262022:CDS	hypothetical protein	Ferroplasma:c173480-173343	KNPMNEEE_00201

DiscRep_SUB:FEATURE_LOCATION_CONFLICT::Coding region xref gene does not exist
PROKKA_04262022/PROKKA_04262022:CDS	hypothetical protein	Ferroplasma:c174910-173495	KNPMNEEE_00202

DiscRep_SUB:FEATURE_LOCATION_CONFLICT::Coding region xref gene does not exist
PROKKA_04262022/PROKKA_04262022:CDS	Multidrug resistance protein 3	Ferroplasma:c176337-174955	KNPMNEEE_00203

DiscRep_SUB:FEATURE_LOCATION_CONFLICT::Coding region xref gene does not exist
PROKKA_04262022/PROKKA_04262022:CDS	IS200/IS605 family transposase ISNma16	Ferroplasma:176441-177577	KNPMNEEE_00204

DiscRep_SUB:FEATURE_LOCATION_CONFLICT::Coding region xref gene does not exist
PROKKA_04262022/PROKKA_04262022:CDS	hypothetical protein	Ferroplasma:177904-178104	KNPMNEEE_00205

DiscRep_SUB:FEATURE_LOCATION_CONFLICT::Coding region xref gene does not exist
PROKKA_04262022/PROKKA_04262022:CDS	hypothetical protein	Ferroplasma:178116-178304	KNPMNEEE_00206

DiscRep_SUB:FEATURE_LOCATION_CONFLICT::Coding region xref gene does not exist
PROKKA_04262022/PROKKA_04262022:CDS	hypothetical protein	Ferroplasma:c179501-178401	KNPMNEEE_00207

DiscRep_SUB:FEATURE_LOCATION_CONFLICT::Coding region xref gene does not exist
PROKKA_04262022/PROKKA_04262022:CDS	Hydrogenobyrinate a,c-diamide synthase	Ferroplasma:c180887-179526	KNPMNEEE_00208

DiscRep_SUB:FEATURE_LOCATION_CONFLICT::Coding region xref gene does not exist
PROKKA_04262022/PROKKA_04262022:CDS	Cobalt-precorrin-5A hydrolase	Ferroplasma:c181866-180877	KNPMNEEE_00209

DiscRep_SUB:FEATURE_LOCATION_CONFLICT::Coding region xref gene does not exist
PROKKA_04262022/PROKKA_04262022:CDS	Inner membrane metabolite transport protein YdjE	Ferroplasma:182091-183293	KNPMNEEE_00210

DiscRep_SUB:FEATURE_LOCATION_CONFLICT::Coding region xref gene does not exist
PROKKA_04262022/PROKKA_04262022:CDS	hypothetical protein	Ferroplasma:183460-185463	KNPMNEEE_00211

DiscRep_SUB:FEATURE_LOCATION_CONFLICT::Coding region xref gene does not exist
PROKKA_04262022/PROKKA_04262022:CDS	hypothetical protein	Ferroplasma:c186357-185674	KNPMNEEE_00212

DiscRep_SUB:FEATURE_LOCATION_CONFLICT::Coding region xref gene does not exist
PROKKA_04262022/PROKKA_04262022:CDS	hypothetical protein	Ferroplasma:186490-188133	KNPMNEEE_00213

DiscRep_SUB:FEATURE_LOCATION_CONFLICT::Coding region xref gene does not exist
PROKKA_04262022/PROKKA_04262022:CDS	Regulatory protein AsnC	Ferroplasma:c190844-190401	KNPMNEEE_00215

DiscRep_SUB:FEATURE_LOCATION_CONFLICT::Coding region xref gene does not exist
PROKKA_04262022/PROKKA_04262022:CDS	Asparagine--tRNA ligase	Ferroplasma:190938-191897	KNPMNEEE_00216

DiscRep_SUB:FEATURE_LOCATION_CONFLICT::Coding region xref gene does not exist
PROKKA_04262022/PROKKA_04262022:CDS	hypothetical protein	Ferroplasma:c192299-191976	KNPMNEEE_00217

DiscRep_SUB:FEATURE_LOCATION_CONFLICT::Coding region xref gene does not exist
PROKKA_04262022/PROKKA_04262022:CDS	Putative serine protease HtrA	Ferroplasma:192366-193328	KNPMNEEE_00218

DiscRep_SUB:FEATURE_LOCATION_CONFLICT::Coding region xref gene does not exist
PROKKA_04262022/PROKKA_04262022:CDS	hypothetical protein	Ferroplasma:193499-194089	KNPMNEEE_00219

DiscRep_SUB:FEATURE_LOCATION_CONFLICT::Coding region xref gene does not exist
PROKKA_04262022/PROKKA_04262022:CDS	hypothetical protein	Ferroplasma:194086-194643	KNPMNEEE_00220

DiscRep_SUB:FEATURE_LOCATION_CONFLICT::Coding region xref gene does not exist
PROKKA_04262022/PROKKA_04262022:CDS	hypothetical protein	Ferroplasma:c195143-194820	KNPMNEEE_00221

DiscRep_SUB:FEATURE_LOCATION_CONFLICT::Coding region xref gene does not exist
PROKKA_04262022/PROKKA_04262022:CDS	hypothetical protein	Ferroplasma:195225-195809	KNPMNEEE_00222

DiscRep_SUB:FEATURE_LOCATION_CONFLICT::Coding region xref gene does not exist
PROKKA_04262022/PROKKA_04262022:CDS	hypothetical protein	Ferroplasma:195784-196011	KNPMNEEE_00223

DiscRep_SUB:FEATURE_LOCATION_CONFLICT::Coding region xref gene does not exist
PROKKA_04262022/PROKKA_04262022:CDS	hypothetical protein	Ferroplasma:196137-196397	KNPMNEEE_00224

DiscRep_SUB:FEATURE_LOCATION_CONFLICT::Coding region xref gene does not exist
PROKKA_04262022/PROKKA_04262022:CDS	hypothetical protein	Ferroplasma:196432-196776	KNPMNEEE_00225

DiscRep_SUB:FEATURE_LOCATION_CONFLICT::Coding region xref gene does not exist
PROKKA_04262022/PROKKA_04262022:CDS	hypothetical protein	Ferroplasma:c197330-197055	KNPMNEEE_00226

DiscRep_SUB:FEATURE_LOCATION_CONFLICT::Coding region xref gene does not exist
PROKKA_04262022/PROKKA_04262022:CDS	hypothetical protein	Ferroplasma:c197500-197327	KNPMNEEE_00227

DiscRep_SUB:FEATURE_LOCATION_CONFLICT::Coding region xref gene does not exist
PROKKA_04262022/PROKKA_04262022:CDS	Mannonate dehydratase	Ferroplasma:c197964-197596	KNPMNEEE_00228

DiscRep_SUB:FEATURE_LOCATION_CONFLICT::Coding region xref gene does not exist
PROKKA_04262022/PROKKA_04262022:CDS	Mannonate dehydratase	Ferroplasma:c198423-197983	KNPMNEEE_00229

DiscRep_SUB:FEATURE_LOCATION_CONFLICT::Coding region xref gene does not exist
PROKKA_04262022/PROKKA_04262022:CDS	hypothetical protein	Ferroplasma:198615-199034	KNPMNEEE_00230

DiscRep_SUB:FEATURE_LOCATION_CONFLICT::Coding region xref gene does not exist
PROKKA_04262022/PROKKA_04262022:CDS	hypothetical protein	Ferroplasma:199022-199306	KNPMNEEE_00231

DiscRep_SUB:FEATURE_LOCATION_CONFLICT::Coding region xref gene does not exist
PROKKA_04262022/PROKKA_04262022:CDS	hypothetical protein	Ferroplasma:c199554-199339	KNPMNEEE_00232

DiscRep_SUB:FEATURE_LOCATION_CONFLICT::Coding region xref gene does not exist
PROKKA_04262022/PROKKA_04262022:CDS	D-galactonate dehydratase	Ferroplasma:199744-200940	KNPMNEEE_00233

DiscRep_SUB:FEATURE_LOCATION_CONFLICT::Coding region xref gene does not exist
PROKKA_04262022/PROKKA_04262022:CDS	L-threonine 3-dehydrogenase	Ferroplasma:c202013-200937	KNPMNEEE_00234

DiscRep_SUB:FEATURE_LOCATION_CONFLICT::Coding region xref gene does not exist
PROKKA_04262022/PROKKA_04262022:CDS	hypothetical protein	Ferroplasma:c202425-202156	KNPMNEEE_00235

DiscRep_SUB:FEATURE_LOCATION_CONFLICT::Coding region xref gene does not exist
PROKKA_04262022/PROKKA_04262022:CDS	Dihydroanticapsin 7-dehydrogenase	Ferroplasma:c203293-202511	KNPMNEEE_00236

DiscRep_SUB:FEATURE_LOCATION_CONFLICT::Coding region xref gene does not exist
PROKKA_04262022/PROKKA_04262022:CDS	Acetyl-coenzyme A synthetase	Ferroplasma:203924-205843	KNPMNEEE_00237

DiscRep_SUB:FEATURE_LOCATION_CONFLICT::Coding region xref gene does not exist
PROKKA_04262022/PROKKA_04262022:CDS	Succinate-acetate/proton symporter SatP	Ferroplasma:205863-206498	KNPMNEEE_00238

DiscRep_SUB:FEATURE_LOCATION_CONFLICT::Coding region xref gene does not exist
PROKKA_04262022/PROKKA_04262022:CDS	hypothetical protein	Ferroplasma:c208127-206583	KNPMNEEE_00239

DiscRep_SUB:FEATURE_LOCATION_CONFLICT::Coding region xref gene does not exist
PROKKA_04262022/PROKKA_04262022:CDS	Riboflavin transporter RibZ	Ferroplasma:c209719-208295	KNPMNEEE_00240

DiscRep_SUB:FEATURE_LOCATION_CONFLICT::Coding region xref gene does not exist
PROKKA_04262022/PROKKA_04262022:CDS	hypothetical protein	Ferroplasma:c210231-209986	KNPMNEEE_00241

DiscRep_SUB:FEATURE_LOCATION_CONFLICT::Coding region xref gene does not exist
PROKKA_04262022/PROKKA_04262022:CDS	hypothetical protein	Ferroplasma:c211651-210860	KNPMNEEE_00242

DiscRep_SUB:FEATURE_LOCATION_CONFLICT::Coding region xref gene does not exist
PROKKA_04262022/PROKKA_04262022:CDS	hypothetical protein	Ferroplasma:c212676-211801	KNPMNEEE_00243

DiscRep_SUB:FEATURE_LOCATION_CONFLICT::Coding region xref gene does not exist
PROKKA_04262022/PROKKA_04262022:CDS	hypothetical protein	Ferroplasma:c212927-212673	KNPMNEEE_00244

DiscRep_SUB:FEATURE_LOCATION_CONFLICT::Coding region xref gene does not exist
PROKKA_04262022/PROKKA_04262022:CDS	hypothetical protein	Ferroplasma:c214129-213104	KNPMNEEE_00245

DiscRep_SUB:FEATURE_LOCATION_CONFLICT::Coding region xref gene does not exist
PROKKA_04262022/PROKKA_04262022:CDS	hypothetical protein	Ferroplasma:214222-214557	KNPMNEEE_00246

DiscRep_SUB:FEATURE_LOCATION_CONFLICT::Coding region xref gene does not exist
PROKKA_04262022/PROKKA_04262022:CDS	hypothetical protein	Ferroplasma:214614-215699	KNPMNEEE_00247

DiscRep_SUB:FEATURE_LOCATION_CONFLICT::Coding region xref gene does not exist
PROKKA_04262022/PROKKA_04262022:CDS	Molybdenum cofactor guanylyltransferase	Ferroplasma:216068-216688	KNPMNEEE_00248

DiscRep_SUB:FEATURE_LOCATION_CONFLICT::Coding region xref gene does not exist
PROKKA_04262022/PROKKA_04262022:CDS	hypothetical protein	Ferroplasma:216713-217495	KNPMNEEE_00249

DiscRep_SUB:FEATURE_LOCATION_CONFLICT::Coding region xref gene does not exist
PROKKA_04262022/PROKKA_04262022:CDS	hypothetical protein	Ferroplasma:217564-217926	KNPMNEEE_00250

DiscRep_SUB:FEATURE_LOCATION_CONFLICT::Coding region xref gene does not exist
PROKKA_04262022/PROKKA_04262022:CDS	hypothetical protein	Ferroplasma:217934-218695	KNPMNEEE_00251

DiscRep_SUB:FEATURE_LOCATION_CONFLICT::Coding region xref gene does not exist
PROKKA_04262022/PROKKA_04262022:CDS	hypothetical protein	Ferroplasma:218741-219835	KNPMNEEE_00252

DiscRep_SUB:FEATURE_LOCATION_CONFLICT::Coding region xref gene does not exist
PROKKA_04262022/PROKKA_04262022:CDS	Chaperone protein DnaK	Ferroplasma:c220257-219883	KNPMNEEE_00253

DiscRep_SUB:FEATURE_LOCATION_CONFLICT::Coding region xref gene does not exist
PROKKA_04262022/PROKKA_04262022:CDS	Chaperone protein DnaK	Ferroplasma:c221579-220254	KNPMNEEE_00254

DiscRep_SUB:FEATURE_LOCATION_CONFLICT::Coding region xref gene does not exist
PROKKA_04262022/PROKKA_04262022:CDS	hypothetical protein	Ferroplasma:221703-222983	KNPMNEEE_00255

DiscRep_SUB:FEATURE_LOCATION_CONFLICT::Coding region xref gene does not exist
PROKKA_04262022/PROKKA_04262022:CDS	hypothetical protein	Ferroplasma:c223114-222980	KNPMNEEE_00256

DiscRep_SUB:FEATURE_LOCATION_CONFLICT::Coding region xref gene does not exist
PROKKA_04262022/PROKKA_04262022:CDS	Histidine biosynthesis bifunctional protein HisB	Ferroplasma:c223437-223111	KNPMNEEE_00257

DiscRep_SUB:FEATURE_LOCATION_CONFLICT::Coding region xref gene does not exist
PROKKA_04262022/PROKKA_04262022:CDS	hypothetical protein	Ferroplasma:c224486-223698	KNPMNEEE_00258

DiscRep_SUB:FEATURE_LOCATION_CONFLICT::Coding region xref gene does not exist
PROKKA_04262022/PROKKA_04262022:CDS	IS4 family transposase ISFac10	Ferroplasma:224633-225664	KNPMNEEE_00259

DiscRep_SUB:FEATURE_LOCATION_CONFLICT::Coding region xref gene does not exist
PROKKA_04262022/PROKKA_04262022:CDS	Cyclic pyranopterin monophosphate synthase 2	Ferroplasma:226153-226593	KNPMNEEE_00260

DiscRep_SUB:FEATURE_LOCATION_CONFLICT::Coding region xref gene does not exist
PROKKA_04262022/PROKKA_04262022:CDS	Molybdenum cofactor biosynthesis protein B	Ferroplasma:226547-227047	KNPMNEEE_00261

DiscRep_SUB:FEATURE_LOCATION_CONFLICT::Coding region xref gene does not exist
PROKKA_04262022/PROKKA_04262022:CDS	hypothetical protein	Ferroplasma:227078-227974	KNPMNEEE_00262

DiscRep_SUB:FEATURE_LOCATION_CONFLICT::Coding region xref gene does not exist
PROKKA_04262022/PROKKA_04262022:CDS	3-hydroxybutyryl-CoA dehydrogenase	Ferroplasma:c228846-227977	KNPMNEEE_00263

DiscRep_SUB:FEATURE_LOCATION_CONFLICT::Coding region xref gene does not exist
PROKKA_04262022/PROKKA_04262022:CDS	hypothetical protein	Ferroplasma:c229334-228912	KNPMNEEE_00264

DiscRep_SUB:FEATURE_LOCATION_CONFLICT::Coding region xref gene does not exist
PROKKA_04262022/PROKKA_04262022:CDS	N-carbamoyl-L-amino-acid hydrolase	Ferroplasma:229553-230752	KNPMNEEE_00265

DiscRep_SUB:FEATURE_LOCATION_CONFLICT::Coding region xref gene does not exist
PROKKA_04262022/PROKKA_04262022:CDS	Benzoylformate decarboxylase	Ferroplasma:c232388-230856	KNPMNEEE_00266

DiscRep_SUB:FEATURE_LOCATION_CONFLICT::Coding region xref gene does not exist
PROKKA_04262022/PROKKA_04262022:CDS	hypothetical protein	Ferroplasma:c233439-232669	KNPMNEEE_00267

DiscRep_SUB:FEATURE_LOCATION_CONFLICT::Coding region xref gene does not exist
PROKKA_04262022/PROKKA_04262022:CDS	hypothetical protein	Ferroplasma:c235458-234619	KNPMNEEE_00268

DiscRep_SUB:FEATURE_LOCATION_CONFLICT::Coding region xref gene does not exist
PROKKA_04262022/PROKKA_04262022:CDS	hypothetical protein	Ferroplasma:235808-236971	KNPMNEEE_00269

DiscRep_SUB:FEATURE_LOCATION_CONFLICT::Coding region xref gene does not exist
PROKKA_04262022/PROKKA_04262022:CDS	1-deoxyxylulose-5-phosphate synthase YajO	Ferroplasma:c237935-236973	KNPMNEEE_00270

DiscRep_SUB:FEATURE_LOCATION_CONFLICT::Coding region xref gene does not exist
PROKKA_04262022/PROKKA_04262022:CDS	hypothetical protein	Ferroplasma:238009-238194	KNPMNEEE_00271

DiscRep_SUB:FEATURE_LOCATION_CONFLICT::Coding region xref gene does not exist
PROKKA_04262022/PROKKA_04262022:CDS	Acetyl-CoA:oxalate CoA-transferase	Ferroplasma:c239400-238201	KNPMNEEE_00272

DiscRep_SUB:FEATURE_LOCATION_CONFLICT::Coding region xref gene does not exist
PROKKA_04262022/PROKKA_04262022:CDS	Peptide methionine sulfoxide reductase MsrA/MsrB	Ferroplasma:239490-240026	KNPMNEEE_00273

DiscRep_SUB:FEATURE_LOCATION_CONFLICT::Coding region xref gene does not exist
PROKKA_04262022/PROKKA_04262022:CDS	hypothetical protein	Ferroplasma:c240566-240237	KNPMNEEE_00274

DiscRep_SUB:FEATURE_LOCATION_CONFLICT::Coding region xref gene does not exist
PROKKA_04262022/PROKKA_04262022:CDS	Caffeine dehydrogenase subunit alpha	Ferroplasma:240803-242842	KNPMNEEE_00275

DiscRep_SUB:FEATURE_LOCATION_CONFLICT::Coding region xref gene does not exist
PROKKA_04262022/PROKKA_04262022:CDS	hypothetical protein	Ferroplasma:242987-243790	KNPMNEEE_00276

DiscRep_SUB:FEATURE_LOCATION_CONFLICT::Coding region xref gene does not exist
PROKKA_04262022/PROKKA_04262022:CDS	3-beta-hydroxycholanate 3-dehydrogenase (NAD(+)) 1	Ferroplasma:243861-244655	KNPMNEEE_00277

DiscRep_SUB:FEATURE_LOCATION_CONFLICT::Coding region xref gene does not exist
PROKKA_04262022/PROKKA_04262022:CDS	Arabinose-proton symporter	Ferroplasma:c246196-244721	KNPMNEEE_00278

DiscRep_SUB:FEATURE_LOCATION_CONFLICT::Coding region xref gene does not exist
PROKKA_04262022/PROKKA_04262022:CDS	hypothetical protein	Ferroplasma:246523-246714	KNPMNEEE_00279

DiscRep_SUB:FEATURE_LOCATION_CONFLICT::Coding region xref gene does not exist
PROKKA_04262022/PROKKA_04262022:CDS	3-hydroxybutyryl-CoA dehydrogenase	Ferroplasma:c247648-246734	KNPMNEEE_00280

DiscRep_SUB:FEATURE_LOCATION_CONFLICT::Coding region xref gene does not exist
PROKKA_04262022/PROKKA_04262022:CDS	Phosphoglycolate phosphatase	Ferroplasma:247959-248624	KNPMNEEE_00281

DiscRep_SUB:FEATURE_LOCATION_CONFLICT::Coding region xref gene does not exist
PROKKA_04262022/PROKKA_04262022:CDS	Putative niacin/nicotinamide transporter NaiP	Ferroplasma:c249790-248621	KNPMNEEE_00282

DiscRep_SUB:FEATURE_LOCATION_CONFLICT::Coding region xref gene does not exist
PROKKA_04262022/PROKKA_04262022:CDS	hypothetical protein	Ferroplasma:c250283-249879	KNPMNEEE_00283

DiscRep_SUB:FEATURE_LOCATION_CONFLICT::Coding region xref gene does not exist
PROKKA_04262022/PROKKA_04262022:CDS	hypothetical protein	Ferroplasma:250449-252722	KNPMNEEE_00284

DiscRep_SUB:FEATURE_LOCATION_CONFLICT::Coding region xref gene does not exist
PROKKA_04262022/PROKKA_04262022:CDS	Glucose--fructose oxidoreductase	Ferroplasma:252825-253778	KNPMNEEE_00285

DiscRep_SUB:FEATURE_LOCATION_CONFLICT::Coding region xref gene does not exist
PROKKA_04262022/PROKKA_04262022:CDS	hypothetical protein	Ferroplasma:253838-254194	KNPMNEEE_00286

DiscRep_SUB:FEATURE_LOCATION_CONFLICT::Coding region xref gene does not exist
PROKKA_04262022/PROKKA_04262022:CDS	hypothetical protein	Ferroplasma:254657-255400	KNPMNEEE_00287

DiscRep_SUB:FEATURE_LOCATION_CONFLICT::Coding region xref gene does not exist
PROKKA_04262022/PROKKA_04262022:CDS	hypothetical protein	Ferroplasma:c255878-255405	KNPMNEEE_00288

DiscRep_SUB:FEATURE_LOCATION_CONFLICT::Coding region xref gene does not exist
PROKKA_04262022/PROKKA_04262022:CDS	GTP cyclohydrolase 1	Ferroplasma:c256455-255880	KNPMNEEE_00289

DiscRep_SUB:FEATURE_LOCATION_CONFLICT::Coding region xref gene does not exist
PROKKA_04262022/PROKKA_04262022:CDS	7-carboxy-7-deazaguanine synthase	Ferroplasma:c257100-256456	KNPMNEEE_00290

DiscRep_SUB:FEATURE_LOCATION_CONFLICT::Coding region xref gene does not exist
PROKKA_04262022/PROKKA_04262022:CDS	hypothetical protein	Ferroplasma:c257538-257119	KNPMNEEE_00291

DiscRep_SUB:FEATURE_LOCATION_CONFLICT::Coding region xref gene does not exist
PROKKA_04262022/PROKKA_04262022:CDS	hypothetical protein	Ferroplasma:c257761-257561	KNPMNEEE_00292

DiscRep_SUB:FEATURE_LOCATION_CONFLICT::Coding region xref gene does not exist
PROKKA_04262022/PROKKA_04262022:CDS	Pyridoxal 5'-phosphate synthase subunit PdxT	Ferroplasma:c258680-258108	KNPMNEEE_00293

DiscRep_SUB:FEATURE_LOCATION_CONFLICT::Coding region xref gene does not exist
PROKKA_04262022/PROKKA_04262022:CDS	Pyridoxal 5'-phosphate synthase subunit PdxS	Ferroplasma:c259690-258698	KNPMNEEE_00294

DiscRep_SUB:FEATURE_LOCATION_CONFLICT::Coding region xref gene does not exist
PROKKA_04262022/PROKKA_04262022:CDS	Malate dehydrogenase	Ferroplasma:259803-260771	KNPMNEEE_00295

DiscRep_SUB:FEATURE_LOCATION_CONFLICT::Coding region xref gene does not exist
PROKKA_04262022/PROKKA_04262022:CDS	hypothetical protein	Ferroplasma:260902-261135	KNPMNEEE_00296

DiscRep_SUB:FEATURE_LOCATION_CONFLICT::Coding region xref gene does not exist
PROKKA_04262022/PROKKA_04262022:CDS	Succinate dehydrogenase flavoprotein subunit	Ferroplasma:261138-262541	KNPMNEEE_00297

DiscRep_SUB:FEATURE_LOCATION_CONFLICT::Coding region xref gene does not exist
PROKKA_04262022/PROKKA_04262022:CDS	hypothetical protein	Ferroplasma:262542-263483	KNPMNEEE_00298

DiscRep_SUB:FEATURE_LOCATION_CONFLICT::Coding region xref gene does not exist
PROKKA_04262022/PROKKA_04262022:CDS	8-methylmenaquinol:fumarate reductase membrane anchor subunit	Ferroplasma:263480-264355	KNPMNEEE_00299

DiscRep_SUB:FEATURE_LOCATION_CONFLICT::Coding region xref gene does not exist
PROKKA_04262022/PROKKA_04262022:CDS	hypothetical protein	Ferroplasma:264352-264699	KNPMNEEE_00300

DiscRep_SUB:FEATURE_LOCATION_CONFLICT::Coding region xref gene does not exist
PROKKA_04262022/PROKKA_04262022:CDS	hypothetical protein	Ferroplasma:c265726-264782	KNPMNEEE_00301

DiscRep_SUB:FEATURE_LOCATION_CONFLICT::Coding region xref gene does not exist
PROKKA_04262022/PROKKA_04262022:CDS	2-oxoglutarate oxidoreductase subunit KorA	Ferroplasma:c267635-265737	KNPMNEEE_00302

DiscRep_SUB:FEATURE_LOCATION_CONFLICT::Coding region xref gene does not exist
PROKKA_04262022/PROKKA_04262022:CDS	hypothetical protein	Ferroplasma:c268043-267759	KNPMNEEE_00303

DiscRep_SUB:FEATURE_LOCATION_CONFLICT::Coding region xref gene does not exist
PROKKA_04262022/PROKKA_04262022:CDS	Succinate--CoA ligase [ADP-forming] subunit alpha	Ferroplasma:c268943-268089	KNPMNEEE_00304

DiscRep_SUB:FEATURE_LOCATION_CONFLICT::Coding region xref gene does not exist
PROKKA_04262022/PROKKA_04262022:CDS	Succinate--CoA ligase [GDP-forming] subunit beta	Ferroplasma:c270045-268945	KNPMNEEE_00305

DiscRep_SUB:FEATURE_LOCATION_CONFLICT::Coding region xref gene does not exist
PROKKA_04262022/PROKKA_04262022:CDS	hypothetical protein	Ferroplasma:270639-271475	KNPMNEEE_00306

DiscRep_SUB:FEATURE_LOCATION_CONFLICT::Coding region xref gene does not exist
PROKKA_04262022/PROKKA_04262022:CDS	hypothetical protein	Ferroplasma:271529-271843	KNPMNEEE_00307

DiscRep_SUB:FEATURE_LOCATION_CONFLICT::Coding region xref gene does not exist
PROKKA_04262022/PROKKA_04262022:CDS	RNA helicase CrhR	Ferroplasma:c273242-271911	KNPMNEEE_00308

DiscRep_SUB:FEATURE_LOCATION_CONFLICT::Coding region xref gene does not exist
PROKKA_04262022/PROKKA_04262022:CDS	Glycerate dehydrogenase	Ferroplasma:c274095-273370	KNPMNEEE_00309

DiscRep_SUB:FEATURE_LOCATION_CONFLICT::Coding region xref gene does not exist
PROKKA_04262022/PROKKA_04262022:CDS	hypothetical protein	Ferroplasma:c274259-274071	KNPMNEEE_00310

DiscRep_SUB:FEATURE_LOCATION_CONFLICT::Coding region xref gene does not exist
PROKKA_04262022/PROKKA_04262022:CDS	NAD-dependent malic enzyme	Ferroplasma:274444-275751	KNPMNEEE_00311

DiscRep_SUB:FEATURE_LOCATION_CONFLICT::Coding region xref gene does not exist
PROKKA_04262022/PROKKA_04262022:CDS	hypothetical protein	Ferroplasma:275762-276229	KNPMNEEE_00312

DiscRep_SUB:FEATURE_LOCATION_CONFLICT::Coding region xref gene does not exist
PROKKA_04262022/PROKKA_04262022:CDS	Aconitate/2-methylaconitate hydratase	Ferroplasma:c278756-276243	KNPMNEEE_00313

DiscRep_SUB:FEATURE_LOCATION_CONFLICT::Coding region xref gene does not exist
PROKKA_04262022/PROKKA_04262022:CDS	4-hydroxy-tetrahydrodipicolinate synthase	Ferroplasma:278882-279754	KNPMNEEE_00314

DiscRep_SUB:FEATURE_LOCATION_CONFLICT::Coding region xref gene does not exist
PROKKA_04262022/PROKKA_04262022:CDS	hypothetical protein	Ferroplasma:c280096-279758	KNPMNEEE_00315

DiscRep_SUB:FEATURE_LOCATION_CONFLICT::Coding region xref gene does not exist
PROKKA_04262022/PROKKA_04262022:CDS	hypothetical protein	Ferroplasma:c281248-280097	KNPMNEEE_00316

DiscRep_SUB:FEATURE_LOCATION_CONFLICT::Coding region xref gene does not exist
PROKKA_04262022/PROKKA_04262022:CDS	2-succinylbenzoate--CoA ligase	Ferroplasma:c282585-281245	KNPMNEEE_00317

DiscRep_SUB:FEATURE_LOCATION_CONFLICT::Coding region xref gene does not exist
PROKKA_04262022/PROKKA_04262022:CDS	3-oxoacyl-[acyl-carrier-protein] reductase FabG	Ferroplasma:c283503-282784	KNPMNEEE_00318

DiscRep_SUB:FEATURE_LOCATION_CONFLICT::Coding region xref gene does not exist
PROKKA_04262022/PROKKA_04262022:CDS	hypothetical protein	Ferroplasma:283657-283752	KNPMNEEE_00319

DiscRep_SUB:FEATURE_LOCATION_CONFLICT::Coding region xref gene does not exist
PROKKA_04262022/PROKKA_04262022:CDS	Pyrimidine-specific ribonucleoside hydrolase RihA	Ferroplasma:283772-284650	KNPMNEEE_00320

DiscRep_SUB:FEATURE_LOCATION_CONFLICT::Coding region xref gene does not exist
PROKKA_04262022/PROKKA_04262022:CDS	hypothetical protein	Ferroplasma:284793-285245	KNPMNEEE_00321

DiscRep_SUB:FEATURE_LOCATION_CONFLICT::Coding region xref gene does not exist
PROKKA_04262022/PROKKA_04262022:CDS	Pantothenate kinase	Ferroplasma:285284-286246	KNPMNEEE_00322

DiscRep_SUB:FEATURE_LOCATION_CONFLICT::Coding region xref gene does not exist
PROKKA_04262022/PROKKA_04262022:CDS	putative metabolite transport protein CsbC	Ferroplasma:286415-287890	KNPMNEEE_00323

DiscRep_SUB:FEATURE_LOCATION_CONFLICT::Coding region xref gene does not exist
PROKKA_04262022/PROKKA_04262022:CDS	hypothetical protein	Ferroplasma:287950-288609	KNPMNEEE_00324

DiscRep_SUB:FEATURE_LOCATION_CONFLICT::Coding region xref gene does not exist
PROKKA_04262022/PROKKA_04262022:CDS	hypothetical protein	Ferroplasma:288674-290110	KNPMNEEE_00325

DiscRep_SUB:FEATURE_LOCATION_CONFLICT::Coding region xref gene does not exist
PROKKA_04262022/PROKKA_04262022:CDS	hypothetical protein	Ferroplasma:290169-291254	KNPMNEEE_00326

DiscRep_SUB:FEATURE_LOCATION_CONFLICT::Coding region xref gene does not exist
PROKKA_04262022/PROKKA_04262022:CDS	hypothetical protein	Ferroplasma:c292363-291278	KNPMNEEE_00327

DiscRep_SUB:FEATURE_LOCATION_CONFLICT::Coding region xref gene does not exist
PROKKA_04262022/PROKKA_04262022:CDS	Sialic acid transporter NanT	Ferroplasma:292807-294105	KNPMNEEE_00328

DiscRep_SUB:FEATURE_LOCATION_CONFLICT::Coding region xref gene does not exist
PROKKA_04262022/PROKKA_04262022:CDS	Putative mycofactocin radical SAM maturase MftC	Ferroplasma:c295290-294199	KNPMNEEE_00329

DiscRep_SUB:FEATURE_LOCATION_CONFLICT::Coding region xref gene does not exist
PROKKA_04262022/PROKKA_04262022:CDS	hypothetical protein	Ferroplasma:c295882-295655	KNPMNEEE_00331

DiscRep_SUB:FEATURE_LOCATION_CONFLICT::Coding region xref gene does not exist
PROKKA_04262022/PROKKA_04262022:CDS	Glutamyl-tRNA reductase	Ferroplasma:296018-297226	KNPMNEEE_00332

DiscRep_SUB:FEATURE_LOCATION_CONFLICT::Coding region xref gene does not exist
PROKKA_04262022/PROKKA_04262022:CDS	hypothetical protein	Ferroplasma:c299536-297278	KNPMNEEE_00333

DiscRep_SUB:FEATURE_LOCATION_CONFLICT::Coding region xref gene does not exist
PROKKA_04262022/PROKKA_04262022:CDS	hypothetical protein	Ferroplasma:299675-300019	KNPMNEEE_00334

DiscRep_SUB:FEATURE_LOCATION_CONFLICT::Coding region xref gene does not exist
PROKKA_04262022/PROKKA_04262022:CDS	Monocarboxylate transport permease protein	Ferroplasma:c301551-300034	KNPMNEEE_00335

DiscRep_SUB:FEATURE_LOCATION_CONFLICT::Coding region xref gene does not exist
PROKKA_04262022/PROKKA_04262022:CDS	hypothetical protein	Ferroplasma:c301760-301551	KNPMNEEE_00336

DiscRep_SUB:FEATURE_LOCATION_CONFLICT::Coding region xref gene does not exist
PROKKA_04262022/PROKKA_04262022:CDS	NH(3)-dependent NAD(+) synthetase	Ferroplasma:302139-302858	KNPMNEEE_00337

DiscRep_SUB:FEATURE_LOCATION_CONFLICT::Coding region xref gene does not exist
PROKKA_04262022/PROKKA_04262022:CDS	K(+)/H(+) antiporter NhaP	Ferroplasma:302860-304146	KNPMNEEE_00338

DiscRep_SUB:FEATURE_LOCATION_CONFLICT::Coding region xref gene does not exist
PROKKA_04262022/PROKKA_04262022:CDS	hypothetical protein	Ferroplasma:304714-304842	KNPMNEEE_00340

DiscRep_SUB:FEATURE_LOCATION_CONFLICT::Coding region xref gene does not exist
PROKKA_04262022/PROKKA_04262022:CDS	IS256 family transposase ISFac8	Ferroplasma:304890-305279	KNPMNEEE_00341

DiscRep_SUB:FEATURE_LOCATION_CONFLICT::Coding region xref gene does not exist
PROKKA_04262022/PROKKA_04262022:CDS	IS256 family transposase ISFac8	Ferroplasma:305371-305688	KNPMNEEE_00342

DiscRep_SUB:FEATURE_LOCATION_CONFLICT::Coding region xref gene does not exist
PROKKA_04262022/PROKKA_04262022:CDS	hypothetical protein	Ferroplasma:c306011-305763	KNPMNEEE_00343

DiscRep_SUB:FEATURE_LOCATION_CONFLICT::Coding region xref gene does not exist
PROKKA_04262022/PROKKA_04262022:CDS	IS66 family transposase ISArch19	Ferroplasma:306060-306323	KNPMNEEE_00344

DiscRep_SUB:FEATURE_LOCATION_CONFLICT::Coding region xref gene does not exist
PROKKA_04262022/PROKKA_04262022:CDS	hypothetical protein	Ferroplasma:306470-306820	KNPMNEEE_00345

DiscRep_SUB:FEATURE_LOCATION_CONFLICT::Coding region xref gene does not exist
PROKKA_04262022/PROKKA_04262022:CDS	hypothetical protein	Ferroplasma:306817-308406	KNPMNEEE_00346

DiscRep_SUB:FEATURE_LOCATION_CONFLICT::Coding region xref gene does not exist
PROKKA_04262022/PROKKA_04262022:CDS	IS256 family transposase ISFac7	Ferroplasma:c308823-308506	KNPMNEEE_00347

DiscRep_SUB:FEATURE_LOCATION_CONFLICT::Coding region xref gene does not exist
PROKKA_04262022/PROKKA_04262022:CDS	hypothetical protein	Ferroplasma:c308935-308762	KNPMNEEE_00348

DiscRep_SUB:FEATURE_LOCATION_CONFLICT::Coding region xref gene does not exist
PROKKA_04262022/PROKKA_04262022:CDS	hypothetical protein	Ferroplasma:c310182-309772	KNPMNEEE_00349

DiscRep_SUB:FEATURE_LOCATION_CONFLICT::Coding region xref gene does not exist
PROKKA_04262022/PROKKA_04262022:CDS	hypothetical protein	Ferroplasma:c310414-310160	KNPMNEEE_00350

DiscRep_SUB:FEATURE_LOCATION_CONFLICT::Coding region xref gene does not exist
PROKKA_04262022/PROKKA_04262022:CDS	hypothetical protein	Ferroplasma:310829-310936	KNPMNEEE_00351

DiscRep_SUB:FEATURE_LOCATION_CONFLICT::Coding region xref gene does not exist
PROKKA_04262022/PROKKA_04262022:CDS	hypothetical protein	Ferroplasma:c311250-311101	KNPMNEEE_00352

DiscRep_SUB:FEATURE_LOCATION_CONFLICT::Coding region xref gene does not exist
PROKKA_04262022/PROKKA_04262022:CDS	hypothetical protein	Ferroplasma:311641-311895	KNPMNEEE_00353

DiscRep_SUB:FEATURE_LOCATION_CONFLICT::Coding region xref gene does not exist
PROKKA_04262022/PROKKA_04262022:CDS	hypothetical protein	Ferroplasma:311968-312375	KNPMNEEE_00354

DiscRep_SUB:FEATURE_LOCATION_CONFLICT::Coding region xref gene does not exist
PROKKA_04262022/PROKKA_04262022:CDS	hypothetical protein	Ferroplasma:312351-312695	KNPMNEEE_00355

DiscRep_SUB:FEATURE_LOCATION_CONFLICT::Coding region xref gene does not exist
PROKKA_04262022/PROKKA_04262022:CDS	hypothetical protein	Ferroplasma:c313334-312822	KNPMNEEE_00356

DiscRep_SUB:FEATURE_LOCATION_CONFLICT::Coding region xref gene does not exist
PROKKA_04262022/PROKKA_04262022:CDS	hypothetical protein	Ferroplasma:313584-314876	KNPMNEEE_00357

DiscRep_SUB:FEATURE_LOCATION_CONFLICT::Coding region xref gene does not exist
PROKKA_04262022/PROKKA_04262022:CDS	hypothetical protein	Ferroplasma:c315472-315149	KNPMNEEE_00358

DiscRep_SUB:FEATURE_LOCATION_CONFLICT::Coding region xref gene does not exist
PROKKA_04262022/PROKKA_04262022:CDS	Putative transposase InsK for insertion sequence element IS150	Ferroplasma:c316659-315694	KNPMNEEE_00359

DiscRep_SUB:FEATURE_LOCATION_CONFLICT::Coding region xref gene does not exist
PROKKA_04262022/PROKKA_04262022:CDS	hypothetical protein	Ferroplasma:c316928-316656	KNPMNEEE_00360

DiscRep_SUB:FEATURE_LOCATION_CONFLICT::Coding region xref gene does not exist
PROKKA_04262022/PROKKA_04262022:CDS	hypothetical protein	Ferroplasma:317394-317630	KNPMNEEE_00361

DiscRep_SUB:FEATURE_LOCATION_CONFLICT::Coding region xref gene does not exist
PROKKA_04262022/PROKKA_04262022:CDS	IS256 family transposase ISFac8	Ferroplasma:317678-318091	KNPMNEEE_00362

DiscRep_SUB:FEATURE_LOCATION_CONFLICT::Coding region xref gene does not exist
PROKKA_04262022/PROKKA_04262022:CDS	IS256 family transposase ISFac8	Ferroplasma:318183-318551	KNPMNEEE_00363

DiscRep_SUB:FEATURE_LOCATION_CONFLICT::Coding region xref gene does not exist
PROKKA_04262022/PROKKA_04262022:CDS	Tricorn protease	Ferroplasma:318622-321699	KNPMNEEE_00364

DiscRep_SUB:FEATURE_LOCATION_CONFLICT::Coding region xref gene does not exist
PROKKA_04262022/PROKKA_04262022:CDS	hypothetical protein	Ferroplasma:321835-321975	KNPMNEEE_00365

DiscRep_SUB:FEATURE_LOCATION_CONFLICT::Coding region xref gene does not exist
PROKKA_04262022/PROKKA_04262022:CDS	ATP-dependent RNA helicase DbpA	Ferroplasma:c327537-322441	KNPMNEEE_00366

DiscRep_SUB:FEATURE_LOCATION_CONFLICT::Coding region xref gene does not exist
PROKKA_04262022/PROKKA_04262022:CDS	Caffeine dehydrogenase subunit alpha	Ferroplasma:c329690-327684	KNPMNEEE_00367

DiscRep_SUB:FEATURE_LOCATION_CONFLICT::Coding region xref gene does not exist
PROKKA_04262022/PROKKA_04262022:CDS	Carbon monoxide dehydrogenase small chain	Ferroplasma:c330166-329687	KNPMNEEE_00368

DiscRep_SUB:FEATURE_LOCATION_CONFLICT::Coding region xref gene does not exist
PROKKA_04262022/PROKKA_04262022:CDS	Carbon monoxide dehydrogenase medium chain	Ferroplasma:c331017-330163	KNPMNEEE_00369

DiscRep_SUB:FEATURE_LOCATION_CONFLICT::Coding region xref gene does not exist
PROKKA_04262022/PROKKA_04262022:CDS	3-phenylpropionate/cinnamic acid dioxygenase ferredoxin subunit	Ferroplasma:c331652-331317	KNPMNEEE_00370

DiscRep_SUB:FEATURE_LOCATION_CONFLICT::Coding region xref gene does not exist
PROKKA_04262022/PROKKA_04262022:CDS	hypothetical protein	Ferroplasma:c331892-331731	KNPMNEEE_00371

DiscRep_SUB:FEATURE_LOCATION_CONFLICT::Coding region xref gene does not exist
PROKKA_04262022/PROKKA_04262022:CDS	hypothetical protein	Ferroplasma:c332193-331996	KNPMNEEE_00372

DiscRep_SUB:FEATURE_LOCATION_CONFLICT::Coding region xref gene does not exist
PROKKA_04262022/PROKKA_04262022:CDS	hypothetical protein	Ferroplasma:c333416-332472	KNPMNEEE_00374

DiscRep_SUB:FEATURE_LOCATION_CONFLICT::Coding region xref gene does not exist
PROKKA_04262022/PROKKA_04262022:CDS	hypothetical protein	Ferroplasma:c334397-333480	KNPMNEEE_00375

DiscRep_SUB:FEATURE_LOCATION_CONFLICT::Coding region xref gene does not exist
PROKKA_04262022/PROKKA_04262022:CDS	Threonylcarbamoyl-AMP synthase	Ferroplasma:c335454-334384	KNPMNEEE_00376

DiscRep_SUB:FEATURE_LOCATION_CONFLICT::Coding region xref gene does not exist
PROKKA_04262022/PROKKA_04262022:CDS	IS607 family transposase ISTvo1	Ferroplasma:c336445-335456	KNPMNEEE_00377

DiscRep_SUB:FEATURE_LOCATION_CONFLICT::Coding region xref gene does not exist
PROKKA_04262022/PROKKA_04262022:CDS	IS607 family transposase ISTvo1	Ferroplasma:c336699-336388	KNPMNEEE_00378

DiscRep_SUB:FEATURE_LOCATION_CONFLICT::Coding region xref gene does not exist
PROKKA_04262022/PROKKA_04262022:CDS	hypothetical protein	Ferroplasma:c337276-336680	KNPMNEEE_00379

DiscRep_SUB:FEATURE_LOCATION_CONFLICT::Coding region xref gene does not exist
PROKKA_04262022/PROKKA_04262022:CDS	hypothetical protein	Ferroplasma:337462-339849	KNPMNEEE_00380

DiscRep_SUB:FEATURE_LOCATION_CONFLICT::Coding region xref gene does not exist
PROKKA_04262022/PROKKA_04262022:CDS	hypothetical protein	Ferroplasma:339879-340355	KNPMNEEE_00381

DiscRep_SUB:FEATURE_LOCATION_CONFLICT::Coding region xref gene does not exist
PROKKA_04262022/PROKKA_04262022:CDS	hypothetical protein	Ferroplasma:340671-340760	KNPMNEEE_00382

DiscRep_SUB:FEATURE_LOCATION_CONFLICT::Coding region xref gene does not exist
PROKKA_04262022/PROKKA_04262022:CDS	Inosine-5'-monophosphate dehydrogenase	Ferroplasma:c341887-340808	KNPMNEEE_00383

DiscRep_SUB:FEATURE_LOCATION_CONFLICT::Coding region xref gene does not exist
PROKKA_04262022/PROKKA_04262022:CDS	Serine hydroxymethyltransferase	Ferroplasma:c343049-341892	KNPMNEEE_00384

DiscRep_SUB:FEATURE_LOCATION_CONFLICT::Coding region xref gene does not exist
PROKKA_04262022/PROKKA_04262022:CDS	Cardiolipin synthase	Ferroplasma:343153-344109	KNPMNEEE_00385

DiscRep_SUB:FEATURE_LOCATION_CONFLICT::Coding region xref gene does not exist
PROKKA_04262022/PROKKA_04262022:CDS	hypothetical protein	Ferroplasma:c344493-344113	KNPMNEEE_00386

DiscRep_SUB:FEATURE_LOCATION_CONFLICT::Coding region xref gene does not exist
PROKKA_04262022/PROKKA_04262022:CDS	hypothetical protein	Ferroplasma:344590-344808	KNPMNEEE_00387

DiscRep_SUB:FEATURE_LOCATION_CONFLICT::Coding region xref gene does not exist
PROKKA_04262022/PROKKA_04262022:CDS	hypothetical protein	Ferroplasma:c345400-345071	KNPMNEEE_00388

DiscRep_SUB:FEATURE_LOCATION_CONFLICT::Coding region xref gene does not exist
PROKKA_04262022/PROKKA_04262022:CDS	hypothetical protein	Ferroplasma:c346155-345751	KNPMNEEE_00389

DiscRep_SUB:FEATURE_LOCATION_CONFLICT::Coding region xref gene does not exist
PROKKA_04262022/PROKKA_04262022:CDS	hypothetical protein	Ferroplasma:c347944-346271	KNPMNEEE_00390

DiscRep_SUB:FEATURE_LOCATION_CONFLICT::Coding region xref gene does not exist
PROKKA_04262022/PROKKA_04262022:CDS	Diaminopimelate decarboxylase	Ferroplasma:348040-349377	KNPMNEEE_00391

DiscRep_SUB:FEATURE_LOCATION_CONFLICT::Coding region xref gene does not exist
PROKKA_04262022/PROKKA_04262022:CDS	Aspartate-proton symporter	Ferroplasma:349420-351030	KNPMNEEE_00392

DiscRep_SUB:FEATURE_LOCATION_CONFLICT::Coding region xref gene does not exist
PROKKA_04262022/PROKKA_04262022:CDS	hypothetical protein	Ferroplasma:351054-351218	KNPMNEEE_00393

DiscRep_SUB:FEATURE_LOCATION_CONFLICT::Coding region xref gene does not exist
PROKKA_04262022/PROKKA_04262022:CDS	Acetyl-coenzyme A synthetase	Ferroplasma:351281-352960	KNPMNEEE_00394

DiscRep_SUB:FEATURE_LOCATION_CONFLICT::Coding region xref gene does not exist
PROKKA_04262022/PROKKA_04262022:CDS	hypothetical protein	Ferroplasma:c353603-353436	KNPMNEEE_00395

DiscRep_SUB:FEATURE_LOCATION_CONFLICT::Coding region xref gene does not exist
PROKKA_04262022/PROKKA_04262022:CDS	hypothetical protein	Ferroplasma:c353831-353610	KNPMNEEE_00396

DiscRep_SUB:FEATURE_LOCATION_CONFLICT::Coding region xref gene does not exist
PROKKA_04262022/PROKKA_04262022:CDS	Isopenicillin N epimerase	Ferroplasma:c355422-354295	KNPMNEEE_00397

DiscRep_SUB:FEATURE_LOCATION_CONFLICT::Coding region xref gene does not exist
PROKKA_04262022/PROKKA_04262022:CDS	hypothetical protein	Ferroplasma:c356335-355406	KNPMNEEE_00398

DiscRep_SUB:FEATURE_LOCATION_CONFLICT::Coding region xref gene does not exist
PROKKA_04262022/PROKKA_04262022:CDS	Protease synthase and sporulation protein PAI 2	Ferroplasma:c357487-356915	KNPMNEEE_00400

DiscRep_SUB:FEATURE_LOCATION_CONFLICT::Coding region xref gene does not exist
PROKKA_04262022/PROKKA_04262022:CDS	Phosphoglycerate kinase	Ferroplasma:357654-358892	KNPMNEEE_00401

DiscRep_SUB:FEATURE_LOCATION_CONFLICT::Coding region xref gene does not exist
PROKKA_04262022/PROKKA_04262022:CDS	Prefoldin subunit alpha	Ferroplasma:358893-359294	KNPMNEEE_00402

DiscRep_SUB:FEATURE_LOCATION_CONFLICT::Coding region xref gene does not exist
PROKKA_04262022/PROKKA_04262022:CDS	Signal recognition particle receptor FtsY	Ferroplasma:359294-360229	KNPMNEEE_00403

DiscRep_SUB:FEATURE_LOCATION_CONFLICT::Coding region xref gene does not exist
PROKKA_04262022/PROKKA_04262022:CDS	hypothetical protein	Ferroplasma:c360655-360221	KNPMNEEE_00404

DiscRep_SUB:FEATURE_LOCATION_CONFLICT::Coding region xref gene does not exist
PROKKA_04262022/PROKKA_04262022:CDS	hypothetical protein	Ferroplasma:c360894-360607	KNPMNEEE_00405

DiscRep_SUB:FEATURE_LOCATION_CONFLICT::Coding region xref gene does not exist
PROKKA_04262022/PROKKA_04262022:CDS	hypothetical protein	Ferroplasma:c361438-360962	KNPMNEEE_00406

DiscRep_SUB:FEATURE_LOCATION_CONFLICT::Coding region xref gene does not exist
PROKKA_04262022/PROKKA_04262022:CDS	hypothetical protein	Ferroplasma:c361829-361527	KNPMNEEE_00407

DiscRep_SUB:FEATURE_LOCATION_CONFLICT::Coding region xref gene does not exist
PROKKA_04262022/PROKKA_04262022:CDS	Histidinol-phosphate aminotransferase	Ferroplasma:362679-363614	KNPMNEEE_00408

DiscRep_SUB:FEATURE_LOCATION_CONFLICT::Coding region xref gene does not exist
PROKKA_04262022/PROKKA_04262022:CDS	hypothetical protein	Ferroplasma:c364073-363621	KNPMNEEE_00409

DiscRep_SUB:FEATURE_LOCATION_CONFLICT::Coding region xref gene does not exist
PROKKA_04262022/PROKKA_04262022:CDS	putative copper-transporting ATPase PacS	Ferroplasma:c366141-364111	KNPMNEEE_00410

DiscRep_SUB:FEATURE_LOCATION_CONFLICT::Coding region xref gene does not exist
PROKKA_04262022/PROKKA_04262022:CDS	hypothetical protein	Ferroplasma:c366280-366146	KNPMNEEE_00411

DiscRep_SUB:FEATURE_LOCATION_CONFLICT::Coding region xref gene does not exist
PROKKA_04262022/PROKKA_04262022:CDS	hypothetical protein	Ferroplasma:c366847-366329	KNPMNEEE_00412

DiscRep_SUB:FEATURE_LOCATION_CONFLICT::Coding region xref gene does not exist
PROKKA_04262022/PROKKA_04262022:CDS	hypothetical protein	Ferroplasma:366954-367277	KNPMNEEE_00413

DiscRep_SUB:FEATURE_LOCATION_CONFLICT::Coding region xref gene does not exist
PROKKA_04262022/PROKKA_04262022:CDS	Sec-independent protein translocase protein TatC	Ferroplasma:c368081-367257	KNPMNEEE_00414

DiscRep_SUB:FEATURE_LOCATION_CONFLICT::Coding region xref gene does not exist
PROKKA_04262022/PROKKA_04262022:CDS	Sec-independent protein translocase protein TatA	Ferroplasma:c368406-368083	KNPMNEEE_00415

DiscRep_SUB:FEATURE_LOCATION_CONFLICT::Coding region xref gene does not exist
PROKKA_04262022/PROKKA_04262022:CDS	hypothetical protein	Ferroplasma:368530-369582	KNPMNEEE_00416

DiscRep_SUB:FEATURE_LOCATION_CONFLICT::Coding region xref gene does not exist
PROKKA_04262022/PROKKA_04262022:CDS	Cytochrome b6	Ferroplasma:369592-370785	KNPMNEEE_00417

DiscRep_SUB:FEATURE_LOCATION_CONFLICT::Coding region xref gene does not exist
PROKKA_04262022/PROKKA_04262022:CDS	hypothetical protein	Ferroplasma:370968-371306	KNPMNEEE_00418

DiscRep_SUB:FEATURE_LOCATION_CONFLICT::Coding region xref gene does not exist
PROKKA_04262022/PROKKA_04262022:CDS	hypothetical protein	Ferroplasma:371303-371527	KNPMNEEE_00419

DiscRep_SUB:FEATURE_LOCATION_CONFLICT::Coding region xref gene does not exist
PROKKA_04262022/PROKKA_04262022:CDS	Acetyl-CoA:oxalate CoA-transferase	Ferroplasma:c372272-371499	KNPMNEEE_00420

DiscRep_SUB:FEATURE_LOCATION_CONFLICT::Coding region xref gene does not exist
PROKKA_04262022/PROKKA_04262022:CDS	hypothetical protein	Ferroplasma:c372460-372242	KNPMNEEE_00421

DiscRep_SUB:FEATURE_LOCATION_CONFLICT::Coding region xref gene does not exist
PROKKA_04262022/PROKKA_04262022:CDS	Pyrroline-5-carboxylate reductase	Ferroplasma:c373289-372504	KNPMNEEE_00422

DiscRep_SUB:FEATURE_LOCATION_CONFLICT::Coding region xref gene does not exist
PROKKA_04262022/PROKKA_04262022:CDS	hypothetical protein	Ferroplasma:c373952-373713	KNPMNEEE_00423

DiscRep_SUB:FEATURE_LOCATION_CONFLICT::Coding region xref gene does not exist
PROKKA_04262022/PROKKA_04262022:CDS	hypothetical protein	Ferroplasma:c375135-374149	KNPMNEEE_00424

DiscRep_SUB:FEATURE_LOCATION_CONFLICT::Coding region xref gene does not exist
PROKKA_04262022/PROKKA_04262022:CDS	Aspartate-proton symporter	Ferroplasma:375171-376925	KNPMNEEE_00425

DiscRep_SUB:FEATURE_LOCATION_CONFLICT::Coding region xref gene does not exist
PROKKA_04262022/PROKKA_04262022:CDS	hypothetical protein	Ferroplasma:377072-377578	KNPMNEEE_00426

DiscRep_SUB:FEATURE_LOCATION_CONFLICT::Coding region xref gene does not exist
PROKKA_04262022/PROKKA_04262022:CDS	Kynurenine formamidase	Ferroplasma:377721-378368	KNPMNEEE_00427

DiscRep_SUB:FEATURE_LOCATION_CONFLICT::Coding region xref gene does not exist
PROKKA_04262022/PROKKA_04262022:CDS	DNA gyrase subunit A	Ferroplasma:c380861-378486	KNPMNEEE_00428

DiscRep_SUB:FEATURE_LOCATION_CONFLICT::Coding region xref gene does not exist
PROKKA_04262022/PROKKA_04262022:CDS	DNA gyrase subunit B	Ferroplasma:c382802-380871	KNPMNEEE_00429

DiscRep_SUB:FEATURE_LOCATION_CONFLICT::Coding region xref gene does not exist
PROKKA_04262022/PROKKA_04262022:CDS	hypothetical protein	Ferroplasma:382923-383540	KNPMNEEE_00430

DiscRep_SUB:FEATURE_LOCATION_CONFLICT::Coding region xref gene does not exist
PROKKA_04262022/PROKKA_04262022:CDS	hypothetical protein	Ferroplasma:c383855-383616	KNPMNEEE_00431

DiscRep_SUB:FEATURE_LOCATION_CONFLICT::Coding region xref gene does not exist
PROKKA_04262022/PROKKA_04262022:CDS	Glutamyl-Q tRNA(Asp) synthetase	Ferroplasma:c385634-383991	KNPMNEEE_00432

DiscRep_SUB:FEATURE_LOCATION_CONFLICT::Coding region xref gene does not exist
PROKKA_04262022/PROKKA_04262022:CDS	tRNA modification GTPase MnmE	Ferroplasma:c386622-385603	KNPMNEEE_00433

DiscRep_SUB:FEATURE_LOCATION_CONFLICT::Coding region xref gene does not exist
PROKKA_04262022/PROKKA_04262022:CDS	hypothetical protein	Ferroplasma:386668-387297	KNPMNEEE_00434

DiscRep_SUB:FEATURE_LOCATION_CONFLICT::Coding region xref gene does not exist
PROKKA_04262022/PROKKA_04262022:CDS	hypothetical protein	Ferroplasma:387407-387940	KNPMNEEE_00435

DiscRep_SUB:FEATURE_LOCATION_CONFLICT::Coding region xref gene does not exist
PROKKA_04262022/PROKKA_04262022:CDS	hypothetical protein	Ferroplasma:387955-388191	KNPMNEEE_00436

DiscRep_SUB:FEATURE_LOCATION_CONFLICT::Coding region xref gene does not exist
PROKKA_04262022/PROKKA_04262022:CDS	hypothetical protein	Ferroplasma:c388420-388181	KNPMNEEE_00437

DiscRep_SUB:FEATURE_LOCATION_CONFLICT::Coding region xref gene does not exist
PROKKA_04262022/PROKKA_04262022:CDS	hypothetical protein	Ferroplasma:388548-388883	KNPMNEEE_00438

DiscRep_SUB:FEATURE_LOCATION_CONFLICT::Coding region xref gene does not exist
PROKKA_04262022/PROKKA_04262022:CDS	hypothetical protein	Ferroplasma:389015-389428	KNPMNEEE_00439

DiscRep_SUB:FEATURE_LOCATION_CONFLICT::Coding region xref gene does not exist
PROKKA_04262022/PROKKA_04262022:CDS	hypothetical protein	Ferroplasma:c389679-389434	KNPMNEEE_00440

DiscRep_SUB:FEATURE_LOCATION_CONFLICT::Coding region xref gene does not exist
PROKKA_04262022/PROKKA_04262022:CDS	hypothetical protein	Ferroplasma:c390014-389676	KNPMNEEE_00441

DiscRep_SUB:FEATURE_LOCATION_CONFLICT::Coding region xref gene does not exist
PROKKA_04262022/PROKKA_04262022:CDS	NADH-quinone oxidoreductase subunit N	Ferroplasma:c391430-390024	KNPMNEEE_00442

DiscRep_SUB:FEATURE_LOCATION_CONFLICT::Coding region xref gene does not exist
PROKKA_04262022/PROKKA_04262022:CDS	NADH-quinone oxidoreductase subunit M	Ferroplasma:c392923-391427	KNPMNEEE_00443

DiscRep_SUB:FEATURE_LOCATION_CONFLICT::Coding region xref gene does not exist
PROKKA_04262022/PROKKA_04262022:CDS	NADH-quinone oxidoreductase subunit L	Ferroplasma:c394807-392924	KNPMNEEE_00444

DiscRep_SUB:FEATURE_LOCATION_CONFLICT::Coding region xref gene does not exist
PROKKA_04262022/PROKKA_04262022:CDS	NAD(P)H-quinone oxidoreductase subunit 4L, chloroplastic	Ferroplasma:c395100-394801	KNPMNEEE_00445

DiscRep_SUB:FEATURE_LOCATION_CONFLICT::Coding region xref gene does not exist
PROKKA_04262022/PROKKA_04262022:CDS	hypothetical protein	Ferroplasma:c395318-395097	KNPMNEEE_00446

DiscRep_SUB:FEATURE_LOCATION_CONFLICT::Coding region xref gene does not exist
PROKKA_04262022/PROKKA_04262022:CDS	NADH-quinone oxidoreductase subunit J	Ferroplasma:c395559-395308	KNPMNEEE_00447

DiscRep_SUB:FEATURE_LOCATION_CONFLICT::Coding region xref gene does not exist
PROKKA_04262022/PROKKA_04262022:CDS	NADH-quinone oxidoreductase subunit 9	Ferroplasma:c396053-395556	KNPMNEEE_00448

DiscRep_SUB:FEATURE_LOCATION_CONFLICT::Coding region xref gene does not exist
PROKKA_04262022/PROKKA_04262022:CDS	NAD(P)H-quinone oxidoreductase subunit 1	Ferroplasma:c397114-396059	KNPMNEEE_00449

DiscRep_SUB:FEATURE_LOCATION_CONFLICT::Coding region xref gene does not exist
PROKKA_04262022/PROKKA_04262022:CDS	NADH-quinone oxidoreductase subunit 4	Ferroplasma:c398214-397111	KNPMNEEE_00450

DiscRep_SUB:FEATURE_LOCATION_CONFLICT::Coding region xref gene does not exist
PROKKA_04262022/PROKKA_04262022:CDS	NAD(P)H-quinone oxidoreductase subunit J, chloroplastic	Ferroplasma:c398670-398215	KNPMNEEE_00451

DiscRep_SUB:FEATURE_LOCATION_CONFLICT::Coding region xref gene does not exist
PROKKA_04262022/PROKKA_04262022:CDS	NADH-quinone oxidoreductase subunit 6	Ferroplasma:c399140-398676	KNPMNEEE_00452

DiscRep_SUB:FEATURE_LOCATION_CONFLICT::Coding region xref gene does not exist
PROKKA_04262022/PROKKA_04262022:CDS	NAD(P)H-quinone oxidoreductase subunit 3, chloroplastic	Ferroplasma:c399571-399137	KNPMNEEE_00453

DiscRep_SUB:FEATURE_LOCATION_CONFLICT::Coding region xref gene does not exist
PROKKA_04262022/PROKKA_04262022:CDS	hypothetical protein	Ferroplasma:c399977-399702	KNPMNEEE_00454

DiscRep_SUB:FEATURE_LOCATION_CONFLICT::Coding region xref gene does not exist
PROKKA_04262022/PROKKA_04262022:CDS	hypothetical protein	Ferroplasma:c400902-399985	KNPMNEEE_00455

DiscRep_SUB:FEATURE_LOCATION_CONFLICT::Coding region xref gene does not exist
PROKKA_04262022/PROKKA_04262022:CDS	Aspartyl/glutamyl-tRNA(Asn/Gln) amidotransferase subunit B	Ferroplasma:c401552-400932	KNPMNEEE_00456

DiscRep_SUB:FEATURE_LOCATION_CONFLICT::Coding region xref gene does not exist
PROKKA_04262022/PROKKA_04262022:CDS	L-asparaginase 1	Ferroplasma:c402766-401558	KNPMNEEE_00457

DiscRep_SUB:FEATURE_LOCATION_CONFLICT::Coding region xref gene does not exist
PROKKA_04262022/PROKKA_04262022:CDS	Acyl-CoA dehydrogenase	Ferroplasma:c403931-402798	KNPMNEEE_00458

DiscRep_SUB:FEATURE_LOCATION_CONFLICT::Coding region xref gene does not exist
PROKKA_04262022/PROKKA_04262022:CDS	hypothetical protein	Ferroplasma:404212-404421	KNPMNEEE_00459

DiscRep_SUB:FEATURE_LOCATION_CONFLICT::Coding region xref gene does not exist
PROKKA_04262022/PROKKA_04262022:CDS	Precorrin-2 dehydrogenase	Ferroplasma:404630-405124	KNPMNEEE_00460

DiscRep_SUB:FEATURE_LOCATION_CONFLICT::Coding region xref gene does not exist
PROKKA_04262022/PROKKA_04262022:CDS	Isochorismatase family protein YecD	Ferroplasma:405129-405764	KNPMNEEE_00461

DiscRep_SUB:FEATURE_LOCATION_CONFLICT::Coding region xref gene does not exist
PROKKA_04262022/PROKKA_04262022:CDS	hypothetical protein	Ferroplasma:c407142-405766	KNPMNEEE_00462

DiscRep_SUB:FEATURE_LOCATION_CONFLICT::Coding region xref gene does not exist
PROKKA_04262022/PROKKA_04262022:CDS	hypothetical protein	Ferroplasma:407278-407616	KNPMNEEE_00463

DiscRep_SUB:FEATURE_LOCATION_CONFLICT::Coding region xref gene does not exist
PROKKA_04262022/PROKKA_04262022:CDS	hypothetical protein	Ferroplasma:407724-408287	KNPMNEEE_00464

DiscRep_SUB:FEATURE_LOCATION_CONFLICT::Coding region xref gene does not exist
PROKKA_04262022/PROKKA_04262022:CDS	hypothetical protein	Ferroplasma:408451-408840	KNPMNEEE_00465

DiscRep_SUB:FEATURE_LOCATION_CONFLICT::Coding region xref gene does not exist
PROKKA_04262022/PROKKA_04262022:CDS	hypothetical protein	Ferroplasma:408911-409156	KNPMNEEE_00466

DiscRep_SUB:FEATURE_LOCATION_CONFLICT::Coding region xref gene does not exist
PROKKA_04262022/PROKKA_04262022:CDS	hypothetical protein	Ferroplasma:409134-409493	KNPMNEEE_00467

DiscRep_SUB:FEATURE_LOCATION_CONFLICT::Coding region xref gene does not exist
PROKKA_04262022/PROKKA_04262022:CDS	hypothetical protein	Ferroplasma:409691-410191	KNPMNEEE_00468

DiscRep_SUB:FEATURE_LOCATION_CONFLICT::Coding region xref gene does not exist
PROKKA_04262022/PROKKA_04262022:CDS	Demethylmenaquinone methyltransferase	Ferroplasma:410239-410946	KNPMNEEE_00469

DiscRep_SUB:FEATURE_LOCATION_CONFLICT::Coding region xref gene does not exist
PROKKA_04262022/PROKKA_04262022:CDS	hypothetical protein	Ferroplasma:c411602-411351	KNPMNEEE_00470

DiscRep_SUB:FEATURE_LOCATION_CONFLICT::Coding region xref gene does not exist
PROKKA_04262022/PROKKA_04262022:CDS	hypothetical protein	Ferroplasma:411896-412195	KNPMNEEE_00471

DiscRep_SUB:FEATURE_LOCATION_CONFLICT::Coding region xref gene does not exist
PROKKA_04262022/PROKKA_04262022:CDS	IS66 family transposase ISArch19	Ferroplasma:412192-413505	KNPMNEEE_00472

DiscRep_SUB:FEATURE_LOCATION_CONFLICT::Coding region xref gene does not exist
PROKKA_04262022/PROKKA_04262022:CDS	Linearmycin resistance ATP-binding protein LnrL	Ferroplasma:413618-414532	KNPMNEEE_00473

DiscRep_SUB:FEATURE_LOCATION_CONFLICT::Coding region xref gene does not exist
PROKKA_04262022/PROKKA_04262022:CDS	hypothetical protein	Ferroplasma:414537-415274	KNPMNEEE_00474

DiscRep_SUB:FEATURE_LOCATION_CONFLICT::Coding region xref gene does not exist
PROKKA_04262022/PROKKA_04262022:CDS	hypothetical protein	Ferroplasma:c415860-415504	KNPMNEEE_00475

DiscRep_SUB:FEATURE_LOCATION_CONFLICT::Coding region xref gene does not exist
PROKKA_04262022/PROKKA_04262022:CDS	hypothetical protein	Ferroplasma:416099-419605	KNPMNEEE_00476

DiscRep_SUB:FEATURE_LOCATION_CONFLICT::Coding region xref gene does not exist
PROKKA_04262022/PROKKA_04262022:CDS	hypothetical protein	Ferroplasma:419605-420219	KNPMNEEE_00477

DiscRep_SUB:FEATURE_LOCATION_CONFLICT::Coding region xref gene does not exist
PROKKA_04262022/PROKKA_04262022:CDS	hypothetical protein	Ferroplasma:c420458-420216	KNPMNEEE_00478

DiscRep_SUB:FEATURE_LOCATION_CONFLICT::Coding region xref gene does not exist
PROKKA_04262022/PROKKA_04262022:CDS	hypothetical protein	Ferroplasma:420760-421026	KNPMNEEE_00479

DiscRep_SUB:FEATURE_LOCATION_CONFLICT::Coding region xref gene does not exist
PROKKA_04262022/PROKKA_04262022:CDS	hypothetical protein	Ferroplasma:421049-422110	KNPMNEEE_00480

DiscRep_SUB:FEATURE_LOCATION_CONFLICT::Coding region xref gene does not exist
PROKKA_04262022/PROKKA_04262022:CDS	Phosphoglucosamine mutase	Ferroplasma:422130-423470	KNPMNEEE_00481

DiscRep_SUB:FEATURE_LOCATION_CONFLICT::Coding region xref gene does not exist
PROKKA_04262022/PROKKA_04262022:CDS	Phosphatidylinositol phosphate synthase	Ferroplasma:c424070-423465	KNPMNEEE_00482

DiscRep_SUB:FEATURE_LOCATION_CONFLICT::Coding region xref gene does not exist
PROKKA_04262022/PROKKA_04262022:CDS	hypothetical protein	Ferroplasma:c425374-424094	KNPMNEEE_00483

DiscRep_SUB:FEATURE_LOCATION_CONFLICT::Coding region xref gene does not exist
PROKKA_04262022/PROKKA_04262022:CDS	Hydroxymethylpyrimidine/phosphomethylpyrimidine kinase	Ferroplasma:425425-426213	KNPMNEEE_00484

DiscRep_SUB:FEATURE_LOCATION_CONFLICT::Coding region xref gene does not exist
PROKKA_04262022/PROKKA_04262022:CDS	Thiamine-monophosphate kinase	Ferroplasma:426210-427241	KNPMNEEE_00485

DiscRep_SUB:FEATURE_LOCATION_CONFLICT::Coding region xref gene does not exist
PROKKA_04262022/PROKKA_04262022:CDS	hypothetical protein	Ferroplasma:427199-427381	KNPMNEEE_00486

DiscRep_SUB:FEATURE_LOCATION_CONFLICT::Coding region xref gene does not exist
PROKKA_04262022/PROKKA_04262022:CDS	Thiamine-phosphate synthase	Ferroplasma:427372-427857	KNPMNEEE_00487

DiscRep_SUB:FEATURE_LOCATION_CONFLICT::Coding region xref gene does not exist
PROKKA_04262022/PROKKA_04262022:CDS	hypothetical protein	Ferroplasma:427911-428681	KNPMNEEE_00488

DiscRep_SUB:FEATURE_LOCATION_CONFLICT::Coding region xref gene does not exist
PROKKA_04262022/PROKKA_04262022:CDS	S-adenosylmethionine decarboxylase proenzyme	Ferroplasma:429002-429394	KNPMNEEE_00489

DiscRep_SUB:FEATURE_LOCATION_CONFLICT::Coding region xref gene does not exist
PROKKA_04262022/PROKKA_04262022:CDS	hypothetical protein	Ferroplasma:429453-430319	KNPMNEEE_00490

DiscRep_SUB:FEATURE_LOCATION_CONFLICT::Coding region xref gene does not exist
PROKKA_04262022/PROKKA_04262022:CDS	Translation initiation factor IF-2	Ferroplasma:c431838-430360	KNPMNEEE_00491

DiscRep_SUB:FEATURE_LOCATION_CONFLICT::Coding region xref gene does not exist
PROKKA_04262022/PROKKA_04262022:CDS	Nucleoside diphosphate kinase	Ferroplasma:c432523-432104	KNPMNEEE_00492

DiscRep_SUB:FEATURE_LOCATION_CONFLICT::Coding region xref gene does not exist
PROKKA_04262022/PROKKA_04262022:CDS	hypothetical protein	Ferroplasma:c432940-432731	KNPMNEEE_00493

DiscRep_SUB:FEATURE_LOCATION_CONFLICT::Coding region xref gene does not exist
PROKKA_04262022/PROKKA_04262022:CDS	hypothetical protein	Ferroplasma:c433528-432947	KNPMNEEE_00494

DiscRep_SUB:FEATURE_LOCATION_CONFLICT::Coding region xref gene does not exist
PROKKA_04262022/PROKKA_04262022:CDS	hypothetical protein	Ferroplasma:c434257-434042	KNPMNEEE_00495

DiscRep_SUB:FEATURE_LOCATION_CONFLICT::Coding region xref gene does not exist
PROKKA_04262022/PROKKA_04262022:CDS	Inner membrane metabolite transport protein YhjE	Ferroplasma:434309-435205	KNPMNEEE_00496

DiscRep_SUB:FEATURE_LOCATION_CONFLICT::Coding region xref gene does not exist
PROKKA_04262022/PROKKA_04262022:CDS	hypothetical protein	Ferroplasma:c435757-435230	KNPMNEEE_00497

DiscRep_SUB:FEATURE_LOCATION_CONFLICT::Coding region xref gene does not exist
PROKKA_04262022/PROKKA_04262022:CDS	Magnesium-chelatase 38 kDa subunit	Ferroplasma:c437070-435925	KNPMNEEE_00498

DiscRep_SUB:FEATURE_LOCATION_CONFLICT::Coding region xref gene does not exist
PROKKA_04262022/PROKKA_04262022:CDS	hypothetical protein	Ferroplasma:c440543-437067	KNPMNEEE_00499

DiscRep_SUB:FEATURE_LOCATION_CONFLICT::Coding region xref gene does not exist
PROKKA_04262022/PROKKA_04262022:CDS	Formate hydrogenlyase subunit 4	Ferroplasma:440736-441677	KNPMNEEE_00500

DiscRep_SUB:FEATURE_LOCATION_CONFLICT::Coding region xref gene does not exist
PROKKA_04262022/PROKKA_04262022:CDS	hypothetical protein	Ferroplasma:441674-442315	KNPMNEEE_00501

DiscRep_SUB:FEATURE_LOCATION_CONFLICT::Coding region xref gene does not exist
PROKKA_04262022/PROKKA_04262022:CDS	NAD(P)H-quinone oxidoreductase subunit 2, chloroplastic	Ferroplasma:442312-443637	KNPMNEEE_00502

DiscRep_SUB:FEATURE_LOCATION_CONFLICT::Coding region xref gene does not exist
PROKKA_04262022/PROKKA_04262022:CDS	Formate hydrogenlyase subunit 5	Ferroplasma:443624-444778	KNPMNEEE_00503

DiscRep_SUB:FEATURE_LOCATION_CONFLICT::Coding region xref gene does not exist
PROKKA_04262022/PROKKA_04262022:CDS	NAD(P)H-quinone oxidoreductase subunit K, chloroplastic	Ferroplasma:444745-445374	KNPMNEEE_00504

DiscRep_SUB:FEATURE_LOCATION_CONFLICT::Coding region xref gene does not exist
PROKKA_04262022/PROKKA_04262022:CDS	NAD(P)H-quinone oxidoreductase subunit 2, chloroplastic	Ferroplasma:445371-447116	KNPMNEEE_00505

DiscRep_SUB:FEATURE_LOCATION_CONFLICT::Coding region xref gene does not exist
PROKKA_04262022/PROKKA_04262022:CDS	hypothetical protein	Ferroplasma:447569-448654	KNPMNEEE_00506

DiscRep_SUB:FEATURE_LOCATION_CONFLICT::Coding region xref gene does not exist
PROKKA_04262022/PROKKA_04262022:CDS	hypothetical protein	Ferroplasma:448804-449004	KNPMNEEE_00507

DiscRep_SUB:FEATURE_LOCATION_CONFLICT::Coding region xref gene does not exist
PROKKA_04262022/PROKKA_04262022:CDS	hypothetical protein	Ferroplasma:449414-449572	KNPMNEEE_00508

DiscRep_SUB:FEATURE_LOCATION_CONFLICT::Coding region xref gene does not exist
PROKKA_04262022/PROKKA_04262022:CDS	hypothetical protein	Ferroplasma:c450091-449579	KNPMNEEE_00509

DiscRep_SUB:FEATURE_LOCATION_CONFLICT::Coding region xref gene does not exist
PROKKA_04262022/PROKKA_04262022:CDS	hypothetical protein	Ferroplasma:c450380-450126	KNPMNEEE_00510

DiscRep_SUB:FEATURE_LOCATION_CONFLICT::Coding region xref gene does not exist
PROKKA_04262022/PROKKA_04262022:CDS	Phosphoribosylformylglycinamidine synthase subunit PurL	Ferroplasma:c452668-450419	KNPMNEEE_00511

DiscRep_SUB:FEATURE_LOCATION_CONFLICT::Coding region xref gene does not exist
PROKKA_04262022/PROKKA_04262022:CDS	Phosphoribosylformylglycinamidine synthase subunit PurS	Ferroplasma:c452912-452670	KNPMNEEE_00512

DiscRep_SUB:FEATURE_LOCATION_CONFLICT::Coding region xref gene does not exist
PROKKA_04262022/PROKKA_04262022:CDS	hypothetical protein	Ferroplasma:453057-453374	KNPMNEEE_00513

DiscRep_SUB:FEATURE_LOCATION_CONFLICT::Coding region xref gene does not exist
PROKKA_04262022/PROKKA_04262022:CDS	hypothetical protein	Ferroplasma:c454330-453377	KNPMNEEE_00514

DiscRep_SUB:FEATURE_LOCATION_CONFLICT::Coding region xref gene does not exist
PROKKA_04262022/PROKKA_04262022:CDS	Geranylgeranylglyceryl phosphate synthase	Ferroplasma:c454539-454384	KNPMNEEE_00515

DiscRep_SUB:FEATURE_LOCATION_CONFLICT::Coding region xref gene does not exist
PROKKA_04262022/PROKKA_04262022:CDS	Geranylgeranylglyceryl phosphate synthase	Ferroplasma:c455162-454536	KNPMNEEE_00516

DiscRep_SUB:FEATURE_LOCATION_CONFLICT::Coding region xref gene does not exist
PROKKA_04262022/PROKKA_04262022:CDS	hypothetical protein	Ferroplasma:c455981-455436	KNPMNEEE_00517

DiscRep_SUB:FEATURE_LOCATION_CONFLICT::Coding region xref gene does not exist
PROKKA_04262022/PROKKA_04262022:CDS	hypothetical protein	Ferroplasma:456042-456398	KNPMNEEE_00518

DiscRep_SUB:FEATURE_LOCATION_CONFLICT::Coding region xref gene does not exist
PROKKA_04262022/PROKKA_04262022:CDS	hypothetical protein	Ferroplasma:456395-456946	KNPMNEEE_00519

DiscRep_SUB:FEATURE_LOCATION_CONFLICT::Coding region xref gene does not exist
PROKKA_04262022/PROKKA_04262022:CDS	tRNA (guanine(26)-N(2))-dimethyltransferase	Ferroplasma:456924-457979	KNPMNEEE_00520

DiscRep_SUB:FEATURE_LOCATION_CONFLICT::Coding region xref gene does not exist
PROKKA_04262022/PROKKA_04262022:CDS	hypothetical protein	Ferroplasma:c458448-457984	KNPMNEEE_00521

DiscRep_SUB:FEATURE_LOCATION_CONFLICT::Coding region xref gene does not exist
PROKKA_04262022/PROKKA_04262022:CDS	Putative competence-damage inducible protein	Ferroplasma:c459277-458522	KNPMNEEE_00522

DiscRep_SUB:FEATURE_LOCATION_CONFLICT::Coding region xref gene does not exist
PROKKA_04262022/PROKKA_04262022:CDS	L-rhamnonate dehydratase	Ferroplasma:459459-460565	KNPMNEEE_00523

DiscRep_SUB:FEATURE_LOCATION_CONFLICT::Coding region xref gene does not exist
PROKKA_04262022/PROKKA_04262022:CDS	putative 2-dehydro-3-deoxy-D-pentonate aldolase YjhH	Ferroplasma:c461468-460581	KNPMNEEE_00524

DiscRep_SUB:FEATURE_LOCATION_CONFLICT::Coding region xref gene does not exist
PROKKA_04262022/PROKKA_04262022:CDS	hypothetical protein	Ferroplasma:461560-462318	KNPMNEEE_00525

DiscRep_SUB:FEATURE_LOCATION_CONFLICT::Coding region xref gene does not exist
PROKKA_04262022/PROKKA_04262022:CDS	hypothetical protein	Ferroplasma:c462771-462469	KNPMNEEE_00526

DiscRep_SUB:FEATURE_LOCATION_CONFLICT::Coding region xref gene does not exist
PROKKA_04262022/PROKKA_04262022:CDS	putative metabolite transport protein CsbC	Ferroplasma:463023-464384	KNPMNEEE_00527

DiscRep_SUB:FEATURE_LOCATION_CONFLICT::Coding region xref gene does not exist
PROKKA_04262022/PROKKA_04262022:CDS	Glucose 1-dehydrogenase 2	Ferroplasma:c465248-464487	KNPMNEEE_00528

DiscRep_SUB:FEATURE_LOCATION_CONFLICT::Coding region xref gene does not exist
PROKKA_04262022/PROKKA_04262022:CDS	hypothetical protein	Ferroplasma:c465971-465258	KNPMNEEE_00529

DiscRep_SUB:FEATURE_LOCATION_CONFLICT::Coding region xref gene does not exist
PROKKA_04262022/PROKKA_04262022:CDS	hypothetical protein	Ferroplasma:c466399-466049	KNPMNEEE_00530

DiscRep_SUB:FEATURE_LOCATION_CONFLICT::Coding region xref gene does not exist
PROKKA_04262022/PROKKA_04262022:CDS	UTP--glucose-1-phosphate uridylyltransferase	Ferroplasma:c467404-466478	KNPMNEEE_00531

DiscRep_SUB:FEATURE_LOCATION_CONFLICT::Coding region xref gene does not exist
PROKKA_04262022/PROKKA_04262022:CDS	Succinate-semialdehyde dehydrogenase [NADP(+)] 1	Ferroplasma:467584-468897	KNPMNEEE_00532

DiscRep_SUB:FEATURE_LOCATION_CONFLICT::Coding region xref gene does not exist
PROKKA_04262022/PROKKA_04262022:CDS	hypothetical protein	Ferroplasma:468918-470057	KNPMNEEE_00533

DiscRep_SUB:FEATURE_LOCATION_CONFLICT::Coding region xref gene does not exist
PROKKA_04262022/PROKKA_04262022:CDS	hypothetical protein	Ferroplasma:470082-471146	KNPMNEEE_00534

DiscRep_SUB:FEATURE_LOCATION_CONFLICT::Coding region xref gene does not exist
PROKKA_04262022/PROKKA_04262022:CDS	hypothetical protein	Ferroplasma:471326-471847	KNPMNEEE_00535

DiscRep_SUB:FEATURE_LOCATION_CONFLICT::Coding region xref gene does not exist
PROKKA_04262022/PROKKA_04262022:CDS	hypothetical protein	Ferroplasma:471963-472310	KNPMNEEE_00536

DiscRep_SUB:FEATURE_LOCATION_CONFLICT::Coding region xref gene does not exist
PROKKA_04262022/PROKKA_04262022:CDS	hypothetical protein	Ferroplasma:472613-472891	KNPMNEEE_00537

DiscRep_SUB:FEATURE_LOCATION_CONFLICT::Coding region xref gene does not exist
PROKKA_04262022/PROKKA_04262022:CDS	hypothetical protein	Ferroplasma:472952-473560	KNPMNEEE_00538

DiscRep_SUB:FEATURE_LOCATION_CONFLICT::Coding region xref gene does not exist
PROKKA_04262022/PROKKA_04262022:CDS	hypothetical protein	Ferroplasma:473931-474350	KNPMNEEE_00539

DiscRep_SUB:FEATURE_LOCATION_CONFLICT::Coding region xref gene does not exist
PROKKA_04262022/PROKKA_04262022:CDS	5,6-dimethylbenzimidazole synthase	Ferroplasma:c475004-474339	KNPMNEEE_00540

DiscRep_SUB:FEATURE_LOCATION_CONFLICT::Coding region xref gene does not exist
PROKKA_04262022/PROKKA_04262022:CDS	hypothetical protein	Ferroplasma:475115-476527	KNPMNEEE_00541

DiscRep_SUB:FEATURE_LOCATION_CONFLICT::Coding region xref gene does not exist
PROKKA_04262022/PROKKA_04262022:CDS	hypothetical protein	Ferroplasma:476545-476868	KNPMNEEE_00542

DiscRep_SUB:FEATURE_LOCATION_CONFLICT::Coding region xref gene does not exist
PROKKA_04262022/PROKKA_04262022:CDS	hypothetical protein	Ferroplasma:c477130-476843	KNPMNEEE_00543

DiscRep_SUB:FEATURE_LOCATION_CONFLICT::Coding region xref gene does not exist
PROKKA_04262022/PROKKA_04262022:CDS	N-carbamoyl-L-amino acid hydrolase	Ferroplasma:c478472-477213	KNPMNEEE_00544

DiscRep_SUB:FEATURE_LOCATION_CONFLICT::Coding region xref gene does not exist
PROKKA_04262022/PROKKA_04262022:CDS	D-hydantoinase	Ferroplasma:c479846-478473	KNPMNEEE_00545

DiscRep_SUB:FEATURE_LOCATION_CONFLICT::Coding region xref gene does not exist
PROKKA_04262022/PROKKA_04262022:CDS	hypothetical protein	Ferroplasma:479879-480043	KNPMNEEE_00546

DiscRep_SUB:FEATURE_LOCATION_CONFLICT::Coding region xref gene does not exist
PROKKA_04262022/PROKKA_04262022:CDS	hypothetical protein	Ferroplasma:480290-481420	KNPMNEEE_00547

DiscRep_SUB:FEATURE_LOCATION_CONFLICT::Coding region xref gene does not exist
PROKKA_04262022/PROKKA_04262022:CDS	Histidine ammonia-lyase	Ferroplasma:481478-482989	KNPMNEEE_00548

DiscRep_SUB:FEATURE_LOCATION_CONFLICT::Coding region xref gene does not exist
PROKKA_04262022/PROKKA_04262022:CDS	hypothetical protein	Ferroplasma:483635-484348	KNPMNEEE_00549

DiscRep_SUB:FEATURE_LOCATION_CONFLICT::Coding region xref gene does not exist
PROKKA_04262022/PROKKA_04262022:CDS	putative endonuclease 4	Ferroplasma:484332-485195	KNPMNEEE_00550

DiscRep_SUB:FEATURE_LOCATION_CONFLICT::Coding region xref gene does not exist
PROKKA_04262022/PROKKA_04262022:CDS	hypothetical protein	Ferroplasma:c486644-486432	KNPMNEEE_00552

DiscRep_SUB:FEATURE_LOCATION_CONFLICT::Coding region xref gene does not exist
PROKKA_04262022/PROKKA_04262022:CDS	hypothetical protein	Ferroplasma:486736-486987	KNPMNEEE_00553

DiscRep_SUB:FEATURE_LOCATION_CONFLICT::Coding region xref gene does not exist
PROKKA_04262022/PROKKA_04262022:CDS	putative HTH-type transcriptional regulator YtcD	Ferroplasma:486974-487288	KNPMNEEE_00554

DiscRep_SUB:FEATURE_LOCATION_CONFLICT::Coding region xref gene does not exist
PROKKA_04262022/PROKKA_04262022:CDS	hypothetical protein	Ferroplasma:487310-488143	KNPMNEEE_00555

DiscRep_SUB:FEATURE_LOCATION_CONFLICT::Coding region xref gene does not exist
PROKKA_04262022/PROKKA_04262022:CDS	3-octaprenyl-4-hydroxybenzoate carboxy-lyase	Ferroplasma:488174-489619	KNPMNEEE_00556

DiscRep_SUB:FEATURE_LOCATION_CONFLICT::Coding region xref gene does not exist
PROKKA_04262022/PROKKA_04262022:CDS	2-methoxy-6-polyprenyl-1,4-benzoquinol methylase, mitochondrial	Ferroplasma:c490210-489620	KNPMNEEE_00557

DiscRep_SUB:FEATURE_LOCATION_CONFLICT::Coding region xref gene does not exist
PROKKA_04262022/PROKKA_04262022:CDS	hypothetical protein	Ferroplasma:c490483-490283	KNPMNEEE_00558

DiscRep_SUB:FEATURE_LOCATION_CONFLICT::Coding region xref gene does not exist
PROKKA_04262022/PROKKA_04262022:CDS	Molybdenum cofactor guanylyltransferase	Ferroplasma:490719-491207	KNPMNEEE_00559

DiscRep_SUB:FEATURE_LOCATION_CONFLICT::Coding region xref gene does not exist
PROKKA_04262022/PROKKA_04262022:CDS	hypothetical protein	Ferroplasma:491557-492687	KNPMNEEE_00560

DiscRep_SUB:FEATURE_LOCATION_CONFLICT::Coding region xref gene does not exist
PROKKA_04262022/PROKKA_04262022:CDS	RecBCD enzyme subunit RecB	Ferroplasma:493090-495762	KNPMNEEE_00562

DiscRep_SUB:FEATURE_LOCATION_CONFLICT::Coding region xref gene does not exist
PROKKA_04262022/PROKKA_04262022:CDS	Sulfur carrier protein FdhD	Ferroplasma:c496594-495776	KNPMNEEE_00563

DiscRep_SUB:FEATURE_LOCATION_CONFLICT::Coding region xref gene does not exist
PROKKA_04262022/PROKKA_04262022:CDS	hypothetical protein	Ferroplasma:c497022-496591	KNPMNEEE_00564

DiscRep_SUB:FEATURE_LOCATION_CONFLICT::Coding region xref gene does not exist
PROKKA_04262022/PROKKA_04262022:CDS	Putative formate dehydrogenase	Ferroplasma:c499961-497067	KNPMNEEE_00565

DiscRep_SUB:FEATURE_LOCATION_CONFLICT::Coding region xref gene does not exist
PROKKA_04262022/PROKKA_04262022:CDS	hypothetical protein	Ferroplasma:500049-500645	KNPMNEEE_00566

DiscRep_SUB:FEATURE_LOCATION_CONFLICT::Coding region xref gene does not exist
PROKKA_04262022/PROKKA_04262022:CDS	hypothetical protein	Ferroplasma:500676-501134	KNPMNEEE_00567

DiscRep_SUB:FEATURE_LOCATION_CONFLICT::Coding region xref gene does not exist
PROKKA_04262022/PROKKA_04262022:CDS	Molybdenum cofactor guanylyltransferase	Ferroplasma:c501665-501120	KNPMNEEE_00568

DiscRep_SUB:FEATURE_LOCATION_CONFLICT::Coding region xref gene does not exist
PROKKA_04262022/PROKKA_04262022:CDS	hypothetical protein	Ferroplasma:c502069-501665	KNPMNEEE_00569

DiscRep_SUB:FEATURE_LOCATION_CONFLICT::Coding region xref gene does not exist
PROKKA_04262022/PROKKA_04262022:CDS	hypothetical protein	Ferroplasma:c503417-502140	KNPMNEEE_00570

DiscRep_SUB:FEATURE_LOCATION_CONFLICT::Coding region xref gene does not exist
PROKKA_04262022/PROKKA_04262022:CDS	Molybdopterin molybdenumtransferase	Ferroplasma:c504160-503408	KNPMNEEE_00571

DiscRep_SUB:FEATURE_LOCATION_CONFLICT::Coding region xref gene does not exist
PROKKA_04262022/PROKKA_04262022:CDS	Molybdopterin molybdenumtransferase	Ferroplasma:c504636-504163	KNPMNEEE_00572

DiscRep_SUB:FEATURE_LOCATION_CONFLICT::Coding region xref gene does not exist
PROKKA_04262022/PROKKA_04262022:CDS	hypothetical protein	Ferroplasma:504731-506383	KNPMNEEE_00573

DiscRep_SUB:FEATURE_LOCATION_CONFLICT::Coding region xref gene does not exist
PROKKA_04262022/PROKKA_04262022:CDS	Cellulose synthase catalytic subunit [UDP-forming]	Ferroplasma:c508136-506625	KNPMNEEE_00574

DiscRep_SUB:FEATURE_LOCATION_CONFLICT::Coding region xref gene does not exist
PROKKA_04262022/PROKKA_04262022:CDS	hypothetical protein	Ferroplasma:c508358-508167	KNPMNEEE_00575

DiscRep_SUB:FEATURE_LOCATION_CONFLICT::Coding region xref gene does not exist
PROKKA_04262022/PROKKA_04262022:CDS	hypothetical protein	Ferroplasma:c510820-508355	KNPMNEEE_00576

DiscRep_SUB:FEATURE_LOCATION_CONFLICT::Coding region xref gene does not exist
PROKKA_04262022/PROKKA_04262022:CDS	Formate dehydrogenase H	Ferroplasma:c511796-511083	KNPMNEEE_00577

DiscRep_SUB:FEATURE_LOCATION_CONFLICT::Coding region xref gene does not exist
PROKKA_04262022/PROKKA_04262022:CDS	Formate dehydrogenase H	Ferroplasma:c513034-511844	KNPMNEEE_00578

DiscRep_SUB:FEATURE_LOCATION_CONFLICT::Coding region xref gene does not exist
PROKKA_04262022/PROKKA_04262022:CDS	hypothetical protein	Ferroplasma:513329-513436	KNPMNEEE_00579

DiscRep_SUB:FEATURE_LOCATION_CONFLICT::Coding region xref gene does not exist
PROKKA_04262022/PROKKA_04262022:CDS	hypothetical protein	Ferroplasma:513466-514251	KNPMNEEE_00580

DiscRep_SUB:FEATURE_LOCATION_CONFLICT::Coding region xref gene does not exist
PROKKA_04262022/PROKKA_04262022:CDS	hypothetical protein	Ferroplasma:514724-515290	KNPMNEEE_00581

DiscRep_SUB:FEATURE_LOCATION_CONFLICT::Coding region xref gene does not exist
PROKKA_04262022/PROKKA_04262022:CDS	hypothetical protein	Ferroplasma:515434-515568	KNPMNEEE_00582

DiscRep_SUB:FEATURE_LOCATION_CONFLICT::Coding region xref gene does not exist
PROKKA_04262022/PROKKA_04262022:CDS	IS607 family transposase ISTvo1	Ferroplasma:515711-516010	KNPMNEEE_00583

DiscRep_SUB:FEATURE_LOCATION_CONFLICT::Coding region xref gene does not exist
PROKKA_04262022/PROKKA_04262022:CDS	hypothetical protein	Ferroplasma:516505-516882	KNPMNEEE_00585

DiscRep_SUB:FEATURE_LOCATION_CONFLICT::Coding region xref gene does not exist
PROKKA_04262022/PROKKA_04262022:CDS	hypothetical protein	Ferroplasma:c517154-516879	KNPMNEEE_00586

DiscRep_SUB:FEATURE_LOCATION_CONFLICT::Coding region xref gene does not exist
PROKKA_04262022/PROKKA_04262022:CDS	DNA topoisomerase 3	Ferroplasma:517296-519332	KNPMNEEE_00587

DiscRep_SUB:FEATURE_LOCATION_CONFLICT::Coding region xref gene does not exist
PROKKA_04262022/PROKKA_04262022:CDS	hypothetical protein	Ferroplasma:519519-520412	KNPMNEEE_00588

DiscRep_SUB:FEATURE_LOCATION_CONFLICT::Coding region xref gene does not exist
PROKKA_04262022/PROKKA_04262022:CDS	Bifunctional purine biosynthesis protein PurH	Ferroplasma:c520873-520409	KNPMNEEE_00589

DiscRep_SUB:FEATURE_LOCATION_CONFLICT::Coding region xref gene does not exist
PROKKA_04262022/PROKKA_04262022:CDS	Bifunctional purine biosynthesis protein PurH	Ferroplasma:c521909-520863	KNPMNEEE_00590

DiscRep_SUB:FEATURE_LOCATION_CONFLICT::Coding region xref gene does not exist
PROKKA_04262022/PROKKA_04262022:CDS	DNA polymerase/3'-5' exonuclease PolX	Ferroplasma:c523537-522362	KNPMNEEE_00591

DiscRep_SUB:FEATURE_LOCATION_CONFLICT::Coding region xref gene does not exist
PROKKA_04262022/PROKKA_04262022:CDS	DNA polymerase/3'-5' exonuclease PolX	Ferroplasma:c524112-523570	KNPMNEEE_00592

DiscRep_SUB:FEATURE_LOCATION_CONFLICT::Coding region xref gene does not exist
PROKKA_04262022/PROKKA_04262022:CDS	hypothetical protein	Ferroplasma:525004-525396	KNPMNEEE_00593

DiscRep_SUB:FEATURE_LOCATION_CONFLICT::Coding region xref gene does not exist
PROKKA_04262022/PROKKA_04262022:CDS	hypothetical protein	Ferroplasma:525460-525915	KNPMNEEE_00594

DiscRep_SUB:FEATURE_LOCATION_CONFLICT::Coding region xref gene does not exist
PROKKA_04262022/PROKKA_04262022:CDS	hypothetical protein	Ferroplasma:c526722-525946	KNPMNEEE_00595

DiscRep_SUB:FEATURE_LOCATION_CONFLICT::Coding region xref gene does not exist
PROKKA_04262022/PROKKA_04262022:CDS	S-adenosylmethionine synthase	Ferroplasma:527483-528697	KNPMNEEE_00596

DiscRep_SUB:FEATURE_LOCATION_CONFLICT::Coding region xref gene does not exist
PROKKA_04262022/PROKKA_04262022:CDS	hypothetical protein	Ferroplasma:c529094-528702	KNPMNEEE_00597

DiscRep_SUB:FEATURE_LOCATION_CONFLICT::Coding region xref gene does not exist
PROKKA_04262022/PROKKA_04262022:CDS	hypothetical protein	Ferroplasma:c529600-529199	KNPMNEEE_00598

DiscRep_SUB:FEATURE_LOCATION_CONFLICT::Coding region xref gene does not exist
PROKKA_04262022/PROKKA_04262022:CDS	hypothetical protein	Ferroplasma:c530576-529587	KNPMNEEE_00599

DiscRep_SUB:FEATURE_LOCATION_CONFLICT::Coding region xref gene does not exist
PROKKA_04262022/PROKKA_04262022:CDS	Phosphoenolpyruvate carboxylase	Ferroplasma:530900-532477	KNPMNEEE_00600

DiscRep_SUB:FEATURE_LOCATION_CONFLICT::Coding region xref gene does not exist
PROKKA_04262022/PROKKA_04262022:CDS	hypothetical protein	Ferroplasma:532705-532962	KNPMNEEE_00601

DiscRep_SUB:FEATURE_LOCATION_CONFLICT::Coding region xref gene does not exist
PROKKA_04262022/PROKKA_04262022:CDS	hypothetical protein	Ferroplasma:532966-533292	KNPMNEEE_00602

DiscRep_SUB:FEATURE_LOCATION_CONFLICT::Coding region xref gene does not exist
PROKKA_04262022/PROKKA_04262022:CDS	Isopentenyl-diphosphate delta-isomerase	Ferroplasma:533541-535634	KNPMNEEE_00603

DiscRep_SUB:FEATURE_LOCATION_CONFLICT::Coding region xref gene does not exist
PROKKA_04262022/PROKKA_04262022:CDS	Amidophosphoribosyltransferase	Ferroplasma:535631-537526	KNPMNEEE_00604

DiscRep_SUB:FEATURE_LOCATION_CONFLICT::Coding region xref gene does not exist
PROKKA_04262022/PROKKA_04262022:CDS	Putative cytochrome P450 YjiB	Ferroplasma:c538726-537587	KNPMNEEE_00605

DiscRep_SUB:FEATURE_LOCATION_CONFLICT::Coding region xref gene does not exist
PROKKA_04262022/PROKKA_04262022:CDS	hypothetical protein	Ferroplasma:538834-539610	KNPMNEEE_00606

DiscRep_SUB:FEATURE_LOCATION_CONFLICT::Coding region xref gene does not exist
PROKKA_04262022/PROKKA_04262022:CDS	hypothetical protein	Ferroplasma:539612-541465	KNPMNEEE_00607

DiscRep_SUB:FEATURE_LOCATION_CONFLICT::Coding region xref gene does not exist
PROKKA_04262022/PROKKA_04262022:CDS	Delta-aminolevulinic acid dehydratase	Ferroplasma:c542363-541395	KNPMNEEE_00608

DiscRep_SUB:FEATURE_LOCATION_CONFLICT::Coding region xref gene does not exist
PROKKA_04262022/PROKKA_04262022:CDS	7-cyano-7-deazaguanine synthase	Ferroplasma:c543123-542404	KNPMNEEE_00609

DiscRep_SUB:FEATURE_LOCATION_CONFLICT::Coding region xref gene does not exist
PROKKA_04262022/PROKKA_04262022:CDS	Putative 2-hydroxyacid dehydrogenase	Ferroplasma:c544081-543146	KNPMNEEE_00610

DiscRep_SUB:FEATURE_LOCATION_CONFLICT::Coding region xref gene does not exist
PROKKA_04262022/PROKKA_04262022:CDS	hypothetical protein	Ferroplasma:544185-544847	KNPMNEEE_00611

DiscRep_SUB:FEATURE_LOCATION_CONFLICT::Coding region xref gene does not exist
PROKKA_04262022/PROKKA_04262022:CDS	hypothetical protein	Ferroplasma:544878-545393	KNPMNEEE_00612

DiscRep_SUB:FEATURE_LOCATION_CONFLICT::Coding region xref gene does not exist
PROKKA_04262022/PROKKA_04262022:CDS	hypothetical protein	Ferroplasma:545510-546115	KNPMNEEE_00613

DiscRep_SUB:FEATURE_LOCATION_CONFLICT::Coding region xref gene does not exist
PROKKA_04262022/PROKKA_04262022:CDS	Putative phosphoserine phosphatase 2	Ferroplasma:c546711-546112	KNPMNEEE_00614

DiscRep_SUB:FEATURE_LOCATION_CONFLICT::Coding region xref gene does not exist
PROKKA_04262022/PROKKA_04262022:CDS	Aspartate-proton symporter	Ferroplasma:547022-548581	KNPMNEEE_00615

DiscRep_SUB:FEATURE_LOCATION_CONFLICT::Coding region xref gene does not exist
PROKKA_04262022/PROKKA_04262022:CDS	Arginine deiminase	Ferroplasma:548595-549896	KNPMNEEE_00616

DiscRep_SUB:FEATURE_LOCATION_CONFLICT::Coding region xref gene does not exist
PROKKA_04262022/PROKKA_04262022:CDS	Ornithine carbamoyltransferase	Ferroplasma:549932-550831	KNPMNEEE_00617

DiscRep_SUB:FEATURE_LOCATION_CONFLICT::Coding region xref gene does not exist
PROKKA_04262022/PROKKA_04262022:CDS	Carbamate kinase 2	Ferroplasma:550836-551693	KNPMNEEE_00618

DiscRep_SUB:FEATURE_LOCATION_CONFLICT::Coding region xref gene does not exist
PROKKA_04262022/PROKKA_04262022:CDS	Ammonia channel	Ferroplasma:551837-552475	KNPMNEEE_00619

DiscRep_SUB:FEATURE_LOCATION_CONFLICT::Coding region xref gene does not exist
PROKKA_04262022/PROKKA_04262022:CDS	Ammonia channel	Ferroplasma:552601-553137	KNPMNEEE_00620

DiscRep_SUB:FEATURE_LOCATION_CONFLICT::Coding region xref gene does not exist
PROKKA_04262022/PROKKA_04262022:CDS	hypothetical protein	Ferroplasma:c553655-553410	KNPMNEEE_00622

DiscRep_SUB:FEATURE_LOCATION_CONFLICT::Coding region xref gene does not exist
PROKKA_04262022/PROKKA_04262022:CDS	hypothetical protein	Ferroplasma:553677-554087	KNPMNEEE_00623

DiscRep_SUB:FEATURE_LOCATION_CONFLICT::Coding region xref gene does not exist
PROKKA_04262022/PROKKA_04262022:CDS	Chaperone protein DnaJ	Ferroplasma:554127-554837	KNPMNEEE_00624

DiscRep_SUB:FEATURE_LOCATION_CONFLICT::Coding region xref gene does not exist
PROKKA_04262022/PROKKA_04262022:CDS	Ribonuclease	Ferroplasma:c556068-554839	KNPMNEEE_00625

DiscRep_SUB:FEATURE_LOCATION_CONFLICT::Coding region xref gene does not exist
PROKKA_04262022/PROKKA_04262022:CDS	S-methyl-5'-thioadenosine phosphorylase	Ferroplasma:c556848-556075	KNPMNEEE_00626

DiscRep_SUB:FEATURE_LOCATION_CONFLICT::Coding region xref gene does not exist
PROKKA_04262022/PROKKA_04262022:CDS	hypothetical protein	Ferroplasma:c557618-556890	KNPMNEEE_00627

DiscRep_SUB:FEATURE_LOCATION_CONFLICT::Coding region xref gene does not exist
PROKKA_04262022/PROKKA_04262022:CDS	Bifunctional protein HldE	Ferroplasma:558216-558635	KNPMNEEE_00628

DiscRep_SUB:FEATURE_LOCATION_CONFLICT::Coding region xref gene does not exist
PROKKA_04262022/PROKKA_04262022:CDS	hypothetical protein	Ferroplasma:c559170-558787	KNPMNEEE_00629

DiscRep_SUB:FEATURE_LOCATION_CONFLICT::Coding region xref gene does not exist
PROKKA_04262022/PROKKA_04262022:CDS	hypothetical protein	Ferroplasma:c559397-559164	KNPMNEEE_00630

DiscRep_SUB:FEATURE_LOCATION_CONFLICT::Coding region xref gene does not exist
PROKKA_04262022/PROKKA_04262022:CDS	hypothetical protein	Ferroplasma:559647-559811	KNPMNEEE_00631

DiscRep_SUB:FEATURE_LOCATION_CONFLICT::Coding region xref gene does not exist
PROKKA_04262022/PROKKA_04262022:CDS	hypothetical protein	Ferroplasma:560020-560565	KNPMNEEE_00632

DiscRep_SUB:FEATURE_LOCATION_CONFLICT::Coding region xref gene does not exist
PROKKA_04262022/PROKKA_04262022:CDS	Endonuclease III	Ferroplasma:c561194-560562	KNPMNEEE_00633

DiscRep_SUB:FEATURE_LOCATION_CONFLICT::Coding region xref gene does not exist
PROKKA_04262022/PROKKA_04262022:CDS	hypothetical protein	Ferroplasma:c561889-561287	KNPMNEEE_00634

DiscRep_SUB:FEATURE_LOCATION_CONFLICT::Coding region xref gene does not exist
PROKKA_04262022/PROKKA_04262022:CDS	GDP-mannose 4,6-dehydratase	Ferroplasma:562022-563161	KNPMNEEE_00635

DiscRep_SUB:FEATURE_LOCATION_CONFLICT::Coding region xref gene does not exist
PROKKA_04262022/PROKKA_04262022:CDS	Bifunctional protein GlmU	Ferroplasma:c563870-563148	KNPMNEEE_00636

DiscRep_SUB:FEATURE_LOCATION_CONFLICT::Coding region xref gene does not exist
PROKKA_04262022/PROKKA_04262022:CDS	tRNA-5-methyluridine(54) 2-sulfurtransferase	Ferroplasma:563955-564890	KNPMNEEE_00637

DiscRep_SUB:FEATURE_LOCATION_CONFLICT::Coding region xref gene does not exist
PROKKA_04262022/PROKKA_04262022:CDS	Modification methylase DpnIIA	Ferroplasma:565335-566186	KNPMNEEE_00639

DiscRep_SUB:FEATURE_LOCATION_CONFLICT::Coding region xref gene does not exist
PROKKA_04262022/PROKKA_04262022:CDS	hypothetical protein	Ferroplasma:c567064-566183	KNPMNEEE_00640

DiscRep_SUB:FEATURE_LOCATION_CONFLICT::Coding region xref gene does not exist
PROKKA_04262022/PROKKA_04262022:CDS	hypothetical protein	Ferroplasma:c567207-567061	KNPMNEEE_00641

DiscRep_SUB:FEATURE_LOCATION_CONFLICT::Coding region xref gene does not exist
PROKKA_04262022/PROKKA_04262022:CDS	hypothetical protein	Ferroplasma:567289-567897	KNPMNEEE_00642

DiscRep_SUB:FEATURE_LOCATION_CONFLICT::Coding region xref gene does not exist
PROKKA_04262022/PROKKA_04262022:CDS	hypothetical protein	Ferroplasma:c568148-567939	KNPMNEEE_00643

DiscRep_SUB:FEATURE_LOCATION_CONFLICT::Coding region xref gene does not exist
PROKKA_04262022/PROKKA_04262022:CDS	Trans-aconitate 2-methyltransferase	Ferroplasma:c568693-568145	KNPMNEEE_00644

DiscRep_SUB:FEATURE_LOCATION_CONFLICT::Coding region xref gene does not exist
PROKKA_04262022/PROKKA_04262022:CDS	hypothetical protein	Ferroplasma:568838-569215	KNPMNEEE_00645

DiscRep_SUB:FEATURE_LOCATION_CONFLICT::Coding region xref gene does not exist
PROKKA_04262022/PROKKA_04262022:CDS	hypothetical protein	Ferroplasma:c569914-569291	KNPMNEEE_00646

DiscRep_SUB:FEATURE_LOCATION_CONFLICT::Coding region xref gene does not exist
PROKKA_04262022/PROKKA_04262022:CDS	Urocanate hydratase	Ferroplasma:570186-571862	KNPMNEEE_00647

DiscRep_SUB:FEATURE_LOCATION_CONFLICT::Coding region xref gene does not exist
PROKKA_04262022/PROKKA_04262022:CDS	Putative niacin/nicotinamide transporter NaiP	Ferroplasma:c573071-571881	KNPMNEEE_00648

DiscRep_SUB:FEATURE_LOCATION_CONFLICT::Coding region xref gene does not exist
PROKKA_04262022/PROKKA_04262022:CDS	hypothetical protein	Ferroplasma:574011-574100	KNPMNEEE_00649

DiscRep_SUB:FEATURE_LOCATION_CONFLICT::Coding region xref gene does not exist
PROKKA_04262022/PROKKA_04262022:CDS	Anaerobic glycerol-3-phosphate dehydrogenase subunit A	Ferroplasma:574184-575440	KNPMNEEE_00650

DiscRep_SUB:FEATURE_LOCATION_CONFLICT::Coding region xref gene does not exist
PROKKA_04262022/PROKKA_04262022:CDS	hypothetical protein	Ferroplasma:575441-575890	KNPMNEEE_00651

DiscRep_SUB:FEATURE_LOCATION_CONFLICT::Coding region xref gene does not exist
PROKKA_04262022/PROKKA_04262022:CDS	Alpha-aminoadipate--LysW ligase LysX	Ferroplasma:576007-576831	KNPMNEEE_00652

DiscRep_SUB:FEATURE_LOCATION_CONFLICT::Coding region xref gene does not exist
PROKKA_04262022/PROKKA_04262022:CDS	Histidinol-phosphate aminotransferase	Ferroplasma:576861-577811	KNPMNEEE_00653

DiscRep_SUB:FEATURE_LOCATION_CONFLICT::Coding region xref gene does not exist
PROKKA_04262022/PROKKA_04262022:CDS	Glutamate formimidoyltransferase	Ferroplasma:c578707-577808	KNPMNEEE_00654

DiscRep_SUB:FEATURE_LOCATION_CONFLICT::Coding region xref gene does not exist
PROKKA_04262022/PROKKA_04262022:CDS	hypothetical protein	Ferroplasma:c579232-578801	KNPMNEEE_00655

DiscRep_SUB:FEATURE_LOCATION_CONFLICT::Coding region xref gene does not exist
PROKKA_04262022/PROKKA_04262022:CDS	hypothetical protein	Ferroplasma:579406-579699	KNPMNEEE_00656

DiscRep_SUB:FEATURE_LOCATION_CONFLICT::Coding region xref gene does not exist
PROKKA_04262022/PROKKA_04262022:CDS	hypothetical protein	Ferroplasma:579777-580199	KNPMNEEE_00657

DiscRep_SUB:FEATURE_LOCATION_CONFLICT::Coding region xref gene does not exist
PROKKA_04262022/PROKKA_04262022:CDS	hypothetical protein	Ferroplasma:580358-580879	KNPMNEEE_00658

DiscRep_SUB:FEATURE_LOCATION_CONFLICT::Coding region xref gene does not exist
PROKKA_04262022/PROKKA_04262022:CDS	hypothetical protein	Ferroplasma:c581960-581742	KNPMNEEE_00659

DiscRep_SUB:FEATURE_LOCATION_CONFLICT::Coding region xref gene does not exist
PROKKA_04262022/PROKKA_04262022:CDS	putative metabolite transport protein CsbC	Ferroplasma:c583288-581990	KNPMNEEE_00660

DiscRep_SUB:FEATURE_LOCATION_CONFLICT::Coding region xref gene does not exist
PROKKA_04262022/PROKKA_04262022:CDS	D-phenylhydantoinase	Ferroplasma:c583974-583285	KNPMNEEE_00661

DiscRep_SUB:FEATURE_LOCATION_CONFLICT::Coding region xref gene does not exist
PROKKA_04262022/PROKKA_04262022:CDS	D-hydantoinase	Ferroplasma:c584658-584026	KNPMNEEE_00662

DiscRep_SUB:FEATURE_LOCATION_CONFLICT::Coding region xref gene does not exist
PROKKA_04262022/PROKKA_04262022:CDS	hypothetical protein	Ferroplasma:c584794-584651	KNPMNEEE_00663

DiscRep_SUB:FEATURE_LOCATION_CONFLICT::Coding region xref gene does not exist
PROKKA_04262022/PROKKA_04262022:CDS	hypothetical protein	Ferroplasma:c585116-584787	KNPMNEEE_00664

DiscRep_SUB:FEATURE_LOCATION_CONFLICT::Coding region xref gene does not exist
PROKKA_04262022/PROKKA_04262022:CDS	IS256 family transposase ISFac8	Ferroplasma:c586023-585199	KNPMNEEE_00665

DiscRep_SUB:FEATURE_LOCATION_CONFLICT::Coding region xref gene does not exist
PROKKA_04262022/PROKKA_04262022:CDS	hypothetical protein	Ferroplasma:c586307-586071	KNPMNEEE_00666

DiscRep_SUB:FEATURE_LOCATION_CONFLICT::Coding region xref gene does not exist
PROKKA_04262022/PROKKA_04262022:CDS	hypothetical protein	Ferroplasma:586415-586672	KNPMNEEE_00667

DiscRep_SUB:FEATURE_LOCATION_CONFLICT::Coding region xref gene does not exist
PROKKA_04262022/PROKKA_04262022:CDS	hypothetical protein	Ferroplasma:c591276-587164	KNPMNEEE_00668

DiscRep_SUB:FEATURE_LOCATION_CONFLICT::Coding region xref gene does not exist
PROKKA_04262022/PROKKA_04262022:CDS	hypothetical protein	Ferroplasma:c591748-591407	KNPMNEEE_00669

DiscRep_SUB:FEATURE_LOCATION_CONFLICT::Coding region xref gene does not exist
PROKKA_04262022/PROKKA_04262022:CDS	putative ABC transporter ATP-binding protein	Ferroplasma:c593840-591732	KNPMNEEE_00670

DiscRep_SUB:FEATURE_LOCATION_CONFLICT::Coding region xref gene does not exist
PROKKA_04262022/PROKKA_04262022:CDS	hypothetical protein	Ferroplasma:c596029-593840	KNPMNEEE_00671

DiscRep_SUB:FEATURE_LOCATION_CONFLICT::Coding region xref gene does not exist
PROKKA_04262022/PROKKA_04262022:CDS	Glutathione transport system permease protein GsiC	Ferroplasma:c596991-596002	KNPMNEEE_00672

DiscRep_SUB:FEATURE_LOCATION_CONFLICT::Coding region xref gene does not exist
PROKKA_04262022/PROKKA_04262022:CDS	3-oxoacyl-[acyl-carrier-protein] reductase FabG	Ferroplasma:597751-598494	KNPMNEEE_00673

DiscRep_SUB:FEATURE_LOCATION_CONFLICT::Coding region xref gene does not exist
PROKKA_04262022/PROKKA_04262022:CDS	HTH-type transcriptional regulator BetI	Ferroplasma:c599096-598497	KNPMNEEE_00674

DiscRep_SUB:FEATURE_LOCATION_CONFLICT::Coding region xref gene does not exist
PROKKA_04262022/PROKKA_04262022:CDS	3-oxoacyl-[acyl-carrier-protein] synthase 3	Ferroplasma:c600122-599127	KNPMNEEE_00675

DiscRep_SUB:FEATURE_LOCATION_CONFLICT::Coding region xref gene does not exist
PROKKA_04262022/PROKKA_04262022:CDS	Long-chain-fatty-acid--CoA ligase FadD13	Ferroplasma:c600411-600100	KNPMNEEE_00676

DiscRep_SUB:FEATURE_LOCATION_CONFLICT::Coding region xref gene does not exist
PROKKA_04262022/PROKKA_04262022:CDS	Long-chain-fatty-acid--CoA ligase	Ferroplasma:c601511-600426	KNPMNEEE_00677

DiscRep_SUB:FEATURE_LOCATION_CONFLICT::Coding region xref gene does not exist
PROKKA_04262022/PROKKA_04262022:CDS	3-oxoadipate enol-lactonase 2	Ferroplasma:c602342-601512	KNPMNEEE_00678

DiscRep_SUB:FEATURE_LOCATION_CONFLICT::Coding region xref gene does not exist
PROKKA_04262022/PROKKA_04262022:CDS	Inner membrane metabolite transport protein YdjE	Ferroplasma:c603739-602339	KNPMNEEE_00679

DiscRep_SUB:FEATURE_LOCATION_CONFLICT::Coding region xref gene does not exist
PROKKA_04262022/PROKKA_04262022:CDS	hypothetical protein	Ferroplasma:c604400-603996	KNPMNEEE_00680

DiscRep_SUB:FEATURE_LOCATION_CONFLICT::Coding region xref gene does not exist
PROKKA_04262022/PROKKA_04262022:CDS	hypothetical protein	Ferroplasma:c605095-604955	KNPMNEEE_00681

DiscRep_SUB:FEATURE_LOCATION_CONFLICT::Coding region xref gene does not exist
PROKKA_04262022/PROKKA_04262022:CDS	hypothetical protein	Ferroplasma:605386-605562	KNPMNEEE_00682

DiscRep_SUB:FEATURE_LOCATION_CONFLICT::Coding region xref gene does not exist
PROKKA_04262022/PROKKA_04262022:CDS	hypothetical protein	Ferroplasma:607206-607388	KNPMNEEE_00683

DiscRep_SUB:FEATURE_LOCATION_CONFLICT::Coding region xref gene does not exist
PROKKA_04262022/PROKKA_04262022:CDS	hypothetical protein	Ferroplasma:607369-607719	KNPMNEEE_00684

DiscRep_SUB:FEATURE_LOCATION_CONFLICT::Coding region xref gene does not exist
PROKKA_04262022/PROKKA_04262022:CDS	Multidrug resistance protein MdtG	Ferroplasma:608007-609185	KNPMNEEE_00685

DiscRep_SUB:FEATURE_LOCATION_CONFLICT::Coding region xref gene does not exist
PROKKA_04262022/PROKKA_04262022:CDS	hypothetical protein	Ferroplasma:609215-609472	KNPMNEEE_00686

DiscRep_SUB:FEATURE_LOCATION_CONFLICT::Coding region xref gene does not exist
PROKKA_04262022/PROKKA_04262022:CDS	hypothetical protein	Ferroplasma:609469-610473	KNPMNEEE_00687

DiscRep_SUB:FEATURE_LOCATION_CONFLICT::Coding region xref gene does not exist
PROKKA_04262022/PROKKA_04262022:CDS	hypothetical protein	Ferroplasma:c611142-610939	KNPMNEEE_00688

DiscRep_SUB:FEATURE_LOCATION_CONFLICT::Coding region xref gene does not exist
PROKKA_04262022/PROKKA_04262022:CDS	hypothetical protein	Ferroplasma:611240-611872	KNPMNEEE_00689

DiscRep_SUB:FEATURE_LOCATION_CONFLICT::Coding region xref gene does not exist
PROKKA_04262022/PROKKA_04262022:CDS	hypothetical protein	Ferroplasma:c612922-611873	KNPMNEEE_00690

DiscRep_SUB:FEATURE_LOCATION_CONFLICT::Coding region xref gene does not exist
PROKKA_04262022/PROKKA_04262022:CDS	hypothetical protein	Ferroplasma:c613419-612919	KNPMNEEE_00691

DiscRep_SUB:FEATURE_LOCATION_CONFLICT::Coding region xref gene does not exist
PROKKA_04262022/PROKKA_04262022:CDS	hypothetical protein	Ferroplasma:613501-613881	KNPMNEEE_00692

DiscRep_SUB:FEATURE_LOCATION_CONFLICT::Coding region xref gene does not exist
PROKKA_04262022/PROKKA_04262022:CDS	Adenosylcobinamide-GDP ribazoletransferase	Ferroplasma:c614613-613867	KNPMNEEE_00693

DiscRep_SUB:FEATURE_LOCATION_CONFLICT::Coding region xref gene does not exist
PROKKA_04262022/PROKKA_04262022:CDS	Protein YrdA	Ferroplasma:c615118-614606	KNPMNEEE_00694

DiscRep_SUB:FEATURE_LOCATION_CONFLICT::Coding region xref gene does not exist
PROKKA_04262022/PROKKA_04262022:CDS	Apulose-4-phosphate transketolase subunit A	Ferroplasma:615230-616057	KNPMNEEE_00695

DiscRep_SUB:FEATURE_LOCATION_CONFLICT::Coding region xref gene does not exist
PROKKA_04262022/PROKKA_04262022:CDS	Apulose-4-phosphate transketolase subunit B	Ferroplasma:616057-617010	KNPMNEEE_00696

DiscRep_SUB:FEATURE_LOCATION_CONFLICT::Coding region xref gene does not exist
PROKKA_04262022/PROKKA_04262022:CDS	Transaldolase	Ferroplasma:617007-617678	KNPMNEEE_00697

DiscRep_SUB:FEATURE_LOCATION_CONFLICT::Coding region xref gene does not exist
PROKKA_04262022/PROKKA_04262022:CDS	Ribonuclease J	Ferroplasma:c619675-617762	KNPMNEEE_00698

DiscRep_SUB:FEATURE_LOCATION_CONFLICT::Coding region xref gene does not exist
PROKKA_04262022/PROKKA_04262022:CDS	Proteasome subunit beta	Ferroplasma:c620338-619706	KNPMNEEE_00699

DiscRep_SUB:FEATURE_LOCATION_CONFLICT::Coding region xref gene does not exist
PROKKA_04262022/PROKKA_04262022:CDS	hypothetical protein	Ferroplasma:c621127-620645	KNPMNEEE_00700

DiscRep_SUB:FEATURE_LOCATION_CONFLICT::Coding region xref gene does not exist
PROKKA_04262022/PROKKA_04262022:CDS	hypothetical protein	Ferroplasma:c621353-621096	KNPMNEEE_00701

DiscRep_SUB:FEATURE_LOCATION_CONFLICT::Coding region xref gene does not exist
PROKKA_04262022/PROKKA_04262022:CDS	hypothetical protein	Ferroplasma:c623068-621464	KNPMNEEE_00702

DiscRep_SUB:FEATURE_LOCATION_CONFLICT::Coding region xref gene does not exist
PROKKA_04262022/PROKKA_04262022:CDS	hypothetical protein	Ferroplasma:623844-624047	KNPMNEEE_00703

DiscRep_SUB:FEATURE_LOCATION_CONFLICT::Coding region xref gene does not exist
PROKKA_04262022/PROKKA_04262022:CDS	hypothetical protein	Ferroplasma:624029-624202	KNPMNEEE_00704

DiscRep_SUB:FEATURE_LOCATION_CONFLICT::Coding region xref gene does not exist
PROKKA_04262022/PROKKA_04262022:CDS	hypothetical protein	Ferroplasma:624190-624459	KNPMNEEE_00705

DiscRep_SUB:FEATURE_LOCATION_CONFLICT::Coding region xref gene does not exist
PROKKA_04262022/PROKKA_04262022:CDS	hypothetical protein	Ferroplasma:c624869-624708	KNPMNEEE_00706

DiscRep_SUB:FEATURE_LOCATION_CONFLICT::Coding region xref gene does not exist
PROKKA_04262022/PROKKA_04262022:CDS	DNA ligase	Ferroplasma:625178-626926	KNPMNEEE_00707

DiscRep_SUB:FEATURE_LOCATION_CONFLICT::Coding region xref gene does not exist
PROKKA_04262022/PROKKA_04262022:CDS	hypothetical protein	Ferroplasma:c627435-626941	KNPMNEEE_00708

DiscRep_SUB:FEATURE_LOCATION_CONFLICT::Coding region xref gene does not exist
PROKKA_04262022/PROKKA_04262022:CDS	hypothetical protein	Ferroplasma:c627876-627619	KNPMNEEE_00709

DiscRep_SUB:FEATURE_LOCATION_CONFLICT::Coding region xref gene does not exist
PROKKA_04262022/PROKKA_04262022:CDS	hypothetical protein	Ferroplasma:c628731-628339	KNPMNEEE_00712

DiscRep_SUB:FEATURE_LOCATION_CONFLICT::Coding region xref gene does not exist
PROKKA_04262022/PROKKA_04262022:CDS	3'-5' exonuclease DinG	Ferroplasma:c630627-628762	KNPMNEEE_00713

DiscRep_SUB:FEATURE_LOCATION_CONFLICT::Coding region xref gene does not exist
PROKKA_04262022/PROKKA_04262022:CDS	hypothetical protein	Ferroplasma:630881-632074	KNPMNEEE_00714

DiscRep_SUB:FEATURE_LOCATION_CONFLICT::Coding region xref gene does not exist
PROKKA_04262022/PROKKA_04262022:CDS	putative glycosyltransferase	Ferroplasma:c632730-632065	KNPMNEEE_00715

DiscRep_SUB:FEATURE_LOCATION_CONFLICT::Coding region xref gene does not exist
PROKKA_04262022/PROKKA_04262022:CDS	Ribonuclease HII	Ferroplasma:c633378-632761	KNPMNEEE_00716

DiscRep_SUB:FEATURE_LOCATION_CONFLICT::Coding region xref gene does not exist
PROKKA_04262022/PROKKA_04262022:CDS	hypothetical protein	Ferroplasma:633435-633968	KNPMNEEE_00717

DiscRep_SUB:FEATURE_LOCATION_CONFLICT::Coding region xref gene does not exist
PROKKA_04262022/PROKKA_04262022:CDS	hypothetical protein	Ferroplasma:634087-635763	KNPMNEEE_00718

DiscRep_SUB:FEATURE_LOCATION_CONFLICT::Coding region xref gene does not exist
PROKKA_04262022/PROKKA_04262022:CDS	hypothetical protein	Ferroplasma:635802-635999	KNPMNEEE_00719

DiscRep_SUB:FEATURE_LOCATION_CONFLICT::Coding region xref gene does not exist
PROKKA_04262022/PROKKA_04262022:CDS	hypothetical protein	Ferroplasma:635990-636481	KNPMNEEE_00720

DiscRep_SUB:FEATURE_LOCATION_CONFLICT::Coding region xref gene does not exist
PROKKA_04262022/PROKKA_04262022:CDS	hypothetical protein	Ferroplasma:636478-637377	KNPMNEEE_00721

DiscRep_SUB:FEATURE_LOCATION_CONFLICT::Coding region xref gene does not exist
PROKKA_04262022/PROKKA_04262022:CDS	3-oxoacyl-[acyl-carrier-protein] reductase FabG	Ferroplasma:c638145-637378	KNPMNEEE_00722

DiscRep_SUB:FEATURE_LOCATION_CONFLICT::Coding region xref gene does not exist
PROKKA_04262022/PROKKA_04262022:CDS	hypothetical protein	Ferroplasma:638277-639248	KNPMNEEE_00723

DiscRep_SUB:FEATURE_LOCATION_CONFLICT::Coding region xref gene does not exist
PROKKA_04262022/PROKKA_04262022:CDS	hypothetical protein	Ferroplasma:c639436-639251	KNPMNEEE_00724

DiscRep_SUB:FEATURE_LOCATION_CONFLICT::Coding region xref gene does not exist
PROKKA_04262022/PROKKA_04262022:CDS	hypothetical protein	Ferroplasma:c640606-639446	KNPMNEEE_00725

DiscRep_SUB:FEATURE_LOCATION_CONFLICT::Coding region xref gene does not exist
PROKKA_04262022/PROKKA_04262022:CDS	Octaprenyl diphosphate synthase	Ferroplasma:c641599-640607	KNPMNEEE_00726

DiscRep_SUB:FEATURE_LOCATION_CONFLICT::Coding region xref gene does not exist
PROKKA_04262022/PROKKA_04262022:CDS	hypothetical protein	Ferroplasma:c641974-641681	KNPMNEEE_00727

DiscRep_SUB:FEATURE_LOCATION_CONFLICT::Coding region xref gene does not exist
PROKKA_04262022/PROKKA_04262022:CDS	hypothetical protein	Ferroplasma:c642397-642008	KNPMNEEE_00728

DiscRep_SUB:FEATURE_LOCATION_CONFLICT::Coding region xref gene does not exist
PROKKA_04262022/PROKKA_04262022:CDS	hypothetical protein	Ferroplasma:c642698-642447	KNPMNEEE_00729

DiscRep_SUB:FEATURE_LOCATION_CONFLICT::Coding region xref gene does not exist
PROKKA_04262022/PROKKA_04262022:CDS	Benzoylformate decarboxylase	Ferroplasma:643530-645266	KNPMNEEE_00731

DiscRep_SUB:FEATURE_LOCATION_CONFLICT::Coding region xref gene does not exist
PROKKA_04262022/PROKKA_04262022:CDS	Ornithine carbamoyltransferase	Ferroplasma:c646750-645845	KNPMNEEE_00733

DiscRep_SUB:FEATURE_LOCATION_CONFLICT::Coding region xref gene does not exist
PROKKA_04262022/PROKKA_04262022:CDS	Alkyl hydroperoxide reductase subunit F	Ferroplasma:c647559-646774	KNPMNEEE_00734

DiscRep_SUB:FEATURE_LOCATION_CONFLICT::Coding region xref gene does not exist
PROKKA_04262022/PROKKA_04262022:CDS	hypothetical protein	Ferroplasma:c647738-647544	KNPMNEEE_00735

DiscRep_SUB:FEATURE_LOCATION_CONFLICT::Coding region xref gene does not exist
PROKKA_04262022/PROKKA_04262022:CDS	60 kDa chaperonin	Ferroplasma:c649442-647805	KNPMNEEE_00736

DiscRep_SUB:FEATURE_LOCATION_CONFLICT::Coding region xref gene does not exist
PROKKA_04262022/PROKKA_04262022:CDS	Flavin-dependent thymidylate synthase	Ferroplasma:c651075-649522	KNPMNEEE_00737

DiscRep_SUB:FEATURE_LOCATION_CONFLICT::Coding region xref gene does not exist
PROKKA_04262022/PROKKA_04262022:CDS	hypothetical protein	Ferroplasma:651176-652018	KNPMNEEE_00738

DiscRep_SUB:FEATURE_LOCATION_CONFLICT::Coding region xref gene does not exist
PROKKA_04262022/PROKKA_04262022:CDS	hypothetical protein	Ferroplasma:c652480-652013	KNPMNEEE_00739

DiscRep_SUB:FEATURE_LOCATION_CONFLICT::Coding region xref gene does not exist
PROKKA_04262022/PROKKA_04262022:CDS	Chorismate synthase	Ferroplasma:652668-653738	KNPMNEEE_00741

DiscRep_SUB:FEATURE_LOCATION_CONFLICT::Coding region xref gene does not exist
PROKKA_04262022/PROKKA_04262022:CDS	hypothetical protein	Ferroplasma:c655460-653733	KNPMNEEE_00742

DiscRep_SUB:FEATURE_LOCATION_CONFLICT::Coding region xref gene does not exist
PROKKA_04262022/PROKKA_04262022:CDS	hypothetical protein	Ferroplasma:c656581-655517	KNPMNEEE_00743

DiscRep_SUB:FEATURE_LOCATION_CONFLICT::Coding region xref gene does not exist
PROKKA_04262022/PROKKA_04262022:CDS	hypothetical protein	Ferroplasma:c657499-656810	KNPMNEEE_00744

DiscRep_SUB:FEATURE_LOCATION_CONFLICT::Coding region xref gene does not exist
PROKKA_04262022/PROKKA_04262022:CDS	hypothetical protein	Ferroplasma:657728-658441	KNPMNEEE_00745

DiscRep_SUB:FEATURE_LOCATION_CONFLICT::Coding region xref gene does not exist
PROKKA_04262022/PROKKA_04262022:CDS	hypothetical protein	Ferroplasma:658458-658826	KNPMNEEE_00746

DiscRep_SUB:FEATURE_LOCATION_CONFLICT::Coding region xref gene does not exist
PROKKA_04262022/PROKKA_04262022:CDS	hypothetical protein	Ferroplasma:658912-659229	KNPMNEEE_00747

DiscRep_SUB:FEATURE_LOCATION_CONFLICT::Coding region xref gene does not exist
PROKKA_04262022/PROKKA_04262022:CDS	Acetyl-coenzyme A synthetase	Ferroplasma:c660061-659252	KNPMNEEE_00748

DiscRep_SUB:FEATURE_LOCATION_CONFLICT::Coding region xref gene does not exist
PROKKA_04262022/PROKKA_04262022:CDS	Acetyl-coenzyme A synthetase	Ferroplasma:c660363-660076	KNPMNEEE_00749

DiscRep_SUB:FEATURE_LOCATION_CONFLICT::Coding region xref gene does not exist
PROKKA_04262022/PROKKA_04262022:CDS	hypothetical protein	Ferroplasma:c660950-660468	KNPMNEEE_00750

DiscRep_SUB:FEATURE_LOCATION_CONFLICT::Coding region xref gene does not exist
PROKKA_04262022/PROKKA_04262022:CDS	hypothetical protein	Ferroplasma:c661546-660962	KNPMNEEE_00751

DiscRep_SUB:FEATURE_LOCATION_CONFLICT::Coding region xref gene does not exist
PROKKA_04262022/PROKKA_04262022:CDS	Acetyl-coenzyme A synthetase	Ferroplasma:c662462-661488	KNPMNEEE_00752

DiscRep_SUB:FEATURE_LOCATION_CONFLICT::Coding region xref gene does not exist
PROKKA_04262022/PROKKA_04262022:CDS	Protein FixB	Ferroplasma:c663449-662568	KNPMNEEE_00753

DiscRep_SUB:FEATURE_LOCATION_CONFLICT::Coding region xref gene does not exist
PROKKA_04262022/PROKKA_04262022:CDS	Protein FixA	Ferroplasma:c664246-663446	KNPMNEEE_00754

DiscRep_SUB:FEATURE_LOCATION_CONFLICT::Coding region xref gene does not exist
PROKKA_04262022/PROKKA_04262022:CDS	hypothetical protein	Ferroplasma:c664625-664350	KNPMNEEE_00755

DiscRep_SUB:FEATURE_LOCATION_CONFLICT::Coding region xref gene does not exist
PROKKA_04262022/PROKKA_04262022:CDS	hypothetical protein	Ferroplasma:c668066-664761	KNPMNEEE_00756

DiscRep_SUB:FEATURE_LOCATION_CONFLICT::Coding region xref gene does not exist
PROKKA_04262022/PROKKA_04262022:CDS	Methenyltetrahydrofolate cyclohydrolase	Ferroplasma:668293-668895	KNPMNEEE_00757

DiscRep_SUB:FEATURE_LOCATION_CONFLICT::Coding region xref gene does not exist
PROKKA_04262022/PROKKA_04262022:CDS	Formate--tetrahydrofolate ligase	Ferroplasma:668933-669253	KNPMNEEE_00758

DiscRep_SUB:FEATURE_LOCATION_CONFLICT::Coding region xref gene does not exist
PROKKA_04262022/PROKKA_04262022:CDS	Formate--tetrahydrofolate ligase	Ferroplasma:669232-670545	KNPMNEEE_00759

DiscRep_SUB:FEATURE_LOCATION_CONFLICT::Coding region xref gene does not exist
PROKKA_04262022/PROKKA_04262022:CDS	putative metabolite transport protein CsbC	Ferroplasma:670600-671850	KNPMNEEE_00760

DiscRep_SUB:FEATURE_LOCATION_CONFLICT::Coding region xref gene does not exist
PROKKA_04262022/PROKKA_04262022:CDS	hypothetical protein	Ferroplasma:c672281-671832	KNPMNEEE_00761

DiscRep_SUB:FEATURE_LOCATION_CONFLICT::Coding region xref gene does not exist
PROKKA_04262022/PROKKA_04262022:CDS	hypothetical protein	Ferroplasma:c673514-672282	KNPMNEEE_00762

DiscRep_SUB:FEATURE_LOCATION_CONFLICT::Coding region xref gene does not exist
PROKKA_04262022/PROKKA_04262022:CDS	Acyl-CoA dehydrogenase	Ferroplasma:c674655-673531	KNPMNEEE_00763

DiscRep_SUB:FEATURE_LOCATION_CONFLICT::Coding region xref gene does not exist
PROKKA_04262022/PROKKA_04262022:CDS	L-threonine ammonia-lyase	Ferroplasma:674787-675992	KNPMNEEE_00764

DiscRep_SUB:FEATURE_LOCATION_CONFLICT::Coding region xref gene does not exist
PROKKA_04262022/PROKKA_04262022:CDS	Acylphosphatase	Ferroplasma:c676266-675997	KNPMNEEE_00765

DiscRep_SUB:FEATURE_LOCATION_CONFLICT::Coding region xref gene does not exist
PROKKA_04262022/PROKKA_04262022:CDS	hypothetical protein	Ferroplasma:c676931-676302	KNPMNEEE_00766

DiscRep_SUB:FEATURE_LOCATION_CONFLICT::Coding region xref gene does not exist
PROKKA_04262022/PROKKA_04262022:CDS	Putative cytochrome bd menaquinol oxidase subunit I	Ferroplasma:677038-678504	KNPMNEEE_00767

DiscRep_SUB:FEATURE_LOCATION_CONFLICT::Coding region xref gene does not exist
PROKKA_04262022/PROKKA_04262022:CDS	hypothetical protein	Ferroplasma:678505-679596	KNPMNEEE_00768

DiscRep_SUB:FEATURE_LOCATION_CONFLICT::Coding region xref gene does not exist
PROKKA_04262022/PROKKA_04262022:CDS	GTPase Obg	Ferroplasma:c680706-679624	KNPMNEEE_00769

DiscRep_SUB:FEATURE_LOCATION_CONFLICT::Coding region xref gene does not exist
PROKKA_04262022/PROKKA_04262022:CDS	Release factor glutamine methyltransferase	Ferroplasma:c681245-680703	KNPMNEEE_00770

DiscRep_SUB:FEATURE_LOCATION_CONFLICT::Coding region xref gene does not exist
PROKKA_04262022/PROKKA_04262022:CDS	Chromosome partition protein Smc	Ferroplasma:c683989-681305	KNPMNEEE_00771

DiscRep_SUB:FEATURE_LOCATION_CONFLICT::Coding region xref gene does not exist
PROKKA_04262022/PROKKA_04262022:CDS	3',5'-cyclic adenosine monophosphate phosphodiesterase CpdA	Ferroplasma:c685110-683992	KNPMNEEE_00772

DiscRep_SUB:FEATURE_LOCATION_CONFLICT::Coding region xref gene does not exist
PROKKA_04262022/PROKKA_04262022:CDS	hypothetical protein	Ferroplasma:c686663-685110	KNPMNEEE_00773

DiscRep_SUB:FEATURE_LOCATION_CONFLICT::Coding region xref gene does not exist
PROKKA_04262022/PROKKA_04262022:CDS	hypothetical protein	Ferroplasma:c687687-686623	KNPMNEEE_00774

DiscRep_SUB:FEATURE_LOCATION_CONFLICT::Coding region xref gene does not exist
PROKKA_04262022/PROKKA_04262022:CDS	hypothetical protein	Ferroplasma:687851-688009	KNPMNEEE_00775

DiscRep_SUB:FEATURE_LOCATION_CONFLICT::Coding region xref gene does not exist
PROKKA_04262022/PROKKA_04262022:CDS	hypothetical protein	Ferroplasma:688048-688947	KNPMNEEE_00776

DiscRep_SUB:FEATURE_LOCATION_CONFLICT::Coding region xref gene does not exist
PROKKA_04262022/PROKKA_04262022:CDS	hypothetical protein	Ferroplasma:689260-689514	KNPMNEEE_00778

DiscRep_SUB:FEATURE_LOCATION_CONFLICT::Coding region xref gene does not exist
PROKKA_04262022/PROKKA_04262022:CDS	hypothetical protein	Ferroplasma:689514-690038	KNPMNEEE_00779

DiscRep_SUB:FEATURE_LOCATION_CONFLICT::Coding region xref gene does not exist
PROKKA_04262022/PROKKA_04262022:CDS	hypothetical protein	Ferroplasma:c691529-690444	KNPMNEEE_00780

DiscRep_SUB:FEATURE_LOCATION_CONFLICT::Coding region xref gene does not exist
PROKKA_04262022/PROKKA_04262022:CDS	hypothetical protein	Ferroplasma:c692004-691744	KNPMNEEE_00781

DiscRep_SUB:FEATURE_LOCATION_CONFLICT::Coding region xref gene does not exist
PROKKA_04262022/PROKKA_04262022:CDS	hypothetical protein	Ferroplasma:c692279-691998	KNPMNEEE_00782

DiscRep_SUB:FEATURE_LOCATION_CONFLICT::Coding region xref gene does not exist
PROKKA_04262022/PROKKA_04262022:CDS	hypothetical protein	Ferroplasma:692310-692693	KNPMNEEE_00783

DiscRep_SUB:FEATURE_LOCATION_CONFLICT::Coding region xref gene does not exist
PROKKA_04262022/PROKKA_04262022:CDS	hypothetical protein	Ferroplasma:c692991-692872	KNPMNEEE_00784

DiscRep_SUB:FEATURE_LOCATION_CONFLICT::Coding region xref gene does not exist
PROKKA_04262022/PROKKA_04262022:CDS	hypothetical protein	Ferroplasma:c693238-692981	KNPMNEEE_00785

DiscRep_SUB:FEATURE_LOCATION_CONFLICT::Coding region xref gene does not exist
PROKKA_04262022/PROKKA_04262022:CDS	hypothetical protein	Ferroplasma:693547-694461	KNPMNEEE_00786

DiscRep_SUB:FEATURE_LOCATION_CONFLICT::Coding region xref gene does not exist
PROKKA_04262022/PROKKA_04262022:CDS	hypothetical protein	Ferroplasma:c695865-694477	KNPMNEEE_00787

DiscRep_SUB:FEATURE_LOCATION_CONFLICT::Coding region xref gene does not exist
PROKKA_04262022/PROKKA_04262022:CDS	Adenylosuccinate synthetase	Ferroplasma:c697569-696289	KNPMNEEE_00789

DiscRep_SUB:FEATURE_LOCATION_CONFLICT::Coding region xref gene does not exist
PROKKA_04262022/PROKKA_04262022:CDS	Proteasome subunit alpha	Ferroplasma:c698381-697692	KNPMNEEE_00790

DiscRep_SUB:FEATURE_LOCATION_CONFLICT::Coding region xref gene does not exist
PROKKA_04262022/PROKKA_04262022:CDS	hypothetical protein	Ferroplasma:698568-699398	KNPMNEEE_00791

DiscRep_SUB:FEATURE_LOCATION_CONFLICT::Coding region xref gene does not exist
PROKKA_04262022/PROKKA_04262022:CDS	hypothetical protein	Ferroplasma:699490-700167	KNPMNEEE_00792

DiscRep_SUB:FEATURE_LOCATION_CONFLICT::Coding region xref gene does not exist
PROKKA_04262022/PROKKA_04262022:CDS	hypothetical protein	Ferroplasma:700190-700375	KNPMNEEE_00793

DiscRep_SUB:FEATURE_LOCATION_CONFLICT::Coding region xref gene does not exist
PROKKA_04262022/PROKKA_04262022:CDS	hypothetical protein	Ferroplasma:700384-700656	KNPMNEEE_00794

DiscRep_SUB:FEATURE_LOCATION_CONFLICT::Coding region xref gene does not exist
PROKKA_04262022/PROKKA_04262022:CDS	hypothetical protein	Ferroplasma:700665-701150	KNPMNEEE_00795

DiscRep_SUB:FEATURE_LOCATION_CONFLICT::Coding region xref gene does not exist
PROKKA_04262022/PROKKA_04262022:CDS	hypothetical protein	Ferroplasma:c701720-701313	KNPMNEEE_00796

DiscRep_SUB:FEATURE_LOCATION_CONFLICT::Coding region xref gene does not exist
PROKKA_04262022/PROKKA_04262022:CDS	hypothetical protein	Ferroplasma:c701959-701720	KNPMNEEE_00797

DiscRep_SUB:FEATURE_LOCATION_CONFLICT::Coding region xref gene does not exist
PROKKA_04262022/PROKKA_04262022:CDS	2-phosphonomethylmalate synthase	Ferroplasma:702826-703863	KNPMNEEE_00798

DiscRep_SUB:FEATURE_LOCATION_CONFLICT::Coding region xref gene does not exist
PROKKA_04262022/PROKKA_04262022:CDS	Formyl-CoA:oxalate CoA-transferase	Ferroplasma:703860-704978	KNPMNEEE_00799

DiscRep_SUB:FEATURE_LOCATION_CONFLICT::Coding region xref gene does not exist
PROKKA_04262022/PROKKA_04262022:CDS	Inner membrane metabolite transport protein YdjE	Ferroplasma:705039-706403	KNPMNEEE_00800

DiscRep_SUB:FEATURE_LOCATION_CONFLICT::Coding region xref gene does not exist
PROKKA_04262022/PROKKA_04262022:CDS	Divalent metal cation transporter MntH	Ferroplasma:c707829-706585	KNPMNEEE_00801

DiscRep_SUB:FEATURE_LOCATION_CONFLICT::Coding region xref gene does not exist
PROKKA_04262022/PROKKA_04262022:CDS	hypothetical protein	Ferroplasma:c708387-708070	KNPMNEEE_00802

DiscRep_SUB:FEATURE_LOCATION_CONFLICT::Coding region xref gene does not exist
PROKKA_04262022/PROKKA_04262022:CDS	hypothetical protein	Ferroplasma:c708572-708459	KNPMNEEE_00803

DiscRep_SUB:FEATURE_LOCATION_CONFLICT::Coding region xref gene does not exist
PROKKA_04262022/PROKKA_04262022:CDS	hypothetical protein	Ferroplasma:c709209-708988	KNPMNEEE_00805

DiscRep_SUB:FEATURE_LOCATION_CONFLICT::Coding region xref gene does not exist
PROKKA_04262022/PROKKA_04262022:CDS	hypothetical protein	Ferroplasma:c709618-709214	KNPMNEEE_00806

DiscRep_SUB:FEATURE_LOCATION_CONFLICT::Coding region xref gene does not exist
PROKKA_04262022/PROKKA_04262022:CDS	hypothetical protein	Ferroplasma:c710028-709615	KNPMNEEE_00807

DiscRep_SUB:FEATURE_LOCATION_CONFLICT::Coding region xref gene does not exist
PROKKA_04262022/PROKKA_04262022:CDS	hypothetical protein	Ferroplasma:c710402-710034	KNPMNEEE_00808

DiscRep_SUB:FEATURE_LOCATION_CONFLICT::Coding region xref gene does not exist
PROKKA_04262022/PROKKA_04262022:CDS	hypothetical protein	Ferroplasma:c710905-710711	KNPMNEEE_00809

DiscRep_SUB:FEATURE_LOCATION_CONFLICT::Coding region xref gene does not exist
PROKKA_04262022/PROKKA_04262022:CDS	Inner membrane metabolite transport protein YgcS	Ferroplasma:c712848-711505	KNPMNEEE_00810

DiscRep_SUB:FEATURE_LOCATION_CONFLICT::Coding region xref gene does not exist
PROKKA_04262022/PROKKA_04262022:CDS	tRNA (cytidine/uridine/adenosine-2'-O-)-methyltransferase TrmJ	Ferroplasma:c713610-712900	KNPMNEEE_00811

DiscRep_SUB:FEATURE_LOCATION_CONFLICT::Coding region xref gene does not exist
PROKKA_04262022/PROKKA_04262022:CDS	hypothetical protein	Ferroplasma:c714384-713611	KNPMNEEE_00812

DiscRep_SUB:FEATURE_LOCATION_CONFLICT::Coding region xref gene does not exist
PROKKA_04262022/PROKKA_04262022:CDS	3,6-anhydro-alpha-L-galactose dehydrogenase	Ferroplasma:714530-716011	KNPMNEEE_00813

DiscRep_SUB:FEATURE_LOCATION_CONFLICT::Coding region xref gene does not exist
PROKKA_04262022/PROKKA_04262022:CDS	Pyruvate kinase	Ferroplasma:c717693-716014	KNPMNEEE_00814

DiscRep_SUB:FEATURE_LOCATION_CONFLICT::Coding region xref gene does not exist
PROKKA_04262022/PROKKA_04262022:CDS	Arginine--tRNA ligase	Ferroplasma:c719379-717751	KNPMNEEE_00815

DiscRep_SUB:FEATURE_LOCATION_CONFLICT::Coding region xref gene does not exist
PROKKA_04262022/PROKKA_04262022:CDS	3-dehydroquinate synthase	Ferroplasma:719479-720552	KNPMNEEE_00816

DiscRep_SUB:FEATURE_LOCATION_CONFLICT::Coding region xref gene does not exist
PROKKA_04262022/PROKKA_04262022:CDS	Shikimate dehydrogenase (NADP(+))	Ferroplasma:720812-721600	KNPMNEEE_00817

DiscRep_SUB:FEATURE_LOCATION_CONFLICT::Coding region xref gene does not exist
PROKKA_04262022/PROKKA_04262022:CDS	Homoserine kinase	Ferroplasma:721602-722420	KNPMNEEE_00818

DiscRep_SUB:FEATURE_LOCATION_CONFLICT::Coding region xref gene does not exist
PROKKA_04262022/PROKKA_04262022:CDS	3-phosphoshikimate 1-carboxyvinyltransferase	Ferroplasma:722417-723688	KNPMNEEE_00819

DiscRep_SUB:FEATURE_LOCATION_CONFLICT::Coding region xref gene does not exist
PROKKA_04262022/PROKKA_04262022:CDS	hypothetical protein	Ferroplasma:725608-725826	KNPMNEEE_00821

DiscRep_SUB:FEATURE_LOCATION_CONFLICT::Coding region xref gene does not exist
PROKKA_04262022/PROKKA_04262022:CDS	hypothetical protein	Ferroplasma:725836-726732	KNPMNEEE_00822

DiscRep_SUB:FEATURE_LOCATION_CONFLICT::Coding region xref gene does not exist
PROKKA_04262022/PROKKA_04262022:CDS	hypothetical protein	Ferroplasma:726729-728096	KNPMNEEE_00823

DiscRep_SUB:FEATURE_LOCATION_CONFLICT::Coding region xref gene does not exist
PROKKA_04262022/PROKKA_04262022:CDS	hypothetical protein	Ferroplasma:728096-728545	KNPMNEEE_00824

DiscRep_SUB:FEATURE_LOCATION_CONFLICT::Coding region xref gene does not exist
PROKKA_04262022/PROKKA_04262022:CDS	Putative peroxiredoxin bcp	Ferroplasma:728795-729295	KNPMNEEE_00825

DiscRep_SUB:FEATURE_LOCATION_CONFLICT::Coding region xref gene does not exist
PROKKA_04262022/PROKKA_04262022:CDS	hypothetical protein	Ferroplasma:729335-729481	KNPMNEEE_00826

DiscRep_SUB:FEATURE_LOCATION_CONFLICT::Coding region xref gene does not exist
PROKKA_04262022/PROKKA_04262022:CDS	hypothetical protein	Ferroplasma:c729816-729514	KNPMNEEE_00827

DiscRep_SUB:FEATURE_LOCATION_CONFLICT::Coding region xref gene does not exist
PROKKA_04262022/PROKKA_04262022:CDS	hypothetical protein	Ferroplasma:c730782-729826	KNPMNEEE_00828

DiscRep_SUB:FEATURE_LOCATION_CONFLICT::Coding region xref gene does not exist
PROKKA_04262022/PROKKA_04262022:CDS	50S ribosomal protein L1	Ferroplasma:c731423-730779	KNPMNEEE_00829

DiscRep_SUB:FEATURE_LOCATION_CONFLICT::Coding region xref gene does not exist
PROKKA_04262022/PROKKA_04262022:CDS	50S ribosomal protein L11	Ferroplasma:c731899-731423	KNPMNEEE_00830

DiscRep_SUB:FEATURE_LOCATION_CONFLICT::Coding region xref gene does not exist
PROKKA_04262022/PROKKA_04262022:CDS	putative 2-phosphosulfolactate phosphatase	Ferroplasma:732153-732818	KNPMNEEE_00831

DiscRep_SUB:FEATURE_LOCATION_CONFLICT::Coding region xref gene does not exist
PROKKA_04262022/PROKKA_04262022:CDS	hypothetical protein	Ferroplasma:c733479-732805	KNPMNEEE_00832

DiscRep_SUB:FEATURE_LOCATION_CONFLICT::Coding region xref gene does not exist
PROKKA_04262022/PROKKA_04262022:CDS	hypothetical protein	Ferroplasma:c734603-733476	KNPMNEEE_00833

DiscRep_SUB:FEATURE_LOCATION_CONFLICT::Coding region xref gene does not exist
PROKKA_04262022/PROKKA_04262022:CDS	hypothetical protein	Ferroplasma:c734943-734728	KNPMNEEE_00834

DiscRep_SUB:FEATURE_LOCATION_CONFLICT::Coding region xref gene does not exist
PROKKA_04262022/PROKKA_04262022:CDS	Putative metallo-hydrolase YycJ	Ferroplasma:735045-735794	KNPMNEEE_00835

DiscRep_SUB:FEATURE_LOCATION_CONFLICT::Coding region xref gene does not exist
PROKKA_04262022/PROKKA_04262022:CDS	Ferredoxin--NADP reductase	Ferroplasma:735854-736849	KNPMNEEE_00836

DiscRep_SUB:FEATURE_LOCATION_CONFLICT::Coding region xref gene does not exist
PROKKA_04262022/PROKKA_04262022:CDS	hypothetical protein	Ferroplasma:736875-737879	KNPMNEEE_00837

DiscRep_SUB:FEATURE_LOCATION_CONFLICT::Coding region xref gene does not exist
PROKKA_04262022/PROKKA_04262022:CDS	tRNA-2-methylthio-N(6)-dimethylallyladenosine synthase	Ferroplasma:c739063-737861	KNPMNEEE_00838

DiscRep_SUB:FEATURE_LOCATION_CONFLICT::Coding region xref gene does not exist
PROKKA_04262022/PROKKA_04262022:CDS	hypothetical protein	Ferroplasma:c739531-739373	KNPMNEEE_00839

DiscRep_SUB:FEATURE_LOCATION_CONFLICT::Coding region xref gene does not exist
PROKKA_04262022/PROKKA_04262022:CDS	hypothetical protein	Ferroplasma:739828-740358	KNPMNEEE_00840

DiscRep_SUB:FEATURE_LOCATION_CONFLICT::Coding region xref gene does not exist
PROKKA_04262022/PROKKA_04262022:CDS	Aspartate ammonia-lyase	Ferroplasma:c741782-740370	KNPMNEEE_00841

DiscRep_SUB:FEATURE_LOCATION_CONFLICT::Coding region xref gene does not exist
PROKKA_04262022/PROKKA_04262022:CDS	Isocitrate dehydrogenase [NADP]	Ferroplasma:741953-743074	KNPMNEEE_00842

DiscRep_SUB:FEATURE_LOCATION_CONFLICT::Coding region xref gene does not exist
PROKKA_04262022/PROKKA_04262022:CDS	hypothetical protein	Ferroplasma:c743887-743039	KNPMNEEE_00843

DiscRep_SUB:FEATURE_LOCATION_CONFLICT::Coding region xref gene does not exist
PROKKA_04262022/PROKKA_04262022:CDS	hypothetical protein	Ferroplasma:c744825-743884	KNPMNEEE_00844

DiscRep_SUB:FEATURE_LOCATION_CONFLICT::Coding region xref gene does not exist
PROKKA_04262022/PROKKA_04262022:CDS	Alanine--tRNA ligase	Ferroplasma:c747428-744822	KNPMNEEE_00845

DiscRep_SUB:FEATURE_LOCATION_CONFLICT::Coding region xref gene does not exist
PROKKA_04262022/PROKKA_04262022:CDS	tRNA-specific adenosine deaminase	Ferroplasma:747608-748126	KNPMNEEE_00846

DiscRep_SUB:FEATURE_LOCATION_CONFLICT::Coding region xref gene does not exist
PROKKA_04262022/PROKKA_04262022:CDS	hypothetical protein	Ferroplasma:748314-748853	KNPMNEEE_00847

DiscRep_SUB:FEATURE_LOCATION_CONFLICT::Coding region xref gene does not exist
PROKKA_04262022/PROKKA_04262022:CDS	hypothetical protein	Ferroplasma:748884-749465	KNPMNEEE_00848

DiscRep_SUB:FEATURE_LOCATION_CONFLICT::Coding region xref gene does not exist
PROKKA_04262022/PROKKA_04262022:CDS	hypothetical protein	Ferroplasma:749527-749943	KNPMNEEE_00849

DiscRep_SUB:FEATURE_LOCATION_CONFLICT::Coding region xref gene does not exist
PROKKA_04262022/PROKKA_04262022:CDS	Threonine synthase	Ferroplasma:c750953-749940	KNPMNEEE_00850

DiscRep_SUB:FEATURE_LOCATION_CONFLICT::Coding region xref gene does not exist
PROKKA_04262022/PROKKA_04262022:CDS	Elongation factor G	Ferroplasma:c753196-750998	KNPMNEEE_00851

DiscRep_SUB:FEATURE_LOCATION_CONFLICT::Coding region xref gene does not exist
PROKKA_04262022/PROKKA_04262022:CDS	30S ribosomal protein S10	Ferroplasma:c753592-753281	KNPMNEEE_00852

DiscRep_SUB:FEATURE_LOCATION_CONFLICT::Coding region xref gene does not exist
PROKKA_04262022/PROKKA_04262022:CDS	Elongation factor Tu	Ferroplasma:c754879-753599	KNPMNEEE_00853

DiscRep_SUB:FEATURE_LOCATION_CONFLICT::Coding region xref gene does not exist
PROKKA_04262022/PROKKA_04262022:CDS	hypothetical protein	Ferroplasma:755714-756028	KNPMNEEE_00854

DiscRep_SUB:FEATURE_LOCATION_CONFLICT::Coding region xref gene does not exist
PROKKA_04262022/PROKKA_04262022:CDS	hypothetical protein	Ferroplasma:756018-756536	KNPMNEEE_00855

DiscRep_SUB:FEATURE_LOCATION_CONFLICT::Coding region xref gene does not exist
PROKKA_04262022/PROKKA_04262022:CDS	hypothetical protein	Ferroplasma:c756597-756490	KNPMNEEE_00856

DiscRep_SUB:FEATURE_LOCATION_CONFLICT::Coding region xref gene does not exist
PROKKA_04262022/PROKKA_04262022:CDS	hypothetical protein	Ferroplasma:756638-756988	KNPMNEEE_00857

DiscRep_SUB:FEATURE_LOCATION_CONFLICT::Coding region xref gene does not exist
PROKKA_04262022/PROKKA_04262022:CDS	Isoleucine--tRNA ligase	Ferroplasma:c760055-756981	KNPMNEEE_00858

DiscRep_SUB:FEATURE_LOCATION_CONFLICT::Coding region xref gene does not exist
PROKKA_04262022/PROKKA_04262022:CDS	hypothetical protein	Ferroplasma:c760638-760321	KNPMNEEE_00859

DiscRep_SUB:FEATURE_LOCATION_CONFLICT::Coding region xref gene does not exist
PROKKA_04262022/PROKKA_04262022:CDS	hypothetical protein	Ferroplasma:760755-761036	KNPMNEEE_00860

DiscRep_SUB:FEATURE_LOCATION_CONFLICT::Coding region xref gene does not exist
PROKKA_04262022/PROKKA_04262022:CDS	hypothetical protein	Ferroplasma:761039-761239	KNPMNEEE_00861

DiscRep_SUB:FEATURE_LOCATION_CONFLICT::Coding region xref gene does not exist
PROKKA_04262022/PROKKA_04262022:CDS	Polyribonucleotide nucleotidyltransferase	Ferroplasma:761247-762008	KNPMNEEE_00862

DiscRep_SUB:FEATURE_LOCATION_CONFLICT::Coding region xref gene does not exist
PROKKA_04262022/PROKKA_04262022:CDS	hypothetical protein	Ferroplasma:762005-762184	KNPMNEEE_00863

DiscRep_SUB:FEATURE_LOCATION_CONFLICT::Coding region xref gene does not exist
PROKKA_04262022/PROKKA_04262022:CDS	hypothetical protein	Ferroplasma:762165-762917	KNPMNEEE_00864

DiscRep_SUB:FEATURE_LOCATION_CONFLICT::Coding region xref gene does not exist
PROKKA_04262022/PROKKA_04262022:CDS	hypothetical protein	Ferroplasma:762956-763573	KNPMNEEE_00865

DiscRep_SUB:FEATURE_LOCATION_CONFLICT::Coding region xref gene does not exist
PROKKA_04262022/PROKKA_04262022:CDS	hypothetical protein	Ferroplasma:763799-765064	KNPMNEEE_00866

DiscRep_SUB:FEATURE_LOCATION_CONFLICT::Coding region xref gene does not exist
PROKKA_04262022/PROKKA_04262022:CDS	Formate dehydrogenase iron-sulfur subunit	Ferroplasma:765064-765330	KNPMNEEE_00867

DiscRep_SUB:FEATURE_LOCATION_CONFLICT::Coding region xref gene does not exist
PROKKA_04262022/PROKKA_04262022:CDS	hypothetical protein	Ferroplasma:c766770-765379	KNPMNEEE_00868

DiscRep_SUB:FEATURE_LOCATION_CONFLICT::Coding region xref gene does not exist
PROKKA_04262022/PROKKA_04262022:CDS	Xanthine phosphoribosyltransferase	Ferroplasma:c767452-766805	KNPMNEEE_00869

DiscRep_SUB:FEATURE_LOCATION_CONFLICT::Coding region xref gene does not exist
PROKKA_04262022/PROKKA_04262022:CDS	Acyl-CoA dehydrogenase, short-chain specific	Ferroplasma:767766-768923	KNPMNEEE_00870

DiscRep_SUB:FEATURE_LOCATION_CONFLICT::Coding region xref gene does not exist
PROKKA_04262022/PROKKA_04262022:CDS	hypothetical protein	Ferroplasma:c769404-769024	KNPMNEEE_00871

DiscRep_SUB:FEATURE_LOCATION_CONFLICT::Coding region xref gene does not exist
PROKKA_04262022/PROKKA_04262022:CDS	hypothetical protein	Ferroplasma:c769680-769570	KNPMNEEE_00872

DiscRep_SUB:FEATURE_LOCATION_CONFLICT::Coding region xref gene does not exist
PROKKA_04262022/PROKKA_04262022:CDS	hypothetical protein	Ferroplasma:769768-770154	KNPMNEEE_00873

DiscRep_SUB:FEATURE_LOCATION_CONFLICT::Coding region xref gene does not exist
PROKKA_04262022/PROKKA_04262022:CDS	hypothetical protein	Ferroplasma:770229-770426	KNPMNEEE_00874

DiscRep_SUB:FEATURE_LOCATION_CONFLICT::Coding region xref gene does not exist
PROKKA_04262022/PROKKA_04262022:CDS	Methionine--tRNA ligase	Ferroplasma:770707-772842	KNPMNEEE_00875

DiscRep_SUB:FEATURE_LOCATION_CONFLICT::Coding region xref gene does not exist
PROKKA_04262022/PROKKA_04262022:CDS	hypothetical protein	Ferroplasma:772934-773113	KNPMNEEE_00876

DiscRep_SUB:FEATURE_LOCATION_CONFLICT::Coding region xref gene does not exist
PROKKA_04262022/PROKKA_04262022:CDS	Corrinoid adenosyltransferase	Ferroplasma:773388-773921	KNPMNEEE_00877

DiscRep_SUB:FEATURE_LOCATION_CONFLICT::Coding region xref gene does not exist
PROKKA_04262022/PROKKA_04262022:CDS	Octanoyltransferase	Ferroplasma:c774564-773905	KNPMNEEE_00878

DiscRep_SUB:FEATURE_LOCATION_CONFLICT::Coding region xref gene does not exist
PROKKA_04262022/PROKKA_04262022:CDS	Dihydrolipoyl dehydrogenase	Ferroplasma:c775831-774542	KNPMNEEE_00879

DiscRep_SUB:FEATURE_LOCATION_CONFLICT::Coding region xref gene does not exist
PROKKA_04262022/PROKKA_04262022:CDS	Dihydrolipoyllysine-residue acetyltransferase component of pyruvate dehydrogenase complex	Ferroplasma:c776992-775832	KNPMNEEE_00880

DiscRep_SUB:FEATURE_LOCATION_CONFLICT::Coding region xref gene does not exist
PROKKA_04262022/PROKKA_04262022:CDS	2-oxoisovalerate dehydrogenase subunit beta	Ferroplasma:c777956-777006	KNPMNEEE_00881

DiscRep_SUB:FEATURE_LOCATION_CONFLICT::Coding region xref gene does not exist
PROKKA_04262022/PROKKA_04262022:CDS	2-oxoisovalerate dehydrogenase subunit alpha	Ferroplasma:c779002-777968	KNPMNEEE_00882

DiscRep_SUB:FEATURE_LOCATION_CONFLICT::Coding region xref gene does not exist
PROKKA_04262022/PROKKA_04262022:CDS	Lipoyl synthase	Ferroplasma:c779853-778999	KNPMNEEE_00883

DiscRep_SUB:FEATURE_LOCATION_CONFLICT::Coding region xref gene does not exist
PROKKA_04262022/PROKKA_04262022:CDS	hypothetical protein	Ferroplasma:c780929-779940	KNPMNEEE_00884

DiscRep_SUB:FEATURE_LOCATION_CONFLICT::Coding region xref gene does not exist
PROKKA_04262022/PROKKA_04262022:CDS	Putative niacin/nicotinamide transporter NaiP	Ferroplasma:c782376-780967	KNPMNEEE_00885

DiscRep_SUB:FEATURE_LOCATION_CONFLICT::Coding region xref gene does not exist
PROKKA_04262022/PROKKA_04262022:CDS	hypothetical protein	Ferroplasma:782576-782986	KNPMNEEE_00886

DiscRep_SUB:FEATURE_LOCATION_CONFLICT::Coding region xref gene does not exist
PROKKA_04262022/PROKKA_04262022:CDS	hypothetical protein	Ferroplasma:783004-783681	KNPMNEEE_00887

DiscRep_SUB:FEATURE_LOCATION_CONFLICT::Coding region xref gene does not exist
PROKKA_04262022/PROKKA_04262022:CDS	Vitamin B12 import ATP-binding protein BtuD	Ferroplasma:783681-784775	KNPMNEEE_00888

DiscRep_SUB:FEATURE_LOCATION_CONFLICT::Coding region xref gene does not exist
PROKKA_04262022/PROKKA_04262022:CDS	Putative multidrug resistance protein MdtD	Ferroplasma:784856-786586	KNPMNEEE_00889

DiscRep_SUB:FEATURE_LOCATION_CONFLICT::Coding region xref gene does not exist
PROKKA_04262022/PROKKA_04262022:CDS	hypothetical protein	Ferroplasma:786591-786818	KNPMNEEE_00890

DiscRep_SUB:FEATURE_LOCATION_CONFLICT::Coding region xref gene does not exist
PROKKA_04262022/PROKKA_04262022:CDS	hypothetical protein	Ferroplasma:786905-787015	KNPMNEEE_00891

DiscRep_SUB:FEATURE_LOCATION_CONFLICT::Coding region xref gene does not exist
PROKKA_04262022/PROKKA_04262022:CDS	Queuine tRNA-ribosyltransferase catalytic subunit 1	Ferroplasma:787162-789033	KNPMNEEE_00892

DiscRep_SUB:FEATURE_LOCATION_CONFLICT::Coding region xref gene does not exist
PROKKA_04262022/PROKKA_04262022:CDS	hypothetical protein	Ferroplasma:c789669-789034	KNPMNEEE_00893

DiscRep_SUB:FEATURE_LOCATION_CONFLICT::Coding region xref gene does not exist
PROKKA_04262022/PROKKA_04262022:CDS	hypothetical protein	Ferroplasma:790181-790687	KNPMNEEE_00894

DiscRep_SUB:FEATURE_LOCATION_CONFLICT::Coding region xref gene does not exist
PROKKA_04262022/PROKKA_04262022:CDS	hypothetical protein	Ferroplasma:790761-791405	KNPMNEEE_00895

DiscRep_SUB:FEATURE_LOCATION_CONFLICT::Coding region xref gene does not exist
PROKKA_04262022/PROKKA_04262022:CDS	hypothetical protein	Ferroplasma:791415-792320	KNPMNEEE_00896

DiscRep_SUB:FEATURE_LOCATION_CONFLICT::Coding region xref gene does not exist
PROKKA_04262022/PROKKA_04262022:CDS	Major myo-inositol transporter IolT	Ferroplasma:c793759-792317	KNPMNEEE_00897

DiscRep_SUB:FEATURE_LOCATION_CONFLICT::Coding region xref gene does not exist
PROKKA_04262022/PROKKA_04262022:CDS	hypothetical protein	Ferroplasma:c794688-793801	KNPMNEEE_00898

DiscRep_SUB:FEATURE_LOCATION_CONFLICT::Coding region xref gene does not exist
PROKKA_04262022/PROKKA_04262022:CDS	hypothetical protein	Ferroplasma:c795440-794802	KNPMNEEE_00899

DiscRep_SUB:FEATURE_LOCATION_CONFLICT::Coding region xref gene does not exist
PROKKA_04262022/PROKKA_04262022:CDS	hypothetical protein	Ferroplasma:c796183-795455	KNPMNEEE_00900

DiscRep_SUB:FEATURE_LOCATION_CONFLICT::Coding region xref gene does not exist
PROKKA_04262022/PROKKA_04262022:CDS	hypothetical protein	Ferroplasma:796445-797149	KNPMNEEE_00901

DiscRep_SUB:FEATURE_LOCATION_CONFLICT::Coding region xref gene does not exist
PROKKA_04262022/PROKKA_04262022:CDS	hypothetical protein	Ferroplasma:797207-798175	KNPMNEEE_00902

DiscRep_SUB:FEATURE_LOCATION_CONFLICT::Coding region xref gene does not exist
PROKKA_04262022/PROKKA_04262022:CDS	Ribose-5-phosphate isomerase A	Ferroplasma:c798838-798170	KNPMNEEE_00903

DiscRep_SUB:FEATURE_LOCATION_CONFLICT::Coding region xref gene does not exist
PROKKA_04262022/PROKKA_04262022:CDS	4-hydroxybenzoate octaprenyltransferase	Ferroplasma:c799769-798873	KNPMNEEE_00904

DiscRep_SUB:FEATURE_LOCATION_CONFLICT::Coding region xref gene does not exist
PROKKA_04262022/PROKKA_04262022:CDS	hypothetical protein	Ferroplasma:c800716-799850	KNPMNEEE_00905

DiscRep_SUB:FEATURE_LOCATION_CONFLICT::Coding region xref gene does not exist
PROKKA_04262022/PROKKA_04262022:CDS	hypothetical protein	Ferroplasma:c801375-800725	KNPMNEEE_00906

DiscRep_SUB:FEATURE_LOCATION_CONFLICT::Coding region xref gene does not exist
PROKKA_04262022/PROKKA_04262022:CDS	putative methyltransferase YcgJ	Ferroplasma:c802024-801479	KNPMNEEE_00907

DiscRep_SUB:FEATURE_LOCATION_CONFLICT::Coding region xref gene does not exist
PROKKA_04262022/PROKKA_04262022:CDS	hypothetical protein	Ferroplasma:802510-803085	KNPMNEEE_00909

DiscRep_SUB:FEATURE_LOCATION_CONFLICT::Coding region xref gene does not exist
PROKKA_04262022/PROKKA_04262022:CDS	Peptidyl-lysine N-acetyltransferase Pat	Ferroplasma:803137-805110	KNPMNEEE_00910

DiscRep_SUB:FEATURE_LOCATION_CONFLICT::Coding region xref gene does not exist
PROKKA_04262022/PROKKA_04262022:CDS	4-hydroxybenzoate polyprenyltransferase, mitochondrial	Ferroplasma:c805958-805113	KNPMNEEE_00911

DiscRep_SUB:FEATURE_LOCATION_CONFLICT::Coding region xref gene does not exist
PROKKA_04262022/PROKKA_04262022:CDS	hypothetical protein	Ferroplasma:c806778-805999	KNPMNEEE_00912

DiscRep_SUB:FEATURE_LOCATION_CONFLICT::Coding region xref gene does not exist
PROKKA_04262022/PROKKA_04262022:CDS	hypothetical protein	Ferroplasma:c810040-806798	KNPMNEEE_00913

DiscRep_SUB:FEATURE_LOCATION_CONFLICT::Coding region xref gene does not exist
PROKKA_04262022/PROKKA_04262022:CDS	hypothetical protein	Ferroplasma:c810374-810042	KNPMNEEE_00914

DiscRep_SUB:FEATURE_LOCATION_CONFLICT::Coding region xref gene does not exist
PROKKA_04262022/PROKKA_04262022:CDS	CTP synthase	Ferroplasma:c811965-810355	KNPMNEEE_00915

DiscRep_SUB:FEATURE_LOCATION_CONFLICT::Coding region xref gene does not exist
PROKKA_04262022/PROKKA_04262022:CDS	Putative niacin/nicotinamide transporter NaiP	Ferroplasma:c813564-812203	KNPMNEEE_00916

DiscRep_SUB:FEATURE_LOCATION_CONFLICT::Coding region xref gene does not exist
PROKKA_04262022/PROKKA_04262022:CDS	hypothetical protein	Ferroplasma:814094-814588	KNPMNEEE_00917

DiscRep_SUB:FEATURE_LOCATION_CONFLICT::Coding region xref gene does not exist
PROKKA_04262022/PROKKA_04262022:CDS	hypothetical protein	Ferroplasma:c815994-814579	KNPMNEEE_00918

DiscRep_SUB:FEATURE_LOCATION_CONFLICT::Coding region xref gene does not exist
PROKKA_04262022/PROKKA_04262022:CDS	hypothetical protein	Ferroplasma:c817059-816031	KNPMNEEE_00919

DiscRep_SUB:FEATURE_LOCATION_CONFLICT::Coding region xref gene does not exist
PROKKA_04262022/PROKKA_04262022:CDS	Threonine synthase	Ferroplasma:c818018-817059	KNPMNEEE_00920

DiscRep_SUB:FEATURE_LOCATION_CONFLICT::Coding region xref gene does not exist
PROKKA_04262022/PROKKA_04262022:CDS	hypothetical protein	Ferroplasma:c818832-818059	KNPMNEEE_00921

DiscRep_SUB:FEATURE_LOCATION_CONFLICT::Coding region xref gene does not exist
PROKKA_04262022/PROKKA_04262022:CDS	hypothetical protein	Ferroplasma:818926-820245	KNPMNEEE_00922

DiscRep_SUB:FEATURE_LOCATION_CONFLICT::Coding region xref gene does not exist
PROKKA_04262022/PROKKA_04262022:CDS	Serine hydroxymethyltransferase	Ferroplasma:820298-821599	KNPMNEEE_00923

DiscRep_SUB:FEATURE_LOCATION_CONFLICT::Coding region xref gene does not exist
PROKKA_04262022/PROKKA_04262022:CDS	hypothetical protein	Ferroplasma:821993-822622	KNPMNEEE_00924

DiscRep_SUB:FEATURE_LOCATION_CONFLICT::Coding region xref gene does not exist
PROKKA_04262022/PROKKA_04262022:CDS	hypothetical protein	Ferroplasma:822662-823021	KNPMNEEE_00925

DiscRep_SUB:FEATURE_LOCATION_CONFLICT::Coding region xref gene does not exist
PROKKA_04262022/PROKKA_04262022:CDS	1,2-epoxyphenylacetyl-CoA isomerase	Ferroplasma:823112-823882	KNPMNEEE_00926

DiscRep_SUB:FEATURE_LOCATION_CONFLICT::Coding region xref gene does not exist
PROKKA_04262022/PROKKA_04262022:CDS	L-rhamnose mutarotase	Ferroplasma:823955-824257	KNPMNEEE_00927

DiscRep_SUB:FEATURE_LOCATION_CONFLICT::Coding region xref gene does not exist
PROKKA_04262022/PROKKA_04262022:CDS	Aminodeoxyfutalosine synthase	Ferroplasma:c825442-824345	KNPMNEEE_00928

DiscRep_SUB:FEATURE_LOCATION_CONFLICT::Coding region xref gene does not exist
PROKKA_04262022/PROKKA_04262022:CDS	Chorismate dehydratase	Ferroplasma:c826242-825520	KNPMNEEE_00929

DiscRep_SUB:FEATURE_LOCATION_CONFLICT::Coding region xref gene does not exist
PROKKA_04262022/PROKKA_04262022:CDS	Aminodeoxyfutalosine synthase	Ferroplasma:c827344-826244	KNPMNEEE_00930

DiscRep_SUB:FEATURE_LOCATION_CONFLICT::Coding region xref gene does not exist
PROKKA_04262022/PROKKA_04262022:CDS	Maleate isomerase	Ferroplasma:c828066-827410	KNPMNEEE_00931

DiscRep_SUB:FEATURE_LOCATION_CONFLICT::Coding region xref gene does not exist
PROKKA_04262022/PROKKA_04262022:CDS	hypothetical protein	Ferroplasma:828161-828289	KNPMNEEE_00932

DiscRep_SUB:FEATURE_LOCATION_CONFLICT::Coding region xref gene does not exist
PROKKA_04262022/PROKKA_04262022:CDS	Delta(1)-pyrroline-2-carboxylate reductase	Ferroplasma:828316-829050	KNPMNEEE_00933

DiscRep_SUB:FEATURE_LOCATION_CONFLICT::Coding region xref gene does not exist
PROKKA_04262022/PROKKA_04262022:CDS	hypothetical protein	Ferroplasma:829081-829644	KNPMNEEE_00934

DiscRep_SUB:FEATURE_LOCATION_CONFLICT::Coding region xref gene does not exist
PROKKA_04262022/PROKKA_04262022:CDS	Phosphoribosylglycinamide formyltransferase	Ferroplasma:c830253-829645	KNPMNEEE_00935

DiscRep_SUB:FEATURE_LOCATION_CONFLICT::Coding region xref gene does not exist
PROKKA_04262022/PROKKA_04262022:CDS	hypothetical protein	Ferroplasma:c830697-830413	KNPMNEEE_00936

DiscRep_SUB:FEATURE_LOCATION_CONFLICT::Coding region xref gene does not exist
PROKKA_04262022/PROKKA_04262022:CDS	Peroxiredoxin	Ferroplasma:c831393-830698	KNPMNEEE_00937

DiscRep_SUB:FEATURE_LOCATION_CONFLICT::Coding region xref gene does not exist
PROKKA_04262022/PROKKA_04262022:CDS	hypothetical protein	Ferroplasma:831542-831964	KNPMNEEE_00938

DiscRep_SUB:FEATURE_LOCATION_CONFLICT::Coding region xref gene does not exist
PROKKA_04262022/PROKKA_04262022:CDS	hypothetical protein	Ferroplasma:833174-834379	KNPMNEEE_00940

DiscRep_SUB:FEATURE_LOCATION_CONFLICT::Coding region xref gene does not exist
PROKKA_04262022/PROKKA_04262022:CDS	hypothetical protein	Ferroplasma:834384-835013	KNPMNEEE_00941

DiscRep_SUB:FEATURE_LOCATION_CONFLICT::Coding region xref gene does not exist
PROKKA_04262022/PROKKA_04262022:CDS	hypothetical protein	Ferroplasma:835047-835226	KNPMNEEE_00942

DiscRep_SUB:FEATURE_LOCATION_CONFLICT::Coding region xref gene does not exist
PROKKA_04262022/PROKKA_04262022:CDS	hypothetical protein	Ferroplasma:835243-835578	KNPMNEEE_00943

DiscRep_SUB:FEATURE_LOCATION_CONFLICT::Coding region xref gene does not exist
PROKKA_04262022/PROKKA_04262022:CDS	hypothetical protein	Ferroplasma:835581-835985	KNPMNEEE_00944

DiscRep_SUB:FEATURE_LOCATION_CONFLICT::Coding region xref gene does not exist
PROKKA_04262022/PROKKA_04262022:CDS	hypothetical protein	Ferroplasma:835992-837767	KNPMNEEE_00945

DiscRep_SUB:FEATURE_LOCATION_CONFLICT::Coding region xref gene does not exist
PROKKA_04262022/PROKKA_04262022:CDS	hypothetical protein	Ferroplasma:c838115-837762	KNPMNEEE_00946

DiscRep_SUB:FEATURE_LOCATION_CONFLICT::Coding region xref gene does not exist
PROKKA_04262022/PROKKA_04262022:CDS	hypothetical protein	Ferroplasma:c838328-838128	KNPMNEEE_00947

DiscRep_SUB:FEATURE_LOCATION_CONFLICT::Coding region xref gene does not exist
PROKKA_04262022/PROKKA_04262022:CDS	Sporulation initiation inhibitor protein Soj	Ferroplasma:838453-839205	KNPMNEEE_00948

DiscRep_SUB:FEATURE_LOCATION_CONFLICT::Coding region xref gene does not exist
PROKKA_04262022/PROKKA_04262022:CDS	hypothetical protein	Ferroplasma:839202-839477	KNPMNEEE_00949

DiscRep_SUB:FEATURE_LOCATION_CONFLICT::Coding region xref gene does not exist
PROKKA_04262022/PROKKA_04262022:CDS	hypothetical protein	Ferroplasma:839524-840033	KNPMNEEE_00950

DiscRep_SUB:FEATURE_LOCATION_CONFLICT::Coding region xref gene does not exist
PROKKA_04262022/PROKKA_04262022:CDS	hypothetical protein	Ferroplasma:840162-840341	KNPMNEEE_00951

DiscRep_SUB:FEATURE_LOCATION_CONFLICT::Coding region xref gene does not exist
PROKKA_04262022/PROKKA_04262022:CDS	Serine recombinase PinR	Ferroplasma:840445-841059	KNPMNEEE_00952

DiscRep_SUB:FEATURE_LOCATION_CONFLICT::Coding region xref gene does not exist
PROKKA_04262022/PROKKA_04262022:CDS	hypothetical protein	Ferroplasma:841333-842403	KNPMNEEE_00953

DiscRep_SUB:FEATURE_LOCATION_CONFLICT::Coding region xref gene does not exist
PROKKA_04262022/PROKKA_04262022:CDS	hypothetical protein	Ferroplasma:842473-844323	KNPMNEEE_00954

DiscRep_SUB:FEATURE_LOCATION_CONFLICT::Coding region xref gene does not exist
PROKKA_04262022/PROKKA_04262022:CDS	hypothetical protein	Ferroplasma:844320-846857	KNPMNEEE_00955

DiscRep_SUB:FEATURE_LOCATION_CONFLICT::Coding region xref gene does not exist
PROKKA_04262022/PROKKA_04262022:CDS	hypothetical protein	Ferroplasma:c847336-847163	KNPMNEEE_00956

DiscRep_SUB:FEATURE_LOCATION_CONFLICT::Coding region xref gene does not exist
PROKKA_04262022/PROKKA_04262022:CDS	hypothetical protein	Ferroplasma:847971-849428	KNPMNEEE_00957

DiscRep_SUB:FEATURE_LOCATION_CONFLICT::Coding region xref gene does not exist
PROKKA_04262022/PROKKA_04262022:CDS	tRNA(fMet)-specific endonuclease VapC	Ferroplasma:c849921-849544	KNPMNEEE_00958

DiscRep_SUB:FEATURE_LOCATION_CONFLICT::Coding region xref gene does not exist
PROKKA_04262022/PROKKA_04262022:CDS	hypothetical protein	Ferroplasma:c850130-849918	KNPMNEEE_00959

DiscRep_SUB:FEATURE_LOCATION_CONFLICT::Coding region xref gene does not exist
PROKKA_04262022/PROKKA_04262022:CDS	hypothetical protein	Ferroplasma:850538-850693	KNPMNEEE_00960

DiscRep_SUB:FEATURE_LOCATION_CONFLICT::Coding region xref gene does not exist
PROKKA_04262022/PROKKA_04262022:CDS	hypothetical protein	Ferroplasma:850701-850928	KNPMNEEE_00961

DiscRep_SUB:FEATURE_LOCATION_CONFLICT::Coding region xref gene does not exist
PROKKA_04262022/PROKKA_04262022:CDS	hypothetical protein	Ferroplasma:c851542-851084	KNPMNEEE_00962

DiscRep_SUB:FEATURE_LOCATION_CONFLICT::Coding region xref gene does not exist
PROKKA_04262022/PROKKA_04262022:CDS	hypothetical protein	Ferroplasma:c851775-851560	KNPMNEEE_00963

DiscRep_SUB:FEATURE_LOCATION_CONFLICT::Coding region xref gene does not exist
PROKKA_04262022/PROKKA_04262022:CDS	IS200/IS605 family transposase ISMma22	Ferroplasma:c852323-851772	KNPMNEEE_00964

DiscRep_SUB:FEATURE_LOCATION_CONFLICT::Coding region xref gene does not exist
PROKKA_04262022/PROKKA_04262022:CDS	hypothetical protein	Ferroplasma:852561-853031	KNPMNEEE_00965

DiscRep_SUB:FEATURE_LOCATION_CONFLICT::Coding region xref gene does not exist
PROKKA_04262022/PROKKA_04262022:CDS	hypothetical protein	Ferroplasma:853329-854414	KNPMNEEE_00966

DiscRep_SUB:FEATURE_LOCATION_CONFLICT::Coding region xref gene does not exist
PROKKA_04262022/PROKKA_04262022:CDS	hypothetical protein	Ferroplasma:c854920-854438	KNPMNEEE_00967

DiscRep_SUB:FEATURE_LOCATION_CONFLICT::Coding region xref gene does not exist
PROKKA_04262022/PROKKA_04262022:CDS	IS200/IS605 family transposase ISHaha7	Ferroplasma:c855597-854932	KNPMNEEE_00968

DiscRep_SUB:FEATURE_LOCATION_CONFLICT::Coding region xref gene does not exist
PROKKA_04262022/PROKKA_04262022:CDS	Methylated-DNA--protein-cysteine methyltransferase	Ferroplasma:856268-856774	KNPMNEEE_00969

DiscRep_SUB:FEATURE_LOCATION_CONFLICT::Coding region xref gene does not exist
PROKKA_04262022/PROKKA_04262022:CDS	hypothetical protein	Ferroplasma:c858363-856945	KNPMNEEE_00970

DiscRep_SUB:FEATURE_LOCATION_CONFLICT::Coding region xref gene does not exist
PROKKA_04262022/PROKKA_04262022:CDS	Putative cysteine protease YraA	Ferroplasma:c859406-858825	KNPMNEEE_00971

DiscRep_SUB:FEATURE_LOCATION_CONFLICT::Coding region xref gene does not exist
PROKKA_04262022/PROKKA_04262022:CDS	hypothetical protein	Ferroplasma:c859815-859513	KNPMNEEE_00972

DiscRep_SUB:FEATURE_LOCATION_CONFLICT::Coding region xref gene does not exist
PROKKA_04262022/PROKKA_04262022:CDS	Putative tartrate transporter	Ferroplasma:859922-861202	KNPMNEEE_00973

DiscRep_SUB:FEATURE_LOCATION_CONFLICT::Coding region xref gene does not exist
PROKKA_04262022/PROKKA_04262022:CDS	hypothetical protein	Ferroplasma:861557-862993	KNPMNEEE_00974

DiscRep_SUB:FEATURE_LOCATION_CONFLICT::Coding region xref gene does not exist
PROKKA_04262022/PROKKA_04262022:CDS	hypothetical protein	Ferroplasma:c863759-863448	KNPMNEEE_00975

DiscRep_SUB:FEATURE_LOCATION_CONFLICT::Coding region xref gene does not exist
PROKKA_04262022/PROKKA_04262022:CDS	hypothetical protein	Ferroplasma:c864055-863804	KNPMNEEE_00976

DiscRep_SUB:FEATURE_LOCATION_CONFLICT::Coding region xref gene does not exist
PROKKA_04262022/PROKKA_04262022:CDS	hypothetical protein	Ferroplasma:c864396-864142	KNPMNEEE_00977

DiscRep_SUB:FEATURE_LOCATION_CONFLICT::Coding region xref gene does not exist
PROKKA_04262022/PROKKA_04262022:CDS	putative protein/GBAA_2834/BAS2643	Ferroplasma:c865444-864452	KNPMNEEE_00978

DiscRep_SUB:FEATURE_LOCATION_CONFLICT::Coding region xref gene does not exist
PROKKA_04262022/PROKKA_04262022:CDS	N-acetyldiaminopimelate deacetylase	Ferroplasma:c866639-865494	KNPMNEEE_00979

DiscRep_SUB:FEATURE_LOCATION_CONFLICT::Coding region xref gene does not exist
PROKKA_04262022/PROKKA_04262022:CDS	hypothetical protein	Ferroplasma:866832-866948	KNPMNEEE_00980

DiscRep_SUB:FEATURE_LOCATION_CONFLICT::Coding region xref gene does not exist
PROKKA_04262022/PROKKA_04262022:CDS	hypothetical protein	Ferroplasma:867812-868336	KNPMNEEE_00981

DiscRep_SUB:FEATURE_LOCATION_CONFLICT::Coding region xref gene does not exist
PROKKA_04262022/PROKKA_04262022:CDS	hypothetical protein	Ferroplasma:c868630-868331	KNPMNEEE_00982

DiscRep_SUB:FEATURE_LOCATION_CONFLICT::Coding region xref gene does not exist
PROKKA_04262022/PROKKA_04262022:CDS	IS256 family transposase ISFac8	Ferroplasma:c869577-868702	KNPMNEEE_00983

DiscRep_SUB:FEATURE_LOCATION_CONFLICT::Coding region xref gene does not exist
PROKKA_04262022/PROKKA_04262022:CDS	hypothetical protein	Ferroplasma:c869861-869625	KNPMNEEE_00984

DiscRep_SUB:FEATURE_LOCATION_CONFLICT::Coding region xref gene does not exist
PROKKA_04262022/PROKKA_04262022:CDS	hypothetical protein	Ferroplasma:c870055-869903	KNPMNEEE_00985

DiscRep_SUB:FEATURE_LOCATION_CONFLICT::Coding region xref gene does not exist
PROKKA_04262022/PROKKA_04262022:CDS	hypothetical protein	Ferroplasma:870186-870377	KNPMNEEE_00986

DiscRep_SUB:FEATURE_LOCATION_CONFLICT::Coding region xref gene does not exist
PROKKA_04262022/PROKKA_04262022:CDS	putative MFS-type transporter YcaD	Ferroplasma:c871550-870396	KNPMNEEE_00987

DiscRep_SUB:FEATURE_LOCATION_CONFLICT::Coding region xref gene does not exist
PROKKA_04262022/PROKKA_04262022:CDS	hypothetical protein	Ferroplasma:c871954-871790	KNPMNEEE_00988

DiscRep_SUB:FEATURE_LOCATION_CONFLICT::Coding region xref gene does not exist
PROKKA_04262022/PROKKA_04262022:CDS	hypothetical protein	Ferroplasma:c872154-872008	KNPMNEEE_00989

DiscRep_SUB:FEATURE_LOCATION_CONFLICT::Coding region xref gene does not exist
PROKKA_04262022/PROKKA_04262022:CDS	putative 2,4-dienoyl-CoA reductase	Ferroplasma:c873050-872289	KNPMNEEE_00990

DiscRep_SUB:FEATURE_LOCATION_CONFLICT::Coding region xref gene does not exist
PROKKA_04262022/PROKKA_04262022:CDS	hypothetical protein	Ferroplasma:c873949-873596	KNPMNEEE_00991

DiscRep_SUB:FEATURE_LOCATION_CONFLICT::Coding region xref gene does not exist
PROKKA_04262022/PROKKA_04262022:CDS	hypothetical protein	Ferroplasma:c874492-874223	KNPMNEEE_00992

DiscRep_SUB:FEATURE_LOCATION_CONFLICT::Coding region xref gene does not exist
PROKKA_04262022/PROKKA_04262022:CDS	hypothetical protein	Ferroplasma:c874736-874536	KNPMNEEE_00993

DiscRep_SUB:FEATURE_LOCATION_CONFLICT::Coding region xref gene does not exist
PROKKA_04262022/PROKKA_04262022:CDS	hypothetical protein	Ferroplasma:c875215-874895	KNPMNEEE_00994

DiscRep_SUB:FEATURE_LOCATION_CONFLICT::Coding region xref gene does not exist
PROKKA_04262022/PROKKA_04262022:CDS	UDP-glucose 4-epimerase	Ferroplasma:c875850-875206	KNPMNEEE_00995

DiscRep_SUB:FEATURE_LOCATION_CONFLICT::Coding region xref gene does not exist
PROKKA_04262022/PROKKA_04262022:CDS	hypothetical protein	Ferroplasma:875910-876107	KNPMNEEE_00996

DiscRep_SUB:FEATURE_LOCATION_CONFLICT::Coding region xref gene does not exist
PROKKA_04262022/PROKKA_04262022:CDS	Histidine--tRNA ligase	Ferroplasma:876104-877393	KNPMNEEE_00997

DiscRep_SUB:FEATURE_LOCATION_CONFLICT::Coding region xref gene does not exist
PROKKA_04262022/PROKKA_04262022:CDS	hypothetical protein	Ferroplasma:877450-877683	KNPMNEEE_00998

DiscRep_SUB:FEATURE_LOCATION_CONFLICT::Coding region xref gene does not exist
PROKKA_04262022/PROKKA_04262022:CDS	hypothetical protein	Ferroplasma:877692-877997	KNPMNEEE_00999

DiscRep_SUB:FEATURE_LOCATION_CONFLICT::Coding region xref gene does not exist
PROKKA_04262022/PROKKA_04262022:CDS	hypothetical protein	Ferroplasma:c879035-877998	KNPMNEEE_01000

DiscRep_SUB:FEATURE_LOCATION_CONFLICT::Coding region xref gene does not exist
PROKKA_04262022/PROKKA_04262022:CDS	GMP synthase [glutamine-hydrolyzing]	Ferroplasma:879142-880116	KNPMNEEE_01001

DiscRep_SUB:FEATURE_LOCATION_CONFLICT::Coding region xref gene does not exist
PROKKA_04262022/PROKKA_04262022:CDS	hypothetical protein	Ferroplasma:880411-881013	KNPMNEEE_01002

DiscRep_SUB:FEATURE_LOCATION_CONFLICT::Coding region xref gene does not exist
PROKKA_04262022/PROKKA_04262022:CDS	hypothetical protein	Ferroplasma:c881876-881010	KNPMNEEE_01003

DiscRep_SUB:FEATURE_LOCATION_CONFLICT::Coding region xref gene does not exist
PROKKA_04262022/PROKKA_04262022:CDS	hypothetical protein	Ferroplasma:c882382-881885	KNPMNEEE_01004

DiscRep_SUB:FEATURE_LOCATION_CONFLICT::Coding region xref gene does not exist
PROKKA_04262022/PROKKA_04262022:CDS	2-aminoadipate transaminase	Ferroplasma:882527-883729	KNPMNEEE_01005

DiscRep_SUB:FEATURE_LOCATION_CONFLICT::Coding region xref gene does not exist
PROKKA_04262022/PROKKA_04262022:CDS	Inosine/xanthosine triphosphatase	Ferroplasma:883771-884745	KNPMNEEE_01006

DiscRep_SUB:FEATURE_LOCATION_CONFLICT::Coding region xref gene does not exist
PROKKA_04262022/PROKKA_04262022:CDS	hypothetical protein	Ferroplasma:c885632-884742	KNPMNEEE_01007

DiscRep_SUB:FEATURE_LOCATION_CONFLICT::Coding region xref gene does not exist
PROKKA_04262022/PROKKA_04262022:CDS	IS200/IS605 family transposase ISHvo24	Ferroplasma:c886801-885674	KNPMNEEE_01008

DiscRep_SUB:FEATURE_LOCATION_CONFLICT::Coding region xref gene does not exist
PROKKA_04262022/PROKKA_04262022:CDS	Fe-S protein maturation auxiliary factor SufT	Ferroplasma:886972-887274	KNPMNEEE_01009

DiscRep_SUB:FEATURE_LOCATION_CONFLICT::Coding region xref gene does not exist
PROKKA_04262022/PROKKA_04262022:CDS	hypothetical protein	Ferroplasma:887290-887895	KNPMNEEE_01010

DiscRep_SUB:FEATURE_LOCATION_CONFLICT::Coding region xref gene does not exist
PROKKA_04262022/PROKKA_04262022:CDS	tRNA pseudouridine synthase D	Ferroplasma:c889131-887887	KNPMNEEE_01011

DiscRep_SUB:FEATURE_LOCATION_CONFLICT::Coding region xref gene does not exist
PROKKA_04262022/PROKKA_04262022:CDS	hypothetical protein	Ferroplasma:c889468-889247	KNPMNEEE_01012

DiscRep_SUB:FEATURE_LOCATION_CONFLICT::Coding region xref gene does not exist
PROKKA_04262022/PROKKA_04262022:CDS	hypothetical protein	Ferroplasma:c889864-889667	KNPMNEEE_01013

DiscRep_SUB:FEATURE_LOCATION_CONFLICT::Coding region xref gene does not exist
PROKKA_04262022/PROKKA_04262022:CDS	Inosine-5'-monophosphate dehydrogenase	Ferroplasma:c891358-889901	KNPMNEEE_01014

DiscRep_SUB:FEATURE_LOCATION_CONFLICT::Coding region xref gene does not exist
PROKKA_04262022/PROKKA_04262022:CDS	hypothetical protein	Ferroplasma:891479-892882	KNPMNEEE_01015

DiscRep_SUB:FEATURE_LOCATION_CONFLICT::Coding region xref gene does not exist
PROKKA_04262022/PROKKA_04262022:CDS	hypothetical protein	Ferroplasma:c893218-892877	KNPMNEEE_01016

DiscRep_SUB:FEATURE_LOCATION_CONFLICT::Coding region xref gene does not exist
PROKKA_04262022/PROKKA_04262022:CDS	hypothetical protein	Ferroplasma:893354-893905	KNPMNEEE_01017

DiscRep_SUB:FEATURE_LOCATION_CONFLICT::Coding region xref gene does not exist
PROKKA_04262022/PROKKA_04262022:CDS	hypothetical protein	Ferroplasma:c895018-893909	KNPMNEEE_01018

DiscRep_SUB:FEATURE_LOCATION_CONFLICT::Coding region xref gene does not exist
PROKKA_04262022/PROKKA_04262022:CDS	hypothetical protein	Ferroplasma:895174-895290	KNPMNEEE_01019

DiscRep_SUB:FEATURE_LOCATION_CONFLICT::Coding region xref gene does not exist
PROKKA_04262022/PROKKA_04262022:CDS	3-isopropylmalate dehydratase large subunit	Ferroplasma:895390-896640	KNPMNEEE_01020

DiscRep_SUB:FEATURE_LOCATION_CONFLICT::Coding region xref gene does not exist
PROKKA_04262022/PROKKA_04262022:CDS	Homoaconitase small subunit	Ferroplasma:896633-897136	KNPMNEEE_01021

DiscRep_SUB:FEATURE_LOCATION_CONFLICT::Coding region xref gene does not exist
PROKKA_04262022/PROKKA_04262022:CDS	sugar efflux transporter	Ferroplasma:c898300-897131	KNPMNEEE_01022

DiscRep_SUB:FEATURE_LOCATION_CONFLICT::Coding region xref gene does not exist
PROKKA_04262022/PROKKA_04262022:CDS	hypothetical protein	Ferroplasma:c899105-898416	KNPMNEEE_01023

DiscRep_SUB:FEATURE_LOCATION_CONFLICT::Coding region xref gene does not exist
PROKKA_04262022/PROKKA_04262022:CDS	hypothetical protein	Ferroplasma:c899403-899179	KNPMNEEE_01024

DiscRep_SUB:FEATURE_LOCATION_CONFLICT::Coding region xref gene does not exist
PROKKA_04262022/PROKKA_04262022:CDS	hypothetical protein	Ferroplasma:c899656-899423	KNPMNEEE_01025

DiscRep_SUB:FEATURE_LOCATION_CONFLICT::Coding region xref gene does not exist
PROKKA_04262022/PROKKA_04262022:CDS	Arsenical pump membrane protein	Ferroplasma:899900-901189	KNPMNEEE_01026

DiscRep_SUB:FEATURE_LOCATION_CONFLICT::Coding region xref gene does not exist
PROKKA_04262022/PROKKA_04262022:CDS	2-isopropylmalate synthase	Ferroplasma:c902293-901175	KNPMNEEE_01027

DiscRep_SUB:FEATURE_LOCATION_CONFLICT::Coding region xref gene does not exist
PROKKA_04262022/PROKKA_04262022:CDS	N-acetylmuramic acid/N-acetylglucosamine kinase	Ferroplasma:902407-903378	KNPMNEEE_01028

DiscRep_SUB:FEATURE_LOCATION_CONFLICT::Coding region xref gene does not exist
PROKKA_04262022/PROKKA_04262022:CDS	hypothetical protein	Ferroplasma:903431-903847	KNPMNEEE_01029

DiscRep_SUB:FEATURE_LOCATION_CONFLICT::Coding region xref gene does not exist
PROKKA_04262022/PROKKA_04262022:CDS	Daunorubicin/doxorubicin resistance ATP-binding protein DrrA	Ferroplasma:903853-904836	KNPMNEEE_01030

DiscRep_SUB:FEATURE_LOCATION_CONFLICT::Coding region xref gene does not exist
PROKKA_04262022/PROKKA_04262022:CDS	Daunorubicin/doxorubicin resistance ABC transporter permease protein DrrB	Ferroplasma:904838-905641	KNPMNEEE_01031

DiscRep_SUB:FEATURE_LOCATION_CONFLICT::Coding region xref gene does not exist
PROKKA_04262022/PROKKA_04262022:CDS	Uridylate kinase	Ferroplasma:c906319-905642	KNPMNEEE_01032

DiscRep_SUB:FEATURE_LOCATION_CONFLICT::Coding region xref gene does not exist
PROKKA_04262022/PROKKA_04262022:CDS	hypothetical protein	Ferroplasma:906362-907600	KNPMNEEE_01033

DiscRep_SUB:FEATURE_LOCATION_CONFLICT::Coding region xref gene does not exist
PROKKA_04262022/PROKKA_04262022:CDS	hypothetical protein	Ferroplasma:907753-908745	KNPMNEEE_01034

DiscRep_SUB:FEATURE_LOCATION_CONFLICT::Coding region xref gene does not exist
PROKKA_04262022/PROKKA_04262022:CDS	ATP-dependent zinc metalloprotease FtsH	Ferroplasma:c910980-908746	KNPMNEEE_01035

DiscRep_SUB:FEATURE_LOCATION_CONFLICT::Coding region xref gene does not exist
PROKKA_04262022/PROKKA_04262022:CDS	Homoserine kinase	Ferroplasma:911385-912311	KNPMNEEE_01036

DiscRep_SUB:FEATURE_LOCATION_CONFLICT::Coding region xref gene does not exist
PROKKA_04262022/PROKKA_04262022:CDS	Cystathionine gamma-lyase	Ferroplasma:912304-913389	KNPMNEEE_01037

DiscRep_SUB:FEATURE_LOCATION_CONFLICT::Coding region xref gene does not exist
PROKKA_04262022/PROKKA_04262022:CDS	hypothetical protein	Ferroplasma:c913975-913379	KNPMNEEE_01038

DiscRep_SUB:FEATURE_LOCATION_CONFLICT::Coding region xref gene does not exist
PROKKA_04262022/PROKKA_04262022:CDS	Superoxide dismutase [Fe]	Ferroplasma:914276-914899	KNPMNEEE_01039

DiscRep_SUB:FEATURE_LOCATION_CONFLICT::Coding region xref gene does not exist
PROKKA_04262022/PROKKA_04262022:CDS	putative N-glycosylase/DNA lyase	Ferroplasma:914916-915545	KNPMNEEE_01040

DiscRep_SUB:FEATURE_LOCATION_CONFLICT::Coding region xref gene does not exist
PROKKA_04262022/PROKKA_04262022:CDS	tRNA sulfurtransferase	Ferroplasma:c916405-915566	KNPMNEEE_01041

DiscRep_SUB:FEATURE_LOCATION_CONFLICT::Coding region xref gene does not exist
PROKKA_04262022/PROKKA_04262022:CDS	tRNA sulfurtransferase	Ferroplasma:c916968-916432	KNPMNEEE_01042

DiscRep_SUB:FEATURE_LOCATION_CONFLICT::Coding region xref gene does not exist
PROKKA_04262022/PROKKA_04262022:CDS	NAD(P)H-dependent FMN reductase	Ferroplasma:917053-917607	KNPMNEEE_01043

DiscRep_SUB:FEATURE_LOCATION_CONFLICT::Coding region xref gene does not exist
PROKKA_04262022/PROKKA_04262022:CDS	hypothetical protein	Ferroplasma:917656-917946	KNPMNEEE_01044

DiscRep_SUB:FEATURE_LOCATION_CONFLICT::Coding region xref gene does not exist
PROKKA_04262022/PROKKA_04262022:CDS	D-galactonate dehydratase	Ferroplasma:c919125-918043	KNPMNEEE_01045

DiscRep_SUB:FEATURE_LOCATION_CONFLICT::Coding region xref gene does not exist
PROKKA_04262022/PROKKA_04262022:CDS	hypothetical protein	Ferroplasma:c921100-919172	KNPMNEEE_01046

DiscRep_SUB:FEATURE_LOCATION_CONFLICT::Coding region xref gene does not exist
PROKKA_04262022/PROKKA_04262022:CDS	hypothetical protein	Ferroplasma:c921347-921105	KNPMNEEE_01047

DiscRep_SUB:FEATURE_LOCATION_CONFLICT::Coding region xref gene does not exist
PROKKA_04262022/PROKKA_04262022:CDS	hypothetical protein	Ferroplasma:c921531-921424	KNPMNEEE_01048

DiscRep_SUB:FEATURE_LOCATION_CONFLICT::Coding region xref gene does not exist
PROKKA_04262022/PROKKA_04262022:CDS	V-type ATP synthase subunit D	Ferroplasma:c922214-921564	KNPMNEEE_01049

DiscRep_SUB:FEATURE_LOCATION_CONFLICT::Coding region xref gene does not exist
PROKKA_04262022/PROKKA_04262022:CDS	V-type sodium ATPase subunit B	Ferroplasma:c923578-922202	KNPMNEEE_01050

DiscRep_SUB:FEATURE_LOCATION_CONFLICT::Coding region xref gene does not exist
PROKKA_04262022/PROKKA_04262022:CDS	hypothetical protein	Ferroplasma:c923783-923571	KNPMNEEE_01051

DiscRep_SUB:FEATURE_LOCATION_CONFLICT::Coding region xref gene does not exist
PROKKA_04262022/PROKKA_04262022:CDS	V-type sodium ATPase catalytic subunit A	Ferroplasma:c925339-923816	KNPMNEEE_01052

DiscRep_SUB:FEATURE_LOCATION_CONFLICT::Coding region xref gene does not exist
PROKKA_04262022/PROKKA_04262022:CDS	V-type ATP synthase subunit F	Ferroplasma:c925648-925340	KNPMNEEE_01053

DiscRep_SUB:FEATURE_LOCATION_CONFLICT::Coding region xref gene does not exist
PROKKA_04262022/PROKKA_04262022:CDS	V-type ATP synthase subunit C	Ferroplasma:c926710-925649	KNPMNEEE_01054

DiscRep_SUB:FEATURE_LOCATION_CONFLICT::Coding region xref gene does not exist
PROKKA_04262022/PROKKA_04262022:CDS	V-type proton ATPase subunit E	Ferroplasma:c927279-926710	KNPMNEEE_01055

DiscRep_SUB:FEATURE_LOCATION_CONFLICT::Coding region xref gene does not exist
PROKKA_04262022/PROKKA_04262022:CDS	hypothetical protein	Ferroplasma:c927519-927292	KNPMNEEE_01056

DiscRep_SUB:FEATURE_LOCATION_CONFLICT::Coding region xref gene does not exist
PROKKA_04262022/PROKKA_04262022:CDS	hypothetical protein	Ferroplasma:c929127-927619	KNPMNEEE_01057

DiscRep_SUB:FEATURE_LOCATION_CONFLICT::Coding region xref gene does not exist
PROKKA_04262022/PROKKA_04262022:CDS	Vitamin B12 import ATP-binding protein BtuD	Ferroplasma:c930025-929129	KNPMNEEE_01058

DiscRep_SUB:FEATURE_LOCATION_CONFLICT::Coding region xref gene does not exist
PROKKA_04262022/PROKKA_04262022:CDS	hypothetical protein	Ferroplasma:930235-930624	KNPMNEEE_01059

DiscRep_SUB:FEATURE_LOCATION_CONFLICT::Coding region xref gene does not exist
PROKKA_04262022/PROKKA_04262022:CDS	hypothetical protein	Ferroplasma:930677-930988	KNPMNEEE_01060

DiscRep_SUB:FEATURE_LOCATION_CONFLICT::Coding region xref gene does not exist
PROKKA_04262022/PROKKA_04262022:CDS	hypothetical protein	Ferroplasma:931045-931773	KNPMNEEE_01061

DiscRep_SUB:FEATURE_LOCATION_CONFLICT::Coding region xref gene does not exist
PROKKA_04262022/PROKKA_04262022:CDS	hypothetical protein	Ferroplasma:931830-932129	KNPMNEEE_01062

DiscRep_SUB:FEATURE_LOCATION_CONFLICT::Coding region xref gene does not exist
PROKKA_04262022/PROKKA_04262022:CDS	hypothetical protein	Ferroplasma:c932872-932468	KNPMNEEE_01063

DiscRep_SUB:FEATURE_LOCATION_CONFLICT::Coding region xref gene does not exist
PROKKA_04262022/PROKKA_04262022:CDS	hypothetical protein	Ferroplasma:c933257-933048	KNPMNEEE_01064

DiscRep_SUB:FEATURE_LOCATION_CONFLICT::Coding region xref gene does not exist
PROKKA_04262022/PROKKA_04262022:CDS	hypothetical protein	Ferroplasma:c933493-933263	KNPMNEEE_01065

DiscRep_SUB:FEATURE_LOCATION_CONFLICT::Coding region xref gene does not exist
PROKKA_04262022/PROKKA_04262022:CDS	hypothetical protein	Ferroplasma:c933673-933530	KNPMNEEE_01066

DiscRep_SUB:FEATURE_LOCATION_CONFLICT::Coding region xref gene does not exist
PROKKA_04262022/PROKKA_04262022:CDS	hypothetical protein	Ferroplasma:c934198-933698	KNPMNEEE_01067

DiscRep_SUB:FEATURE_LOCATION_CONFLICT::Coding region xref gene does not exist
PROKKA_04262022/PROKKA_04262022:CDS	Isopentenyl-diphosphate delta-isomerase	Ferroplasma:c935248-934199	KNPMNEEE_01068

DiscRep_SUB:FEATURE_LOCATION_CONFLICT::Coding region xref gene does not exist
PROKKA_04262022/PROKKA_04262022:CDS	Glutamate 5-kinase	Ferroplasma:c935976-935248	KNPMNEEE_01069

DiscRep_SUB:FEATURE_LOCATION_CONFLICT::Coding region xref gene does not exist
PROKKA_04262022/PROKKA_04262022:CDS	hypothetical protein	Ferroplasma:c936221-936081	KNPMNEEE_01070

DiscRep_SUB:FEATURE_LOCATION_CONFLICT::Coding region xref gene does not exist
PROKKA_04262022/PROKKA_04262022:CDS	hypothetical protein	Ferroplasma:936355-936609	KNPMNEEE_01071

DiscRep_SUB:FEATURE_LOCATION_CONFLICT::Coding region xref gene does not exist
PROKKA_04262022/PROKKA_04262022:CDS	hypothetical protein	Ferroplasma:936660-938318	KNPMNEEE_01072

DiscRep_SUB:FEATURE_LOCATION_CONFLICT::Coding region xref gene does not exist
PROKKA_04262022/PROKKA_04262022:CDS	hypothetical protein	Ferroplasma:938662-938895	KNPMNEEE_01073

DiscRep_SUB:FEATURE_LOCATION_CONFLICT::Coding region xref gene does not exist
PROKKA_04262022/PROKKA_04262022:CDS	hypothetical protein	Ferroplasma:c939411-938902	KNPMNEEE_01074

DiscRep_SUB:FEATURE_LOCATION_CONFLICT::Coding region xref gene does not exist
PROKKA_04262022/PROKKA_04262022:CDS	Aminomethyltransferase	Ferroplasma:c941355-940249	KNPMNEEE_01076

DiscRep_SUB:FEATURE_LOCATION_CONFLICT::Coding region xref gene does not exist
PROKKA_04262022/PROKKA_04262022:CDS	hypothetical protein	Ferroplasma:c941816-941589	KNPMNEEE_01077

DiscRep_SUB:FEATURE_LOCATION_CONFLICT::Coding region xref gene does not exist
PROKKA_04262022/PROKKA_04262022:CDS	2-isopropylmalate synthase	Ferroplasma:942461-943627	KNPMNEEE_01079

DiscRep_SUB:FEATURE_LOCATION_CONFLICT::Coding region xref gene does not exist
PROKKA_04262022/PROKKA_04262022:CDS	2,3-dimethylmalate dehydratase large subunit	Ferroplasma:943620-944861	KNPMNEEE_01080

DiscRep_SUB:FEATURE_LOCATION_CONFLICT::Coding region xref gene does not exist
PROKKA_04262022/PROKKA_04262022:CDS	2,3-dimethylmalate dehydratase small subunit	Ferroplasma:944863-945345	KNPMNEEE_01081

DiscRep_SUB:FEATURE_LOCATION_CONFLICT::Coding region xref gene does not exist
PROKKA_04262022/PROKKA_04262022:CDS	Homoisocitrate dehydrogenase	Ferroplasma:945339-946409	KNPMNEEE_01082

DiscRep_SUB:FEATURE_LOCATION_CONFLICT::Coding region xref gene does not exist
PROKKA_04262022/PROKKA_04262022:CDS	Sulfide-quinone reductase	Ferroplasma:946595-947830	KNPMNEEE_01083

DiscRep_SUB:FEATURE_LOCATION_CONFLICT::Coding region xref gene does not exist
PROKKA_04262022/PROKKA_04262022:CDS	hypothetical protein	Ferroplasma:947837-948484	KNPMNEEE_01084

DiscRep_SUB:FEATURE_LOCATION_CONFLICT::Coding region xref gene does not exist
PROKKA_04262022/PROKKA_04262022:CDS	hypothetical protein	Ferroplasma:948625-948819	KNPMNEEE_01086

DiscRep_SUB:FEATURE_LOCATION_CONFLICT::Coding region xref gene does not exist
PROKKA_04262022/PROKKA_04262022:CDS	hypothetical protein	Ferroplasma:c950106-948823	KNPMNEEE_01087

DiscRep_SUB:FEATURE_LOCATION_CONFLICT::Coding region xref gene does not exist
PROKKA_04262022/PROKKA_04262022:CDS	hypothetical protein	Ferroplasma:c950439-950107	KNPMNEEE_01088

DiscRep_SUB:FEATURE_LOCATION_CONFLICT::Coding region xref gene does not exist
PROKKA_04262022/PROKKA_04262022:CDS	hypothetical protein	Ferroplasma:c951399-950464	KNPMNEEE_01089

DiscRep_SUB:FEATURE_LOCATION_CONFLICT::Coding region xref gene does not exist
PROKKA_04262022/PROKKA_04262022:CDS	Glutamine synthetase	Ferroplasma:951949-953274	KNPMNEEE_01090

DiscRep_SUB:FEATURE_LOCATION_CONFLICT::Coding region xref gene does not exist
PROKKA_04262022/PROKKA_04262022:CDS	Valine--tRNA ligase	Ferroplasma:c955589-953271	KNPMNEEE_01091

DiscRep_SUB:FEATURE_LOCATION_CONFLICT::Coding region xref gene does not exist
PROKKA_04262022/PROKKA_04262022:CDS	Argininosuccinate lyase	Ferroplasma:c956967-955684	KNPMNEEE_01092

DiscRep_SUB:FEATURE_LOCATION_CONFLICT::Coding region xref gene does not exist
PROKKA_04262022/PROKKA_04262022:CDS	Argininosuccinate synthase	Ferroplasma:c958242-957001	KNPMNEEE_01093

DiscRep_SUB:FEATURE_LOCATION_CONFLICT::Coding region xref gene does not exist
PROKKA_04262022/PROKKA_04262022:CDS	hypothetical protein	Ferroplasma:958313-958903	KNPMNEEE_01094

DiscRep_SUB:FEATURE_LOCATION_CONFLICT::Coding region xref gene does not exist
PROKKA_04262022/PROKKA_04262022:CDS	hypothetical protein	Ferroplasma:c959350-958916	KNPMNEEE_01095

DiscRep_SUB:FEATURE_LOCATION_CONFLICT::Coding region xref gene does not exist
PROKKA_04262022/PROKKA_04262022:CDS	Phosphoribosylformylglycinamidine cyclo-ligase	Ferroplasma:960336-961343	KNPMNEEE_01096

DiscRep_SUB:FEATURE_LOCATION_CONFLICT::Coding region xref gene does not exist
PROKKA_04262022/PROKKA_04262022:CDS	hypothetical protein	Ferroplasma:961387-961755	KNPMNEEE_01097

DiscRep_SUB:FEATURE_LOCATION_CONFLICT::Coding region xref gene does not exist
PROKKA_04262022/PROKKA_04262022:CDS	hypothetical protein	Ferroplasma:c962107-961769	KNPMNEEE_01098

DiscRep_SUB:FEATURE_LOCATION_CONFLICT::Coding region xref gene does not exist
PROKKA_04262022/PROKKA_04262022:CDS	Peroxiredoxin	Ferroplasma:c962743-962108	KNPMNEEE_01099

DiscRep_SUB:FEATURE_LOCATION_CONFLICT::Coding region xref gene does not exist
PROKKA_04262022/PROKKA_04262022:CDS	hypothetical protein	Ferroplasma:c963014-962790	KNPMNEEE_01100

DiscRep_SUB:FEATURE_LOCATION_CONFLICT::Coding region xref gene does not exist
PROKKA_04262022/PROKKA_04262022:CDS	hypothetical protein	Ferroplasma:963102-963341	KNPMNEEE_01101

DiscRep_SUB:FEATURE_LOCATION_CONFLICT::Coding region xref gene does not exist
PROKKA_04262022/PROKKA_04262022:CDS	Iron-sulfur cluster carrier protein	Ferroplasma:c967713-966883	KNPMNEEE_01103

DiscRep_SUB:FEATURE_LOCATION_CONFLICT::Coding region xref gene does not exist
PROKKA_04262022/PROKKA_04262022:CDS	Ribokinase	Ferroplasma:c968654-967758	KNPMNEEE_01104

DiscRep_SUB:FEATURE_LOCATION_CONFLICT::Coding region xref gene does not exist
PROKKA_04262022/PROKKA_04262022:CDS	hypothetical protein	Ferroplasma:968892-969317	KNPMNEEE_01105

DiscRep_SUB:FEATURE_LOCATION_CONFLICT::Coding region xref gene does not exist
PROKKA_04262022/PROKKA_04262022:CDS	Orotate phosphoribosyltransferase	Ferroplasma:969314-969895	KNPMNEEE_01106

DiscRep_SUB:FEATURE_LOCATION_CONFLICT::Coding region xref gene does not exist
PROKKA_04262022/PROKKA_04262022:CDS	Lysine--tRNA ligase	Ferroplasma:969898-971421	KNPMNEEE_01107

DiscRep_SUB:FEATURE_LOCATION_CONFLICT::Coding region xref gene does not exist
PROKKA_04262022/PROKKA_04262022:CDS	hypothetical protein	Ferroplasma:971621-972709	KNPMNEEE_01108

DiscRep_SUB:FEATURE_LOCATION_CONFLICT::Coding region xref gene does not exist
PROKKA_04262022/PROKKA_04262022:CDS	hypothetical protein	Ferroplasma:c974587-972674	KNPMNEEE_01109

DiscRep_SUB:FEATURE_LOCATION_CONFLICT::Coding region xref gene does not exist
PROKKA_04262022/PROKKA_04262022:CDS	hypothetical protein	Ferroplasma:c974816-974556	KNPMNEEE_01110

DiscRep_SUB:FEATURE_LOCATION_CONFLICT::Coding region xref gene does not exist
PROKKA_04262022/PROKKA_04262022:CDS	hypothetical protein	Ferroplasma:c975144-974797	KNPMNEEE_01111

DiscRep_SUB:FEATURE_LOCATION_CONFLICT::Coding region xref gene does not exist
PROKKA_04262022/PROKKA_04262022:CDS	putative peptidyl-prolyl cis-trans isomerase	Ferroplasma:c975673-975218	KNPMNEEE_01112

DiscRep_SUB:FEATURE_LOCATION_CONFLICT::Coding region xref gene does not exist
PROKKA_04262022/PROKKA_04262022:CDS	Sialic acid transporter NanT	Ferroplasma:975917-977326	KNPMNEEE_01113

DiscRep_SUB:FEATURE_LOCATION_CONFLICT::Coding region xref gene does not exist
PROKKA_04262022/PROKKA_04262022:CDS	Alcohol dehydrogenase	Ferroplasma:977644-978654	KNPMNEEE_01114

DiscRep_SUB:FEATURE_LOCATION_CONFLICT::Coding region xref gene does not exist
PROKKA_04262022/PROKKA_04262022:CDS	Ribose-phosphate pyrophosphokinase	Ferroplasma:978844-979599	KNPMNEEE_01115

DiscRep_SUB:FEATURE_LOCATION_CONFLICT::Coding region xref gene does not exist
PROKKA_04262022/PROKKA_04262022:CDS	hypothetical protein	Ferroplasma:979596-980168	KNPMNEEE_01116

DiscRep_SUB:FEATURE_LOCATION_CONFLICT::Coding region xref gene does not exist
PROKKA_04262022/PROKKA_04262022:CDS	IS200/IS605 family transposase ISHaha7	Ferroplasma:980279-980950	KNPMNEEE_01117

DiscRep_SUB:FEATURE_LOCATION_CONFLICT::Coding region xref gene does not exist
PROKKA_04262022/PROKKA_04262022:CDS	hypothetical protein	Ferroplasma:980962-981420	KNPMNEEE_01118

DiscRep_SUB:FEATURE_LOCATION_CONFLICT::Coding region xref gene does not exist
PROKKA_04262022/PROKKA_04262022:CDS	hypothetical protein	Ferroplasma:981500-982585	KNPMNEEE_01119

DiscRep_SUB:FEATURE_LOCATION_CONFLICT::Coding region xref gene does not exist
PROKKA_04262022/PROKKA_04262022:CDS	putative metabolite transport protein CsbC	Ferroplasma:c983696-982611	KNPMNEEE_01120

DiscRep_SUB:FEATURE_LOCATION_CONFLICT::Coding region xref gene does not exist
PROKKA_04262022/PROKKA_04262022:CDS	hypothetical protein	Ferroplasma:c984007-983696	KNPMNEEE_01121

DiscRep_SUB:FEATURE_LOCATION_CONFLICT::Coding region xref gene does not exist
PROKKA_04262022/PROKKA_04262022:CDS	6-deoxy-6-sulfogluconolactonase	Ferroplasma:c984999-984169	KNPMNEEE_01122

DiscRep_SUB:FEATURE_LOCATION_CONFLICT::Coding region xref gene does not exist
PROKKA_04262022/PROKKA_04262022:CDS	Naphthalene 1,2-dioxygenase/salicylate 5-hydroxylase systems, ferredoxin component	Ferroplasma:985570-985887	KNPMNEEE_01123

DiscRep_SUB:FEATURE_LOCATION_CONFLICT::Coding region xref gene does not exist
PROKKA_04262022/PROKKA_04262022:CDS	Protein FixB	Ferroplasma:985887-987575	KNPMNEEE_01124

DiscRep_SUB:FEATURE_LOCATION_CONFLICT::Coding region xref gene does not exist
PROKKA_04262022/PROKKA_04262022:CDS	hypothetical protein	Ferroplasma:988198-988779	KNPMNEEE_01125

DiscRep_SUB:FEATURE_LOCATION_CONFLICT::Coding region xref gene does not exist
PROKKA_04262022/PROKKA_04262022:CDS	tRNA(fMet)-specific endonuclease VapC	Ferroplasma:c989254-988781	KNPMNEEE_01126

DiscRep_SUB:FEATURE_LOCATION_CONFLICT::Coding region xref gene does not exist
PROKKA_04262022/PROKKA_04262022:CDS	hypothetical protein	Ferroplasma:989355-990125	KNPMNEEE_01127

DiscRep_SUB:FEATURE_LOCATION_CONFLICT::Coding region xref gene does not exist
PROKKA_04262022/PROKKA_04262022:CDS	Sulfur carrier protein adenylyltransferase	Ferroplasma:c990887-990120	KNPMNEEE_01128

DiscRep_SUB:FEATURE_LOCATION_CONFLICT::Coding region xref gene does not exist
PROKKA_04262022/PROKKA_04262022:CDS	hypothetical protein	Ferroplasma:991303-991815	KNPMNEEE_01129

DiscRep_SUB:FEATURE_LOCATION_CONFLICT::Coding region xref gene does not exist
PROKKA_04262022/PROKKA_04262022:CDS	hypothetical protein	Ferroplasma:991894-992307	KNPMNEEE_01130

DiscRep_SUB:FEATURE_LOCATION_CONFLICT::Coding region xref gene does not exist
PROKKA_04262022/PROKKA_04262022:CDS	Methionine aminopeptidase 1, mitochondrial	Ferroplasma:992487-993371	KNPMNEEE_01131

DiscRep_SUB:FEATURE_LOCATION_CONFLICT::Coding region xref gene does not exist
PROKKA_04262022/PROKKA_04262022:CDS	Thymidylate kinase	Ferroplasma:c993992-993372	KNPMNEEE_01132

DiscRep_SUB:FEATURE_LOCATION_CONFLICT::Coding region xref gene does not exist
PROKKA_04262022/PROKKA_04262022:CDS	hypothetical protein	Ferroplasma:994089-994667	KNPMNEEE_01133

DiscRep_SUB:FEATURE_LOCATION_CONFLICT::Coding region xref gene does not exist
PROKKA_04262022/PROKKA_04262022:CDS	hypothetical protein	Ferroplasma:994660-995217	KNPMNEEE_01134

DiscRep_SUB:FEATURE_LOCATION_CONFLICT::Coding region xref gene does not exist
PROKKA_04262022/PROKKA_04262022:CDS	hypothetical protein	Ferroplasma:995211-995372	KNPMNEEE_01135

DiscRep_SUB:FEATURE_LOCATION_CONFLICT::Coding region xref gene does not exist
PROKKA_04262022/PROKKA_04262022:CDS	hypothetical protein	Ferroplasma:995366-995560	KNPMNEEE_01136

DiscRep_SUB:FEATURE_LOCATION_CONFLICT::Coding region xref gene does not exist
PROKKA_04262022/PROKKA_04262022:CDS	hypothetical protein	Ferroplasma:c995692-995603	KNPMNEEE_01137

DiscRep_SUB:FEATURE_LOCATION_CONFLICT::Coding region xref gene does not exist
PROKKA_04262022/PROKKA_04262022:CDS	IS481 family transposase ISFac5	Ferroplasma:c996108-995854	KNPMNEEE_01138

DiscRep_SUB:FEATURE_LOCATION_CONFLICT::Coding region xref gene does not exist
PROKKA_04262022/PROKKA_04262022:CDS	hypothetical protein	Ferroplasma:996261-996503	KNPMNEEE_01139

DiscRep_SUB:FEATURE_LOCATION_CONFLICT::Coding region xref gene does not exist
PROKKA_04262022/PROKKA_04262022:CDS	hypothetical protein	Ferroplasma:996582-996731	KNPMNEEE_01140

DiscRep_SUB:FEATURE_LOCATION_CONFLICT::Coding region xref gene does not exist
PROKKA_04262022/PROKKA_04262022:CDS	Acetophenone carboxylase gamma subunit	Ferroplasma:996748-998703	KNPMNEEE_01141

DiscRep_SUB:FEATURE_LOCATION_CONFLICT::Coding region xref gene does not exist
PROKKA_04262022/PROKKA_04262022:CDS	Acetophenone carboxylase delta subunit	Ferroplasma:998700-1000118	KNPMNEEE_01142

DiscRep_SUB:FEATURE_LOCATION_CONFLICT::Coding region xref gene does not exist
PROKKA_04262022/PROKKA_04262022:CDS	hypothetical protein	Ferroplasma:1000142-1000231	KNPMNEEE_01143

DiscRep_SUB:FEATURE_LOCATION_CONFLICT::Coding region xref gene does not exist
PROKKA_04262022/PROKKA_04262022:CDS	hypothetical protein	Ferroplasma:1000469-1000735	KNPMNEEE_01144

DiscRep_SUB:FEATURE_LOCATION_CONFLICT::Coding region xref gene does not exist
PROKKA_04262022/PROKKA_04262022:CDS	hypothetical protein	Ferroplasma:c1001404-1001156	KNPMNEEE_01145

DiscRep_SUB:FEATURE_LOCATION_CONFLICT::Coding region xref gene does not exist
PROKKA_04262022/PROKKA_04262022:CDS	Exodeoxyribonuclease	Ferroplasma:1001839-1002669	KNPMNEEE_01146

DiscRep_SUB:FEATURE_LOCATION_CONFLICT::Coding region xref gene does not exist
PROKKA_04262022/PROKKA_04262022:CDS	IS200/IS605 family transposase ISMma19	Ferroplasma:1002783-1003949	KNPMNEEE_01147

DiscRep_SUB:FEATURE_LOCATION_CONFLICT::Coding region xref gene does not exist
PROKKA_04262022/PROKKA_04262022:CDS	hypothetical protein	Ferroplasma:1004029-1005114	KNPMNEEE_01148

DiscRep_SUB:FEATURE_LOCATION_CONFLICT::Coding region xref gene does not exist
PROKKA_04262022/PROKKA_04262022:CDS	Protein-methionine-sulfoxide reductase catalytic subunit MsrP	Ferroplasma:c1005799-1005191	KNPMNEEE_01149

DiscRep_SUB:FEATURE_LOCATION_CONFLICT::Coding region xref gene does not exist
PROKKA_04262022/PROKKA_04262022:CDS	hypothetical protein	Ferroplasma:1005916-1006083	KNPMNEEE_01150

DiscRep_SUB:FEATURE_LOCATION_CONFLICT::Coding region xref gene does not exist
PROKKA_04262022/PROKKA_04262022:CDS	hypothetical protein	Ferroplasma:1006062-1006517	KNPMNEEE_01151

DiscRep_SUB:FEATURE_LOCATION_CONFLICT::Coding region xref gene does not exist
PROKKA_04262022/PROKKA_04262022:CDS	hypothetical protein	Ferroplasma:1006555-1006791	KNPMNEEE_01152

DiscRep_SUB:FEATURE_LOCATION_CONFLICT::Coding region xref gene does not exist
PROKKA_04262022/PROKKA_04262022:CDS	Oxalate:formate antiporter	Ferroplasma:1006825-1007937	KNPMNEEE_01153

DiscRep_SUB:FEATURE_LOCATION_CONFLICT::Coding region xref gene does not exist
PROKKA_04262022/PROKKA_04262022:CDS	hypothetical protein	Ferroplasma:1007967-1008659	KNPMNEEE_01154

DiscRep_SUB:FEATURE_LOCATION_CONFLICT::Coding region xref gene does not exist
PROKKA_04262022/PROKKA_04262022:CDS	hypothetical protein	Ferroplasma:1008767-1009246	KNPMNEEE_01155

DiscRep_SUB:FEATURE_LOCATION_CONFLICT::Coding region xref gene does not exist
PROKKA_04262022/PROKKA_04262022:CDS	hypothetical protein	Ferroplasma:1009243-1009437	KNPMNEEE_01156

DiscRep_SUB:FEATURE_LOCATION_CONFLICT::Coding region xref gene does not exist
PROKKA_04262022/PROKKA_04262022:CDS	Ribonuclease PH	Ferroplasma:1009437-1010159	KNPMNEEE_01157

DiscRep_SUB:FEATURE_LOCATION_CONFLICT::Coding region xref gene does not exist
PROKKA_04262022/PROKKA_04262022:CDS	Ribonuclease PH	Ferroplasma:1010161-1010943	KNPMNEEE_01158

DiscRep_SUB:FEATURE_LOCATION_CONFLICT::Coding region xref gene does not exist
PROKKA_04262022/PROKKA_04262022:CDS	hypothetical protein	Ferroplasma:1010948-1011205	KNPMNEEE_01159

DiscRep_SUB:FEATURE_LOCATION_CONFLICT::Coding region xref gene does not exist
PROKKA_04262022/PROKKA_04262022:CDS	hypothetical protein	Ferroplasma:1011337-1012479	KNPMNEEE_01160

DiscRep_SUB:FEATURE_LOCATION_CONFLICT::Coding region xref gene does not exist
PROKKA_04262022/PROKKA_04262022:CDS	hypothetical protein	Ferroplasma:1012486-1012782	KNPMNEEE_01161

DiscRep_SUB:FEATURE_LOCATION_CONFLICT::Coding region xref gene does not exist
PROKKA_04262022/PROKKA_04262022:CDS	hypothetical protein	Ferroplasma:1012818-1013087	KNPMNEEE_01162

DiscRep_SUB:FEATURE_LOCATION_CONFLICT::Coding region xref gene does not exist
PROKKA_04262022/PROKKA_04262022:CDS	hypothetical protein	Ferroplasma:1013088-1013528	KNPMNEEE_01163

DiscRep_SUB:FEATURE_LOCATION_CONFLICT::Coding region xref gene does not exist
PROKKA_04262022/PROKKA_04262022:CDS	Ribosomal RNA small subunit methyltransferase A	Ferroplasma:1013632-1014351	KNPMNEEE_01164

DiscRep_SUB:FEATURE_LOCATION_CONFLICT::Coding region xref gene does not exist
PROKKA_04262022/PROKKA_04262022:CDS	hypothetical protein	Ferroplasma:c1015174-1014329	KNPMNEEE_01165

DiscRep_SUB:FEATURE_LOCATION_CONFLICT::Coding region xref gene does not exist
PROKKA_04262022/PROKKA_04262022:CDS	Hydroxymethylglutaryl-CoA synthase	Ferroplasma:1015244-1016356	KNPMNEEE_01166

DiscRep_SUB:FEATURE_LOCATION_CONFLICT::Coding region xref gene does not exist
PROKKA_04262022/PROKKA_04262022:CDS	Beta-ketoadipyl-CoA thiolase	Ferroplasma:1016340-1017512	KNPMNEEE_01167

DiscRep_SUB:FEATURE_LOCATION_CONFLICT::Coding region xref gene does not exist
PROKKA_04262022/PROKKA_04262022:CDS	hypothetical protein	Ferroplasma:1017576-1017917	KNPMNEEE_01168

DiscRep_SUB:FEATURE_LOCATION_CONFLICT::Coding region xref gene does not exist
PROKKA_04262022/PROKKA_04262022:CDS	1,4-dihydroxy-6-naphtoate synthase	Ferroplasma:1018097-1018906	KNPMNEEE_01169

DiscRep_SUB:FEATURE_LOCATION_CONFLICT::Coding region xref gene does not exist
PROKKA_04262022/PROKKA_04262022:CDS	Putative cytochrome bd menaquinol oxidase subunit I	Ferroplasma:1019039-1020544	KNPMNEEE_01170

DiscRep_SUB:FEATURE_LOCATION_CONFLICT::Coding region xref gene does not exist
PROKKA_04262022/PROKKA_04262022:CDS	hypothetical protein	Ferroplasma:1020571-1021623	KNPMNEEE_01171

DiscRep_SUB:FEATURE_LOCATION_CONFLICT::Coding region xref gene does not exist
PROKKA_04262022/PROKKA_04262022:CDS	hypothetical protein	Ferroplasma:1021955-1022374	KNPMNEEE_01173

DiscRep_SUB:FEATURE_LOCATION_CONFLICT::Coding region xref gene does not exist
PROKKA_04262022/PROKKA_04262022:CDS	IS200/IS605 family transposase ISTac1	Ferroplasma:1022493-1023383	KNPMNEEE_01174

DiscRep_SUB:FEATURE_LOCATION_CONFLICT::Coding region xref gene does not exist
PROKKA_04262022/PROKKA_04262022:CDS	hypothetical protein	Ferroplasma:1023611-1023835	KNPMNEEE_01175

DiscRep_SUB:FEATURE_LOCATION_CONFLICT::Coding region xref gene does not exist
PROKKA_04262022/PROKKA_04262022:CDS	hypothetical protein	Ferroplasma:1024161-1024445	KNPMNEEE_01176

DiscRep_SUB:FEATURE_LOCATION_CONFLICT::Coding region xref gene does not exist
PROKKA_04262022/PROKKA_04262022:CDS	hypothetical protein	Ferroplasma:1024565-1024969	KNPMNEEE_01177

DiscRep_SUB:FEATURE_LOCATION_CONFLICT::Coding region xref gene does not exist
PROKKA_04262022/PROKKA_04262022:CDS	hypothetical protein	Ferroplasma:1024924-1025427	KNPMNEEE_01178

DiscRep_SUB:FEATURE_LOCATION_CONFLICT::Coding region xref gene does not exist
PROKKA_04262022/PROKKA_04262022:CDS	hypothetical protein	Ferroplasma:c1025759-1025481	KNPMNEEE_01179

DiscRep_SUB:FEATURE_LOCATION_CONFLICT::Coding region xref gene does not exist
PROKKA_04262022/PROKKA_04262022:CDS	ATP-dependent (S)-NAD(P)H-hydrate dehydratase	Ferroplasma:1025787-1027160	KNPMNEEE_01180

DiscRep_SUB:FEATURE_LOCATION_CONFLICT::Coding region xref gene does not exist
PROKKA_04262022/PROKKA_04262022:CDS	2-succinylbenzoate--CoA ligase	Ferroplasma:1027186-1028358	KNPMNEEE_01181

DiscRep_SUB:FEATURE_LOCATION_CONFLICT::Coding region xref gene does not exist
PROKKA_04262022/PROKKA_04262022:CDS	hypothetical protein	Ferroplasma:c1028822-1028346	KNPMNEEE_01182

DiscRep_SUB:FEATURE_LOCATION_CONFLICT::Coding region xref gene does not exist
PROKKA_04262022/PROKKA_04262022:CDS	hypothetical protein	Ferroplasma:c1029229-1028873	KNPMNEEE_01183

DiscRep_SUB:FEATURE_LOCATION_CONFLICT::Coding region xref gene does not exist
PROKKA_04262022/PROKKA_04262022:CDS	hypothetical protein	Ferroplasma:c1029590-1029333	KNPMNEEE_01184

DiscRep_SUB:FEATURE_LOCATION_CONFLICT::Coding region xref gene does not exist
PROKKA_04262022/PROKKA_04262022:CDS	hypothetical protein	Ferroplasma:c1029894-1029595	KNPMNEEE_01185

DiscRep_SUB:FEATURE_LOCATION_CONFLICT::Coding region xref gene does not exist
PROKKA_04262022/PROKKA_04262022:CDS	Thymidine kinase	Ferroplasma:1030064-1030696	KNPMNEEE_01186

DiscRep_SUB:FEATURE_LOCATION_CONFLICT::Coding region xref gene does not exist
PROKKA_04262022/PROKKA_04262022:CDS	hypothetical protein	Ferroplasma:c1031812-1031030	KNPMNEEE_01187

DiscRep_SUB:FEATURE_LOCATION_CONFLICT::Coding region xref gene does not exist
PROKKA_04262022/PROKKA_04262022:CDS	hypothetical protein	Ferroplasma:1031875-1032357	KNPMNEEE_01188

DiscRep_SUB:FEATURE_LOCATION_CONFLICT::Coding region xref gene does not exist
PROKKA_04262022/PROKKA_04262022:CDS	hypothetical protein	Ferroplasma:1032367-1032882	KNPMNEEE_01189

DiscRep_SUB:FEATURE_LOCATION_CONFLICT::Coding region xref gene does not exist
PROKKA_04262022/PROKKA_04262022:CDS	Isoleucine 2-epimerase	Ferroplasma:c1034229-1032877	KNPMNEEE_01190

DiscRep_SUB:FEATURE_LOCATION_CONFLICT::Coding region xref gene does not exist
PROKKA_04262022/PROKKA_04262022:CDS	hypothetical protein	Ferroplasma:c1034748-1034584	KNPMNEEE_01191

DiscRep_SUB:FEATURE_LOCATION_CONFLICT::Coding region xref gene does not exist
PROKKA_04262022/PROKKA_04262022:CDS	hypothetical protein	Ferroplasma:1034802-1035167	KNPMNEEE_01192

DiscRep_SUB:FEATURE_LOCATION_CONFLICT::Coding region xref gene does not exist
PROKKA_04262022/PROKKA_04262022:CDS	hypothetical protein	Ferroplasma:1035188-1035790	KNPMNEEE_01193

DiscRep_SUB:FEATURE_LOCATION_CONFLICT::Coding region xref gene does not exist
PROKKA_04262022/PROKKA_04262022:CDS	ABC transporter ATP-binding protein NatA	Ferroplasma:1035876-1036649	KNPMNEEE_01194

DiscRep_SUB:FEATURE_LOCATION_CONFLICT::Coding region xref gene does not exist
PROKKA_04262022/PROKKA_04262022:CDS	hypothetical protein	Ferroplasma:1036682-1038238	KNPMNEEE_01195

DiscRep_SUB:FEATURE_LOCATION_CONFLICT::Coding region xref gene does not exist
PROKKA_04262022/PROKKA_04262022:CDS	hypothetical protein	Ferroplasma:1038260-1038712	KNPMNEEE_01196

DiscRep_SUB:FEATURE_LOCATION_CONFLICT::Coding region xref gene does not exist
PROKKA_04262022/PROKKA_04262022:CDS	hypothetical protein	Ferroplasma:1038761-1039102	KNPMNEEE_01197

DiscRep_SUB:FEATURE_LOCATION_CONFLICT::Coding region xref gene does not exist
PROKKA_04262022/PROKKA_04262022:CDS	hypothetical protein	Ferroplasma:1039179-1039283	KNPMNEEE_01198

DiscRep_SUB:FEATURE_LOCATION_CONFLICT::Coding region xref gene does not exist
PROKKA_04262022/PROKKA_04262022:CDS	hypothetical protein	Ferroplasma:1039270-1039542	KNPMNEEE_01199

DiscRep_SUB:FEATURE_LOCATION_CONFLICT::Coding region xref gene does not exist
PROKKA_04262022/PROKKA_04262022:CDS	hypothetical protein	Ferroplasma:1039547-1040203	KNPMNEEE_01200

DiscRep_SUB:FEATURE_LOCATION_CONFLICT::Coding region xref gene does not exist
PROKKA_04262022/PROKKA_04262022:CDS	Orotate phosphoribosyltransferase	Ferroplasma:c1040698-1040198	KNPMNEEE_01201

DiscRep_SUB:FEATURE_LOCATION_CONFLICT::Coding region xref gene does not exist
PROKKA_04262022/PROKKA_04262022:CDS	Orotidine 5'-phosphate decarboxylase	Ferroplasma:1040778-1041362	KNPMNEEE_01202

DiscRep_SUB:FEATURE_LOCATION_CONFLICT::Coding region xref gene does not exist
PROKKA_04262022/PROKKA_04262022:CDS	hypothetical protein	Ferroplasma:1041429-1041527	KNPMNEEE_01203

DiscRep_SUB:FEATURE_LOCATION_CONFLICT::Coding region xref gene does not exist
PROKKA_04262022/PROKKA_04262022:CDS	Putative signal peptide peptidase SppA	Ferroplasma:1041524-1042147	KNPMNEEE_01204

DiscRep_SUB:FEATURE_LOCATION_CONFLICT::Coding region xref gene does not exist
PROKKA_04262022/PROKKA_04262022:CDS	hypothetical protein	Ferroplasma:c1042484-1042200	KNPMNEEE_01205

DiscRep_SUB:FEATURE_LOCATION_CONFLICT::Coding region xref gene does not exist
PROKKA_04262022/PROKKA_04262022:CDS	hypothetical protein	Ferroplasma:c1043681-1042485	KNPMNEEE_01206

DiscRep_SUB:FEATURE_LOCATION_CONFLICT::Coding region xref gene does not exist
PROKKA_04262022/PROKKA_04262022:CDS	hypothetical protein	Ferroplasma:c1044859-1043849	KNPMNEEE_01207

DiscRep_SUB:FEATURE_LOCATION_CONFLICT::Coding region xref gene does not exist
PROKKA_04262022/PROKKA_04262022:CDS	Cobalamin biosynthesis protein CobD	Ferroplasma:c1045888-1044932	KNPMNEEE_01208

DiscRep_SUB:FEATURE_LOCATION_CONFLICT::Coding region xref gene does not exist
PROKKA_04262022/PROKKA_04262022:CDS	Cobyric acid synthase	Ferroplasma:c1047306-1045885	KNPMNEEE_01209

DiscRep_SUB:FEATURE_LOCATION_CONFLICT::Coding region xref gene does not exist
PROKKA_04262022/PROKKA_04262022:CDS	Histidinol-phosphate aminotransferase	Ferroplasma:c1048327-1047299	KNPMNEEE_01210

DiscRep_SUB:FEATURE_LOCATION_CONFLICT::Coding region xref gene does not exist
PROKKA_04262022/PROKKA_04262022:CDS	hypothetical protein	Ferroplasma:1048519-1049403	KNPMNEEE_01211

DiscRep_SUB:FEATURE_LOCATION_CONFLICT::Coding region xref gene does not exist
PROKKA_04262022/PROKKA_04262022:CDS	hypothetical protein	Ferroplasma:c1049641-1049465	KNPMNEEE_01212

DiscRep_SUB:FEATURE_LOCATION_CONFLICT::Coding region xref gene does not exist
PROKKA_04262022/PROKKA_04262022:CDS	UTP--glucose-1-phosphate uridylyltransferase	Ferroplasma:c1050876-1049794	KNPMNEEE_01213

DiscRep_SUB:FEATURE_LOCATION_CONFLICT::Coding region xref gene does not exist
PROKKA_04262022/PROKKA_04262022:CDS	hypothetical protein	Ferroplasma:1051048-1053423	KNPMNEEE_01214

DiscRep_SUB:FEATURE_LOCATION_CONFLICT::Coding region xref gene does not exist
PROKKA_04262022/PROKKA_04262022:CDS	hypothetical protein	Ferroplasma:c1054584-1053427	KNPMNEEE_01215

DiscRep_SUB:FEATURE_LOCATION_CONFLICT::Coding region xref gene does not exist
PROKKA_04262022/PROKKA_04262022:CDS	hypothetical protein	Ferroplasma:c1055392-1054571	KNPMNEEE_01216

DiscRep_SUB:FEATURE_LOCATION_CONFLICT::Coding region xref gene does not exist
PROKKA_04262022/PROKKA_04262022:CDS	hypothetical protein	Ferroplasma:c1056398-1055382	KNPMNEEE_01217

DiscRep_SUB:FEATURE_LOCATION_CONFLICT::Coding region xref gene does not exist
PROKKA_04262022/PROKKA_04262022:CDS	hypothetical protein	Ferroplasma:c1056960-1056454	KNPMNEEE_01218

DiscRep_SUB:FEATURE_LOCATION_CONFLICT::Coding region xref gene does not exist
PROKKA_04262022/PROKKA_04262022:CDS	hypothetical protein	Ferroplasma:c1057304-1056981	KNPMNEEE_01219

DiscRep_SUB:FEATURE_LOCATION_CONFLICT::Coding region xref gene does not exist
PROKKA_04262022/PROKKA_04262022:CDS	hypothetical protein	Ferroplasma:c1057965-1057723	KNPMNEEE_01220

DiscRep_SUB:FEATURE_LOCATION_CONFLICT::Coding region xref gene does not exist
PROKKA_04262022/PROKKA_04262022:CDS	RNA-splicing ligase RtcB	Ferroplasma:1058062-1059489	KNPMNEEE_01221

DiscRep_SUB:FEATURE_LOCATION_CONFLICT::Coding region xref gene does not exist
PROKKA_04262022/PROKKA_04262022:CDS	Phospho-2-dehydro-3-deoxyheptonate aldolase	Ferroplasma:c1060304-1059522	KNPMNEEE_01222

DiscRep_SUB:FEATURE_LOCATION_CONFLICT::Coding region xref gene does not exist
PROKKA_04262022/PROKKA_04262022:CDS	Indole-3-glycerol phosphate synthase	Ferroplasma:c1061019-1060306	KNPMNEEE_01223

DiscRep_SUB:FEATURE_LOCATION_CONFLICT::Coding region xref gene does not exist
PROKKA_04262022/PROKKA_04262022:CDS	Anthranilate synthase component 2	Ferroplasma:c1061576-1061016	KNPMNEEE_01224

DiscRep_SUB:FEATURE_LOCATION_CONFLICT::Coding region xref gene does not exist
PROKKA_04262022/PROKKA_04262022:CDS	Isochorismate synthase MenF	Ferroplasma:c1062705-1061554	KNPMNEEE_01225

DiscRep_SUB:FEATURE_LOCATION_CONFLICT::Coding region xref gene does not exist
PROKKA_04262022/PROKKA_04262022:CDS	N-(5'-phosphoribosyl)anthranilate isomerase	Ferroplasma:c1063288-1062683	KNPMNEEE_01226

DiscRep_SUB:FEATURE_LOCATION_CONFLICT::Coding region xref gene does not exist
PROKKA_04262022/PROKKA_04262022:CDS	Anthranilate phosphoribosyltransferase	Ferroplasma:c1064250-1063279	KNPMNEEE_01227

DiscRep_SUB:FEATURE_LOCATION_CONFLICT::Coding region xref gene does not exist
PROKKA_04262022/PROKKA_04262022:CDS	Tryptophan synthase alpha chain	Ferroplasma:c1064977-1064243	KNPMNEEE_01228

DiscRep_SUB:FEATURE_LOCATION_CONFLICT::Coding region xref gene does not exist
PROKKA_04262022/PROKKA_04262022:CDS	Tryptophan synthase beta chain	Ferroplasma:c1066248-1064974	KNPMNEEE_01229

DiscRep_SUB:FEATURE_LOCATION_CONFLICT::Coding region xref gene does not exist
PROKKA_04262022/PROKKA_04262022:CDS	Triosephosphate isomerase	Ferroplasma:1066373-1067104	KNPMNEEE_01230

DiscRep_SUB:FEATURE_LOCATION_CONFLICT::Coding region xref gene does not exist
PROKKA_04262022/PROKKA_04262022:CDS	hypothetical protein	Ferroplasma:1067109-1067771	KNPMNEEE_01231

DiscRep_SUB:FEATURE_LOCATION_CONFLICT::Coding region xref gene does not exist
PROKKA_04262022/PROKKA_04262022:CDS	hypothetical protein	Ferroplasma:c1068276-1067926	KNPMNEEE_01233

DiscRep_SUB:FEATURE_LOCATION_CONFLICT::Coding region xref gene does not exist
PROKKA_04262022/PROKKA_04262022:CDS	hypothetical protein	Ferroplasma:1068341-1068787	KNPMNEEE_01234

DiscRep_SUB:FEATURE_LOCATION_CONFLICT::Coding region xref gene does not exist
PROKKA_04262022/PROKKA_04262022:CDS	Threonine--tRNA ligase 2	Ferroplasma:1068949-1070346	KNPMNEEE_01235

DiscRep_SUB:FEATURE_LOCATION_CONFLICT::Coding region xref gene does not exist
PROKKA_04262022/PROKKA_04262022:CDS	Glycine cleavage system H protein	Ferroplasma:1070397-1070771	KNPMNEEE_01236

DiscRep_SUB:FEATURE_LOCATION_CONFLICT::Coding region xref gene does not exist
PROKKA_04262022/PROKKA_04262022:CDS	Ribosomal RNA large subunit methyltransferase E	Ferroplasma:1070780-1071364	KNPMNEEE_01237

DiscRep_SUB:FEATURE_LOCATION_CONFLICT::Coding region xref gene does not exist
PROKKA_04262022/PROKKA_04262022:CDS	hypothetical protein	Ferroplasma:1071309-1071518	KNPMNEEE_01238

DiscRep_SUB:FEATURE_LOCATION_CONFLICT::Coding region xref gene does not exist
PROKKA_04262022/PROKKA_04262022:CDS	hypothetical protein	Ferroplasma:c1072348-1071731	KNPMNEEE_01239

DiscRep_SUB:FEATURE_LOCATION_CONFLICT::Coding region xref gene does not exist
PROKKA_04262022/PROKKA_04262022:CDS	hypothetical protein	Ferroplasma:c1073271-1072351	KNPMNEEE_01240

DiscRep_SUB:FEATURE_LOCATION_CONFLICT::Coding region xref gene does not exist
PROKKA_04262022/PROKKA_04262022:CDS	hypothetical protein	Ferroplasma:c1073939-1073334	KNPMNEEE_01241

DiscRep_SUB:FEATURE_LOCATION_CONFLICT::Coding region xref gene does not exist
PROKKA_04262022/PROKKA_04262022:CDS	Hydroxypyruvate reductase	Ferroplasma:1074433-1075335	KNPMNEEE_01242

DiscRep_SUB:FEATURE_LOCATION_CONFLICT::Coding region xref gene does not exist
PROKKA_04262022/PROKKA_04262022:CDS	Soluble hydrogenase 42 kDa subunit	Ferroplasma:1075338-1076453	KNPMNEEE_01243

DiscRep_SUB:FEATURE_LOCATION_CONFLICT::Coding region xref gene does not exist
PROKKA_04262022/PROKKA_04262022:CDS	Alanine--tRNA ligase	Ferroplasma:c1077156-1076440	KNPMNEEE_01244

DiscRep_SUB:FEATURE_LOCATION_CONFLICT::Coding region xref gene does not exist
PROKKA_04262022/PROKKA_04262022:CDS	hypothetical protein	Ferroplasma:1077711-1078373	KNPMNEEE_01245

DiscRep_SUB:FEATURE_LOCATION_CONFLICT::Coding region xref gene does not exist
PROKKA_04262022/PROKKA_04262022:CDS	4-methylaminobutanoate oxidase (formaldehyde-forming)	Ferroplasma:c1079756-1078548	KNPMNEEE_01247

DiscRep_SUB:FEATURE_LOCATION_CONFLICT::Coding region xref gene does not exist
PROKKA_04262022/PROKKA_04262022:CDS	hypothetical protein	Ferroplasma:c1080086-1079826	KNPMNEEE_01248

DiscRep_SUB:FEATURE_LOCATION_CONFLICT::Coding region xref gene does not exist
PROKKA_04262022/PROKKA_04262022:CDS	3-dehydroquinate dehydratase	Ferroplasma:1080176-1080829	KNPMNEEE_01249

DiscRep_SUB:FEATURE_LOCATION_CONFLICT::Coding region xref gene does not exist
PROKKA_04262022/PROKKA_04262022:CDS	hypothetical protein	Ferroplasma:c1081448-1080822	KNPMNEEE_01250

DiscRep_SUB:FEATURE_LOCATION_CONFLICT::Coding region xref gene does not exist
PROKKA_04262022/PROKKA_04262022:CDS	hypothetical protein	Ferroplasma:c1082976-1081495	KNPMNEEE_01251

DiscRep_SUB:FEATURE_LOCATION_CONFLICT::Coding region xref gene does not exist
PROKKA_04262022/PROKKA_04262022:CDS	hypothetical protein	Ferroplasma:c1084247-1082961	KNPMNEEE_01252

DiscRep_SUB:FEATURE_LOCATION_CONFLICT::Coding region xref gene does not exist
PROKKA_04262022/PROKKA_04262022:CDS	hypothetical protein	Ferroplasma:1084525-1084950	KNPMNEEE_01253

DiscRep_SUB:FEATURE_LOCATION_CONFLICT::Coding region xref gene does not exist
PROKKA_04262022/PROKKA_04262022:CDS	hypothetical protein	Ferroplasma:1084923-1085537	KNPMNEEE_01254

DiscRep_SUB:FEATURE_LOCATION_CONFLICT::Coding region xref gene does not exist
PROKKA_04262022/PROKKA_04262022:CDS	hypothetical protein	Ferroplasma:1085547-1085834	KNPMNEEE_01255

DiscRep_SUB:FEATURE_LOCATION_CONFLICT::Coding region xref gene does not exist
PROKKA_04262022/PROKKA_04262022:CDS	hypothetical protein	Ferroplasma:1085858-1086223	KNPMNEEE_01256

DiscRep_SUB:FEATURE_LOCATION_CONFLICT::Coding region xref gene does not exist
PROKKA_04262022/PROKKA_04262022:CDS	Polyamine aminopropyltransferase	Ferroplasma:c1087044-1086271	KNPMNEEE_01257

DiscRep_SUB:FEATURE_LOCATION_CONFLICT::Coding region xref gene does not exist
PROKKA_04262022/PROKKA_04262022:CDS	DNA-binding protein HU	Ferroplasma:1087298-1087570	KNPMNEEE_01258

DiscRep_SUB:FEATURE_LOCATION_CONFLICT::Coding region xref gene does not exist
PROKKA_04262022/PROKKA_04262022:CDS	tRNA N6-adenosine threonylcarbamoyltransferase, mitochondrial	Ferroplasma:1087657-1089252	KNPMNEEE_01259

DiscRep_SUB:FEATURE_LOCATION_CONFLICT::Coding region xref gene does not exist
PROKKA_04262022/PROKKA_04262022:CDS	dITP/XTP pyrophosphatase	Ferroplasma:1089738-1090286	KNPMNEEE_01260

DiscRep_SUB:FEATURE_LOCATION_CONFLICT::Coding region xref gene does not exist
PROKKA_04262022/PROKKA_04262022:CDS	hypothetical protein	Ferroplasma:1090367-1090756	KNPMNEEE_01261

DiscRep_SUB:FEATURE_LOCATION_CONFLICT::Coding region xref gene does not exist
PROKKA_04262022/PROKKA_04262022:CDS	Selenocysteine-specific elongation factor	Ferroplasma:1090756-1091976	KNPMNEEE_01262

DiscRep_SUB:FEATURE_LOCATION_CONFLICT::Coding region xref gene does not exist
PROKKA_04262022/PROKKA_04262022:CDS	hypothetical protein	Ferroplasma:1092034-1092318	KNPMNEEE_01263

DiscRep_SUB:FEATURE_LOCATION_CONFLICT::Coding region xref gene does not exist
PROKKA_04262022/PROKKA_04262022:CDS	hypothetical protein	Ferroplasma:c1093460-1092306	KNPMNEEE_01264

DiscRep_SUB:FEATURE_LOCATION_CONFLICT::Coding region xref gene does not exist
PROKKA_04262022/PROKKA_04262022:CDS	hypothetical protein	Ferroplasma:c1093905-1093510	KNPMNEEE_01265

DiscRep_SUB:FEATURE_LOCATION_CONFLICT::Coding region xref gene does not exist
PROKKA_04262022/PROKKA_04262022:CDS	hypothetical protein	Ferroplasma:c1094657-1094160	KNPMNEEE_01267

DiscRep_SUB:FEATURE_LOCATION_CONFLICT::Coding region xref gene does not exist
PROKKA_04262022/PROKKA_04262022:CDS	Inner membrane transport protein YajR	Ferroplasma:c1095907-1094735	KNPMNEEE_01268

DiscRep_SUB:FEATURE_LOCATION_CONFLICT::Coding region xref gene does not exist
PROKKA_04262022/PROKKA_04262022:CDS	hypothetical protein	Ferroplasma:1096062-1096727	KNPMNEEE_01269

DiscRep_SUB:FEATURE_LOCATION_CONFLICT::Coding region xref gene does not exist
PROKKA_04262022/PROKKA_04262022:CDS	hypothetical protein	Ferroplasma:c1097505-1096729	KNPMNEEE_01270

DiscRep_SUB:FEATURE_LOCATION_CONFLICT::Coding region xref gene does not exist
PROKKA_04262022/PROKKA_04262022:CDS	hypothetical protein	Ferroplasma:c1099733-1097517	KNPMNEEE_01271

DiscRep_SUB:FEATURE_LOCATION_CONFLICT::Coding region xref gene does not exist
PROKKA_04262022/PROKKA_04262022:CDS	hypothetical protein	Ferroplasma:1099872-1101371	KNPMNEEE_01272

DiscRep_SUB:FEATURE_LOCATION_CONFLICT::Coding region xref gene does not exist
PROKKA_04262022/PROKKA_04262022:CDS	hypothetical protein	Ferroplasma:c1101567-1101412	KNPMNEEE_01273

DiscRep_SUB:FEATURE_LOCATION_CONFLICT::Coding region xref gene does not exist
PROKKA_04262022/PROKKA_04262022:CDS	hypothetical protein	Ferroplasma:1101723-1101941	KNPMNEEE_01274

DiscRep_SUB:FEATURE_LOCATION_CONFLICT::Coding region xref gene does not exist
PROKKA_04262022/PROKKA_04262022:CDS	hypothetical protein	Ferroplasma:1102019-1102240	KNPMNEEE_01275

DiscRep_SUB:FEATURE_LOCATION_CONFLICT::Coding region xref gene does not exist
PROKKA_04262022/PROKKA_04262022:CDS	hypothetical protein	Ferroplasma:c1103179-1102430	KNPMNEEE_01276

DiscRep_SUB:FEATURE_LOCATION_CONFLICT::Coding region xref gene does not exist
PROKKA_04262022/PROKKA_04262022:CDS	hypothetical protein	Ferroplasma:1103770-1106277	KNPMNEEE_01277

DiscRep_SUB:FEATURE_LOCATION_CONFLICT::Coding region xref gene does not exist
PROKKA_04262022/PROKKA_04262022:CDS	hypothetical protein	Ferroplasma:1106289-1106510	KNPMNEEE_01278

DiscRep_SUB:FEATURE_LOCATION_CONFLICT::Coding region xref gene does not exist
PROKKA_04262022/PROKKA_04262022:CDS	hypothetical protein	Ferroplasma:1106507-1107124	KNPMNEEE_01279

DiscRep_SUB:FEATURE_LOCATION_CONFLICT::Coding region xref gene does not exist
PROKKA_04262022/PROKKA_04262022:CDS	Cytochrome c oxidase subunit 2	Ferroplasma:1107136-1107963	KNPMNEEE_01280

DiscRep_SUB:FEATURE_LOCATION_CONFLICT::Coding region xref gene does not exist
PROKKA_04262022/PROKKA_04262022:CDS	Protoheme IX farnesyltransferase	Ferroplasma:1108014-1108880	KNPMNEEE_01281

DiscRep_SUB:FEATURE_LOCATION_CONFLICT::Coding region xref gene does not exist
PROKKA_04262022/PROKKA_04262022:CDS	hypothetical protein	Ferroplasma:1109000-1109527	KNPMNEEE_01282

DiscRep_SUB:FEATURE_LOCATION_CONFLICT::Coding region xref gene does not exist
PROKKA_04262022/PROKKA_04262022:CDS	hypothetical protein	Ferroplasma:c1109692-1109534	KNPMNEEE_01283

DiscRep_SUB:FEATURE_LOCATION_CONFLICT::Coding region xref gene does not exist
PROKKA_04262022/PROKKA_04262022:CDS	hypothetical protein	Ferroplasma:c1110407-1110255	KNPMNEEE_01284

DiscRep_SUB:FEATURE_LOCATION_CONFLICT::Coding region xref gene does not exist
PROKKA_04262022/PROKKA_04262022:CDS	hypothetical protein	Ferroplasma:c1110900-1110736	KNPMNEEE_01285

DiscRep_SUB:FEATURE_LOCATION_CONFLICT::Coding region xref gene does not exist
PROKKA_04262022/PROKKA_04262022:CDS	hypothetical protein	Ferroplasma:c1111630-1111166	KNPMNEEE_01286

DiscRep_SUB:FEATURE_LOCATION_CONFLICT::Coding region xref gene does not exist
PROKKA_04262022/PROKKA_04262022:CDS	hypothetical protein	Ferroplasma:c1111944-1111729	KNPMNEEE_01287

DiscRep_SUB:FEATURE_LOCATION_CONFLICT::Coding region xref gene does not exist
PROKKA_04262022/PROKKA_04262022:CDS	hypothetical protein	Ferroplasma:1112019-1112309	KNPMNEEE_01288

DiscRep_SUB:FEATURE_LOCATION_CONFLICT::Coding region xref gene does not exist
PROKKA_04262022/PROKKA_04262022:CDS	hypothetical protein	Ferroplasma:1112368-1113249	KNPMNEEE_01289

DiscRep_SUB:FEATURE_LOCATION_CONFLICT::Coding region xref gene does not exist
PROKKA_04262022/PROKKA_04262022:CDS	hypothetical protein	Ferroplasma:c1113828-1113646	KNPMNEEE_01290

DiscRep_SUB:FEATURE_LOCATION_CONFLICT::Coding region xref gene does not exist
PROKKA_04262022/PROKKA_04262022:CDS	hypothetical protein	Ferroplasma:1114423-1115415	KNPMNEEE_01291

DiscRep_SUB:FEATURE_LOCATION_CONFLICT::Coding region xref gene does not exist
PROKKA_04262022/PROKKA_04262022:CDS	hypothetical protein	Ferroplasma:1115418-1116188	KNPMNEEE_01292

DiscRep_SUB:FEATURE_LOCATION_CONFLICT::Coding region xref gene does not exist
PROKKA_04262022/PROKKA_04262022:CDS	hypothetical protein	Ferroplasma:1116189-1116437	KNPMNEEE_01293

DiscRep_SUB:FEATURE_LOCATION_CONFLICT::Coding region xref gene does not exist
PROKKA_04262022/PROKKA_04262022:CDS	50S ribosomal protein L2	Ferroplasma:1116448-1117146	KNPMNEEE_01294

DiscRep_SUB:FEATURE_LOCATION_CONFLICT::Coding region xref gene does not exist
PROKKA_04262022/PROKKA_04262022:CDS	hypothetical protein	Ferroplasma:1117140-1117595	KNPMNEEE_01295

DiscRep_SUB:FEATURE_LOCATION_CONFLICT::Coding region xref gene does not exist
PROKKA_04262022/PROKKA_04262022:CDS	hypothetical protein	Ferroplasma:1117600-1118049	KNPMNEEE_01296

DiscRep_SUB:FEATURE_LOCATION_CONFLICT::Coding region xref gene does not exist
PROKKA_04262022/PROKKA_04262022:CDS	hypothetical protein	Ferroplasma:1118051-1118722	KNPMNEEE_01297

DiscRep_SUB:FEATURE_LOCATION_CONFLICT::Coding region xref gene does not exist
PROKKA_04262022/PROKKA_04262022:CDS	hypothetical protein	Ferroplasma:1118706-1118903	KNPMNEEE_01298

DiscRep_SUB:FEATURE_LOCATION_CONFLICT::Coding region xref gene does not exist
PROKKA_04262022/PROKKA_04262022:CDS	hypothetical protein	Ferroplasma:1118900-1119199	KNPMNEEE_01299

DiscRep_SUB:FEATURE_LOCATION_CONFLICT::Coding region xref gene does not exist
PROKKA_04262022/PROKKA_04262022:CDS	hypothetical protein	Ferroplasma:1119196-1119498	KNPMNEEE_01300

DiscRep_SUB:FEATURE_LOCATION_CONFLICT::Coding region xref gene does not exist
PROKKA_04262022/PROKKA_04262022:CDS	hypothetical protein	Ferroplasma:1119495-1119815	KNPMNEEE_01301

DiscRep_SUB:FEATURE_LOCATION_CONFLICT::Coding region xref gene does not exist
PROKKA_04262022/PROKKA_04262022:CDS	50S ribosomal protein L14	Ferroplasma:1119816-1120214	KNPMNEEE_01302

DiscRep_SUB:FEATURE_LOCATION_CONFLICT::Coding region xref gene does not exist
PROKKA_04262022/PROKKA_04262022:CDS	hypothetical protein	Ferroplasma:1120713-1121429	KNPMNEEE_01303

DiscRep_SUB:FEATURE_LOCATION_CONFLICT::Coding region xref gene does not exist
PROKKA_04262022/PROKKA_04262022:CDS	hypothetical protein	Ferroplasma:1121422-1121946	KNPMNEEE_01304

DiscRep_SUB:FEATURE_LOCATION_CONFLICT::Coding region xref gene does not exist
PROKKA_04262022/PROKKA_04262022:CDS	30S ribosomal protein S8	Ferroplasma:1122121-1122510	KNPMNEEE_01305

DiscRep_SUB:FEATURE_LOCATION_CONFLICT::Coding region xref gene does not exist
PROKKA_04262022/PROKKA_04262022:CDS	50S ribosomal protein L6	Ferroplasma:1122544-1123068	KNPMNEEE_01306

DiscRep_SUB:FEATURE_LOCATION_CONFLICT::Coding region xref gene does not exist
PROKKA_04262022/PROKKA_04262022:CDS	hypothetical protein	Ferroplasma:1123117-1123461	KNPMNEEE_01307

DiscRep_SUB:FEATURE_LOCATION_CONFLICT::Coding region xref gene does not exist
PROKKA_04262022/PROKKA_04262022:CDS	hypothetical protein	Ferroplasma:1123458-1123934	KNPMNEEE_01308

DiscRep_SUB:FEATURE_LOCATION_CONFLICT::Coding region xref gene does not exist
PROKKA_04262022/PROKKA_04262022:CDS	hypothetical protein	Ferroplasma:1123912-1124385	KNPMNEEE_01309

DiscRep_SUB:FEATURE_LOCATION_CONFLICT::Coding region xref gene does not exist
PROKKA_04262022/PROKKA_04262022:CDS	hypothetical protein	Ferroplasma:1124388-1125053	KNPMNEEE_01310

DiscRep_SUB:FEATURE_LOCATION_CONFLICT::Coding region xref gene does not exist
PROKKA_04262022/PROKKA_04262022:CDS	hypothetical protein	Ferroplasma:1125031-1125525	KNPMNEEE_01311

DiscRep_SUB:FEATURE_LOCATION_CONFLICT::Coding region xref gene does not exist
PROKKA_04262022/PROKKA_04262022:CDS	hypothetical protein	Ferroplasma:1125506-1125913	KNPMNEEE_01312

DiscRep_SUB:FEATURE_LOCATION_CONFLICT::Coding region xref gene does not exist
PROKKA_04262022/PROKKA_04262022:CDS	Protein translocase subunit SecY	Ferroplasma:1125906-1127666	KNPMNEEE_01313

DiscRep_SUB:FEATURE_LOCATION_CONFLICT::Coding region xref gene does not exist
PROKKA_04262022/PROKKA_04262022:CDS	hypothetical protein	Ferroplasma:1127669-1128211	KNPMNEEE_01314

DiscRep_SUB:FEATURE_LOCATION_CONFLICT::Coding region xref gene does not exist
PROKKA_04262022/PROKKA_04262022:CDS	hypothetical protein	Ferroplasma:1128213-1128899	KNPMNEEE_01315

DiscRep_SUB:FEATURE_LOCATION_CONFLICT::Coding region xref gene does not exist
PROKKA_04262022/PROKKA_04262022:CDS	Cytidylate kinase	Ferroplasma:1128896-1129423	KNPMNEEE_01316

DiscRep_SUB:FEATURE_LOCATION_CONFLICT::Coding region xref gene does not exist
PROKKA_04262022/PROKKA_04262022:CDS	hypothetical protein	Ferroplasma:c1129721-1129329	KNPMNEEE_01317

DiscRep_SUB:FEATURE_LOCATION_CONFLICT::Coding region xref gene does not exist
PROKKA_04262022/PROKKA_04262022:CDS	tRNA pseudouridine synthase B	Ferroplasma:1130009-1131064	KNPMNEEE_01318

DiscRep_SUB:FEATURE_LOCATION_CONFLICT::Coding region xref gene does not exist
PROKKA_04262022/PROKKA_04262022:CDS	hypothetical protein	Ferroplasma:1131114-1131671	KNPMNEEE_01319

DiscRep_SUB:FEATURE_LOCATION_CONFLICT::Coding region xref gene does not exist
PROKKA_04262022/PROKKA_04262022:CDS	Amidophosphoribosyltransferase	Ferroplasma:c1133059-1131662	KNPMNEEE_01320

DiscRep_SUB:FEATURE_LOCATION_CONFLICT::Coding region xref gene does not exist
PROKKA_04262022/PROKKA_04262022:CDS	hypothetical protein	Ferroplasma:c1133427-1133173	KNPMNEEE_01321

DiscRep_SUB:FEATURE_LOCATION_CONFLICT::Coding region xref gene does not exist
PROKKA_04262022/PROKKA_04262022:CDS	hypothetical protein	Ferroplasma:c1133973-1133473	KNPMNEEE_01322

DiscRep_SUB:FEATURE_LOCATION_CONFLICT::Coding region xref gene does not exist
PROKKA_04262022/PROKKA_04262022:CDS	hypothetical protein	Ferroplasma:c1134986-1134009	KNPMNEEE_01323

DiscRep_SUB:FEATURE_LOCATION_CONFLICT::Coding region xref gene does not exist
PROKKA_04262022/PROKKA_04262022:CDS	hypothetical protein	Ferroplasma:1135074-1135349	KNPMNEEE_01324

DiscRep_SUB:FEATURE_LOCATION_CONFLICT::Coding region xref gene does not exist
PROKKA_04262022/PROKKA_04262022:CDS	hypothetical protein	Ferroplasma:1135346-1136026	KNPMNEEE_01325

DiscRep_SUB:FEATURE_LOCATION_CONFLICT::Coding region xref gene does not exist
PROKKA_04262022/PROKKA_04262022:CDS	hypothetical protein	Ferroplasma:1136175-1136405	KNPMNEEE_01326

DiscRep_SUB:FEATURE_LOCATION_CONFLICT::Coding region xref gene does not exist
PROKKA_04262022/PROKKA_04262022:CDS	hypothetical protein	Ferroplasma:c1137764-1137180	KNPMNEEE_01327

DiscRep_SUB:FEATURE_LOCATION_CONFLICT::Coding region xref gene does not exist
PROKKA_04262022/PROKKA_04262022:CDS	Glutamate-1-semialdehyde 2,1-aminomutase	Ferroplasma:1137824-1139086	KNPMNEEE_01328

DiscRep_SUB:FEATURE_LOCATION_CONFLICT::Coding region xref gene does not exist
PROKKA_04262022/PROKKA_04262022:CDS	Porphobilinogen deaminase	Ferroplasma:1139077-1139934	KNPMNEEE_01329

DiscRep_SUB:FEATURE_LOCATION_CONFLICT::Coding region xref gene does not exist
PROKKA_04262022/PROKKA_04262022:CDS	hypothetical protein	Ferroplasma:c1141296-1140739	KNPMNEEE_01331

DiscRep_SUB:FEATURE_LOCATION_CONFLICT::Coding region xref gene does not exist
PROKKA_04262022/PROKKA_04262022:CDS	hypothetical protein	Ferroplasma:c1142053-1141289	KNPMNEEE_01332

DiscRep_SUB:FEATURE_LOCATION_CONFLICT::Coding region xref gene does not exist
PROKKA_04262022/PROKKA_04262022:CDS	hypothetical protein	Ferroplasma:c1142375-1142043	KNPMNEEE_01333

DiscRep_SUB:FEATURE_LOCATION_CONFLICT::Coding region xref gene does not exist
PROKKA_04262022/PROKKA_04262022:CDS	Aspartate-proton symporter	Ferroplasma:1142856-1144604	KNPMNEEE_01334

DiscRep_SUB:FEATURE_LOCATION_CONFLICT::Coding region xref gene does not exist
PROKKA_04262022/PROKKA_04262022:CDS	Transcription termination/antitermination protein NusA	Ferroplasma:c1145300-1144869	KNPMNEEE_01335

DiscRep_SUB:FEATURE_LOCATION_CONFLICT::Coding region xref gene does not exist
PROKKA_04262022/PROKKA_04262022:CDS	DNA-directed RNA polymerase subunit beta'	Ferroplasma:c1146800-1145310	KNPMNEEE_01336

DiscRep_SUB:FEATURE_LOCATION_CONFLICT::Coding region xref gene does not exist
PROKKA_04262022/PROKKA_04262022:CDS	DNA-directed RNA polymerase subunit beta'	Ferroplasma:c1148365-1146797	KNPMNEEE_01337

DiscRep_SUB:FEATURE_LOCATION_CONFLICT::Coding region xref gene does not exist
PROKKA_04262022/PROKKA_04262022:CDS	DNA-directed RNA polymerase subunit beta'	Ferroplasma:c1149459-1148308	KNPMNEEE_01338

DiscRep_SUB:FEATURE_LOCATION_CONFLICT::Coding region xref gene does not exist
PROKKA_04262022/PROKKA_04262022:CDS	DNA-directed RNA polymerase subunit beta	Ferroplasma:c1152032-1149456	KNPMNEEE_01339

DiscRep_SUB:FEATURE_LOCATION_CONFLICT::Coding region xref gene does not exist
PROKKA_04262022/PROKKA_04262022:CDS	hypothetical protein	Ferroplasma:c1153042-1151978	KNPMNEEE_01340

DiscRep_SUB:FEATURE_LOCATION_CONFLICT::Coding region xref gene does not exist
PROKKA_04262022/PROKKA_04262022:CDS	hypothetical protein	Ferroplasma:c1153304-1153044	KNPMNEEE_01341

DiscRep_SUB:FEATURE_LOCATION_CONFLICT::Coding region xref gene does not exist
PROKKA_04262022/PROKKA_04262022:CDS	Methylthioribose-1-phosphate isomerase	Ferroplasma:1153541-1154557	KNPMNEEE_01343

DiscRep_SUB:FEATURE_LOCATION_CONFLICT::Coding region xref gene does not exist
PROKKA_04262022/PROKKA_04262022:CDS	hypothetical protein	Ferroplasma:c1155825-1154533	KNPMNEEE_01344

DiscRep_SUB:FEATURE_LOCATION_CONFLICT::Coding region xref gene does not exist
PROKKA_04262022/PROKKA_04262022:CDS	Inner membrane metabolite transport protein YgcS	Ferroplasma:1156131-1157459	KNPMNEEE_01345

DiscRep_SUB:FEATURE_LOCATION_CONFLICT::Coding region xref gene does not exist
PROKKA_04262022/PROKKA_04262022:CDS	Deoxyhypusine synthase-like protein	Ferroplasma:c1158779-1157841	KNPMNEEE_01346

DiscRep_SUB:FEATURE_LOCATION_CONFLICT::Coding region xref gene does not exist
PROKKA_04262022/PROKKA_04262022:CDS	hypothetical protein	Ferroplasma:c1159632-1159036	KNPMNEEE_01348

DiscRep_SUB:FEATURE_LOCATION_CONFLICT::Coding region xref gene does not exist
PROKKA_04262022/PROKKA_04262022:CDS	hypothetical protein	Ferroplasma:c1159936-1159634	KNPMNEEE_01349

DiscRep_SUB:FEATURE_LOCATION_CONFLICT::Coding region xref gene does not exist
PROKKA_04262022/PROKKA_04262022:CDS	Protoheme IX farnesyltransferase	Ferroplasma:1160088-1160981	KNPMNEEE_01350

DiscRep_SUB:FEATURE_LOCATION_CONFLICT::Coding region xref gene does not exist
PROKKA_04262022/PROKKA_04262022:CDS	hypothetical protein	Ferroplasma:1161091-1161669	KNPMNEEE_01351

DiscRep_SUB:FEATURE_LOCATION_CONFLICT::Coding region xref gene does not exist
PROKKA_04262022/PROKKA_04262022:CDS	hypothetical protein	Ferroplasma:1161653-1161811	KNPMNEEE_01352

DiscRep_SUB:FEATURE_LOCATION_CONFLICT::Coding region xref gene does not exist
PROKKA_04262022/PROKKA_04262022:CDS	hypothetical protein	Ferroplasma:1161836-1162036	KNPMNEEE_01353

DiscRep_SUB:FEATURE_LOCATION_CONFLICT::Coding region xref gene does not exist
PROKKA_04262022/PROKKA_04262022:CDS	hypothetical protein	Ferroplasma:1162074-1163648	KNPMNEEE_01354

DiscRep_SUB:FEATURE_LOCATION_CONFLICT::Coding region xref gene does not exist
PROKKA_04262022/PROKKA_04262022:CDS	5-methylthioadenosine/S-adenosylhomocysteine deaminase	Ferroplasma:1163695-1164945	KNPMNEEE_01355

DiscRep_SUB:FEATURE_LOCATION_CONFLICT::Coding region xref gene does not exist
PROKKA_04262022/PROKKA_04262022:CDS	hypothetical protein	Ferroplasma:1165766-1165930	KNPMNEEE_01356

DiscRep_SUB:FEATURE_LOCATION_CONFLICT::Coding region xref gene does not exist
PROKKA_04262022/PROKKA_04262022:CDS	hypothetical protein	Ferroplasma:1166041-1166430	KNPMNEEE_01357

DiscRep_SUB:FEATURE_LOCATION_CONFLICT::Coding region xref gene does not exist
PROKKA_04262022/PROKKA_04262022:CDS	Guanidinobutyrase	Ferroplasma:1166430-1167293	KNPMNEEE_01358

DiscRep_SUB:FEATURE_LOCATION_CONFLICT::Coding region xref gene does not exist
PROKKA_04262022/PROKKA_04262022:CDS	hypothetical protein	Ferroplasma:c1167805-1167296	KNPMNEEE_01359

DiscRep_SUB:FEATURE_LOCATION_CONFLICT::Coding region xref gene does not exist
PROKKA_04262022/PROKKA_04262022:CDS	hypothetical protein	Ferroplasma:1167930-1168304	KNPMNEEE_01360

DiscRep_SUB:FEATURE_LOCATION_CONFLICT::Coding region xref gene does not exist
PROKKA_04262022/PROKKA_04262022:CDS	hypothetical protein	Ferroplasma:1168301-1168447	KNPMNEEE_01361

DiscRep_SUB:FEATURE_LOCATION_CONFLICT::Coding region xref gene does not exist
PROKKA_04262022/PROKKA_04262022:CDS	hypothetical protein	Ferroplasma:c1169609-1168515	KNPMNEEE_01362

DiscRep_SUB:FEATURE_LOCATION_CONFLICT::Coding region xref gene does not exist
PROKKA_04262022/PROKKA_04262022:CDS	hypothetical protein	Ferroplasma:c1170471-1169758	KNPMNEEE_01363

DiscRep_SUB:FEATURE_LOCATION_CONFLICT::Coding region xref gene does not exist
PROKKA_04262022/PROKKA_04262022:CDS	tRNA pseudouridine synthase A	Ferroplasma:c1171287-1170535	KNPMNEEE_01364

DiscRep_SUB:FEATURE_LOCATION_CONFLICT::Coding region xref gene does not exist
PROKKA_04262022/PROKKA_04262022:CDS	hypothetical protein	Ferroplasma:1171430-1171720	KNPMNEEE_01365

DiscRep_SUB:FEATURE_LOCATION_CONFLICT::Coding region xref gene does not exist
PROKKA_04262022/PROKKA_04262022:CDS	hypothetical protein	Ferroplasma:1171751-1172149	KNPMNEEE_01366

DiscRep_SUB:FEATURE_LOCATION_CONFLICT::Coding region xref gene does not exist
PROKKA_04262022/PROKKA_04262022:CDS	hypothetical protein	Ferroplasma:1172140-1173351	KNPMNEEE_01367

DiscRep_SUB:FEATURE_LOCATION_CONFLICT::Coding region xref gene does not exist
PROKKA_04262022/PROKKA_04262022:CDS	hypothetical protein	Ferroplasma:1173444-1174790	KNPMNEEE_01368

DiscRep_SUB:FEATURE_LOCATION_CONFLICT::Coding region xref gene does not exist
PROKKA_04262022/PROKKA_04262022:CDS	hypothetical protein	Ferroplasma:1174832-1175557	KNPMNEEE_01369

DiscRep_SUB:FEATURE_LOCATION_CONFLICT::Coding region xref gene does not exist
PROKKA_04262022/PROKKA_04262022:CDS	hypothetical protein	Ferroplasma:1175701-1176717	KNPMNEEE_01370

DiscRep_SUB:FEATURE_LOCATION_CONFLICT::Coding region xref gene does not exist
PROKKA_04262022/PROKKA_04262022:CDS	hypothetical protein	Ferroplasma:1176726-1181006	KNPMNEEE_01371

DiscRep_SUB:FEATURE_LOCATION_CONFLICT::Coding region xref gene does not exist
PROKKA_04262022/PROKKA_04262022:CDS	hypothetical protein	Ferroplasma:1181012-1181851	KNPMNEEE_01372

DiscRep_SUB:FEATURE_LOCATION_CONFLICT::Coding region xref gene does not exist
PROKKA_04262022/PROKKA_04262022:CDS	hypothetical protein	Ferroplasma:c1182503-1181862	KNPMNEEE_01373

DiscRep_SUB:FEATURE_LOCATION_CONFLICT::Coding region xref gene does not exist
PROKKA_04262022/PROKKA_04262022:CDS	hypothetical protein	Ferroplasma:1183409-1183822	KNPMNEEE_01375

DiscRep_SUB:FEATURE_LOCATION_CONFLICT::Coding region xref gene does not exist
PROKKA_04262022/PROKKA_04262022:CDS	hypothetical protein	Ferroplasma:c1184763-1184065	KNPMNEEE_01376

DiscRep_SUB:FEATURE_LOCATION_CONFLICT::Coding region xref gene does not exist
PROKKA_04262022/PROKKA_04262022:CDS	hypothetical protein	Ferroplasma:c1184945-1184775	KNPMNEEE_01377

DiscRep_SUB:FEATURE_LOCATION_CONFLICT::Coding region xref gene does not exist
PROKKA_04262022/PROKKA_04262022:CDS	hypothetical protein	Ferroplasma:c1185217-1184942	KNPMNEEE_01378

DiscRep_SUB:FEATURE_LOCATION_CONFLICT::Coding region xref gene does not exist
PROKKA_04262022/PROKKA_04262022:CDS	hypothetical protein	Ferroplasma:1185447-1186628	KNPMNEEE_01379

DiscRep_SUB:FEATURE_LOCATION_CONFLICT::Coding region xref gene does not exist
PROKKA_04262022/PROKKA_04262022:CDS	hypothetical protein	Ferroplasma:c1187409-1186828	KNPMNEEE_01380

DiscRep_SUB:FEATURE_LOCATION_CONFLICT::Coding region xref gene does not exist
PROKKA_04262022/PROKKA_04262022:CDS	hypothetical protein	Ferroplasma:1188080-1189309	KNPMNEEE_01381

DiscRep_SUB:FEATURE_LOCATION_CONFLICT::Coding region xref gene does not exist
PROKKA_04262022/PROKKA_04262022:CDS	hypothetical protein	Ferroplasma:c1189888-1189520	KNPMNEEE_01382

DiscRep_SUB:FEATURE_LOCATION_CONFLICT::Coding region xref gene does not exist
PROKKA_04262022/PROKKA_04262022:CDS	Protease HtpX	Ferroplasma:1189993-1190979	KNPMNEEE_01383

DiscRep_SUB:FEATURE_LOCATION_CONFLICT::Coding region xref gene does not exist
PROKKA_04262022/PROKKA_04262022:CDS	hypothetical protein	Ferroplasma:1190996-1191664	KNPMNEEE_01384

DiscRep_SUB:FEATURE_LOCATION_CONFLICT::Coding region xref gene does not exist
PROKKA_04262022/PROKKA_04262022:CDS	hypothetical protein	Ferroplasma:1192175-1192417	KNPMNEEE_01385

DiscRep_SUB:FEATURE_LOCATION_CONFLICT::Coding region xref gene does not exist
PROKKA_04262022/PROKKA_04262022:CDS	hypothetical protein	Ferroplasma:1192464-1192766	KNPMNEEE_01386

DiscRep_SUB:FEATURE_LOCATION_CONFLICT::Coding region xref gene does not exist
PROKKA_04262022/PROKKA_04262022:CDS	hypothetical protein	Ferroplasma:1192779-1193864	KNPMNEEE_01387

DiscRep_SUB:FEATURE_LOCATION_CONFLICT::Coding region xref gene does not exist
PROKKA_04262022/PROKKA_04262022:CDS	hypothetical protein	Ferroplasma:1194021-1194455	KNPMNEEE_01388

DiscRep_SUB:FEATURE_LOCATION_CONFLICT::Coding region xref gene does not exist
PROKKA_04262022/PROKKA_04262022:CDS	hypothetical protein	Ferroplasma:1194452-1195783	KNPMNEEE_01389

DiscRep_SUB:FEATURE_LOCATION_CONFLICT::Coding region xref gene does not exist
PROKKA_04262022/PROKKA_04262022:CDS	PqqA peptide cyclase	Ferroplasma:1195990-1197015	KNPMNEEE_01390

DiscRep_SUB:FEATURE_LOCATION_CONFLICT::Coding region xref gene does not exist
PROKKA_04262022/PROKKA_04262022:CDS	hypothetical protein	Ferroplasma:1197443-1198540	KNPMNEEE_01392

DiscRep_SUB:FEATURE_LOCATION_CONFLICT::Coding region xref gene does not exist
PROKKA_04262022/PROKKA_04262022:CDS	hypothetical protein	Ferroplasma:1198709-1200802	KNPMNEEE_01393

DiscRep_SUB:FEATURE_LOCATION_CONFLICT::Coding region xref gene does not exist
PROKKA_04262022/PROKKA_04262022:CDS	hypothetical protein	Ferroplasma:1200818-1201105	KNPMNEEE_01394

DiscRep_SUB:FEATURE_LOCATION_CONFLICT::Coding region xref gene does not exist
PROKKA_04262022/PROKKA_04262022:CDS	30S ribosomal protein S13	Ferroplasma:1201198-1201677	KNPMNEEE_01395

DiscRep_SUB:FEATURE_LOCATION_CONFLICT::Coding region xref gene does not exist
PROKKA_04262022/PROKKA_04262022:CDS	hypothetical protein	Ferroplasma:1201687-1202274	KNPMNEEE_01396

DiscRep_SUB:FEATURE_LOCATION_CONFLICT::Coding region xref gene does not exist
PROKKA_04262022/PROKKA_04262022:CDS	30S ribosomal protein S11	Ferroplasma:1202271-1202654	KNPMNEEE_01397

DiscRep_SUB:FEATURE_LOCATION_CONFLICT::Coding region xref gene does not exist
PROKKA_04262022/PROKKA_04262022:CDS	hypothetical protein	Ferroplasma:1202657-1203469	KNPMNEEE_01398

DiscRep_SUB:FEATURE_LOCATION_CONFLICT::Coding region xref gene does not exist
PROKKA_04262022/PROKKA_04262022:CDS	hypothetical protein	Ferroplasma:c1203756-1203550	KNPMNEEE_01399

DiscRep_SUB:FEATURE_LOCATION_CONFLICT::Coding region xref gene does not exist
PROKKA_04262022/PROKKA_04262022:CDS	putative membrane transporter protein	Ferroplasma:c1204400-1203753	KNPMNEEE_01400

DiscRep_SUB:FEATURE_LOCATION_CONFLICT::Coding region xref gene does not exist
PROKKA_04262022/PROKKA_04262022:CDS	hypothetical protein	Ferroplasma:c1205071-1204505	KNPMNEEE_01401

DiscRep_SUB:FEATURE_LOCATION_CONFLICT::Coding region xref gene does not exist
PROKKA_04262022/PROKKA_04262022:CDS	NAD kinase	Ferroplasma:1205254-1206069	KNPMNEEE_01402

DiscRep_SUB:FEATURE_LOCATION_CONFLICT::Coding region xref gene does not exist
PROKKA_04262022/PROKKA_04262022:CDS	hypothetical protein	Ferroplasma:1206086-1206418	KNPMNEEE_01403

DiscRep_SUB:FEATURE_LOCATION_CONFLICT::Coding region xref gene does not exist
PROKKA_04262022/PROKKA_04262022:CDS	hypothetical protein	Ferroplasma:c1207437-1206415	KNPMNEEE_01404

DiscRep_SUB:FEATURE_LOCATION_CONFLICT::Coding region xref gene does not exist
PROKKA_04262022/PROKKA_04262022:CDS	hypothetical protein	Ferroplasma:c1207915-1207469	KNPMNEEE_01405

DiscRep_SUB:FEATURE_LOCATION_CONFLICT::Coding region xref gene does not exist
PROKKA_04262022/PROKKA_04262022:CDS	putative UbiX-like flavin prenyltransferase	Ferroplasma:c1208462-1207908	KNPMNEEE_01406

DiscRep_SUB:FEATURE_LOCATION_CONFLICT::Coding region xref gene does not exist
PROKKA_04262022/PROKKA_04262022:CDS	hypothetical protein	Ferroplasma:c1209038-1208490	KNPMNEEE_01407

DiscRep_SUB:FEATURE_LOCATION_CONFLICT::Coding region xref gene does not exist
PROKKA_04262022/PROKKA_04262022:CDS	hypothetical protein	Ferroplasma:1209132-1209995	KNPMNEEE_01408

DiscRep_SUB:FEATURE_LOCATION_CONFLICT::Coding region xref gene does not exist
PROKKA_04262022/PROKKA_04262022:CDS	hypothetical protein	Ferroplasma:1210046-1212460	KNPMNEEE_01409

DiscRep_SUB:FEATURE_LOCATION_CONFLICT::Coding region xref gene does not exist
PROKKA_04262022/PROKKA_04262022:CDS	5-methyltetrahydropteroyltriglutamate--homocysteine methyltransferase	Ferroplasma:c1213498-1212470	KNPMNEEE_01410

DiscRep_SUB:FEATURE_LOCATION_CONFLICT::Coding region xref gene does not exist
PROKKA_04262022/PROKKA_04262022:CDS	hypothetical protein	Ferroplasma:c1214381-1213500	KNPMNEEE_01411

DiscRep_SUB:FEATURE_LOCATION_CONFLICT::Coding region xref gene does not exist
PROKKA_04262022/PROKKA_04262022:CDS	putative murein peptide carboxypeptidase	Ferroplasma:c1215397-1214465	KNPMNEEE_01412

DiscRep_SUB:FEATURE_LOCATION_CONFLICT::Coding region xref gene does not exist
PROKKA_04262022/PROKKA_04262022:CDS	N-acetyldiaminopimelate deacetylase	Ferroplasma:c1216553-1215387	KNPMNEEE_01413

DiscRep_SUB:FEATURE_LOCATION_CONFLICT::Coding region xref gene does not exist
PROKKA_04262022/PROKKA_04262022:CDS	N-acetylmannosamine kinase	Ferroplasma:c1217570-1216635	KNPMNEEE_01414

DiscRep_SUB:FEATURE_LOCATION_CONFLICT::Coding region xref gene does not exist
PROKKA_04262022/PROKKA_04262022:CDS	IS607 family transposase ISTvo1	Ferroplasma:c1218112-1217735	KNPMNEEE_01415

DiscRep_SUB:FEATURE_LOCATION_CONFLICT::Coding region xref gene does not exist
PROKKA_04262022/PROKKA_04262022:CDS	hypothetical protein	Ferroplasma:c1218484-1218245	KNPMNEEE_01416

DiscRep_SUB:FEATURE_LOCATION_CONFLICT::Coding region xref gene does not exist
PROKKA_04262022/PROKKA_04262022:CDS	hypothetical protein	Ferroplasma:c1219856-1218546	KNPMNEEE_01417

DiscRep_SUB:FEATURE_LOCATION_CONFLICT::Coding region xref gene does not exist
PROKKA_04262022/PROKKA_04262022:CDS	Cystathionine gamma-synthase	Ferroplasma:c1221154-1220009	KNPMNEEE_01418

DiscRep_SUB:FEATURE_LOCATION_CONFLICT::Coding region xref gene does not exist
PROKKA_04262022/PROKKA_04262022:CDS	Aspartate--tRNA(Asp/Asn) ligase	Ferroplasma:1221323-1222606	KNPMNEEE_01419

DiscRep_SUB:FEATURE_LOCATION_CONFLICT::Coding region xref gene does not exist
PROKKA_04262022/PROKKA_04262022:CDS	hypothetical protein	Ferroplasma:c1223241-1222960	KNPMNEEE_01420

DiscRep_SUB:FEATURE_LOCATION_CONFLICT::Coding region xref gene does not exist
PROKKA_04262022/PROKKA_04262022:CDS	hypothetical protein	Ferroplasma:c1224138-1223476	KNPMNEEE_01421

DiscRep_SUB:FEATURE_LOCATION_CONFLICT::Coding region xref gene does not exist
PROKKA_04262022/PROKKA_04262022:CDS	hypothetical protein	Ferroplasma:1224411-1224848	KNPMNEEE_01422

DiscRep_SUB:FEATURE_LOCATION_CONFLICT::Coding region xref gene does not exist
PROKKA_04262022/PROKKA_04262022:CDS	hypothetical protein	Ferroplasma:1224944-1226227	KNPMNEEE_01423

DiscRep_SUB:FEATURE_LOCATION_CONFLICT::Coding region xref gene does not exist
PROKKA_04262022/PROKKA_04262022:CDS	hypothetical protein	Ferroplasma:1226326-1226844	KNPMNEEE_01424

DiscRep_SUB:FEATURE_LOCATION_CONFLICT::Coding region xref gene does not exist
PROKKA_04262022/PROKKA_04262022:CDS	hypothetical protein	Ferroplasma:c1227489-1226941	KNPMNEEE_01425

DiscRep_SUB:FEATURE_LOCATION_CONFLICT::Coding region xref gene does not exist
PROKKA_04262022/PROKKA_04262022:CDS	hypothetical protein	Ferroplasma:c1227937-1227509	KNPMNEEE_01426

DiscRep_SUB:FEATURE_LOCATION_CONFLICT::Coding region xref gene does not exist
PROKKA_04262022/PROKKA_04262022:CDS	Ribosome-binding ATPase YchF	Ferroplasma:c1229117-1227942	KNPMNEEE_01427

DiscRep_SUB:FEATURE_LOCATION_CONFLICT::Coding region xref gene does not exist
PROKKA_04262022/PROKKA_04262022:CDS	hypothetical protein	Ferroplasma:c1229557-1229117	KNPMNEEE_01428

DiscRep_SUB:FEATURE_LOCATION_CONFLICT::Coding region xref gene does not exist
PROKKA_04262022/PROKKA_04262022:CDS	hypothetical protein	Ferroplasma:c1230263-1229646	KNPMNEEE_01429

DiscRep_SUB:FEATURE_LOCATION_CONFLICT::Coding region xref gene does not exist
PROKKA_04262022/PROKKA_04262022:CDS	hypothetical protein	Ferroplasma:c1230697-1230368	KNPMNEEE_01430

DiscRep_SUB:FEATURE_LOCATION_CONFLICT::Coding region xref gene does not exist
PROKKA_04262022/PROKKA_04262022:CDS	hypothetical protein	Ferroplasma:1230925-1231395	KNPMNEEE_01431

DiscRep_SUB:FEATURE_LOCATION_CONFLICT::Coding region xref gene does not exist
PROKKA_04262022/PROKKA_04262022:CDS	Tyrosine recombinase XerC	Ferroplasma:1231412-1232254	KNPMNEEE_01432

DiscRep_SUB:FEATURE_LOCATION_CONFLICT::Coding region xref gene does not exist
PROKKA_04262022/PROKKA_04262022:CDS	hypothetical protein	Ferroplasma:c1233306-1232251	KNPMNEEE_01433

DiscRep_SUB:FEATURE_LOCATION_CONFLICT::Coding region xref gene does not exist
PROKKA_04262022/PROKKA_04262022:CDS	hypothetical protein	Ferroplasma:1233396-1234082	KNPMNEEE_01434

DiscRep_SUB:FEATURE_LOCATION_CONFLICT::Coding region xref gene does not exist
PROKKA_04262022/PROKKA_04262022:CDS	hypothetical protein	Ferroplasma:1234101-1234262	KNPMNEEE_01435

DiscRep_SUB:FEATURE_LOCATION_CONFLICT::Coding region xref gene does not exist
PROKKA_04262022/PROKKA_04262022:CDS	hypothetical protein	Ferroplasma:c1234451-1234182	KNPMNEEE_01436

DiscRep_SUB:FEATURE_LOCATION_CONFLICT::Coding region xref gene does not exist
PROKKA_04262022/PROKKA_04262022:CDS	Alcohol dehydrogenase	Ferroplasma:1234523-1235476	KNPMNEEE_01437

DiscRep_SUB:FEATURE_LOCATION_CONFLICT::Coding region xref gene does not exist
PROKKA_04262022/PROKKA_04262022:CDS	Ribulose-phosphate 3-epimerase	Ferroplasma:c1236121-1235471	KNPMNEEE_01438

DiscRep_SUB:FEATURE_LOCATION_CONFLICT::Coding region xref gene does not exist
PROKKA_04262022/PROKKA_04262022:CDS	hypothetical protein	Ferroplasma:c1236399-1236223	KNPMNEEE_01439

DiscRep_SUB:FEATURE_LOCATION_CONFLICT::Coding region xref gene does not exist
PROKKA_04262022/PROKKA_04262022:CDS	protein kinase UbiB	Ferroplasma:1236594-1238120	KNPMNEEE_01440

DiscRep_SUB:FEATURE_LOCATION_CONFLICT::Coding region xref gene does not exist
PROKKA_04262022/PROKKA_04262022:CDS	hypothetical protein	Ferroplasma:c1238501-1238121	KNPMNEEE_01441

DiscRep_SUB:FEATURE_LOCATION_CONFLICT::Coding region xref gene does not exist
PROKKA_04262022/PROKKA_04262022:CDS	Fused isobutyryl-CoA mutase	Ferroplasma:c1239635-1238691	KNPMNEEE_01442

DiscRep_SUB:FEATURE_LOCATION_CONFLICT::Coding region xref gene does not exist
PROKKA_04262022/PROKKA_04262022:CDS	Fused isobutyryl-CoA mutase	Ferroplasma:c1240074-1239625	KNPMNEEE_01443

DiscRep_SUB:FEATURE_LOCATION_CONFLICT::Coding region xref gene does not exist
PROKKA_04262022/PROKKA_04262022:CDS	Methylmalonyl-CoA mutase	Ferroplasma:c1241746-1240043	KNPMNEEE_01444

DiscRep_SUB:FEATURE_LOCATION_CONFLICT::Coding region xref gene does not exist
PROKKA_04262022/PROKKA_04262022:CDS	hypothetical protein	Ferroplasma:c1242563-1241826	KNPMNEEE_01445

DiscRep_SUB:FEATURE_LOCATION_CONFLICT::Coding region xref gene does not exist
PROKKA_04262022/PROKKA_04262022:CDS	hypothetical protein	Ferroplasma:c1242945-1242625	KNPMNEEE_01446

DiscRep_SUB:FEATURE_LOCATION_CONFLICT::Coding region xref gene does not exist
PROKKA_04262022/PROKKA_04262022:CDS	hypothetical protein	Ferroplasma:1243584-1244402	KNPMNEEE_01447

DiscRep_SUB:FEATURE_LOCATION_CONFLICT::Coding region xref gene does not exist
PROKKA_04262022/PROKKA_04262022:CDS	hypothetical protein	Ferroplasma:1245198-1245446	KNPMNEEE_01448

DiscRep_SUB:FEATURE_LOCATION_CONFLICT::Coding region xref gene does not exist
PROKKA_04262022/PROKKA_04262022:CDS	hypothetical protein	Ferroplasma:1245446-1245859	KNPMNEEE_01449

DiscRep_SUB:FEATURE_LOCATION_CONFLICT::Coding region xref gene does not exist
PROKKA_04262022/PROKKA_04262022:CDS	hypothetical protein	Ferroplasma:c1246264-1245962	KNPMNEEE_01450

DiscRep_SUB:FEATURE_LOCATION_CONFLICT::Coding region xref gene does not exist
PROKKA_04262022/PROKKA_04262022:CDS	IS256 family transposase ISFac8	Ferroplasma:c1246709-1246392	KNPMNEEE_01451

DiscRep_SUB:FEATURE_LOCATION_CONFLICT::Coding region xref gene does not exist
PROKKA_04262022/PROKKA_04262022:CDS	IS256 family transposase ISFac8	Ferroplasma:c1247190-1246801	KNPMNEEE_01452

DiscRep_SUB:FEATURE_LOCATION_CONFLICT::Coding region xref gene does not exist
PROKKA_04262022/PROKKA_04262022:CDS	hypothetical protein	Ferroplasma:c1247474-1247238	KNPMNEEE_01453

DiscRep_SUB:FEATURE_LOCATION_CONFLICT::Coding region xref gene does not exist
PROKKA_04262022/PROKKA_04262022:CDS	hypothetical protein	Ferroplasma:1247831-1248100	KNPMNEEE_01454

DiscRep_SUB:FEATURE_LOCATION_CONFLICT::Coding region xref gene does not exist
PROKKA_04262022/PROKKA_04262022:CDS	hypothetical protein	Ferroplasma:1248624-1248758	KNPMNEEE_01455

DiscRep_SUB:FEATURE_LOCATION_CONFLICT::Coding region xref gene does not exist
PROKKA_04262022/PROKKA_04262022:CDS	hypothetical protein	Ferroplasma:1248810-1248977	KNPMNEEE_01456

DiscRep_SUB:FEATURE_LOCATION_CONFLICT::Coding region xref gene does not exist
PROKKA_04262022/PROKKA_04262022:CDS	hypothetical protein	Ferroplasma:1249321-1249515	KNPMNEEE_01457

DiscRep_SUB:FEATURE_LOCATION_CONFLICT::Coding region xref gene does not exist
PROKKA_04262022/PROKKA_04262022:CDS	hypothetical protein	Ferroplasma:c1249709-1249602	KNPMNEEE_01458

DiscRep_SUB:FEATURE_LOCATION_CONFLICT::Coding region xref gene does not exist
PROKKA_04262022/PROKKA_04262022:CDS	GTP 3',8-cyclase	Ferroplasma:1249849-1251675	KNPMNEEE_01459

DiscRep_SUB:FEATURE_LOCATION_CONFLICT::Coding region xref gene does not exist
PROKKA_04262022/PROKKA_04262022:CDS	Protein archease	Ferroplasma:1251868-1252269	KNPMNEEE_01460

DiscRep_SUB:FEATURE_LOCATION_CONFLICT::Coding region xref gene does not exist
PROKKA_04262022/PROKKA_04262022:CDS	Valine--tRNA ligase	Ferroplasma:c1254978-1252270	KNPMNEEE_01461

DiscRep_SUB:FEATURE_LOCATION_CONFLICT::Coding region xref gene does not exist
PROKKA_04262022/PROKKA_04262022:CDS	Pyruvoyl-dependent arginine decarboxylase	Ferroplasma:c1255518-1254979	KNPMNEEE_01462

DiscRep_SUB:FEATURE_LOCATION_CONFLICT::Coding region xref gene does not exist
PROKKA_04262022/PROKKA_04262022:CDS	ATP-dependent RNA helicase SrmB	Ferroplasma:1255634-1258333	KNPMNEEE_01463

DiscRep_SUB:FEATURE_LOCATION_CONFLICT::Coding region xref gene does not exist
PROKKA_04262022/PROKKA_04262022:CDS	60 kDa chaperonin	Ferroplasma:1258989-1260617	KNPMNEEE_01464

DiscRep_SUB:FEATURE_LOCATION_CONFLICT::Coding region xref gene does not exist
PROKKA_04262022/PROKKA_04262022:CDS	hypothetical protein	Ferroplasma:1260667-1260972	KNPMNEEE_01465

DiscRep_SUB:FEATURE_LOCATION_CONFLICT::Coding region xref gene does not exist
PROKKA_04262022/PROKKA_04262022:CDS	hypothetical protein	Ferroplasma:1260993-1262324	KNPMNEEE_01466

DiscRep_SUB:FEATURE_LOCATION_CONFLICT::Coding region xref gene does not exist
PROKKA_04262022/PROKKA_04262022:CDS	hypothetical protein	Ferroplasma:1262266-1263603	KNPMNEEE_01467

DiscRep_SUB:FEATURE_LOCATION_CONFLICT::Coding region xref gene does not exist
PROKKA_04262022/PROKKA_04262022:CDS	hypothetical protein	Ferroplasma:c1263974-1263600	KNPMNEEE_01468

DiscRep_SUB:FEATURE_LOCATION_CONFLICT::Coding region xref gene does not exist
PROKKA_04262022/PROKKA_04262022:CDS	hypothetical protein	Ferroplasma:c1264487-1264032	KNPMNEEE_01469

DiscRep_SUB:FEATURE_LOCATION_CONFLICT::Coding region xref gene does not exist
PROKKA_04262022/PROKKA_04262022:CDS	hypothetical protein	Ferroplasma:c1264617-1264498	KNPMNEEE_01470

DiscRep_SUB:FEATURE_LOCATION_CONFLICT::Coding region xref gene does not exist
PROKKA_04262022/PROKKA_04262022:CDS	hypothetical protein	Ferroplasma:1264922-1265890	KNPMNEEE_01471

DiscRep_SUB:FEATURE_LOCATION_CONFLICT::Coding region xref gene does not exist
PROKKA_04262022/PROKKA_04262022:CDS	hypothetical protein	Ferroplasma:1265897-1266343	KNPMNEEE_01472

DiscRep_SUB:FEATURE_LOCATION_CONFLICT::Coding region xref gene does not exist
PROKKA_04262022/PROKKA_04262022:CDS	hypothetical protein	Ferroplasma:c1267283-1266948	KNPMNEEE_01473

DiscRep_SUB:FEATURE_LOCATION_CONFLICT::Coding region xref gene does not exist
PROKKA_04262022/PROKKA_04262022:CDS	hypothetical protein	Ferroplasma:1267630-1268520	KNPMNEEE_01474

DiscRep_SUB:FEATURE_LOCATION_CONFLICT::Coding region xref gene does not exist
PROKKA_04262022/PROKKA_04262022:CDS	Lactate utilization protein B	Ferroplasma:1268517-1269653	KNPMNEEE_01475

DiscRep_SUB:FEATURE_LOCATION_CONFLICT::Coding region xref gene does not exist
PROKKA_04262022/PROKKA_04262022:CDS	hypothetical protein	Ferroplasma:c1269886-1269464	KNPMNEEE_01476

DiscRep_SUB:FEATURE_LOCATION_CONFLICT::Coding region xref gene does not exist
PROKKA_04262022/PROKKA_04262022:CDS	hypothetical protein	Ferroplasma:1269948-1271198	KNPMNEEE_01477

DiscRep_SUB:FEATURE_LOCATION_CONFLICT::Coding region xref gene does not exist
PROKKA_04262022/PROKKA_04262022:CDS	hypothetical protein	Ferroplasma:c1273563-1271200	KNPMNEEE_01478

DiscRep_SUB:FEATURE_LOCATION_CONFLICT::Coding region xref gene does not exist
PROKKA_04262022/PROKKA_04262022:CDS	hypothetical protein	Ferroplasma:1273638-1274063	KNPMNEEE_01479

DiscRep_SUB:FEATURE_LOCATION_CONFLICT::Coding region xref gene does not exist
PROKKA_04262022/PROKKA_04262022:CDS	hypothetical protein	Ferroplasma:c1274524-1274060	KNPMNEEE_01480

DiscRep_SUB:FEATURE_LOCATION_CONFLICT::Coding region xref gene does not exist
PROKKA_04262022/PROKKA_04262022:CDS	hypothetical protein	Ferroplasma:1274676-1274999	KNPMNEEE_01481

DiscRep_SUB:FEATURE_LOCATION_CONFLICT::Coding region xref gene does not exist
PROKKA_04262022/PROKKA_04262022:CDS	hypothetical protein	Ferroplasma:c1275169-1274840	KNPMNEEE_01482

DiscRep_SUB:FEATURE_LOCATION_CONFLICT::Coding region xref gene does not exist
PROKKA_04262022/PROKKA_04262022:CDS	hypothetical protein	Ferroplasma:c1276273-1275188	KNPMNEEE_01483

DiscRep_SUB:FEATURE_LOCATION_CONFLICT::Coding region xref gene does not exist
PROKKA_04262022/PROKKA_04262022:CDS	Octanoyltransferase	Ferroplasma:c1276979-1276332	KNPMNEEE_01484

DiscRep_SUB:FEATURE_LOCATION_CONFLICT::Coding region xref gene does not exist
PROKKA_04262022/PROKKA_04262022:CDS	hypothetical protein	Ferroplasma:1277410-1278321	KNPMNEEE_01485

DiscRep_SUB:FEATURE_LOCATION_CONFLICT::Coding region xref gene does not exist
PROKKA_04262022/PROKKA_04262022:CDS	hypothetical protein	Ferroplasma:1278394-1279227	KNPMNEEE_01486

DiscRep_SUB:FEATURE_LOCATION_CONFLICT::Coding region xref gene does not exist
PROKKA_04262022/PROKKA_04262022:CDS	putative multidrug ABC transporter ATP-binding protein YbhF	Ferroplasma:1279176-1279571	KNPMNEEE_01487

DiscRep_SUB:FEATURE_LOCATION_CONFLICT::Coding region xref gene does not exist
PROKKA_04262022/PROKKA_04262022:CDS	hypothetical protein	Ferroplasma:1279616-1280143	KNPMNEEE_01488

DiscRep_SUB:FEATURE_LOCATION_CONFLICT::Coding region xref gene does not exist
PROKKA_04262022/PROKKA_04262022:CDS	1,4-beta-D-glucan glucohydrolase	Ferroplasma:1280161-1281612	KNPMNEEE_01489

DiscRep_SUB:FEATURE_LOCATION_CONFLICT::Coding region xref gene does not exist
PROKKA_04262022/PROKKA_04262022:CDS	hypothetical protein	Ferroplasma:1281860-1282474	KNPMNEEE_01490

DiscRep_SUB:FEATURE_LOCATION_CONFLICT::Coding region xref gene does not exist
PROKKA_04262022/PROKKA_04262022:CDS	Folylpolyglutamate synthase	Ferroplasma:1282499-1283785	KNPMNEEE_01491

DiscRep_SUB:FEATURE_LOCATION_CONFLICT::Coding region xref gene does not exist
PROKKA_04262022/PROKKA_04262022:CDS	hypothetical protein	Ferroplasma:1283869-1285137	KNPMNEEE_01492

DiscRep_SUB:FEATURE_LOCATION_CONFLICT::Coding region xref gene does not exist
PROKKA_04262022/PROKKA_04262022:CDS	hypothetical protein	Ferroplasma:1285224-1285514	KNPMNEEE_01493

DiscRep_SUB:FEATURE_LOCATION_CONFLICT::Coding region xref gene does not exist
PROKKA_04262022/PROKKA_04262022:CDS	hypothetical protein	Ferroplasma:1285511-1286080	KNPMNEEE_01494

DiscRep_SUB:FEATURE_LOCATION_CONFLICT::Coding region xref gene does not exist
PROKKA_04262022/PROKKA_04262022:CDS	Phosphoribosylformylglycinamidine synthase subunit PurQ	Ferroplasma:c1286815-1286069	KNPMNEEE_01495

DiscRep_SUB:FEATURE_LOCATION_CONFLICT::Coding region xref gene does not exist
PROKKA_04262022/PROKKA_04262022:CDS	hypothetical protein	Ferroplasma:c1286990-1286841	KNPMNEEE_01496

DiscRep_SUB:FEATURE_LOCATION_CONFLICT::Coding region xref gene does not exist
PROKKA_04262022/PROKKA_04262022:CDS	Fructose-1,6-bisphosphate aldolase/phosphatase	Ferroplasma:c1288221-1287076	KNPMNEEE_01497

DiscRep_SUB:FEATURE_LOCATION_CONFLICT::Coding region xref gene does not exist
PROKKA_04262022/PROKKA_04262022:CDS	NADH dehydrogenase	Ferroplasma:c1289383-1288391	KNPMNEEE_01498

DiscRep_SUB:FEATURE_LOCATION_CONFLICT::Coding region xref gene does not exist
PROKKA_04262022/PROKKA_04262022:CDS	hypothetical protein	Ferroplasma:1289577-1290644	KNPMNEEE_01499

DiscRep_SUB:FEATURE_LOCATION_CONFLICT::Coding region xref gene does not exist
PROKKA_04262022/PROKKA_04262022:CDS	Cobalt-precorrin-4 C(11)-methyltransferase	Ferroplasma:c1291307-1290627	KNPMNEEE_01500

DiscRep_SUB:FEATURE_LOCATION_CONFLICT::Coding region xref gene does not exist
PROKKA_04262022/PROKKA_04262022:CDS	Cobalamin biosynthesis protein CobIJ	Ferroplasma:c1292035-1291376	KNPMNEEE_01501

DiscRep_SUB:FEATURE_LOCATION_CONFLICT::Coding region xref gene does not exist
PROKKA_04262022/PROKKA_04262022:CDS	Cobalamin biosynthesis bifunctional protein CbiET	Ferroplasma:c1293266-1292022	KNPMNEEE_01502

DiscRep_SUB:FEATURE_LOCATION_CONFLICT::Coding region xref gene does not exist
PROKKA_04262022/PROKKA_04262022:CDS	Siroheme synthase	Ferroplasma:c1294497-1293208	KNPMNEEE_01503

DiscRep_SUB:FEATURE_LOCATION_CONFLICT::Coding region xref gene does not exist
PROKKA_04262022/PROKKA_04262022:CDS	hypothetical protein	Ferroplasma:1294627-1295760	KNPMNEEE_01504

DiscRep_SUB:FEATURE_LOCATION_CONFLICT::Coding region xref gene does not exist
PROKKA_04262022/PROKKA_04262022:CDS	hypothetical protein	Ferroplasma:1295761-1296237	KNPMNEEE_01505

DiscRep_SUB:FEATURE_LOCATION_CONFLICT::Coding region xref gene does not exist
PROKKA_04262022/PROKKA_04262022:CDS	hypothetical protein	Ferroplasma:c1297080-1296229	KNPMNEEE_01506

DiscRep_SUB:FEATURE_LOCATION_CONFLICT::Coding region xref gene does not exist
PROKKA_04262022/PROKKA_04262022:CDS	hypothetical protein	Ferroplasma:c1297490-1297038	KNPMNEEE_01507

DiscRep_SUB:FEATURE_LOCATION_CONFLICT::Coding region xref gene does not exist
PROKKA_04262022/PROKKA_04262022:CDS	ATPase RavA	Ferroplasma:c1298707-1297496	KNPMNEEE_01508

DiscRep_SUB:FEATURE_LOCATION_CONFLICT::Coding region xref gene does not exist
PROKKA_04262022/PROKKA_04262022:CDS	hypothetical protein	Ferroplasma:c1299908-1298715	KNPMNEEE_01509

DiscRep_SUB:FEATURE_LOCATION_CONFLICT::Coding region xref gene does not exist
PROKKA_04262022/PROKKA_04262022:CDS	Serine--tRNA ligase	Ferroplasma:c1301239-1299908	KNPMNEEE_01510

DiscRep_SUB:FEATURE_LOCATION_CONFLICT::Coding region xref gene does not exist
PROKKA_04262022/PROKKA_04262022:CDS	hypothetical protein	Ferroplasma:c1302412-1301648	KNPMNEEE_01511

DiscRep_SUB:FEATURE_LOCATION_CONFLICT::Coding region xref gene does not exist
PROKKA_04262022/PROKKA_04262022:CDS	Enolase	Ferroplasma:c1303623-1302415	KNPMNEEE_01512

DiscRep_SUB:FEATURE_LOCATION_CONFLICT::Coding region xref gene does not exist
PROKKA_04262022/PROKKA_04262022:CDS	hypothetical protein	Ferroplasma:1303869-1304528	KNPMNEEE_01513

DiscRep_SUB:FEATURE_LOCATION_CONFLICT::Coding region xref gene does not exist
PROKKA_04262022/PROKKA_04262022:CDS	Lon protease	Ferroplasma:1304681-1306654	KNPMNEEE_01514

DiscRep_SUB:FEATURE_LOCATION_CONFLICT::Coding region xref gene does not exist
PROKKA_04262022/PROKKA_04262022:CDS	hypothetical protein	Ferroplasma:1306644-1307066	KNPMNEEE_01515

DiscRep_SUB:FEATURE_LOCATION_CONFLICT::Coding region xref gene does not exist
PROKKA_04262022/PROKKA_04262022:CDS	Adenosine kinase	Ferroplasma:c1307946-1307056	KNPMNEEE_01516

DiscRep_SUB:FEATURE_LOCATION_CONFLICT::Coding region xref gene does not exist
PROKKA_04262022/PROKKA_04262022:CDS	hypothetical protein	Ferroplasma:1308600-1310201	KNPMNEEE_01517

DiscRep_SUB:FEATURE_LOCATION_CONFLICT::Coding region xref gene does not exist
PROKKA_04262022/PROKKA_04262022:CDS	hypothetical protein	Ferroplasma:1310164-1310772	KNPMNEEE_01518

DiscRep_SUB:FEATURE_LOCATION_CONFLICT::Coding region xref gene does not exist
PROKKA_04262022/PROKKA_04262022:CDS	hypothetical protein	Ferroplasma:1310762-1311235	KNPMNEEE_01519

DiscRep_SUB:FEATURE_LOCATION_CONFLICT::Coding region xref gene does not exist
PROKKA_04262022/PROKKA_04262022:CDS	ATPase RavA	Ferroplasma:1311214-1312167	KNPMNEEE_01520

DiscRep_SUB:FEATURE_LOCATION_CONFLICT::Coding region xref gene does not exist
PROKKA_04262022/PROKKA_04262022:CDS	hypothetical protein	Ferroplasma:1312164-1313459	KNPMNEEE_01521

DiscRep_SUB:FEATURE_LOCATION_CONFLICT::Coding region xref gene does not exist
PROKKA_04262022/PROKKA_04262022:CDS	hypothetical protein	Ferroplasma:1313446-1314318	KNPMNEEE_01522

DiscRep_SUB:FEATURE_LOCATION_CONFLICT::Coding region xref gene does not exist
PROKKA_04262022/PROKKA_04262022:CDS	putative protein YibN	Ferroplasma:c1314914-1314600	KNPMNEEE_01523

DiscRep_SUB:FEATURE_LOCATION_CONFLICT::Coding region xref gene does not exist
PROKKA_04262022/PROKKA_04262022:CDS	hypothetical protein	Ferroplasma:c1317268-1315355	KNPMNEEE_01524

DiscRep_SUB:FEATURE_LOCATION_CONFLICT::Coding region xref gene does not exist
PROKKA_04262022/PROKKA_04262022:CDS	hypothetical protein	Ferroplasma:1317410-1319242	KNPMNEEE_01525

DiscRep_SUB:FEATURE_LOCATION_CONFLICT::Coding region xref gene does not exist
PROKKA_04262022/PROKKA_04262022:CDS	Glycogen synthase	Ferroplasma:1319239-1320357	KNPMNEEE_01526

DiscRep_SUB:FEATURE_LOCATION_CONFLICT::Coding region xref gene does not exist
PROKKA_04262022/PROKKA_04262022:CDS	hypothetical protein	Ferroplasma:1320345-1321475	KNPMNEEE_01527

DiscRep_SUB:FEATURE_LOCATION_CONFLICT::Coding region xref gene does not exist
PROKKA_04262022/PROKKA_04262022:CDS	hypothetical protein	Ferroplasma:1322633-1325356	KNPMNEEE_01529

DiscRep_SUB:FEATURE_LOCATION_CONFLICT::Coding region xref gene does not exist
PROKKA_04262022/PROKKA_04262022:CDS	hypothetical protein	Ferroplasma:1325382-1325606	KNPMNEEE_01530

DiscRep_SUB:FEATURE_LOCATION_CONFLICT::Coding region xref gene does not exist
PROKKA_04262022/PROKKA_04262022:CDS	hypothetical protein	Ferroplasma:c1325893-1325621	KNPMNEEE_01531

DiscRep_SUB:FEATURE_LOCATION_CONFLICT::Coding region xref gene does not exist
PROKKA_04262022/PROKKA_04262022:CDS	hypothetical protein	Ferroplasma:1325943-1326614	KNPMNEEE_01532

DiscRep_SUB:FEATURE_LOCATION_CONFLICT::Coding region xref gene does not exist
PROKKA_04262022/PROKKA_04262022:CDS	Dihydroorotase	Ferroplasma:c1327682-1326615	KNPMNEEE_01533

DiscRep_SUB:FEATURE_LOCATION_CONFLICT::Coding region xref gene does not exist
PROKKA_04262022/PROKKA_04262022:CDS	putative peptidase	Ferroplasma:1327921-1328994	KNPMNEEE_01534

DiscRep_SUB:FEATURE_LOCATION_CONFLICT::Coding region xref gene does not exist
PROKKA_04262022/PROKKA_04262022:CDS	hypothetical protein	Ferroplasma:1328996-1330009	KNPMNEEE_01535

DiscRep_SUB:FEATURE_LOCATION_CONFLICT::Coding region xref gene does not exist
PROKKA_04262022/PROKKA_04262022:CDS	hypothetical protein	Ferroplasma:c1330260-1330012	KNPMNEEE_01536

DiscRep_SUB:FEATURE_LOCATION_CONFLICT::Coding region xref gene does not exist
PROKKA_04262022/PROKKA_04262022:CDS	hypothetical protein	Ferroplasma:c1330637-1330257	KNPMNEEE_01537

DiscRep_SUB:FEATURE_LOCATION_CONFLICT::Coding region xref gene does not exist
PROKKA_04262022/PROKKA_04262022:CDS	Putative multidrug export ATP-binding/permease protein	Ferroplasma:1330841-1332553	KNPMNEEE_01538

DiscRep_SUB:FEATURE_LOCATION_CONFLICT::Coding region xref gene does not exist
PROKKA_04262022/PROKKA_04262022:CDS	putative ABC transporter ATP-binding protein	Ferroplasma:1332498-1334255	KNPMNEEE_01539

DiscRep_SUB:FEATURE_LOCATION_CONFLICT::Coding region xref gene does not exist
PROKKA_04262022/PROKKA_04262022:CDS	hypothetical protein	Ferroplasma:c1334638-1334252	KNPMNEEE_01540

DiscRep_SUB:FEATURE_LOCATION_CONFLICT::Coding region xref gene does not exist
PROKKA_04262022/PROKKA_04262022:CDS	hypothetical protein	Ferroplasma:1335820-1336026	KNPMNEEE_01542

DiscRep_SUB:FEATURE_LOCATION_CONFLICT::Coding region xref gene does not exist
PROKKA_04262022/PROKKA_04262022:CDS	hypothetical protein	Ferroplasma:c1336898-1336029	KNPMNEEE_01543

DiscRep_SUB:FEATURE_LOCATION_CONFLICT::Coding region xref gene does not exist
PROKKA_04262022/PROKKA_04262022:CDS	hypothetical protein	Ferroplasma:c1337197-1336973	KNPMNEEE_01544

DiscRep_SUB:FEATURE_LOCATION_CONFLICT::Coding region xref gene does not exist
PROKKA_04262022/PROKKA_04262022:CDS	hypothetical protein	Ferroplasma:1337404-1338321	KNPMNEEE_01545

DiscRep_SUB:FEATURE_LOCATION_CONFLICT::Coding region xref gene does not exist
PROKKA_04262022/PROKKA_04262022:CDS	tRNA (adenine(58)-N(1))-methyltransferase TrmI	Ferroplasma:c1339097-1338357	KNPMNEEE_01546

DiscRep_SUB:FEATURE_LOCATION_CONFLICT::Coding region xref gene does not exist
PROKKA_04262022/PROKKA_04262022:CDS	GMP synthase [glutamine-hydrolyzing]	Ferroplasma:c1339674-1339108	KNPMNEEE_01547

DiscRep_SUB:FEATURE_LOCATION_CONFLICT::Coding region xref gene does not exist
PROKKA_04262022/PROKKA_04262022:CDS	hypothetical protein	Ferroplasma:1339926-1340531	KNPMNEEE_01548

DiscRep_SUB:FEATURE_LOCATION_CONFLICT::Coding region xref gene does not exist
PROKKA_04262022/PROKKA_04262022:CDS	hypothetical protein	Ferroplasma:1340578-1340976	KNPMNEEE_01549

DiscRep_SUB:FEATURE_LOCATION_CONFLICT::Coding region xref gene does not exist
PROKKA_04262022/PROKKA_04262022:CDS	Phosphoserine phosphatase 1	Ferroplasma:c1341601-1340981	KNPMNEEE_01550

DiscRep_SUB:FEATURE_LOCATION_CONFLICT::Coding region xref gene does not exist
PROKKA_04262022/PROKKA_04262022:CDS	IS4 family transposase ISFac10	Ferroplasma:1341629-1342087	KNPMNEEE_01551

DiscRep_SUB:FEATURE_LOCATION_CONFLICT::Coding region xref gene does not exist
PROKKA_04262022/PROKKA_04262022:CDS	IS4 family transposase ISFac10	Ferroplasma:1342050-1342604	KNPMNEEE_01552

DiscRep_SUB:FEATURE_LOCATION_CONFLICT::Coding region xref gene does not exist
PROKKA_04262022/PROKKA_04262022:CDS	hypothetical protein	Ferroplasma:1343292-1345208	KNPMNEEE_01553

DiscRep_SUB:FEATURE_LOCATION_CONFLICT::Coding region xref gene does not exist
PROKKA_04262022/PROKKA_04262022:CDS	hypothetical protein	Ferroplasma:1345222-1346226	KNPMNEEE_01554

DiscRep_SUB:FEATURE_LOCATION_CONFLICT::Coding region xref gene does not exist
PROKKA_04262022/PROKKA_04262022:CDS	Arginine deiminase	Ferroplasma:1346259-1347506	KNPMNEEE_01555

DiscRep_SUB:FEATURE_LOCATION_CONFLICT::Coding region xref gene does not exist
PROKKA_04262022/PROKKA_04262022:CDS	hypothetical protein	Ferroplasma:1347702-1348331	KNPMNEEE_01556

DiscRep_SUB:FEATURE_LOCATION_CONFLICT::Coding region xref gene does not exist
PROKKA_04262022/PROKKA_04262022:CDS	hypothetical protein	Ferroplasma:c1349377-1348886	KNPMNEEE_01558

DiscRep_SUB:FEATURE_LOCATION_CONFLICT::Coding region xref gene does not exist
PROKKA_04262022/PROKKA_04262022:CDS	Glutamate dehydrogenase	Ferroplasma:1349504-1350754	KNPMNEEE_01559

DiscRep_SUB:FEATURE_LOCATION_CONFLICT::Coding region xref gene does not exist
PROKKA_04262022/PROKKA_04262022:CDS	hypothetical protein	Ferroplasma:1350817-1351557	KNPMNEEE_01560

DiscRep_SUB:FEATURE_LOCATION_CONFLICT::Coding region xref gene does not exist
PROKKA_04262022/PROKKA_04262022:CDS	Adenosylhomocysteinase	Ferroplasma:1352041-1353270	KNPMNEEE_01562

DiscRep_SUB:FEATURE_LOCATION_CONFLICT::Coding region xref gene does not exist
PROKKA_04262022/PROKKA_04262022:CDS	putative protein YisK	Ferroplasma:1353300-1354124	KNPMNEEE_01563

DiscRep_SUB:FEATURE_LOCATION_CONFLICT::Coding region xref gene does not exist
PROKKA_04262022/PROKKA_04262022:CDS	RNA 2',3'-cyclic phosphodiesterase	Ferroplasma:1354126-1354665	KNPMNEEE_01564

DiscRep_SUB:FEATURE_LOCATION_CONFLICT::Coding region xref gene does not exist
PROKKA_04262022/PROKKA_04262022:CDS	2,3-bisphosphoglycerate-independent phosphoglycerate mutase	Ferroplasma:1354688-1355896	KNPMNEEE_01565

DiscRep_SUB:FEATURE_LOCATION_CONFLICT::Coding region xref gene does not exist
PROKKA_04262022/PROKKA_04262022:CDS	Ribonuclease BN	Ferroplasma:c1356838-1355900	KNPMNEEE_01566

DiscRep_SUB:FEATURE_LOCATION_CONFLICT::Coding region xref gene does not exist
PROKKA_04262022/PROKKA_04262022:CDS	hypothetical protein	Ferroplasma:1356900-1357187	KNPMNEEE_01567

DiscRep_SUB:FEATURE_LOCATION_CONFLICT::Coding region xref gene does not exist
PROKKA_04262022/PROKKA_04262022:CDS	hypothetical protein	Ferroplasma:1357236-1357706	KNPMNEEE_01568

DiscRep_SUB:FEATURE_LOCATION_CONFLICT::Coding region xref gene does not exist
PROKKA_04262022/PROKKA_04262022:CDS	hypothetical protein	Ferroplasma:c1358285-1357725	KNPMNEEE_01569

DiscRep_SUB:FEATURE_LOCATION_CONFLICT::Coding region xref gene does not exist
PROKKA_04262022/PROKKA_04262022:CDS	hypothetical protein	Ferroplasma:1358441-1358998	KNPMNEEE_01570

DiscRep_SUB:FEATURE_LOCATION_CONFLICT::Coding region xref gene does not exist
PROKKA_04262022/PROKKA_04262022:CDS	hypothetical protein	Ferroplasma:c1359435-1359007	KNPMNEEE_01571

DiscRep_SUB:FEATURE_LOCATION_CONFLICT::Coding region xref gene does not exist
PROKKA_04262022/PROKKA_04262022:CDS	hypothetical protein	Ferroplasma:1359557-1359676	KNPMNEEE_01572

DiscRep_SUB:FEATURE_LOCATION_CONFLICT::Coding region xref gene does not exist
PROKKA_04262022/PROKKA_04262022:CDS	hypothetical protein	Ferroplasma:c1360281-1359862	KNPMNEEE_01573

DiscRep_SUB:FEATURE_LOCATION_CONFLICT::Coding region xref gene does not exist
PROKKA_04262022/PROKKA_04262022:CDS	hypothetical protein	Ferroplasma:c1360664-1360278	KNPMNEEE_01574

DiscRep_SUB:FEATURE_LOCATION_CONFLICT::Coding region xref gene does not exist
PROKKA_04262022/PROKKA_04262022:CDS	hypothetical protein	Ferroplasma:1360707-1360979	KNPMNEEE_01575

DiscRep_SUB:FEATURE_LOCATION_CONFLICT::Coding region xref gene does not exist
PROKKA_04262022/PROKKA_04262022:CDS	IS200/IS605 family transposase ISMma19	Ferroplasma:1360985-1362160	KNPMNEEE_01576

DiscRep_SUB:FEATURE_LOCATION_CONFLICT::Coding region xref gene does not exist
PROKKA_04262022/PROKKA_04262022:CDS	hypothetical protein	Ferroplasma:1362249-1362896	KNPMNEEE_01577

DiscRep_SUB:FEATURE_LOCATION_CONFLICT::Coding region xref gene does not exist
PROKKA_04262022/PROKKA_04262022:CDS	hypothetical protein	Ferroplasma:1362877-1363065	KNPMNEEE_01578

DiscRep_SUB:FEATURE_LOCATION_CONFLICT::Coding region xref gene does not exist
PROKKA_04262022/PROKKA_04262022:CDS	hypothetical protein	Ferroplasma:c1363743-1363513	KNPMNEEE_01579

DiscRep_SUB:FEATURE_LOCATION_CONFLICT::Coding region xref gene does not exist
PROKKA_04262022/PROKKA_04262022:CDS	putative glycine dehydrogenase (decarboxylating) subunit 1	Ferroplasma:1363785-1365074	KNPMNEEE_01580

DiscRep_SUB:FEATURE_LOCATION_CONFLICT::Coding region xref gene does not exist
PROKKA_04262022/PROKKA_04262022:CDS	putative glycine dehydrogenase (decarboxylating) subunit 2	Ferroplasma:1365076-1366509	KNPMNEEE_01581

DiscRep_SUB:FEATURE_LOCATION_CONFLICT::Coding region xref gene does not exist
PROKKA_04262022/PROKKA_04262022:CDS	hypothetical protein	Ferroplasma:1366548-1367582	KNPMNEEE_01582

DiscRep_SUB:FEATURE_LOCATION_CONFLICT::Coding region xref gene does not exist
PROKKA_04262022/PROKKA_04262022:CDS	hypothetical protein	Ferroplasma:1367591-1368487	KNPMNEEE_01583

DiscRep_SUB:FEATURE_LOCATION_CONFLICT::Coding region xref gene does not exist
PROKKA_04262022/PROKKA_04262022:CDS	hypothetical protein	Ferroplasma:1368530-1369138	KNPMNEEE_01584

DiscRep_SUB:FEATURE_LOCATION_CONFLICT::Coding region xref gene does not exist
PROKKA_04262022/PROKKA_04262022:CDS	hypothetical protein	Ferroplasma:1369265-1369627	KNPMNEEE_01585

DiscRep_SUB:FEATURE_LOCATION_CONFLICT::Coding region xref gene does not exist
PROKKA_04262022/PROKKA_04262022:CDS	hypothetical protein	Ferroplasma:1369934-1370107	KNPMNEEE_01586

DiscRep_SUB:FEATURE_LOCATION_CONFLICT::Coding region xref gene does not exist
PROKKA_04262022/PROKKA_04262022:CDS	hypothetical protein	Ferroplasma:1370086-1370232	KNPMNEEE_01587

DiscRep_SUB:FEATURE_LOCATION_CONFLICT::Coding region xref gene does not exist
PROKKA_04262022/PROKKA_04262022:CDS	hypothetical protein	Ferroplasma:c1370392-1370237	KNPMNEEE_01588

DiscRep_SUB:FEATURE_LOCATION_CONFLICT::Coding region xref gene does not exist
PROKKA_04262022/PROKKA_04262022:CDS	hypothetical protein	Ferroplasma:c1370709-1370392	KNPMNEEE_01589

DiscRep_SUB:FEATURE_LOCATION_CONFLICT::Coding region xref gene does not exist
PROKKA_04262022/PROKKA_04262022:CDS	hypothetical protein	Ferroplasma:c1371205-1370699	KNPMNEEE_01590

DiscRep_SUB:FEATURE_LOCATION_CONFLICT::Coding region xref gene does not exist
PROKKA_04262022/PROKKA_04262022:CDS	hypothetical protein	Ferroplasma:c1371374-1371183	KNPMNEEE_01591

DiscRep_SUB:FEATURE_LOCATION_CONFLICT::Coding region xref gene does not exist
PROKKA_04262022/PROKKA_04262022:CDS	Ribonuclease R	Ferroplasma:c1371958-1371383	KNPMNEEE_01592

DiscRep_SUB:FEATURE_LOCATION_CONFLICT::Coding region xref gene does not exist
PROKKA_04262022/PROKKA_04262022:CDS	Asparagine--tRNA ligase	Ferroplasma:1372038-1373351	KNPMNEEE_01593

DiscRep_SUB:FEATURE_LOCATION_CONFLICT::Coding region xref gene does not exist
PROKKA_04262022/PROKKA_04262022:CDS	Uroporphyrinogen decarboxylase	Ferroplasma:1373348-1374355	KNPMNEEE_01594

DiscRep_SUB:FEATURE_LOCATION_CONFLICT::Coding region xref gene does not exist
PROKKA_04262022/PROKKA_04262022:CDS	Ferrochelatase	Ferroplasma:1374523-1375404	KNPMNEEE_01595

DiscRep_SUB:FEATURE_LOCATION_CONFLICT::Coding region xref gene does not exist
PROKKA_04262022/PROKKA_04262022:CDS	Elongation factor Tu	Ferroplasma:1375554-1376453	KNPMNEEE_01596

DiscRep_SUB:FEATURE_LOCATION_CONFLICT::Coding region xref gene does not exist
PROKKA_04262022/PROKKA_04262022:CDS	Phosphoribosylamine--glycine ligase	Ferroplasma:c1377720-1376443	KNPMNEEE_01597

DiscRep_SUB:FEATURE_LOCATION_CONFLICT::Coding region xref gene does not exist
PROKKA_04262022/PROKKA_04262022:CDS	hypothetical protein	Ferroplasma:c1378195-1377779	KNPMNEEE_01598

DiscRep_SUB:FEATURE_LOCATION_CONFLICT::Coding region xref gene does not exist
PROKKA_04262022/PROKKA_04262022:CDS	hypothetical protein	Ferroplasma:1378726-1380093	KNPMNEEE_01599

DiscRep_SUB:FEATURE_LOCATION_CONFLICT::Coding region xref gene does not exist
PROKKA_04262022/PROKKA_04262022:CDS	dCTP deaminase, dUMP-forming	Ferroplasma:1380065-1380496	KNPMNEEE_01600

DiscRep_SUB:FEATURE_LOCATION_CONFLICT::Coding region xref gene does not exist
PROKKA_04262022/PROKKA_04262022:CDS	Nicotinamide-nucleotide adenylyltransferase	Ferroplasma:1380945-1381463	KNPMNEEE_01601

DiscRep_SUB:FEATURE_LOCATION_CONFLICT::Coding region xref gene does not exist
PROKKA_04262022/PROKKA_04262022:CDS	DNA polymerase II	Ferroplasma:1381554-1383887	KNPMNEEE_01602

DiscRep_SUB:FEATURE_LOCATION_CONFLICT::Coding region xref gene does not exist
PROKKA_04262022/PROKKA_04262022:CDS	hypothetical protein	Ferroplasma:1384076-1385170	KNPMNEEE_01603

DiscRep_SUB:FEATURE_LOCATION_CONFLICT::Coding region xref gene does not exist
PROKKA_04262022/PROKKA_04262022:CDS	hypothetical protein	Ferroplasma:c1386630-1385173	KNPMNEEE_01604

DiscRep_SUB:FEATURE_LOCATION_CONFLICT::Coding region xref gene does not exist
PROKKA_04262022/PROKKA_04262022:CDS	hypothetical protein	Ferroplasma:1386776-1388596	KNPMNEEE_01605

DiscRep_SUB:FEATURE_LOCATION_CONFLICT::Coding region xref gene does not exist
PROKKA_04262022/PROKKA_04262022:CDS	hypothetical protein	Ferroplasma:1388627-1389001	KNPMNEEE_01606

DiscRep_SUB:FEATURE_LOCATION_CONFLICT::Coding region xref gene does not exist
PROKKA_04262022/PROKKA_04262022:CDS	hypothetical protein	Ferroplasma:1389063-1390565	KNPMNEEE_01607

DiscRep_SUB:FEATURE_LOCATION_CONFLICT::Coding region xref gene does not exist
PROKKA_04262022/PROKKA_04262022:CDS	Methionine--tRNA ligase	Ferroplasma:1390595-1390921	KNPMNEEE_01608

DiscRep_SUB:FEATURE_LOCATION_CONFLICT::Coding region xref gene does not exist
PROKKA_04262022/PROKKA_04262022:CDS	hypothetical protein	Ferroplasma:1390921-1392180	KNPMNEEE_01609

DiscRep_SUB:FEATURE_LOCATION_CONFLICT::Coding region xref gene does not exist
PROKKA_04262022/PROKKA_04262022:CDS	hypothetical protein	Ferroplasma:c1392454-1392185	KNPMNEEE_01610

DiscRep_SUB:FEATURE_LOCATION_CONFLICT::Coding region xref gene does not exist
PROKKA_04262022/PROKKA_04262022:CDS	hypothetical protein	Ferroplasma:1392752-1393270	KNPMNEEE_01611

DiscRep_SUB:FEATURE_LOCATION_CONFLICT::Coding region xref gene does not exist
PROKKA_04262022/PROKKA_04262022:CDS	hypothetical protein	Ferroplasma:1393391-1393690	KNPMNEEE_01612

DiscRep_SUB:FEATURE_LOCATION_CONFLICT::Coding region xref gene does not exist
PROKKA_04262022/PROKKA_04262022:CDS	hypothetical protein	Ferroplasma:c1394088-1393714	KNPMNEEE_01613

DiscRep_SUB:FEATURE_LOCATION_CONFLICT::Coding region xref gene does not exist
PROKKA_04262022/PROKKA_04262022:CDS	hypothetical protein	Ferroplasma:1394157-1394663	KNPMNEEE_01614

DiscRep_SUB:FEATURE_LOCATION_CONFLICT::Coding region xref gene does not exist
PROKKA_04262022/PROKKA_04262022:CDS	hypothetical protein	Ferroplasma:1395422-1395871	KNPMNEEE_01616

DiscRep_SUB:FEATURE_LOCATION_CONFLICT::Coding region xref gene does not exist
PROKKA_04262022/PROKKA_04262022:CDS	hypothetical protein	Ferroplasma:c1396665-1396054	KNPMNEEE_01617

DiscRep_SUB:FEATURE_LOCATION_CONFLICT::Coding region xref gene does not exist
PROKKA_04262022/PROKKA_04262022:CDS	hypothetical protein	Ferroplasma:1396854-1397276	KNPMNEEE_01618

DiscRep_SUB:FEATURE_LOCATION_CONFLICT::Coding region xref gene does not exist
PROKKA_04262022/PROKKA_04262022:CDS	hypothetical protein	Ferroplasma:1397323-1397688	KNPMNEEE_01619

DiscRep_SUB:FEATURE_LOCATION_CONFLICT::Coding region xref gene does not exist
PROKKA_04262022/PROKKA_04262022:CDS	ATP-dependent zinc metalloprotease FtsH	Ferroplasma:c1398841-1397744	KNPMNEEE_01620

DiscRep_SUB:FEATURE_LOCATION_CONFLICT::Coding region xref gene does not exist
PROKKA_04262022/PROKKA_04262022:CDS	hypothetical protein	Ferroplasma:c1399286-1398834	KNPMNEEE_01621

DiscRep_SUB:FEATURE_LOCATION_CONFLICT::Coding region xref gene does not exist
PROKKA_04262022/PROKKA_04262022:CDS	hypothetical protein	Ferroplasma:1399431-1400327	KNPMNEEE_01622

DiscRep_SUB:FEATURE_LOCATION_CONFLICT::Coding region xref gene does not exist
PROKKA_04262022/PROKKA_04262022:CDS	Phosphinothricin N-acetyltransferase	Ferroplasma:1400466-1400963	KNPMNEEE_01623

DiscRep_SUB:FEATURE_LOCATION_CONFLICT::Coding region xref gene does not exist
PROKKA_04262022/PROKKA_04262022:CDS	Carboxypeptidase G2	Ferroplasma:c1402104-1400965	KNPMNEEE_01624

DiscRep_SUB:FEATURE_LOCATION_CONFLICT::Coding region xref gene does not exist
PROKKA_04262022/PROKKA_04262022:CDS	o-succinylbenzoate synthase	Ferroplasma:c1403186-1402101	KNPMNEEE_01625

DiscRep_SUB:FEATURE_LOCATION_CONFLICT::Coding region xref gene does not exist
PROKKA_04262022/PROKKA_04262022:CDS	Trehalase	Ferroplasma:1403333-1405156	KNPMNEEE_01626

DiscRep_SUB:FEATURE_LOCATION_CONFLICT::Coding region xref gene does not exist
PROKKA_04262022/PROKKA_04262022:CDS	hypothetical protein	Ferroplasma:1405184-1405366	KNPMNEEE_01627

DiscRep_SUB:FEATURE_LOCATION_CONFLICT::Coding region xref gene does not exist
PROKKA_04262022/PROKKA_04262022:CDS	hypothetical protein	Ferroplasma:1405615-1405905	KNPMNEEE_01628

DiscRep_SUB:FEATURE_LOCATION_CONFLICT::Coding region xref gene does not exist
PROKKA_04262022/PROKKA_04262022:CDS	Trehalose-6-phosphate synthase	Ferroplasma:1406064-1406516	KNPMNEEE_01629

DiscRep_SUB:FEATURE_LOCATION_CONFLICT::Coding region xref gene does not exist
PROKKA_04262022/PROKKA_04262022:CDS	Trehalose-phosphate phosphatase	Ferroplasma:1406518-1407252	KNPMNEEE_01630

DiscRep_SUB:FEATURE_LOCATION_CONFLICT::Coding region xref gene does not exist
PROKKA_04262022/PROKKA_04262022:CDS	hypothetical protein	Ferroplasma:c1408140-1407325	KNPMNEEE_01631

DiscRep_SUB:FEATURE_LOCATION_CONFLICT::Coding region xref gene does not exist
PROKKA_04262022/PROKKA_04262022:CDS	hypothetical protein	Ferroplasma:1408247-1409458	KNPMNEEE_01632

DiscRep_SUB:FEATURE_LOCATION_CONFLICT::Coding region xref gene does not exist
PROKKA_04262022/PROKKA_04262022:CDS	Calcium-transporting ATPase	Ferroplasma:1409533-1411887	KNPMNEEE_01633

DiscRep_SUB:FEATURE_LOCATION_CONFLICT::Coding region xref gene does not exist
PROKKA_04262022/PROKKA_04262022:CDS	Isochorismatase family protein YecD	Ferroplasma:c1412496-1411915	KNPMNEEE_01634

DiscRep_SUB:FEATURE_LOCATION_CONFLICT::Coding region xref gene does not exist
PROKKA_04262022/PROKKA_04262022:CDS	hypothetical protein	Ferroplasma:c1413076-1412711	KNPMNEEE_01635

DiscRep_SUB:FEATURE_LOCATION_CONFLICT::Coding region xref gene does not exist
PROKKA_04262022/PROKKA_04262022:CDS	Sporulation initiation inhibitor protein Soj	Ferroplasma:c1413818-1413066	KNPMNEEE_01636

DiscRep_SUB:FEATURE_LOCATION_CONFLICT::Coding region xref gene does not exist
PROKKA_04262022/PROKKA_04262022:CDS	Oxidoreductase UcpA	Ferroplasma:1414242-1415027	KNPMNEEE_01637

DiscRep_SUB:FEATURE_LOCATION_CONFLICT::Coding region xref gene does not exist
PROKKA_04262022/PROKKA_04262022:CDS	hypothetical protein	Ferroplasma:1415056-1415427	KNPMNEEE_01638

DiscRep_SUB:FEATURE_LOCATION_CONFLICT::Coding region xref gene does not exist
PROKKA_04262022/PROKKA_04262022:CDS	hypothetical protein	Ferroplasma:c1415533-1415444	KNPMNEEE_01639

DiscRep_SUB:FEATURE_LOCATION_CONFLICT::Coding region xref gene does not exist
PROKKA_04262022/PROKKA_04262022:CDS	hypothetical protein	Ferroplasma:1415673-1415873	KNPMNEEE_01640

DiscRep_SUB:FEATURE_LOCATION_CONFLICT::Coding region xref gene does not exist
PROKKA_04262022/PROKKA_04262022:CDS	[LysW]-L-2-aminoadipate 6-phosphate reductase	Ferroplasma:1415875-1416921	KNPMNEEE_01641

DiscRep_SUB:FEATURE_LOCATION_CONFLICT::Coding region xref gene does not exist
PROKKA_04262022/PROKKA_04262022:CDS	[LysW]-aminoadipate kinase	Ferroplasma:1416925-1417689	KNPMNEEE_01642

DiscRep_SUB:FEATURE_LOCATION_CONFLICT::Coding region xref gene does not exist
PROKKA_04262022/PROKKA_04262022:CDS	[LysW]-aminoadipate semialdehyde transaminase	Ferroplasma:1417679-1418860	KNPMNEEE_01643

DiscRep_SUB:FEATURE_LOCATION_CONFLICT::Coding region xref gene does not exist
PROKKA_04262022/PROKKA_04262022:CDS	Alpha-aminoadipate--LysW ligase LysX	Ferroplasma:1418857-1419705	KNPMNEEE_01644

DiscRep_SUB:FEATURE_LOCATION_CONFLICT::Coding region xref gene does not exist
PROKKA_04262022/PROKKA_04262022:CDS	[LysW]-lysine hydrolase	Ferroplasma:1419717-1420769	KNPMNEEE_01645

DiscRep_SUB:FEATURE_LOCATION_CONFLICT::Coding region xref gene does not exist
PROKKA_04262022/PROKKA_04262022:CDS	hypothetical protein	Ferroplasma:c1421519-1420755	KNPMNEEE_01646

DiscRep_SUB:FEATURE_LOCATION_CONFLICT::Coding region xref gene does not exist
PROKKA_04262022/PROKKA_04262022:CDS	Fatty acid oxidation complex subunit alpha	Ferroplasma:c1423487-1421559	KNPMNEEE_01647

DiscRep_SUB:FEATURE_LOCATION_CONFLICT::Coding region xref gene does not exist
PROKKA_04262022/PROKKA_04262022:CDS	Long-chain-fatty-acid--CoA ligase	Ferroplasma:1423696-1425273	KNPMNEEE_01648

DiscRep_SUB:FEATURE_LOCATION_CONFLICT::Coding region xref gene does not exist
PROKKA_04262022/PROKKA_04262022:CDS	Acetyl-CoA acetyltransferase	Ferroplasma:1425280-1426455	KNPMNEEE_01649

DiscRep_SUB:FEATURE_LOCATION_CONFLICT::Coding region xref gene does not exist
PROKKA_04262022/PROKKA_04262022:CDS	Acyl-CoA dehydrogenase	Ferroplasma:1426456-1427535	KNPMNEEE_01650

DiscRep_SUB:FEATURE_LOCATION_CONFLICT::Coding region xref gene does not exist
PROKKA_04262022/PROKKA_04262022:CDS	Caffeyl-CoA reductase-Etf complex subunit CarC	Ferroplasma:1427538-1428524	KNPMNEEE_01651

DiscRep_SUB:FEATURE_LOCATION_CONFLICT::Coding region xref gene does not exist
PROKKA_04262022/PROKKA_04262022:CDS	hypothetical protein	Ferroplasma:1429069-1429380	KNPMNEEE_01652

DiscRep_SUB:FEATURE_LOCATION_CONFLICT::Coding region xref gene does not exist
PROKKA_04262022/PROKKA_04262022:CDS	hypothetical protein	Ferroplasma:1429401-1429883	KNPMNEEE_01653

DiscRep_SUB:FEATURE_LOCATION_CONFLICT::Coding region xref gene does not exist
PROKKA_04262022/PROKKA_04262022:CDS	hypothetical protein	Ferroplasma:c1430131-1429895	KNPMNEEE_01654

DiscRep_SUB:FEATURE_LOCATION_CONFLICT::Coding region xref gene does not exist
PROKKA_04262022/PROKKA_04262022:CDS	Deaminated glutathione amidase	Ferroplasma:c1430921-1430139	KNPMNEEE_01655

DiscRep_SUB:FEATURE_LOCATION_CONFLICT::Coding region xref gene does not exist
PROKKA_04262022/PROKKA_04262022:CDS	1,4-dihydroxy-6-naphtoate synthase	Ferroplasma:1431135-1432001	KNPMNEEE_01656

DiscRep_SUB:FEATURE_LOCATION_CONFLICT::Coding region xref gene does not exist
PROKKA_04262022/PROKKA_04262022:CDS	hypothetical protein	Ferroplasma:1432381-1432710	KNPMNEEE_01657

DiscRep_SUB:FEATURE_LOCATION_CONFLICT::Coding region xref gene does not exist
PROKKA_04262022/PROKKA_04262022:CDS	hypothetical protein	Ferroplasma:c1433423-1433229	KNPMNEEE_01658

DiscRep_SUB:FEATURE_LOCATION_CONFLICT::Coding region xref gene does not exist
PROKKA_04262022/PROKKA_04262022:CDS	hypothetical protein	Ferroplasma:1433470-1433595	KNPMNEEE_01659

DiscRep_SUB:FEATURE_LOCATION_CONFLICT::Coding region xref gene does not exist
PROKKA_04262022/PROKKA_04262022:CDS	hypothetical protein	Ferroplasma:1433901-1434164	KNPMNEEE_01660

DiscRep_SUB:FEATURE_LOCATION_CONFLICT::Coding region xref gene does not exist
PROKKA_04262022/PROKKA_04262022:CDS	Putative transposase InsK for insertion sequence element IS150	Ferroplasma:1434172-1435134	KNPMNEEE_01661

DiscRep_SUB:FEATURE_LOCATION_CONFLICT::Coding region xref gene does not exist
PROKKA_04262022/PROKKA_04262022:CDS	Multidrug efflux protein YfmO	Ferroplasma:1435275-1436462	KNPMNEEE_01662

DiscRep_SUB:FEATURE_LOCATION_CONFLICT::Coding region xref gene does not exist
PROKKA_04262022/PROKKA_04262022:CDS	hypothetical protein	Ferroplasma:1436488-1436790	KNPMNEEE_01663

DiscRep_SUB:FEATURE_LOCATION_CONFLICT::Coding region xref gene does not exist
PROKKA_04262022/PROKKA_04262022:CDS	hypothetical protein	Ferroplasma:c1437855-1437610	KNPMNEEE_01664

DiscRep_SUB:FEATURE_LOCATION_CONFLICT::Coding region xref gene does not exist
PROKKA_04262022/PROKKA_04262022:CDS	hypothetical protein	Ferroplasma:c1439103-1438483	KNPMNEEE_01666

DiscRep_SUB:FEATURE_LOCATION_CONFLICT::Coding region xref gene does not exist
PROKKA_04262022/PROKKA_04262022:CDS	hypothetical protein	Ferroplasma:1439129-1440184	KNPMNEEE_01667

DiscRep_SUB:FEATURE_LOCATION_CONFLICT::Coding region xref gene does not exist
PROKKA_04262022/PROKKA_04262022:CDS	hypothetical protein	Ferroplasma:c1440805-1440167	KNPMNEEE_01668

DiscRep_SUB:FEATURE_LOCATION_CONFLICT::Coding region xref gene does not exist
PROKKA_04262022/PROKKA_04262022:CDS	hypothetical protein	Ferroplasma:c1441379-1440807	KNPMNEEE_01669

DiscRep_SUB:FEATURE_LOCATION_CONFLICT::Coding region xref gene does not exist
PROKKA_04262022/PROKKA_04262022:CDS	Thiamine-monophosphate kinase	Ferroplasma:1441559-1442524	KNPMNEEE_01670

DiscRep_SUB:FEATURE_LOCATION_CONFLICT::Coding region xref gene does not exist
PROKKA_04262022/PROKKA_04262022:CDS	Protein GrpE	Ferroplasma:1442582-1443097	KNPMNEEE_01671

DiscRep_SUB:FEATURE_LOCATION_CONFLICT::Coding region xref gene does not exist
PROKKA_04262022/PROKKA_04262022:CDS	Chaperone protein DnaK	Ferroplasma:1443104-1444984	KNPMNEEE_01672

DiscRep_SUB:FEATURE_LOCATION_CONFLICT::Coding region xref gene does not exist
PROKKA_04262022/PROKKA_04262022:CDS	Chaperone protein DnaJ	Ferroplasma:1444991-1446094	KNPMNEEE_01673

DiscRep_SUB:FEATURE_LOCATION_CONFLICT::Coding region xref gene does not exist
PROKKA_04262022/PROKKA_04262022:CDS	hypothetical protein	Ferroplasma:c1447196-1446273	KNPMNEEE_01674

DiscRep_SUB:FEATURE_LOCATION_CONFLICT::Coding region xref gene does not exist
PROKKA_04262022/PROKKA_04262022:CDS	hypothetical protein	Ferroplasma:1447536-1448267	KNPMNEEE_01675

DiscRep_SUB:FEATURE_LOCATION_CONFLICT::Coding region xref gene does not exist
PROKKA_04262022/PROKKA_04262022:CDS	hypothetical protein	Ferroplasma:c1449406-1448264	KNPMNEEE_01676

DiscRep_SUB:FEATURE_LOCATION_CONFLICT::Coding region xref gene does not exist
PROKKA_04262022/PROKKA_04262022:CDS	hypothetical protein	Ferroplasma:1449500-1449679	KNPMNEEE_01677

DiscRep_SUB:FEATURE_LOCATION_CONFLICT::Coding region xref gene does not exist
PROKKA_04262022/PROKKA_04262022:CDS	hypothetical protein	Ferroplasma:1449696-1450511	KNPMNEEE_01678

DiscRep_SUB:FEATURE_LOCATION_CONFLICT::Coding region xref gene does not exist
PROKKA_04262022/PROKKA_04262022:CDS	Protein RecA	Ferroplasma:1450542-1451366	KNPMNEEE_01679

DiscRep_SUB:FEATURE_LOCATION_CONFLICT::Coding region xref gene does not exist
PROKKA_04262022/PROKKA_04262022:CDS	hypothetical protein	Ferroplasma:c1452282-1451503	KNPMNEEE_01680

DiscRep_SUB:FEATURE_LOCATION_CONFLICT::Coding region xref gene does not exist
PROKKA_04262022/PROKKA_04262022:CDS	Chromosome partition protein Smc	Ferroplasma:c1455730-1452260	KNPMNEEE_01681

DiscRep_SUB:FEATURE_LOCATION_CONFLICT::Coding region xref gene does not exist
PROKKA_04262022/PROKKA_04262022:CDS	tRNA-2-methylthio-N(6)-dimethylallyladenosine synthase	Ferroplasma:1456017-1457639	KNPMNEEE_01682

DiscRep_SUB:FEATURE_LOCATION_CONFLICT::Coding region xref gene does not exist
PROKKA_04262022/PROKKA_04262022:CDS	hypothetical protein	Ferroplasma:1457701-1457883	KNPMNEEE_01683

DiscRep_SUB:FEATURE_LOCATION_CONFLICT::Coding region xref gene does not exist
PROKKA_04262022/PROKKA_04262022:CDS	hypothetical protein	Ferroplasma:1457916-1458905	KNPMNEEE_01684

DiscRep_SUB:FEATURE_LOCATION_CONFLICT::Coding region xref gene does not exist
PROKKA_04262022/PROKKA_04262022:CDS	hypothetical protein	Ferroplasma:1458906-1459184	KNPMNEEE_01685

DiscRep_SUB:FEATURE_LOCATION_CONFLICT::Coding region xref gene does not exist
PROKKA_04262022/PROKKA_04262022:CDS	hypothetical protein	Ferroplasma:c1460200-1459181	KNPMNEEE_01686

DiscRep_SUB:FEATURE_LOCATION_CONFLICT::Coding region xref gene does not exist
PROKKA_04262022/PROKKA_04262022:CDS	hypothetical protein	Ferroplasma:c1460914-1460204	KNPMNEEE_01687

DiscRep_SUB:FEATURE_LOCATION_CONFLICT::Coding region xref gene does not exist
PROKKA_04262022/PROKKA_04262022:CDS	hypothetical protein	Ferroplasma:1461021-1461467	KNPMNEEE_01688

DiscRep_SUB:FEATURE_LOCATION_CONFLICT::Coding region xref gene does not exist
PROKKA_04262022/PROKKA_04262022:CDS	Putative metabolite transport protein YjhB	Ferroplasma:1461564-1462769	KNPMNEEE_01689

DiscRep_SUB:FEATURE_LOCATION_CONFLICT::Coding region xref gene does not exist
PROKKA_04262022/PROKKA_04262022:CDS	hypothetical protein	Ferroplasma:1462803-1463720	KNPMNEEE_01690

DiscRep_SUB:FEATURE_LOCATION_CONFLICT::Coding region xref gene does not exist
PROKKA_04262022/PROKKA_04262022:CDS	hypothetical protein	Ferroplasma:c1465559-1463712	KNPMNEEE_01691

DiscRep_SUB:FEATURE_LOCATION_CONFLICT::Coding region xref gene does not exist
PROKKA_04262022/PROKKA_04262022:CDS	2-hydroxy-6-oxononadienedioate/2-hydroxy-6-oxononatrienedioate hydrolase	Ferroplasma:1465707-1466321	KNPMNEEE_01692

DiscRep_SUB:FEATURE_LOCATION_CONFLICT::Coding region xref gene does not exist
PROKKA_04262022/PROKKA_04262022:CDS	hypothetical protein	Ferroplasma:c1467935-1466364	KNPMNEEE_01693

DiscRep_SUB:FEATURE_LOCATION_CONFLICT::Coding region xref gene does not exist
PROKKA_04262022/PROKKA_04262022:CDS	HTH-type transcriptional regulator MhqR	Ferroplasma:c1468401-1467979	KNPMNEEE_01694

DiscRep_SUB:FEATURE_LOCATION_CONFLICT::Coding region xref gene does not exist
PROKKA_04262022/PROKKA_04262022:CDS	hypothetical protein	Ferroplasma:1468536-1468781	KNPMNEEE_01695

DiscRep_SUB:FEATURE_LOCATION_CONFLICT::Coding region xref gene does not exist
PROKKA_04262022/PROKKA_04262022:CDS	2-oxoglutarate oxidoreductase subunit KorA	Ferroplasma:1468996-1470375	KNPMNEEE_01696

DiscRep_SUB:FEATURE_LOCATION_CONFLICT::Coding region xref gene does not exist
PROKKA_04262022/PROKKA_04262022:CDS	hypothetical protein	Ferroplasma:1470372-1471229	KNPMNEEE_01697

DiscRep_SUB:FEATURE_LOCATION_CONFLICT::Coding region xref gene does not exist
PROKKA_04262022/PROKKA_04262022:CDS	hypothetical protein	Ferroplasma:1471296-1471460	KNPMNEEE_01698

DiscRep_SUB:FEATURE_LOCATION_CONFLICT::Coding region xref gene does not exist
PROKKA_04262022/PROKKA_04262022:CDS	hypothetical protein	Ferroplasma:c1471746-1471504	KNPMNEEE_01699

DiscRep_SUB:FEATURE_LOCATION_CONFLICT::Coding region xref gene does not exist
PROKKA_04262022/PROKKA_04262022:CDS	hypothetical protein	Ferroplasma:c1472168-1471767	KNPMNEEE_01700

DiscRep_SUB:FEATURE_LOCATION_CONFLICT::Coding region xref gene does not exist
PROKKA_04262022/PROKKA_04262022:CDS	hypothetical protein	Ferroplasma:c1473537-1472221	KNPMNEEE_01701

DiscRep_SUB:FEATURE_LOCATION_CONFLICT::Coding region xref gene does not exist
PROKKA_04262022/PROKKA_04262022:CDS	(2Z,6E)-farnesyl diphosphate synthase	Ferroplasma:c1474313-1473537	KNPMNEEE_01702

DiscRep_SUB:FEATURE_LOCATION_CONFLICT::Coding region xref gene does not exist
PROKKA_04262022/PROKKA_04262022:CDS	hypothetical protein	Ferroplasma:c1475560-1474628	KNPMNEEE_01703

DiscRep_SUB:FEATURE_LOCATION_CONFLICT::Coding region xref gene does not exist
PROKKA_04262022/PROKKA_04262022:CDS	hypothetical protein	Ferroplasma:c1477611-1475566	KNPMNEEE_01704

DiscRep_SUB:FEATURE_LOCATION_CONFLICT::Coding region xref gene does not exist
PROKKA_04262022/PROKKA_04262022:CDS	hypothetical protein	Ferroplasma:c1477817-1477659	KNPMNEEE_01705

DiscRep_SUB:FEATURE_LOCATION_CONFLICT::Coding region xref gene does not exist
PROKKA_04262022/PROKKA_04262022:CDS	hypothetical protein	Ferroplasma:c1478559-1478416	KNPMNEEE_01706

DiscRep_SUB:FEATURE_LOCATION_CONFLICT::Coding region xref gene does not exist
PROKKA_04262022/PROKKA_04262022:CDS	Adenylosuccinate lyase	Ferroplasma:1478851-1480218	KNPMNEEE_01707

DiscRep_SUB:FEATURE_LOCATION_CONFLICT::Coding region xref gene does not exist
PROKKA_04262022/PROKKA_04262022:CDS	hypothetical protein	Ferroplasma:1480211-1480795	KNPMNEEE_01708

DiscRep_SUB:FEATURE_LOCATION_CONFLICT::Coding region xref gene does not exist
PROKKA_04262022/PROKKA_04262022:CDS	putative protein/MSMEI_2713	Ferroplasma:1480836-1481492	KNPMNEEE_01709

DiscRep_SUB:FEATURE_LOCATION_CONFLICT::Coding region xref gene does not exist
PROKKA_04262022/PROKKA_04262022:CDS	Thiosulfate sulfurtransferase GlpE	Ferroplasma:1481494-1481850	KNPMNEEE_01710

DiscRep_SUB:FEATURE_LOCATION_CONFLICT::Coding region xref gene does not exist
PROKKA_04262022/PROKKA_04262022:CDS	hypothetical protein	Ferroplasma:c1482082-1481852	KNPMNEEE_01711

DiscRep_SUB:FEATURE_LOCATION_CONFLICT::Coding region xref gene does not exist
PROKKA_04262022/PROKKA_04262022:CDS	hypothetical protein	Ferroplasma:c1482620-1482183	KNPMNEEE_01712

DiscRep_SUB:FEATURE_LOCATION_CONFLICT::Coding region xref gene does not exist
PROKKA_04262022/PROKKA_04262022:CDS	hypothetical protein	Ferroplasma:1483018-1483614	KNPMNEEE_01713

DiscRep_SUB:FEATURE_LOCATION_CONFLICT::Coding region xref gene does not exist
PROKKA_04262022/PROKKA_04262022:CDS	putative metabolite transport protein CsbC	Ferroplasma:c1485042-1483609	KNPMNEEE_01714

DiscRep_SUB:FEATURE_LOCATION_CONFLICT::Coding region xref gene does not exist
PROKKA_04262022/PROKKA_04262022:CDS	hypothetical protein	Ferroplasma:1485318-1485614	KNPMNEEE_01715

DiscRep_SUB:FEATURE_LOCATION_CONFLICT::Coding region xref gene does not exist
PROKKA_04262022/PROKKA_04262022:CDS	hypothetical protein	Ferroplasma:1485614-1486276	KNPMNEEE_01716

DiscRep_SUB:FEATURE_LOCATION_CONFLICT::Coding region xref gene does not exist
PROKKA_04262022/PROKKA_04262022:CDS	Glutamate decarboxylase	Ferroplasma:1486345-1487709	KNPMNEEE_01717

DiscRep_SUB:FEATURE_LOCATION_CONFLICT::Coding region xref gene does not exist
PROKKA_04262022/PROKKA_04262022:CDS	Histidine biosynthesis bifunctional protein HisIE	Ferroplasma:c1488325-1487714	KNPMNEEE_01718

DiscRep_SUB:FEATURE_LOCATION_CONFLICT::Coding region xref gene does not exist
PROKKA_04262022/PROKKA_04262022:CDS	Imidazole glycerol phosphate synthase subunit HisF	Ferroplasma:c1489064-1488312	KNPMNEEE_01719

DiscRep_SUB:FEATURE_LOCATION_CONFLICT::Coding region xref gene does not exist
PROKKA_04262022/PROKKA_04262022:CDS	Phosphoribosyl isomerase A	Ferroplasma:c1489591-1489046	KNPMNEEE_01720

DiscRep_SUB:FEATURE_LOCATION_CONFLICT::Coding region xref gene does not exist
PROKKA_04262022/PROKKA_04262022:CDS	hypothetical protein	Ferroplasma:c1489734-1489636	KNPMNEEE_01721

DiscRep_SUB:FEATURE_LOCATION_CONFLICT::Coding region xref gene does not exist
PROKKA_04262022/PROKKA_04262022:CDS	Imidazole glycerol phosphate synthase subunit HisH	Ferroplasma:c1490300-1489731	KNPMNEEE_01722

DiscRep_SUB:FEATURE_LOCATION_CONFLICT::Coding region xref gene does not exist
PROKKA_04262022/PROKKA_04262022:CDS	Imidazoleglycerol-phosphate dehydratase	Ferroplasma:c1490827-1490297	KNPMNEEE_01723

DiscRep_SUB:FEATURE_LOCATION_CONFLICT::Coding region xref gene does not exist
PROKKA_04262022/PROKKA_04262022:CDS	Histidinol dehydrogenase	Ferroplasma:c1491951-1490824	KNPMNEEE_01724

DiscRep_SUB:FEATURE_LOCATION_CONFLICT::Coding region xref gene does not exist
PROKKA_04262022/PROKKA_04262022:CDS	ATP phosphoribosyltransferase	Ferroplasma:c1492546-1491914	KNPMNEEE_01725

DiscRep_SUB:FEATURE_LOCATION_CONFLICT::Coding region xref gene does not exist
PROKKA_04262022/PROKKA_04262022:CDS	ATP phosphoribosyltransferase regulatory subunit	Ferroplasma:c1493307-1492543	KNPMNEEE_01726

DiscRep_SUB:FEATURE_LOCATION_CONFLICT::Coding region xref gene does not exist
PROKKA_04262022/PROKKA_04262022:CDS	hypothetical protein	Ferroplasma:c1493449-1493285	KNPMNEEE_01727

DiscRep_SUB:FEATURE_LOCATION_CONFLICT::Coding region xref gene does not exist
PROKKA_04262022/PROKKA_04262022:CDS	hypothetical protein	Ferroplasma:c1494559-1493519	KNPMNEEE_01728

DiscRep_SUB:FEATURE_LOCATION_CONFLICT::Coding region xref gene does not exist
PROKKA_04262022/PROKKA_04262022:CDS	Carboxylesterase NlhH	Ferroplasma:1494736-1495662	KNPMNEEE_01729

DiscRep_SUB:FEATURE_LOCATION_CONFLICT::Coding region xref gene does not exist
PROKKA_04262022/PROKKA_04262022:CDS	hypothetical protein	Ferroplasma:c1496173-1495706	KNPMNEEE_01730

DiscRep_SUB:FEATURE_LOCATION_CONFLICT::Coding region xref gene does not exist
PROKKA_04262022/PROKKA_04262022:CDS	hypothetical protein	Ferroplasma:1496341-1498212	KNPMNEEE_01731

DiscRep_SUB:FEATURE_LOCATION_CONFLICT::Coding region xref gene does not exist
PROKKA_04262022/PROKKA_04262022:CDS	hypothetical protein	Ferroplasma:1498209-1498820	KNPMNEEE_01732

DiscRep_SUB:FEATURE_LOCATION_CONFLICT::Coding region xref gene does not exist
PROKKA_04262022/PROKKA_04262022:CDS	hypothetical protein	Ferroplasma:c1499175-1498939	KNPMNEEE_01733

DiscRep_SUB:FEATURE_LOCATION_CONFLICT::Coding region xref gene does not exist
PROKKA_04262022/PROKKA_04262022:CDS	hypothetical protein	Ferroplasma:1499183-1499467	KNPMNEEE_01734

DiscRep_SUB:FEATURE_LOCATION_CONFLICT::Coding region xref gene does not exist
PROKKA_04262022/PROKKA_04262022:CDS	hypothetical protein	Ferroplasma:1499587-1499991	KNPMNEEE_01735

DiscRep_SUB:FEATURE_LOCATION_CONFLICT::Coding region xref gene does not exist
PROKKA_04262022/PROKKA_04262022:CDS	hypothetical protein	Ferroplasma:1499955-1500407	KNPMNEEE_01736

DiscRep_SUB:FEATURE_LOCATION_CONFLICT::Coding region xref gene does not exist
PROKKA_04262022/PROKKA_04262022:CDS	hypothetical protein	Ferroplasma:c1502112-1500490	KNPMNEEE_01737

DiscRep_SUB:FEATURE_LOCATION_CONFLICT::Coding region xref gene does not exist
PROKKA_04262022/PROKKA_04262022:CDS	Nitrate import ATP-binding protein NrtD	Ferroplasma:c1502913-1502122	KNPMNEEE_01738

DiscRep_SUB:FEATURE_LOCATION_CONFLICT::Coding region xref gene does not exist
PROKKA_04262022/PROKKA_04262022:CDS	hypothetical protein	Ferroplasma:c1503904-1503395	KNPMNEEE_01739

DiscRep_SUB:FEATURE_LOCATION_CONFLICT::Coding region xref gene does not exist
PROKKA_04262022/PROKKA_04262022:CDS	hypothetical protein	Ferroplasma:c1504237-1503953	KNPMNEEE_01740

DiscRep_SUB:FEATURE_LOCATION_CONFLICT::Coding region xref gene does not exist
PROKKA_04262022/PROKKA_04262022:CDS	hypothetical protein	Ferroplasma:1504309-1504578	KNPMNEEE_01741

DiscRep_SUB:FEATURE_LOCATION_CONFLICT::Coding region xref gene does not exist
PROKKA_04262022/PROKKA_04262022:CDS	Serine--glyoxylate aminotransferase	Ferroplasma:1504619-1505047	KNPMNEEE_01742

DiscRep_SUB:FEATURE_LOCATION_CONFLICT::Coding region xref gene does not exist
PROKKA_04262022/PROKKA_04262022:CDS	Coenzyme A biosynthesis bifunctional protein CoaBC	Ferroplasma:1505132-1506349	KNPMNEEE_01743

DiscRep_SUB:FEATURE_LOCATION_CONFLICT::Coding region xref gene does not exist
PROKKA_04262022/PROKKA_04262022:CDS	DNA polymerase IV	Ferroplasma:1506401-1507465	KNPMNEEE_01744

DiscRep_SUB:FEATURE_LOCATION_CONFLICT::Coding region xref gene does not exist
PROKKA_04262022/PROKKA_04262022:CDS	hypothetical protein	Ferroplasma:1507471-1508025	KNPMNEEE_01745

DiscRep_SUB:FEATURE_LOCATION_CONFLICT::Coding region xref gene does not exist
PROKKA_04262022/PROKKA_04262022:CDS	Riboflavin transporter RibZ	Ferroplasma:1508121-1509566	KNPMNEEE_01746

DiscRep_SUB:FEATURE_LOCATION_CONFLICT::Coding region xref gene does not exist
PROKKA_04262022/PROKKA_04262022:CDS	Long-chain-fatty-acid--CoA ligase	Ferroplasma:c1511212-1509575	KNPMNEEE_01747

DiscRep_SUB:FEATURE_LOCATION_CONFLICT::Coding region xref gene does not exist
PROKKA_04262022/PROKKA_04262022:CDS	4-hydroxybutyryl-CoA dehydratase/vinylacetyl-CoA-Delta-isomerase	Ferroplasma:1511382-1512833	KNPMNEEE_01748

DiscRep_SUB:FEATURE_LOCATION_CONFLICT::Coding region xref gene does not exist
PROKKA_04262022/PROKKA_04262022:CDS	hypothetical protein	Ferroplasma:1512997-1513296	KNPMNEEE_01749

DiscRep_SUB:FEATURE_LOCATION_CONFLICT::Coding region xref gene does not exist
PROKKA_04262022/PROKKA_04262022:CDS	Short-chain-enoyl-CoA hydratase	Ferroplasma:c1514512-1513745	KNPMNEEE_01750

DiscRep_SUB:FEATURE_LOCATION_CONFLICT::Coding region xref gene does not exist
PROKKA_04262022/PROKKA_04262022:CDS	hypothetical protein	Ferroplasma:1514760-1514864	KNPMNEEE_01751

DiscRep_SUB:FEATURE_LOCATION_CONFLICT::Coding region xref gene does not exist
PROKKA_04262022/PROKKA_04262022:CDS	hypothetical protein	Ferroplasma:c1515324-1515088	KNPMNEEE_01752

DiscRep_SUB:FEATURE_LOCATION_CONFLICT::Coding region xref gene does not exist
PROKKA_04262022/PROKKA_04262022:CDS	1-deoxy-D-xylulose-5-phosphate synthase	Ferroplasma:c1517348-1515321	KNPMNEEE_01753

DiscRep_SUB:FEATURE_LOCATION_CONFLICT::Coding region xref gene does not exist
PROKKA_04262022/PROKKA_04262022:CDS	hypothetical protein	Ferroplasma:1517446-1517844	KNPMNEEE_01754

DiscRep_SUB:FEATURE_LOCATION_CONFLICT::Coding region xref gene does not exist
PROKKA_04262022/PROKKA_04262022:CDS	hypothetical protein	Ferroplasma:1517868-1518002	KNPMNEEE_01755

DiscRep_SUB:FEATURE_LOCATION_CONFLICT::Coding region xref gene does not exist
PROKKA_04262022/PROKKA_04262022:CDS	Isocitrate dehydrogenase [NADP]	Ferroplasma:1518260-1519438	KNPMNEEE_01756

DiscRep_SUB:FEATURE_LOCATION_CONFLICT::Coding region xref gene does not exist
PROKKA_04262022/PROKKA_04262022:CDS	hypothetical protein	Ferroplasma:c1519688-1519446	KNPMNEEE_01757

DiscRep_SUB:FEATURE_LOCATION_CONFLICT::Coding region xref gene does not exist
PROKKA_04262022/PROKKA_04262022:CDS	Aspartate-proton symporter	Ferroplasma:1519921-1521636	KNPMNEEE_01758

DiscRep_SUB:FEATURE_LOCATION_CONFLICT::Coding region xref gene does not exist
PROKKA_04262022/PROKKA_04262022:CDS	Cobalt-precorrin-5B C(1)-methyltransferase	Ferroplasma:c1522735-1521671	KNPMNEEE_01759

DiscRep_SUB:FEATURE_LOCATION_CONFLICT::Coding region xref gene does not exist
PROKKA_04262022/PROKKA_04262022:CDS	Cobalt-precorrin-8 methylmutase	Ferroplasma:c1523324-1522725	KNPMNEEE_01760

DiscRep_SUB:FEATURE_LOCATION_CONFLICT::Coding region xref gene does not exist
PROKKA_04262022/PROKKA_04262022:CDS	Cobalt-precorrin-6A reductase	Ferroplasma:c1524080-1523328	KNPMNEEE_01761

DiscRep_SUB:FEATURE_LOCATION_CONFLICT::Coding region xref gene does not exist
PROKKA_04262022/PROKKA_04262022:CDS	hypothetical protein	Ferroplasma:c1524290-1524090	KNPMNEEE_01762

DiscRep_SUB:FEATURE_LOCATION_CONFLICT::Coding region xref gene does not exist
PROKKA_04262022/PROKKA_04262022:CDS	hypothetical protein	Ferroplasma:c1524866-1524369	KNPMNEEE_01763

DiscRep_SUB:FEATURE_LOCATION_CONFLICT::Coding region xref gene does not exist
PROKKA_04262022/PROKKA_04262022:CDS	hypothetical protein	Ferroplasma:c1526247-1524859	KNPMNEEE_01764

DiscRep_SUB:FEATURE_LOCATION_CONFLICT::Coding region xref gene does not exist
PROKKA_04262022/PROKKA_04262022:CDS	Putative multidrug resistance protein MdtD	Ferroplasma:c1527700-1526234	KNPMNEEE_01765

DiscRep_SUB:FEATURE_LOCATION_CONFLICT::Coding region xref gene does not exist
PROKKA_04262022/PROKKA_04262022:CDS	Crotonyl-CoA hydratase	Ferroplasma:1527768-1528517	KNPMNEEE_01766

DiscRep_SUB:FEATURE_LOCATION_CONFLICT::Coding region xref gene does not exist
PROKKA_04262022/PROKKA_04262022:CDS	hypothetical protein	Ferroplasma:c1528898-1528563	KNPMNEEE_01767

DiscRep_SUB:FEATURE_LOCATION_CONFLICT::Coding region xref gene does not exist
PROKKA_04262022/PROKKA_04262022:CDS	hypothetical protein	Ferroplasma:1529017-1529394	KNPMNEEE_01768

DiscRep_SUB:FEATURE_LOCATION_CONFLICT::Coding region xref gene does not exist
PROKKA_04262022/PROKKA_04262022:CDS	hypothetical protein	Ferroplasma:c1530084-1529728	KNPMNEEE_01769

DiscRep_SUB:FEATURE_LOCATION_CONFLICT::Coding region xref gene does not exist
PROKKA_04262022/PROKKA_04262022:CDS	Hydroxyacylglutathione hydrolase	Ferroplasma:c1531153-1530206	KNPMNEEE_01770

DiscRep_SUB:FEATURE_LOCATION_CONFLICT::Coding region xref gene does not exist
PROKKA_04262022/PROKKA_04262022:CDS	Hexuronate transporter	Ferroplasma:1531313-1532461	KNPMNEEE_01771

DiscRep_SUB:FEATURE_LOCATION_CONFLICT::Coding region xref gene does not exist
PROKKA_04262022/PROKKA_04262022:CDS	Long-chain-fatty-acid--CoA ligase	Ferroplasma:c1533975-1532464	KNPMNEEE_01772

DiscRep_SUB:FEATURE_LOCATION_CONFLICT::Coding region xref gene does not exist
PROKKA_04262022/PROKKA_04262022:CDS	hypothetical protein	Ferroplasma:c1535630-1533984	KNPMNEEE_01773

DiscRep_SUB:FEATURE_LOCATION_CONFLICT::Coding region xref gene does not exist
PROKKA_04262022/PROKKA_04262022:CDS	hypothetical protein	Ferroplasma:1535769-1536542	KNPMNEEE_01774

DiscRep_SUB:FEATURE_LOCATION_CONFLICT::Coding region xref gene does not exist
PROKKA_04262022/PROKKA_04262022:CDS	hypothetical protein	Ferroplasma:1536665-1537252	KNPMNEEE_01775

DiscRep_SUB:FEATURE_LOCATION_CONFLICT::Coding region xref gene does not exist
PROKKA_04262022/PROKKA_04262022:CDS	hypothetical protein	Ferroplasma:1537501-1537758	KNPMNEEE_01776

DiscRep_SUB:FEATURE_LOCATION_CONFLICT::Coding region xref gene does not exist
PROKKA_04262022/PROKKA_04262022:CDS	hypothetical protein	Ferroplasma:1537755-1538678	KNPMNEEE_01777

DiscRep_SUB:FEATURE_LOCATION_CONFLICT::Coding region xref gene does not exist
PROKKA_04262022/PROKKA_04262022:CDS	hypothetical protein	Ferroplasma:1538722-1540704	KNPMNEEE_01778

DiscRep_SUB:FEATURE_LOCATION_CONFLICT::Coding region xref gene does not exist
PROKKA_04262022/PROKKA_04262022:CDS	hypothetical protein	Ferroplasma:c1541405-1540731	KNPMNEEE_01779

DiscRep_SUB:FEATURE_LOCATION_CONFLICT::Coding region xref gene does not exist
PROKKA_04262022/PROKKA_04262022:CDS	hypothetical protein	Ferroplasma:1541539-1541817	KNPMNEEE_01780

DiscRep_SUB:FEATURE_LOCATION_CONFLICT::Coding region xref gene does not exist
PROKKA_04262022/PROKKA_04262022:CDS	hypothetical protein	Ferroplasma:1541888-1542091	KNPMNEEE_01781

DiscRep_SUB:FEATURE_LOCATION_CONFLICT::Coding region xref gene does not exist
PROKKA_04262022/PROKKA_04262022:CDS	hypothetical protein	Ferroplasma:c1542809-1542678	KNPMNEEE_01782

DiscRep_SUB:FEATURE_LOCATION_CONFLICT::Coding region xref gene does not exist
PROKKA_04262022/PROKKA_04262022:CDS	hypothetical protein	Ferroplasma:c1542937-1542848	KNPMNEEE_01783

DiscRep_SUB:FEATURE_LOCATION_CONFLICT::Coding region xref gene does not exist
PROKKA_04262022/PROKKA_04262022:CDS	hypothetical protein	Ferroplasma:c1543947-1542970	KNPMNEEE_01784

DiscRep_SUB:FEATURE_LOCATION_CONFLICT::Coding region xref gene does not exist
PROKKA_04262022/PROKKA_04262022:CDS	hypothetical protein	Ferroplasma:1544150-1544416	KNPMNEEE_01785

DiscRep_SUB:FEATURE_LOCATION_CONFLICT::Coding region xref gene does not exist
PROKKA_04262022/PROKKA_04262022:CDS	hypothetical protein	Ferroplasma:1544413-1544937	KNPMNEEE_01786

DiscRep_SUB:FEATURE_LOCATION_CONFLICT::Coding region xref gene does not exist
PROKKA_04262022/PROKKA_04262022:CDS	hypothetical protein	Ferroplasma:1545181-1546290	KNPMNEEE_01787

DiscRep_SUB:FEATURE_LOCATION_CONFLICT::Coding region xref gene does not exist
PROKKA_04262022/PROKKA_04262022:CDS	Type-4 uracil-DNA glycosylase	Ferroplasma:c1546759-1546274	KNPMNEEE_01788

DiscRep_SUB:FEATURE_LOCATION_CONFLICT::Coding region xref gene does not exist
PROKKA_04262022/PROKKA_04262022:CDS	hypothetical protein	Ferroplasma:c1547235-1546717	KNPMNEEE_01789

DiscRep_SUB:FEATURE_LOCATION_CONFLICT::Coding region xref gene does not exist
PROKKA_04262022/PROKKA_04262022:CDS	hypothetical protein	Ferroplasma:1547399-1548073	KNPMNEEE_01790

DiscRep_SUB:FEATURE_LOCATION_CONFLICT::Coding region xref gene does not exist
PROKKA_04262022/PROKKA_04262022:CDS	hypothetical protein	Ferroplasma:1548285-1548707	KNPMNEEE_01791

DiscRep_SUB:FEATURE_LOCATION_CONFLICT::Coding region xref gene does not exist
PROKKA_04262022/PROKKA_04262022:CDS	Dihydroorotate dehydrogenase B (NAD(+)), catalytic subunit	Ferroplasma:1548791-1549687	KNPMNEEE_01792

DiscRep_SUB:FEATURE_LOCATION_CONFLICT::Coding region xref gene does not exist
PROKKA_04262022/PROKKA_04262022:CDS	Dihydroorotate dehydrogenase B (NAD(+)), electron transfer subunit	Ferroplasma:1549684-1550427	KNPMNEEE_01793

DiscRep_SUB:FEATURE_LOCATION_CONFLICT::Coding region xref gene does not exist
PROKKA_04262022/PROKKA_04262022:CDS	hypothetical protein	Ferroplasma:1550464-1550625	KNPMNEEE_01794

DiscRep_SUB:FEATURE_LOCATION_CONFLICT::Coding region xref gene does not exist
PROKKA_04262022/PROKKA_04262022:CDS	hypothetical protein	Ferroplasma:1551081-1551419	KNPMNEEE_01795

DiscRep_SUB:FEATURE_LOCATION_CONFLICT::Coding region xref gene does not exist
PROKKA_04262022/PROKKA_04262022:CDS	Ketol-acid reductoisomerase (NAD(+))	Ferroplasma:c1552441-1551431	KNPMNEEE_01796

DiscRep_SUB:FEATURE_LOCATION_CONFLICT::Coding region xref gene does not exist
PROKKA_04262022/PROKKA_04262022:CDS	hypothetical protein	Ferroplasma:c1552748-1552434	KNPMNEEE_01797

DiscRep_SUB:FEATURE_LOCATION_CONFLICT::Coding region xref gene does not exist
PROKKA_04262022/PROKKA_04262022:CDS	Acetolactate synthase large subunit	Ferroplasma:c1554447-1552708	KNPMNEEE_01798

DiscRep_SUB:FEATURE_LOCATION_CONFLICT::Coding region xref gene does not exist
PROKKA_04262022/PROKKA_04262022:CDS	Dihydroxy-acid dehydratase	Ferroplasma:1554747-1556405	KNPMNEEE_01799

DiscRep_SUB:FEATURE_LOCATION_CONFLICT::Coding region xref gene does not exist
PROKKA_04262022/PROKKA_04262022:CDS	hypothetical protein	Ferroplasma:1556441-1556692	KNPMNEEE_01800

DiscRep_SUB:FEATURE_LOCATION_CONFLICT::Coding region xref gene does not exist
PROKKA_04262022/PROKKA_04262022:CDS	hypothetical protein	Ferroplasma:c1557335-1557180	KNPMNEEE_01801

DiscRep_SUB:FEATURE_LOCATION_CONFLICT::Coding region xref gene does not exist
PROKKA_04262022/PROKKA_04262022:CDS	Acetyl-CoA acetyltransferase	Ferroplasma:c1558676-1557495	KNPMNEEE_01802

DiscRep_SUB:FEATURE_LOCATION_CONFLICT::Coding region xref gene does not exist
PROKKA_04262022/PROKKA_04262022:CDS	IS200/IS605 family transposase ISHvo24	Ferroplasma:1558972-1560099	KNPMNEEE_01803

DiscRep_SUB:FEATURE_LOCATION_CONFLICT::Coding region xref gene does not exist
PROKKA_04262022/PROKKA_04262022:CDS	hypothetical protein	Ferroplasma:c1560266-1559970	KNPMNEEE_01804

DiscRep_SUB:FEATURE_LOCATION_CONFLICT::Coding region xref gene does not exist
PROKKA_04262022/PROKKA_04262022:CDS	hypothetical protein	Ferroplasma:1560592-1560759	KNPMNEEE_01805

DiscRep_SUB:FEATURE_LOCATION_CONFLICT::Coding region xref gene does not exist
PROKKA_04262022/PROKKA_04262022:CDS	hypothetical protein	Ferroplasma:1561049-1561186	KNPMNEEE_01806

DiscRep_SUB:FEATURE_LOCATION_CONFLICT::Coding region xref gene does not exist
PROKKA_04262022/PROKKA_04262022:CDS	hypothetical protein	Ferroplasma:1561359-1561526	KNPMNEEE_01807

DiscRep_SUB:FEATURE_LOCATION_CONFLICT::Coding region xref gene does not exist
PROKKA_04262022/PROKKA_04262022:CDS	Acetyl-CoA acetyltransferase	Ferroplasma:c1562813-1561650	KNPMNEEE_01808

DiscRep_SUB:FEATURE_LOCATION_CONFLICT::Coding region xref gene does not exist
PROKKA_04262022/PROKKA_04262022:CDS	hypothetical protein	Ferroplasma:1562936-1564129	KNPMNEEE_01809

DiscRep_SUB:FEATURE_LOCATION_CONFLICT::Coding region xref gene does not exist
PROKKA_04262022/PROKKA_04262022:CDS	hypothetical protein	Ferroplasma:1564135-1564653	KNPMNEEE_01810

DiscRep_SUB:FEATURE_LOCATION_CONFLICT::Coding region xref gene does not exist
PROKKA_04262022/PROKKA_04262022:CDS	hypothetical protein	Ferroplasma:c1565138-1564647	KNPMNEEE_01811

DiscRep_SUB:FEATURE_LOCATION_CONFLICT::Coding region xref gene does not exist
PROKKA_04262022/PROKKA_04262022:CDS	hypothetical protein	Ferroplasma:c1565472-1565167	KNPMNEEE_01812

DiscRep_SUB:FEATURE_LOCATION_CONFLICT::Coding region xref gene does not exist
PROKKA_04262022/PROKKA_04262022:CDS	Glucose 1-dehydrogenase	Ferroplasma:1565538-1566266	KNPMNEEE_01813

DiscRep_SUB:FEATURE_LOCATION_CONFLICT::Coding region xref gene does not exist
PROKKA_04262022/PROKKA_04262022:CDS	Type-5 uracil-DNA glycosylase	Ferroplasma:1566263-1566925	KNPMNEEE_01814

DiscRep_SUB:FEATURE_LOCATION_CONFLICT::Coding region xref gene does not exist
PROKKA_04262022/PROKKA_04262022:CDS	hypothetical protein	Ferroplasma:1567436-1567729	KNPMNEEE_01815

DiscRep_SUB:FEATURE_LOCATION_CONFLICT::Coding region xref gene does not exist
PROKKA_04262022/PROKKA_04262022:CDS	hypothetical protein	Ferroplasma:1567810-1568379	KNPMNEEE_01816

DiscRep_SUB:FEATURE_LOCATION_CONFLICT::Coding region xref gene does not exist
PROKKA_04262022/PROKKA_04262022:CDS	hypothetical protein	Ferroplasma:c1568863-1568435	KNPMNEEE_01817

DiscRep_SUB:FEATURE_LOCATION_CONFLICT::Coding region xref gene does not exist
PROKKA_04262022/PROKKA_04262022:CDS	hypothetical protein	Ferroplasma:c1569138-1568827	KNPMNEEE_01818

DiscRep_SUB:FEATURE_LOCATION_CONFLICT::Coding region xref gene does not exist
PROKKA_04262022/PROKKA_04262022:CDS	hypothetical protein	Ferroplasma:c1569670-1569386	KNPMNEEE_01819

DiscRep_SUB:FEATURE_LOCATION_CONFLICT::Coding region xref gene does not exist
PROKKA_04262022/PROKKA_04262022:CDS	hypothetical protein	Ferroplasma:1569820-1570119	KNPMNEEE_01820

DiscRep_SUB:FEATURE_LOCATION_CONFLICT::Coding region xref gene does not exist
PROKKA_04262022/PROKKA_04262022:CDS	Aspartate carbamoyltransferase catalytic subunit	Ferroplasma:1570460-1571386	KNPMNEEE_01821

DiscRep_SUB:FEATURE_LOCATION_CONFLICT::Coding region xref gene does not exist
PROKKA_04262022/PROKKA_04262022:CDS	Aspartate carbamoyltransferase regulatory chain	Ferroplasma:1571388-1571843	KNPMNEEE_01822

DiscRep_SUB:FEATURE_LOCATION_CONFLICT::Coding region xref gene does not exist
PROKKA_04262022/PROKKA_04262022:CDS	hypothetical protein	Ferroplasma:c1572506-1571877	KNPMNEEE_01823

DiscRep_SUB:FEATURE_LOCATION_CONFLICT::Coding region xref gene does not exist
PROKKA_04262022/PROKKA_04262022:CDS	hypothetical protein	Ferroplasma:c1573173-1572784	KNPMNEEE_01824

DiscRep_SUB:FEATURE_LOCATION_CONFLICT::Coding region xref gene does not exist
PROKKA_04262022/PROKKA_04262022:CDS	hypothetical protein	Ferroplasma:c1573846-1573490	KNPMNEEE_01825

DiscRep_SUB:FEATURE_LOCATION_CONFLICT::Coding region xref gene does not exist
PROKKA_04262022/PROKKA_04262022:CDS	hypothetical protein	Ferroplasma:c1574457-1573846	KNPMNEEE_01826

DiscRep_SUB:FEATURE_LOCATION_CONFLICT::Coding region xref gene does not exist
PROKKA_04262022/PROKKA_04262022:CDS	hypothetical protein	Ferroplasma:1574516-1574647	KNPMNEEE_01827

DiscRep_SUB:FEATURE_LOCATION_CONFLICT::Coding region xref gene does not exist
PROKKA_04262022/PROKKA_04262022:CDS	hypothetical protein	Ferroplasma:1574700-1575077	KNPMNEEE_01828

DiscRep_SUB:FEATURE_LOCATION_CONFLICT::Coding region xref gene does not exist
PROKKA_04262022/PROKKA_04262022:CDS	hypothetical protein	Ferroplasma:1575064-1575513	KNPMNEEE_01829

DiscRep_SUB:FEATURE_LOCATION_CONFLICT::Coding region xref gene does not exist
PROKKA_04262022/PROKKA_04262022:CDS	putative ABC transporter ATP-binding protein YxlF	Ferroplasma:c1576431-1575532	KNPMNEEE_01830

DiscRep_SUB:FEATURE_LOCATION_CONFLICT::Coding region xref gene does not exist
PROKKA_04262022/PROKKA_04262022:CDS	hypothetical protein	Ferroplasma:c1577252-1576431	KNPMNEEE_01831

DiscRep_SUB:FEATURE_LOCATION_CONFLICT::Coding region xref gene does not exist
PROKKA_04262022/PROKKA_04262022:CDS	hypothetical protein	Ferroplasma:c1578111-1577260	KNPMNEEE_01832

DiscRep_SUB:FEATURE_LOCATION_CONFLICT::Coding region xref gene does not exist
PROKKA_04262022/PROKKA_04262022:CDS	hypothetical protein	Ferroplasma:1578406-1579215	KNPMNEEE_01834

DiscRep_SUB:FEATURE_LOCATION_CONFLICT::Coding region xref gene does not exist
PROKKA_04262022/PROKKA_04262022:CDS	5-deoxy-D-ribulose 1-phosphate aldolase	Ferroplasma:1579252-1579908	KNPMNEEE_01835

DiscRep_SUB:FEATURE_LOCATION_CONFLICT::Coding region xref gene does not exist
PROKKA_04262022/PROKKA_04262022:CDS	tRNA uridine(34) acetyltransferase	Ferroplasma:c1581477-1579909	KNPMNEEE_01836

DiscRep_SUB:FEATURE_LOCATION_CONFLICT::Coding region xref gene does not exist
PROKKA_04262022/PROKKA_04262022:CDS	hypothetical protein	Ferroplasma:c1582039-1581479	KNPMNEEE_01837

DiscRep_SUB:FEATURE_LOCATION_CONFLICT::Coding region xref gene does not exist
PROKKA_04262022/PROKKA_04262022:CDS	hypothetical protein	Ferroplasma:c1582800-1582126	KNPMNEEE_01838

DiscRep_SUB:FEATURE_LOCATION_CONFLICT::Coding region xref gene does not exist
PROKKA_04262022/PROKKA_04262022:CDS	Cysteine synthase B	Ferroplasma:1583103-1583888	KNPMNEEE_01839

DiscRep_SUB:FEATURE_LOCATION_CONFLICT::Coding region xref gene does not exist
PROKKA_04262022/PROKKA_04262022:CDS	Putative phosphoserine phosphatase 2	Ferroplasma:c1584612-1584001	KNPMNEEE_01840

DiscRep_SUB:FEATURE_LOCATION_CONFLICT::Coding region xref gene does not exist
PROKKA_04262022/PROKKA_04262022:CDS	Phosphoribosylaminoimidazole-succinocarboxamide synthase	Ferroplasma:1585393-1586277	KNPMNEEE_01841

DiscRep_SUB:FEATURE_LOCATION_CONFLICT::Coding region xref gene does not exist
PROKKA_04262022/PROKKA_04262022:CDS	hypothetical protein	Ferroplasma:c1586671-1586372	KNPMNEEE_01842

DiscRep_SUB:FEATURE_LOCATION_CONFLICT::Coding region xref gene does not exist
PROKKA_04262022/PROKKA_04262022:CDS	IS256 family transposase ISFac8	Ferroplasma:c1587269-1586952	KNPMNEEE_01843

DiscRep_SUB:FEATURE_LOCATION_CONFLICT::Coding region xref gene does not exist
PROKKA_04262022/PROKKA_04262022:CDS	IS256 family transposase ISFac8	Ferroplasma:c1587750-1587361	KNPMNEEE_01844

DiscRep_SUB:FEATURE_LOCATION_CONFLICT::Coding region xref gene does not exist
PROKKA_04262022/PROKKA_04262022:CDS	hypothetical protein	Ferroplasma:c1587941-1587798	KNPMNEEE_01845

DiscRep_SUB:FEATURE_LOCATION_CONFLICT::Coding region xref gene does not exist
PROKKA_04262022/PROKKA_04262022:CDS	Long-chain-fatty-acid--CoA ligase	Ferroplasma:1588239-1589918	KNPMNEEE_01846

DiscRep_SUB:FEATURE_LOCATION_CONFLICT::Coding region xref gene does not exist
PROKKA_04262022/PROKKA_04262022:CDS	Citrate synthase 2	Ferroplasma:c1591208-1590084	KNPMNEEE_01847

DiscRep_SUB:FEATURE_LOCATION_CONFLICT::Coding region xref gene does not exist
PROKKA_04262022/PROKKA_04262022:CDS	hypothetical protein	Ferroplasma:c1591635-1591210	KNPMNEEE_01848

DiscRep_SUB:FEATURE_LOCATION_CONFLICT::Coding region xref gene does not exist
PROKKA_04262022/PROKKA_04262022:CDS	hypothetical protein	Ferroplasma:1591809-1592516	KNPMNEEE_01849

DiscRep_SUB:FEATURE_LOCATION_CONFLICT::Coding region xref gene does not exist
PROKKA_04262022/PROKKA_04262022:CDS	Protein FixB	Ferroplasma:1592630-1594456	KNPMNEEE_01850

DiscRep_SUB:FEATURE_LOCATION_CONFLICT::Coding region xref gene does not exist
PROKKA_04262022/PROKKA_04262022:CDS	hypothetical protein	Ferroplasma:1594449-1595642	KNPMNEEE_01851

DiscRep_SUB:FEATURE_LOCATION_CONFLICT::Coding region xref gene does not exist
PROKKA_04262022/PROKKA_04262022:CDS	hypothetical protein	Ferroplasma:1595643-1595930	KNPMNEEE_01852

DiscRep_SUB:FEATURE_LOCATION_CONFLICT::Coding region xref gene does not exist
PROKKA_04262022/PROKKA_04262022:CDS	putative quorum-quenching lactonase YtnP	Ferroplasma:1595978-1596766	KNPMNEEE_01853

DiscRep_SUB:FEATURE_LOCATION_CONFLICT::Coding region xref gene does not exist
PROKKA_04262022/PROKKA_04262022:CDS	N-substituted formamide deformylase	Ferroplasma:c1598361-1596769	KNPMNEEE_01854

DiscRep_SUB:FEATURE_LOCATION_CONFLICT::Coding region xref gene does not exist
PROKKA_04262022/PROKKA_04262022:CDS	Endonuclease III	Ferroplasma:c1599092-1598409	KNPMNEEE_01855

DiscRep_SUB:FEATURE_LOCATION_CONFLICT::Coding region xref gene does not exist
PROKKA_04262022/PROKKA_04262022:CDS	Carbamoyl-phosphate synthase large chain	Ferroplasma:c1602329-1599174	KNPMNEEE_01856

DiscRep_SUB:FEATURE_LOCATION_CONFLICT::Coding region xref gene does not exist
PROKKA_04262022/PROKKA_04262022:CDS	Carbamoyl-phosphate synthase small chain	Ferroplasma:c1603378-1602332	KNPMNEEE_01857

DiscRep_SUB:FEATURE_LOCATION_CONFLICT::Coding region xref gene does not exist
PROKKA_04262022/PROKKA_04262022:CDS	hypothetical protein	Ferroplasma:c1604589-1603678	KNPMNEEE_01858

DiscRep_SUB:FEATURE_LOCATION_CONFLICT::Coding region xref gene does not exist
PROKKA_04262022/PROKKA_04262022:CDS	hypothetical protein	Ferroplasma:1604983-1606008	KNPMNEEE_01859

DiscRep_SUB:FEATURE_LOCATION_CONFLICT::Coding region xref gene does not exist
PROKKA_04262022/PROKKA_04262022:CDS	2-hydroxy-6-oxononadienedioate/2-hydroxy-6-oxononatrienedioate hydrolase	Ferroplasma:c1607378-1606794	KNPMNEEE_01860

DiscRep_SUB:FEATURE_LOCATION_CONFLICT::Coding region xref gene does not exist
PROKKA_04262022/PROKKA_04262022:CDS	Phosphoenolpyruvate synthase	Ferroplasma:1607695-1608915	KNPMNEEE_01861

DiscRep_SUB:FEATURE_LOCATION_CONFLICT::Coding region xref gene does not exist
PROKKA_04262022/PROKKA_04262022:CDS	hypothetical protein	Ferroplasma:1608912-1609124	KNPMNEEE_01862

DiscRep_SUB:FEATURE_LOCATION_CONFLICT::Coding region xref gene does not exist
PROKKA_04262022/PROKKA_04262022:CDS	Phosphoenolpyruvate synthase	Ferroplasma:1609151-1610059	KNPMNEEE_01863

DiscRep_SUB:FEATURE_LOCATION_CONFLICT::Coding region xref gene does not exist
PROKKA_04262022/PROKKA_04262022:CDS	hypothetical protein	Ferroplasma:c1610839-1610060	KNPMNEEE_01864

DiscRep_SUB:FEATURE_LOCATION_CONFLICT::Coding region xref gene does not exist
PROKKA_04262022/PROKKA_04262022:CDS	UDP-glucose 4-epimerase	Ferroplasma:1611049-1611969	KNPMNEEE_01865

DiscRep_SUB:FEATURE_LOCATION_CONFLICT::Coding region xref gene does not exist
PROKKA_04262022/PROKKA_04262022:CDS	hypothetical protein	Ferroplasma:1612025-1612366	KNPMNEEE_01866

DiscRep_SUB:FEATURE_LOCATION_CONFLICT::Coding region xref gene does not exist
PROKKA_04262022/PROKKA_04262022:CDS	hypothetical protein	Ferroplasma:1612704-1612970	KNPMNEEE_01867

DiscRep_SUB:FEATURE_LOCATION_CONFLICT::Coding region xref gene does not exist
PROKKA_04262022/PROKKA_04262022:CDS	hypothetical protein	Ferroplasma:c1613787-1612975	KNPMNEEE_01868

DiscRep_SUB:FEATURE_LOCATION_CONFLICT::Coding region xref gene does not exist
PROKKA_04262022/PROKKA_04262022:CDS	D-glycero-alpha-D-manno-heptose 7-phosphate kinase	Ferroplasma:c1614893-1613925	KNPMNEEE_01869

DiscRep_SUB:FEATURE_LOCATION_CONFLICT::Coding region xref gene does not exist
PROKKA_04262022/PROKKA_04262022:CDS	Phosphoheptose isomerase 1	Ferroplasma:c1615504-1614935	KNPMNEEE_01870

DiscRep_SUB:FEATURE_LOCATION_CONFLICT::Coding region xref gene does not exist
PROKKA_04262022/PROKKA_04262022:CDS	hypothetical protein	Ferroplasma:1615604-1616167	KNPMNEEE_01871

DiscRep_SUB:FEATURE_LOCATION_CONFLICT::Coding region xref gene does not exist
PROKKA_04262022/PROKKA_04262022:CDS	Voltage-gated ClC-type chloride channel ClcB	Ferroplasma:1616348-1618111	KNPMNEEE_01872

DiscRep_SUB:FEATURE_LOCATION_CONFLICT::Coding region xref gene does not exist
PROKKA_04262022/PROKKA_04262022:CDS	hypothetical protein	Ferroplasma:1618172-1618843	KNPMNEEE_01873

DiscRep_SUB:FEATURE_LOCATION_CONFLICT::Coding region xref gene does not exist
PROKKA_04262022/PROKKA_04262022:CDS	Bifunctional chorismate mutase/prephenate dehydratase	Ferroplasma:1618868-1619677	KNPMNEEE_01874

DiscRep_SUB:FEATURE_LOCATION_CONFLICT::Coding region xref gene does not exist
PROKKA_04262022/PROKKA_04262022:CDS	hypothetical protein	Ferroplasma:1619837-1620289	KNPMNEEE_01875

DiscRep_SUB:FEATURE_LOCATION_CONFLICT::Coding region xref gene does not exist
PROKKA_04262022/PROKKA_04262022:CDS	hypothetical protein	Ferroplasma:1620304-1620564	KNPMNEEE_01876

DiscRep_SUB:FEATURE_LOCATION_CONFLICT::Coding region xref gene does not exist
PROKKA_04262022/PROKKA_04262022:CDS	Protein YrdA	Ferroplasma:1620623-1621147	KNPMNEEE_01877

DiscRep_SUB:FEATURE_LOCATION_CONFLICT::Coding region xref gene does not exist
PROKKA_04262022/PROKKA_04262022:CDS	Putative peroxiredoxin	Ferroplasma:c1621651-1621172	KNPMNEEE_01878

DiscRep_SUB:FEATURE_LOCATION_CONFLICT::Coding region xref gene does not exist
PROKKA_04262022/PROKKA_04262022:CDS	Transaldolase	Ferroplasma:c1622452-1621775	KNPMNEEE_01879

DiscRep_SUB:FEATURE_LOCATION_CONFLICT::Coding region xref gene does not exist
PROKKA_04262022/PROKKA_04262022:CDS	hypothetical protein	Ferroplasma:1622580-1622810	KNPMNEEE_01880

DiscRep_SUB:FEATURE_LOCATION_CONFLICT::Coding region xref gene does not exist
PROKKA_04262022/PROKKA_04262022:CDS	hypothetical protein	Ferroplasma:1622858-1623367	KNPMNEEE_01881

DiscRep_SUB:FEATURE_LOCATION_CONFLICT::Coding region xref gene does not exist
PROKKA_04262022/PROKKA_04262022:CDS	hypothetical protein	Ferroplasma:c1624087-1623368	KNPMNEEE_01882

DiscRep_SUB:FEATURE_LOCATION_CONFLICT::Coding region xref gene does not exist
PROKKA_04262022/PROKKA_04262022:CDS	hypothetical protein	Ferroplasma:c1624817-1624089	KNPMNEEE_01883

DiscRep_SUB:FEATURE_LOCATION_CONFLICT::Coding region xref gene does not exist
PROKKA_04262022/PROKKA_04262022:CDS	3-hydroxy-3-methylglutaryl-coenzyme A reductase	Ferroplasma:c1626055-1624820	KNPMNEEE_01884

DiscRep_SUB:FEATURE_LOCATION_CONFLICT::Coding region xref gene does not exist
PROKKA_04262022/PROKKA_04262022:CDS	hypothetical protein	Ferroplasma:1626152-1626958	KNPMNEEE_01885

DiscRep_SUB:FEATURE_LOCATION_CONFLICT::Coding region xref gene does not exist
PROKKA_04262022/PROKKA_04262022:CDS	hypothetical protein	Ferroplasma:c1627325-1626972	KNPMNEEE_01886

DiscRep_SUB:FEATURE_LOCATION_CONFLICT::Coding region xref gene does not exist
PROKKA_04262022/PROKKA_04262022:CDS	Bifunctional protein FolD protein	Ferroplasma:c1628870-1628025	KNPMNEEE_01887

DiscRep_SUB:FEATURE_LOCATION_CONFLICT::Coding region xref gene does not exist
PROKKA_04262022/PROKKA_04262022:CDS	hypothetical protein	Ferroplasma:1629387-1629641	KNPMNEEE_01888

DiscRep_SUB:FEATURE_LOCATION_CONFLICT::Coding region xref gene does not exist
PROKKA_04262022/PROKKA_04262022:CDS	hypothetical protein	Ferroplasma:1629638-1630600	KNPMNEEE_01889

DiscRep_SUB:FEATURE_LOCATION_CONFLICT::Coding region xref gene does not exist
PROKKA_04262022/PROKKA_04262022:CDS	GTP cyclohydrolase-2	Ferroplasma:1630880-1631458	KNPMNEEE_01890

DiscRep_SUB:FEATURE_LOCATION_CONFLICT::Coding region xref gene does not exist
PROKKA_04262022/PROKKA_04262022:CDS	hypothetical protein	Ferroplasma:1631627-1631788	KNPMNEEE_01891

DiscRep_SUB:FEATURE_LOCATION_CONFLICT::Coding region xref gene does not exist
PROKKA_04262022/PROKKA_04262022:CDS	hypothetical protein	Ferroplasma:c1632843-1632373	KNPMNEEE_01893

DiscRep_SUB:FEATURE_LOCATION_CONFLICT::Coding region xref gene does not exist
PROKKA_04262022/PROKKA_04262022:CDS	hypothetical protein	Ferroplasma:c1633184-1632894	KNPMNEEE_01894

DiscRep_SUB:FEATURE_LOCATION_CONFLICT::Coding region xref gene does not exist
PROKKA_04262022/PROKKA_04262022:CDS	hypothetical protein	Ferroplasma:1633298-1633603	KNPMNEEE_01895

DiscRep_SUB:FEATURE_LOCATION_CONFLICT::Coding region xref gene does not exist
PROKKA_04262022/PROKKA_04262022:CDS	hypothetical protein	Ferroplasma:c1634570-1633629	KNPMNEEE_01896

DiscRep_SUB:FEATURE_LOCATION_CONFLICT::Coding region xref gene does not exist
PROKKA_04262022/PROKKA_04262022:CDS	hypothetical protein	Ferroplasma:c1635277-1634681	KNPMNEEE_01897

DiscRep_SUB:FEATURE_LOCATION_CONFLICT::Coding region xref gene does not exist
PROKKA_04262022/PROKKA_04262022:CDS	hypothetical protein	Ferroplasma:c1635594-1635274	KNPMNEEE_01898

DiscRep_SUB:FEATURE_LOCATION_CONFLICT::Coding region xref gene does not exist
PROKKA_04262022/PROKKA_04262022:CDS	hypothetical protein	Ferroplasma:c1636350-1635631	KNPMNEEE_01899

DiscRep_SUB:FEATURE_LOCATION_CONFLICT::Coding region xref gene does not exist
PROKKA_04262022/PROKKA_04262022:CDS	hypothetical protein	Ferroplasma:c1636574-1636347	KNPMNEEE_01900

DiscRep_SUB:FEATURE_LOCATION_CONFLICT::Coding region xref gene does not exist
PROKKA_04262022/PROKKA_04262022:CDS	hypothetical protein	Ferroplasma:c1637336-1636848	KNPMNEEE_01901

DiscRep_SUB:FEATURE_LOCATION_CONFLICT::Coding region xref gene does not exist
PROKKA_04262022/PROKKA_04262022:CDS	hypothetical protein	Ferroplasma:c1638436-1637507	KNPMNEEE_01902

DiscRep_SUB:FEATURE_LOCATION_CONFLICT::Coding region xref gene does not exist
PROKKA_04262022/PROKKA_04262022:CDS	IS110 family transposase ISBth13	Ferroplasma:c1639685-1638564	KNPMNEEE_01903

DiscRep_SUB:FEATURE_LOCATION_CONFLICT::Coding region xref gene does not exist
PROKKA_04262022/PROKKA_04262022:CDS	IS200/IS605 family transposase ISFac11	Ferroplasma:1640091-1640759	KNPMNEEE_01904

DiscRep_SUB:FEATURE_LOCATION_CONFLICT::Coding region xref gene does not exist
PROKKA_04262022/PROKKA_04262022:CDS	IS200/IS605 family transposase ISFac11	Ferroplasma:1640789-1641460	KNPMNEEE_01905

DiscRep_SUB:FEATURE_LOCATION_CONFLICT::Coding region xref gene does not exist
PROKKA_04262022/PROKKA_04262022:CDS	hypothetical protein	Ferroplasma:c1641879-1641616	KNPMNEEE_01906

DiscRep_SUB:FEATURE_LOCATION_CONFLICT::Coding region xref gene does not exist
PROKKA_04262022/PROKKA_04262022:CDS	hypothetical protein	Ferroplasma:c1642382-1641954	KNPMNEEE_01907

DiscRep_SUB:FEATURE_LOCATION_CONFLICT::Coding region xref gene does not exist
PROKKA_04262022/PROKKA_04262022:CDS	hypothetical protein	Ferroplasma:c1644015-1642468	KNPMNEEE_01908

DiscRep_SUB:FEATURE_LOCATION_CONFLICT::Coding region xref gene does not exist
PROKKA_04262022/PROKKA_04262022:CDS	Vitamin B12 import ATP-binding protein BtuD	Ferroplasma:c1644847-1643972	KNPMNEEE_01909

DiscRep_SUB:FEATURE_LOCATION_CONFLICT::Coding region xref gene does not exist
PROKKA_04262022/PROKKA_04262022:CDS	hypothetical protein	Ferroplasma:c1645684-1644860	KNPMNEEE_01910

DiscRep_SUB:FEATURE_LOCATION_CONFLICT::Coding region xref gene does not exist
PROKKA_04262022/PROKKA_04262022:CDS	IS481 family transposase ISFac5	Ferroplasma:1645784-1646671	KNPMNEEE_01911

DiscRep_SUB:FEATURE_LOCATION_CONFLICT::Coding region xref gene does not exist
PROKKA_04262022/PROKKA_04262022:CDS	hypothetical protein	Ferroplasma:1646782-1647204	KNPMNEEE_01912

DiscRep_SUB:FEATURE_LOCATION_CONFLICT::Coding region xref gene does not exist
PROKKA_04262022/PROKKA_04262022:CDS	putative MFS-type transporter YfcJ	Ferroplasma:1647209-1648408	KNPMNEEE_01913

DiscRep_SUB:FEATURE_LOCATION_CONFLICT::Coding region xref gene does not exist
PROKKA_04262022/PROKKA_04262022:CDS	hypothetical protein	Ferroplasma:1648560-1648709	KNPMNEEE_01914

DiscRep_SUB:FEATURE_LOCATION_CONFLICT::Coding region xref gene does not exist
PROKKA_04262022/PROKKA_04262022:CDS	hypothetical protein	Ferroplasma:1648718-1649233	KNPMNEEE_01915

DiscRep_SUB:FEATURE_LOCATION_CONFLICT::Coding region xref gene does not exist
PROKKA_04262022/PROKKA_04262022:CDS	hypothetical protein	Ferroplasma:c1649514-1649230	KNPMNEEE_01916

DiscRep_SUB:FEATURE_LOCATION_CONFLICT::Coding region xref gene does not exist
PROKKA_04262022/PROKKA_04262022:CDS	Peroxiredoxin	Ferroplasma:c1650194-1649520	KNPMNEEE_01917

DiscRep_SUB:FEATURE_LOCATION_CONFLICT::Coding region xref gene does not exist
PROKKA_04262022/PROKKA_04262022:CDS	hypothetical protein	Ferroplasma:1650356-1650775	KNPMNEEE_01918

DiscRep_SUB:FEATURE_LOCATION_CONFLICT::Coding region xref gene does not exist
PROKKA_04262022/PROKKA_04262022:CDS	hypothetical protein	Ferroplasma:1651928-1652548	KNPMNEEE_01920

DiscRep_SUB:FEATURE_LOCATION_CONFLICT::Coding region xref gene does not exist
PROKKA_04262022/PROKKA_04262022:CDS	hypothetical protein	Ferroplasma:1652569-1652820	KNPMNEEE_01921

DiscRep_SUB:FEATURE_LOCATION_CONFLICT::Coding region xref gene does not exist
PROKKA_04262022/PROKKA_04262022:CDS	hypothetical protein	Ferroplasma:1652824-1653033	KNPMNEEE_01922

DiscRep_SUB:FEATURE_LOCATION_CONFLICT::Coding region xref gene does not exist
PROKKA_04262022/PROKKA_04262022:CDS	hypothetical protein	Ferroplasma:c1653419-1653105	KNPMNEEE_01923

DiscRep_SUB:FEATURE_LOCATION_CONFLICT::Coding region xref gene does not exist
PROKKA_04262022/PROKKA_04262022:CDS	IS200/IS605 family transposase ISFac11	Ferroplasma:1654038-1654706	KNPMNEEE_01924

DiscRep_SUB:FEATURE_LOCATION_CONFLICT::Coding region xref gene does not exist
PROKKA_04262022/PROKKA_04262022:CDS	IS200/IS605 family transposase ISFac11	Ferroplasma:1654736-1655425	KNPMNEEE_01925

DiscRep_SUB:FEATURE_LOCATION_CONFLICT::Coding region xref gene does not exist
PROKKA_04262022/PROKKA_04262022:CDS	hypothetical protein	Ferroplasma:c1655579-1655409	KNPMNEEE_01926

DiscRep_SUB:FEATURE_LOCATION_CONFLICT::Coding region xref gene does not exist
PROKKA_04262022/PROKKA_04262022:CDS	hypothetical protein	Ferroplasma:1655907-1656047	KNPMNEEE_01927

DiscRep_SUB:FEATURE_LOCATION_CONFLICT::Coding region xref gene does not exist
PROKKA_04262022/PROKKA_04262022:CDS	hypothetical protein	Ferroplasma:1656178-1656330	KNPMNEEE_01928

DiscRep_SUB:FEATURE_LOCATION_CONFLICT::Coding region xref gene does not exist
PROKKA_04262022/PROKKA_04262022:CDS	hypothetical protein	Ferroplasma:1656886-1658682	KNPMNEEE_01929

DiscRep_SUB:FEATURE_LOCATION_CONFLICT::Coding region xref gene does not exist
PROKKA_04262022/PROKKA_04262022:CDS	hypothetical protein	Ferroplasma:1658686-1659807	KNPMNEEE_01930

DiscRep_SUB:FEATURE_LOCATION_CONFLICT::Coding region xref gene does not exist
PROKKA_04262022/PROKKA_04262022:CDS	hypothetical protein	Ferroplasma:1660131-1660367	KNPMNEEE_01931

DiscRep_SUB:FEATURE_LOCATION_CONFLICT::Coding region xref gene does not exist
PROKKA_04262022/PROKKA_04262022:CDS	hypothetical protein	Ferroplasma:1660415-1660570	KNPMNEEE_01932

DiscRep_SUB:FEATURE_LOCATION_CONFLICT::Coding region xref gene does not exist
PROKKA_04262022/PROKKA_04262022:CDS	hypothetical protein	Ferroplasma:1661143-1661628	KNPMNEEE_01933

DiscRep_SUB:FEATURE_LOCATION_CONFLICT::Coding region xref gene does not exist
PROKKA_04262022/PROKKA_04262022:CDS	hypothetical protein	Ferroplasma:1661713-1662288	KNPMNEEE_01934

DiscRep_SUB:FEATURE_LOCATION_CONFLICT::Coding region xref gene does not exist
PROKKA_04262022/PROKKA_04262022:CDS	hypothetical protein	Ferroplasma:c1663863-1662532	KNPMNEEE_01935

DiscRep_SUB:FEATURE_LOCATION_CONFLICT::Coding region xref gene does not exist
PROKKA_04262022/PROKKA_04262022:CDS	hypothetical protein	Ferroplasma:1663971-1664240	KNPMNEEE_01936

DiscRep_SUB:FEATURE_LOCATION_CONFLICT::Coding region xref gene does not exist
PROKKA_04262022/PROKKA_04262022:CDS	hypothetical protein	Ferroplasma:c1664499-1664410	KNPMNEEE_01937

DiscRep_SUB:FEATURE_LOCATION_CONFLICT::Coding region xref gene does not exist
PROKKA_04262022/PROKKA_04262022:CDS	IS481 family transposase ISFac5	Ferroplasma:c1664993-1664496	KNPMNEEE_01938

DiscRep_SUB:FEATURE_LOCATION_CONFLICT::Coding region xref gene does not exist
PROKKA_04262022/PROKKA_04262022:CDS	hypothetical protein	Ferroplasma:c1665042-1664950	KNPMNEEE_01939

DiscRep_SUB:FEATURE_LOCATION_CONFLICT::Coding region xref gene does not exist
PROKKA_04262022/PROKKA_04262022:CDS	hypothetical protein	Ferroplasma:c1666567-1665530	KNPMNEEE_01940

DiscRep_SUB:FEATURE_LOCATION_CONFLICT::Coding region xref gene does not exist
PROKKA_04262022/PROKKA_04262022:CDS	hypothetical protein	Ferroplasma:c1667070-1666606	KNPMNEEE_01941

DiscRep_SUB:FEATURE_LOCATION_CONFLICT::Coding region xref gene does not exist
PROKKA_04262022/PROKKA_04262022:CDS	hypothetical protein	Ferroplasma:c1667616-1667080	KNPMNEEE_01942

DiscRep_SUB:FEATURE_LOCATION_CONFLICT::Coding region xref gene does not exist
PROKKA_04262022/PROKKA_04262022:CDS	Protease HtpX	Ferroplasma:c1669055-1668081	KNPMNEEE_01943

DiscRep_SUB:FEATURE_LOCATION_CONFLICT::Coding region xref gene does not exist
PROKKA_04262022/PROKKA_04262022:CDS	hypothetical protein	Ferroplasma:c1669661-1669104	KNPMNEEE_01944

DiscRep_SUB:FEATURE_LOCATION_CONFLICT::Coding region xref gene does not exist
PROKKA_04262022/PROKKA_04262022:CDS	hypothetical protein	Ferroplasma:c1669964-1669842	KNPMNEEE_01945

DiscRep_SUB:FEATURE_LOCATION_CONFLICT::Coding region xref gene does not exist
PROKKA_04262022/PROKKA_04262022:CDS	hypothetical protein	Ferroplasma:c1670274-1670137	KNPMNEEE_01946

DiscRep_SUB:FEATURE_LOCATION_CONFLICT::Coding region xref gene does not exist
PROKKA_04262022/PROKKA_04262022:CDS	NADH peroxidase	Ferroplasma:1671054-1672364	KNPMNEEE_01947

DiscRep_SUB:FEATURE_LOCATION_CONFLICT::Coding region xref gene does not exist
PROKKA_04262022/PROKKA_04262022:CDS	Polyprenol monophosphomannose synthase	Ferroplasma:c1673099-1672344	KNPMNEEE_01948

DiscRep_SUB:FEATURE_LOCATION_CONFLICT::Coding region xref gene does not exist
PROKKA_04262022/PROKKA_04262022:CDS	hypothetical protein	Ferroplasma:c1673987-1673184	KNPMNEEE_01949

DiscRep_SUB:FEATURE_LOCATION_CONFLICT::Coding region xref gene does not exist
PROKKA_04262022/PROKKA_04262022:CDS	hypothetical protein	Ferroplasma:c1674211-1673978	KNPMNEEE_01950

DiscRep_SUB:FEATURE_LOCATION_CONFLICT::Coding region xref gene does not exist
PROKKA_04262022/PROKKA_04262022:CDS	Alkyl hydroperoxide reductase C	Ferroplasma:c1674850-1674263	KNPMNEEE_01951

DiscRep_SUB:FEATURE_LOCATION_CONFLICT::Coding region xref gene does not exist
PROKKA_04262022/PROKKA_04262022:CDS	hypothetical protein	Ferroplasma:1675346-1675969	KNPMNEEE_01952

DiscRep_SUB:FEATURE_LOCATION_CONFLICT::Coding region xref gene does not exist
PROKKA_04262022/PROKKA_04262022:CDS	Chromosome partition protein Smc	Ferroplasma:c1676834-1676052	KNPMNEEE_01953

DiscRep_SUB:FEATURE_LOCATION_CONFLICT::Coding region xref gene does not exist
PROKKA_04262022/PROKKA_04262022:CDS	hypothetical protein	Ferroplasma:c1677006-1676878	KNPMNEEE_01954

DiscRep_SUB:FEATURE_LOCATION_CONFLICT::Coding region xref gene does not exist
PROKKA_04262022/PROKKA_04262022:CDS	hypothetical protein	Ferroplasma:c1677338-1677216	KNPMNEEE_01955

DiscRep_SUB:FEATURE_LOCATION_CONFLICT::Coding region xref gene does not exist
PROKKA_04262022/PROKKA_04262022:CDS	hypothetical protein	Ferroplasma:c1677690-1677367	KNPMNEEE_01956

DiscRep_SUB:FEATURE_LOCATION_CONFLICT::Coding region xref gene does not exist
PROKKA_04262022/PROKKA_04262022:CDS	hypothetical protein	Ferroplasma:1677799-1678476	KNPMNEEE_01957

DiscRep_SUB:FEATURE_LOCATION_CONFLICT::Coding region xref gene does not exist
PROKKA_04262022/PROKKA_04262022:CDS	hypothetical protein	Ferroplasma:1678559-1679071	KNPMNEEE_01958

DiscRep_SUB:FEATURE_LOCATION_CONFLICT::Coding region xref gene does not exist
PROKKA_04262022/PROKKA_04262022:CDS	N5-carboxyaminoimidazole ribonucleotide synthase	Ferroplasma:c1679883-1679104	KNPMNEEE_01959

DiscRep_SUB:FEATURE_LOCATION_CONFLICT::Coding region xref gene does not exist
PROKKA_04262022/PROKKA_04262022:CDS	N5-carboxyaminoimidazole ribonucleotide synthase	Ferroplasma:c1680182-1679862	KNPMNEEE_01960

DiscRep_SUB:FEATURE_LOCATION_CONFLICT::Coding region xref gene does not exist
PROKKA_04262022/PROKKA_04262022:CDS	N5-carboxyaminoimidazole ribonucleotide mutase	Ferroplasma:c1680645-1680319	KNPMNEEE_01961

DiscRep_SUB:FEATURE_LOCATION_CONFLICT::Coding region xref gene does not exist
PROKKA_04262022/PROKKA_04262022:CDS	NADPH dehydrogenase	Ferroplasma:c1682337-1680694	KNPMNEEE_01962

DiscRep_SUB:FEATURE_LOCATION_CONFLICT::Coding region xref gene does not exist
PROKKA_04262022/PROKKA_04262022:CDS	hypothetical protein	Ferroplasma:c1682953-1682405	KNPMNEEE_01963

DiscRep_SUB:FEATURE_LOCATION_CONFLICT::Coding region xref gene does not exist
PROKKA_04262022/PROKKA_04262022:CDS	Glutathione hydrolase-like YwrD proenzyme	Ferroplasma:1683095-1684546	KNPMNEEE_01964

DiscRep_SUB:FEATURE_LOCATION_CONFLICT::Coding region xref gene does not exist
PROKKA_04262022/PROKKA_04262022:CDS	Molybdopterin synthase sulfur carrier subunit	Ferroplasma:c1684801-1684565	KNPMNEEE_01965

DiscRep_SUB:FEATURE_LOCATION_CONFLICT::Coding region xref gene does not exist
PROKKA_04262022/PROKKA_04262022:CDS	GTP 3',8-cyclase	Ferroplasma:c1685251-1684805	KNPMNEEE_01966

DiscRep_SUB:FEATURE_LOCATION_CONFLICT::Coding region xref gene does not exist
PROKKA_04262022/PROKKA_04262022:CDS	GTP 3',8-cyclase 2	Ferroplasma:c1685739-1685317	KNPMNEEE_01967

DiscRep_SUB:FEATURE_LOCATION_CONFLICT::Coding region xref gene does not exist
PROKKA_04262022/PROKKA_04262022:CDS	hypothetical protein	Ferroplasma:c1686553-1685831	KNPMNEEE_01968

DiscRep_SUB:FEATURE_LOCATION_CONFLICT::Coding region xref gene does not exist
PROKKA_04262022/PROKKA_04262022:CDS	Vitamin B12 import ATP-binding protein BtuD	Ferroplasma:c1687382-1686543	KNPMNEEE_01969

DiscRep_SUB:FEATURE_LOCATION_CONFLICT::Coding region xref gene does not exist
PROKKA_04262022/PROKKA_04262022:CDS	hypothetical protein	Ferroplasma:1687775-1687972	KNPMNEEE_01970

DiscRep_SUB:FEATURE_LOCATION_CONFLICT::Coding region xref gene does not exist
PROKKA_04262022/PROKKA_04262022:CDS	hypothetical protein	Ferroplasma:c1688509-1688252	KNPMNEEE_01971

DiscRep_SUB:FEATURE_LOCATION_CONFLICT::Coding region xref gene does not exist
PROKKA_04262022/PROKKA_04262022:CDS	5'-nucleotidase SurE	Ferroplasma:c1689479-1688673	KNPMNEEE_01972

DiscRep_SUB:FEATURE_LOCATION_CONFLICT::Coding region xref gene does not exist
PROKKA_04262022/PROKKA_04262022:CDS	hypothetical protein	Ferroplasma:1689912-1690214	KNPMNEEE_01973

DiscRep_SUB:FEATURE_LOCATION_CONFLICT::Coding region xref gene does not exist
PROKKA_04262022/PROKKA_04262022:CDS	hypothetical protein	Ferroplasma:1690353-1690547	KNPMNEEE_01974

DiscRep_SUB:FEATURE_LOCATION_CONFLICT::Coding region xref gene does not exist
PROKKA_04262022/PROKKA_04262022:CDS	hypothetical protein	Ferroplasma:c1691291-1690689	KNPMNEEE_01975

DiscRep_SUB:FEATURE_LOCATION_CONFLICT::Coding region xref gene does not exist
PROKKA_04262022/PROKKA_04262022:CDS	hypothetical protein	Ferroplasma:1691531-1692568	KNPMNEEE_01976

DiscRep_SUB:FEATURE_LOCATION_CONFLICT::Coding region xref gene does not exist
PROKKA_04262022/PROKKA_04262022:CDS	Proline--tRNA ligase	Ferroplasma:1692596-1693987	KNPMNEEE_01977

DiscRep_SUB:FEATURE_LOCATION_CONFLICT::Coding region xref gene does not exist
PROKKA_04262022/PROKKA_04262022:CDS	hypothetical protein	Ferroplasma:1694013-1694381	KNPMNEEE_01978

DiscRep_SUB:FEATURE_LOCATION_CONFLICT::Coding region xref gene does not exist
PROKKA_04262022/PROKKA_04262022:CDS	hypothetical protein	Ferroplasma:1694396-1694629	KNPMNEEE_01979

DiscRep_SUB:FEATURE_LOCATION_CONFLICT::Coding region xref gene does not exist
PROKKA_04262022/PROKKA_04262022:CDS	Aspartate-semialdehyde dehydrogenase 2	Ferroplasma:c1695643-1694621	KNPMNEEE_01980

DiscRep_SUB:FEATURE_LOCATION_CONFLICT::Coding region xref gene does not exist
PROKKA_04262022/PROKKA_04262022:CDS	hypothetical protein	Ferroplasma:c1696677-1695631	KNPMNEEE_01981

DiscRep_SUB:FEATURE_LOCATION_CONFLICT::Coding region xref gene does not exist
PROKKA_04262022/PROKKA_04262022:CDS	putative iron-sulfur-binding oxidoreductase FadF	Ferroplasma:c1697997-1696792	KNPMNEEE_01982

DiscRep_SUB:FEATURE_LOCATION_CONFLICT::Coding region xref gene does not exist
PROKKA_04262022/PROKKA_04262022:CDS	putative FAD-linked oxidoreductase	Ferroplasma:c1699396-1697984	KNPMNEEE_01983

DiscRep_SUB:FEATURE_LOCATION_CONFLICT::Coding region xref gene does not exist
PROKKA_04262022/PROKKA_04262022:CDS	D-xylose transporter	Ferroplasma:1699489-1700844	KNPMNEEE_01984

DiscRep_SUB:FEATURE_LOCATION_CONFLICT::Coding region xref gene does not exist
PROKKA_04262022/PROKKA_04262022:CDS	Molybdopterin synthase catalytic subunit	Ferroplasma:c1701218-1700808	KNPMNEEE_01985

DiscRep_SUB:FEATURE_LOCATION_CONFLICT::Coding region xref gene does not exist
PROKKA_04262022/PROKKA_04262022:CDS	hypothetical protein	Ferroplasma:c1701692-1701264	KNPMNEEE_01986

DiscRep_SUB:FEATURE_LOCATION_CONFLICT::Coding region xref gene does not exist
PROKKA_04262022/PROKKA_04262022:CDS	hypothetical protein	Ferroplasma:1701772-1702128	KNPMNEEE_01987

DiscRep_SUB:FEATURE_LOCATION_CONFLICT::Coding region xref gene does not exist
PROKKA_04262022/PROKKA_04262022:CDS	Thioredoxin reductase	Ferroplasma:1702139-1703095	KNPMNEEE_01988

DiscRep_SUB:FEATURE_LOCATION_CONFLICT::Coding region xref gene does not exist
PROKKA_04262022/PROKKA_04262022:CDS	hypothetical protein	Ferroplasma:c1704130-1703297	KNPMNEEE_01989

DiscRep_SUB:FEATURE_LOCATION_CONFLICT::Coding region xref gene does not exist
PROKKA_04262022/PROKKA_04262022:CDS	hypothetical protein	Ferroplasma:1704369-1704779	KNPMNEEE_01990

DiscRep_SUB:FEATURE_LOCATION_CONFLICT::Coding region xref gene does not exist
PROKKA_04262022/PROKKA_04262022:CDS	2-methylcitrate dehydratase	Ferroplasma:1705385-1706674	KNPMNEEE_01991

DiscRep_SUB:FEATURE_LOCATION_CONFLICT::Coding region xref gene does not exist
PROKKA_04262022/PROKKA_04262022:CDS	2-methylisocitrate lyase	Ferroplasma:1706667-1707518	KNPMNEEE_01992

DiscRep_SUB:FEATURE_LOCATION_CONFLICT::Coding region xref gene does not exist
PROKKA_04262022/PROKKA_04262022:CDS	Cobalt-factor III methyltransferase	Ferroplasma:1708094-1708837	KNPMNEEE_01993

DiscRep_SUB:FEATURE_LOCATION_CONFLICT::Coding region xref gene does not exist
PROKKA_04262022/PROKKA_04262022:CDS	IS200/IS605 family transposase ISMma22	Ferroplasma:1709080-1709904	KNPMNEEE_01994

DiscRep_SUB:FEATURE_LOCATION_CONFLICT::Coding region xref gene does not exist
PROKKA_04262022/PROKKA_04262022:CDS	hypothetical protein	Ferroplasma:1709859-1710296	KNPMNEEE_01995

DiscRep_SUB:FEATURE_LOCATION_CONFLICT::Coding region xref gene does not exist
PROKKA_04262022/PROKKA_04262022:CDS	hypothetical protein	Ferroplasma:c1710928-1710293	KNPMNEEE_01996

DiscRep_SUB:FEATURE_LOCATION_CONFLICT::Coding region xref gene does not exist
PROKKA_04262022/PROKKA_04262022:CDS	Putative multidrug resistance protein MdtD	Ferroplasma:c1712672-1710984	KNPMNEEE_01997

DiscRep_SUB:FEATURE_LOCATION_CONFLICT::Coding region xref gene does not exist
PROKKA_04262022/PROKKA_04262022:CDS	hypothetical protein	Ferroplasma:1712832-1713662	KNPMNEEE_01998

DiscRep_SUB:FEATURE_LOCATION_CONFLICT::Coding region xref gene does not exist
PROKKA_04262022/PROKKA_04262022:CDS	hypothetical protein	Ferroplasma:1713659-1714879	KNPMNEEE_01999

DiscRep_SUB:FEATURE_LOCATION_CONFLICT::Coding region xref gene does not exist
PROKKA_04262022/PROKKA_04262022:CDS	Diacetyl reductase [(S)-acetoin forming]	Ferroplasma:c1715425-1714904	KNPMNEEE_02000

DiscRep_SUB:FEATURE_LOCATION_CONFLICT::Coding region xref gene does not exist
PROKKA_04262022/PROKKA_04262022:CDS	hypothetical protein	Ferroplasma:c1715664-1715431	KNPMNEEE_02001

DiscRep_SUB:FEATURE_LOCATION_CONFLICT::Coding region xref gene does not exist
PROKKA_04262022/PROKKA_04262022:CDS	hypothetical protein	Ferroplasma:c1716694-1716413	KNPMNEEE_02002

DiscRep_SUB:FEATURE_LOCATION_CONFLICT::Coding region xref gene does not exist
PROKKA_04262022/PROKKA_04262022:CDS	hypothetical protein	Ferroplasma:c1717466-1717218	KNPMNEEE_02004

DiscRep_SUB:FEATURE_LOCATION_CONFLICT::Coding region xref gene does not exist
PROKKA_04262022/PROKKA_04262022:CDS	hypothetical protein	Ferroplasma:1717579-1717881	KNPMNEEE_02005

DiscRep_SUB:FEATURE_LOCATION_CONFLICT::Coding region xref gene does not exist
PROKKA_04262022/PROKKA_04262022:CDS	hypothetical protein	Ferroplasma:c1719433-1717988	KNPMNEEE_02006

DiscRep_SUB:FEATURE_LOCATION_CONFLICT::Coding region xref gene does not exist
PROKKA_04262022/PROKKA_04262022:CDS	hypothetical protein	Ferroplasma:1719665-1719808	KNPMNEEE_02007

DiscRep_SUB:FEATURE_LOCATION_CONFLICT::Coding region xref gene does not exist
PROKKA_04262022/PROKKA_04262022:CDS	IS200/IS605 family transposase ISHaha7	Ferroplasma:1719916-1720425	KNPMNEEE_02008

DiscRep_SUB:FEATURE_LOCATION_CONFLICT::Coding region xref gene does not exist
PROKKA_04262022/PROKKA_04262022:CDS	hypothetical protein	Ferroplasma:1720419-1720730	KNPMNEEE_02009

DiscRep_SUB:FEATURE_LOCATION_CONFLICT::Coding region xref gene does not exist
PROKKA_04262022/PROKKA_04262022:CDS	putative metallo-hydrolase YflN	Ferroplasma:1720758-1721321	KNPMNEEE_02010

DiscRep_SUB:FEATURE_LOCATION_CONFLICT::Coding region xref gene does not exist
PROKKA_04262022/PROKKA_04262022:CDS	Citrate synthase	Ferroplasma:1721351-1722469	KNPMNEEE_02011

DiscRep_SUB:FEATURE_LOCATION_CONFLICT::Coding region xref gene does not exist
PROKKA_04262022/PROKKA_04262022:CDS	hypothetical protein	Ferroplasma:c1723200-1722472	KNPMNEEE_02012

DiscRep_SUB:FEATURE_LOCATION_CONFLICT::Coding region xref gene does not exist
PROKKA_04262022/PROKKA_04262022:CDS	Aspartate/prephenate aminotransferase	Ferroplasma:1723428-1724567	KNPMNEEE_02013

DiscRep_SUB:FEATURE_LOCATION_CONFLICT::Coding region xref gene does not exist
PROKKA_04262022/PROKKA_04262022:CDS	hypothetical protein	Ferroplasma:1724602-1726905	KNPMNEEE_02014

DiscRep_SUB:FEATURE_LOCATION_CONFLICT::Coding region xref gene does not exist
PROKKA_04262022/PROKKA_04262022:CDS	hypothetical protein	Ferroplasma:c1727582-1727247	KNPMNEEE_02015

DiscRep_SUB:FEATURE_LOCATION_CONFLICT::Coding region xref gene does not exist
PROKKA_04262022/PROKKA_04262022:CDS	hypothetical protein	Ferroplasma:1727929-1728162	KNPMNEEE_02016

DiscRep_SUB:FEATURE_LOCATION_CONFLICT::Coding region xref gene does not exist
PROKKA_04262022/PROKKA_04262022:CDS	IS200/IS605 family transposase ISTac1	Ferroplasma:1728354-1728701	KNPMNEEE_02017

DiscRep_SUB:FEATURE_LOCATION_CONFLICT::Coding region xref gene does not exist
PROKKA_04262022/PROKKA_04262022:CDS	hypothetical protein	Ferroplasma:1728935-1730170	KNPMNEEE_02018

DiscRep_SUB:FEATURE_LOCATION_CONFLICT::Coding region xref gene does not exist
PROKKA_04262022/PROKKA_04262022:CDS	Lactate 2-monooxygenase	Ferroplasma:c1731368-1730202	KNPMNEEE_02019

DiscRep_SUB:FEATURE_LOCATION_CONFLICT::Coding region xref gene does not exist
PROKKA_04262022/PROKKA_04262022:CDS	hypothetical protein	Ferroplasma:c1732258-1731431	KNPMNEEE_02020

DiscRep_SUB:FEATURE_LOCATION_CONFLICT::Coding region xref gene does not exist
PROKKA_04262022/PROKKA_04262022:CDS	hypothetical protein	Ferroplasma:c1733493-1732264	KNPMNEEE_02021

DiscRep_SUB:FEATURE_LOCATION_CONFLICT::Coding region xref gene does not exist
PROKKA_04262022/PROKKA_04262022:CDS	hypothetical protein	Ferroplasma:c1734225-1733572	KNPMNEEE_02022

DiscRep_SUB:FEATURE_LOCATION_CONFLICT::Coding region xref gene does not exist
PROKKA_04262022/PROKKA_04262022:CDS	Vegetative protein 296	Ferroplasma:1734329-1735072	KNPMNEEE_02023

DiscRep_SUB:FEATURE_LOCATION_CONFLICT::Coding region xref gene does not exist
PROKKA_04262022/PROKKA_04262022:CDS	hypothetical protein	Ferroplasma:1735078-1736517	KNPMNEEE_02024

DiscRep_SUB:FEATURE_LOCATION_CONFLICT::Coding region xref gene does not exist
PROKKA_04262022/PROKKA_04262022:CDS	FeS cluster assembly protein SufB	Ferroplasma:1736550-1737764	KNPMNEEE_02025

DiscRep_SUB:FEATURE_LOCATION_CONFLICT::Coding region xref gene does not exist
PROKKA_04262022/PROKKA_04262022:CDS	hypothetical protein	Ferroplasma:1737829-1739652	KNPMNEEE_02026

DiscRep_SUB:FEATURE_LOCATION_CONFLICT::Coding region xref gene does not exist
PROKKA_04262022/PROKKA_04262022:CDS	hypothetical protein	Ferroplasma:c1740620-1739649	KNPMNEEE_02027

DiscRep_SUB:FEATURE_LOCATION_CONFLICT::Coding region xref gene does not exist
PROKKA_04262022/PROKKA_04262022:CDS	hypothetical protein	Ferroplasma:c1740920-1740756	KNPMNEEE_02028

DiscRep_SUB:FEATURE_LOCATION_CONFLICT::Coding region xref gene does not exist
PROKKA_04262022/PROKKA_04262022:CDS	hypothetical protein	Ferroplasma:c1742767-1741763	KNPMNEEE_02029

DiscRep_SUB:FEATURE_LOCATION_CONFLICT::Coding region xref gene does not exist
PROKKA_04262022/PROKKA_04262022:CDS	putative protein YccU	Ferroplasma:c1743305-1742916	KNPMNEEE_02031

DiscRep_SUB:FEATURE_LOCATION_CONFLICT::Coding region xref gene does not exist
PROKKA_04262022/PROKKA_04262022:CDS	hypothetical protein	Ferroplasma:1743458-1743763	KNPMNEEE_02032

DiscRep_SUB:FEATURE_LOCATION_CONFLICT::Coding region xref gene does not exist
PROKKA_04262022/PROKKA_04262022:CDS	Signal recognition particle protein	Ferroplasma:1743820-1745190	KNPMNEEE_02033

DiscRep_SUB:FEATURE_LOCATION_CONFLICT::Coding region xref gene does not exist
PROKKA_04262022/PROKKA_04262022:CDS	hypothetical protein	Ferroplasma:c1746377-1745187	KNPMNEEE_02034

DiscRep_SUB:FEATURE_LOCATION_CONFLICT::Coding region xref gene does not exist
PROKKA_04262022/PROKKA_04262022:CDS	NAD(P)H-quinone oxidoreductase subunit I, chloroplastic	Ferroplasma:c1746573-1746364	KNPMNEEE_02035

DiscRep_SUB:FEATURE_LOCATION_CONFLICT::Coding region xref gene does not exist
PROKKA_04262022/PROKKA_04262022:CDS	hypothetical protein	Ferroplasma:1746932-1748362	KNPMNEEE_02036

DiscRep_SUB:FEATURE_LOCATION_CONFLICT::Coding region xref gene does not exist
PROKKA_04262022/PROKKA_04262022:CDS	Betaine aldehyde dehydrogenase	Ferroplasma:c1749863-1748370	KNPMNEEE_02037

DiscRep_SUB:FEATURE_LOCATION_CONFLICT::Coding region xref gene does not exist
PROKKA_04262022/PROKKA_04262022:CDS	Long-chain-alcohol dehydrogenase 1	Ferroplasma:c1751114-1749870	KNPMNEEE_02038

DiscRep_SUB:FEATURE_LOCATION_CONFLICT::Coding region xref gene does not exist
PROKKA_04262022/PROKKA_04262022:CDS	Inorganic pyrophosphatase	Ferroplasma:1751569-1752078	KNPMNEEE_02039

DiscRep_SUB:FEATURE_LOCATION_CONFLICT::Coding region xref gene does not exist
PROKKA_04262022/PROKKA_04262022:CDS	hypothetical protein	Ferroplasma:c1752391-1752302	KNPMNEEE_02040

DiscRep_SUB:FEATURE_LOCATION_CONFLICT::Coding region xref gene does not exist
PROKKA_04262022/PROKKA_04262022:CDS	hypothetical protein	Ferroplasma:1752896-1754542	KNPMNEEE_02041

DiscRep_SUB:FEATURE_LOCATION_CONFLICT::Coding region xref gene does not exist
PROKKA_04262022/PROKKA_04262022:CDS	hypothetical protein	Ferroplasma:1754611-1754994	KNPMNEEE_02042

DiscRep_SUB:FEATURE_LOCATION_CONFLICT::Coding region xref gene does not exist
PROKKA_04262022/PROKKA_04262022:CDS	Anaerobic magnesium-protoporphyrin IX monomethyl ester cyclase	Ferroplasma:c1756736-1755138	KNPMNEEE_02043

DiscRep_SUB:FEATURE_LOCATION_CONFLICT::Coding region xref gene does not exist
PROKKA_04262022/PROKKA_04262022:CDS	Alanine dehydrogenase	Ferroplasma:1756968-1757858	KNPMNEEE_02044

DiscRep_SUB:FEATURE_LOCATION_CONFLICT::Coding region xref gene does not exist
PROKKA_04262022/PROKKA_04262022:CDS	hypothetical protein	Ferroplasma:c1759617-1757926	KNPMNEEE_02045

DiscRep_SUB:FEATURE_LOCATION_CONFLICT::Coding region xref gene does not exist
PROKKA_04262022/PROKKA_04262022:CDS	hypothetical protein	Ferroplasma:c1759946-1759629	KNPMNEEE_02046

DiscRep_SUB:FEATURE_LOCATION_CONFLICT::Coding region xref gene does not exist
PROKKA_04262022/PROKKA_04262022:CDS	lipid II flippase MurJ	Ferroplasma:1760505-1762076	KNPMNEEE_02047

DiscRep_SUB:FEATURE_LOCATION_CONFLICT::Coding region xref gene does not exist
PROKKA_04262022/PROKKA_04262022:CDS	hypothetical protein	Ferroplasma:c1762583-1762314	KNPMNEEE_02048

DiscRep_SUB:FEATURE_LOCATION_CONFLICT::Coding region xref gene does not exist
PROKKA_04262022/PROKKA_04262022:CDS	hypothetical protein	Ferroplasma:1762592-1763500	KNPMNEEE_02049

DiscRep_SUB:FEATURE_LOCATION_CONFLICT::Coding region xref gene does not exist
PROKKA_04262022/PROKKA_04262022:CDS	Kynurenine formamidase	Ferroplasma:c1764424-1763507	KNPMNEEE_02050

DiscRep_SUB:FEATURE_LOCATION_CONFLICT::Coding region xref gene does not exist
PROKKA_04262022/PROKKA_04262022:CDS	Acetyl-coenzyme A synthetase	Ferroplasma:c1766408-1764468	KNPMNEEE_02051

DiscRep_SUB:FEATURE_LOCATION_CONFLICT::Coding region xref gene does not exist
PROKKA_04262022/PROKKA_04262022:CDS	4-hydroxyphenylpyruvate dioxygenase	Ferroplasma:1766528-1767607	KNPMNEEE_02052

DiscRep_SUB:FEATURE_LOCATION_CONFLICT::Coding region xref gene does not exist
PROKKA_04262022/PROKKA_04262022:CDS	hypothetical protein	Ferroplasma:1767604-1768491	KNPMNEEE_02053

DiscRep_SUB:FEATURE_LOCATION_CONFLICT::Coding region xref gene does not exist
PROKKA_04262022/PROKKA_04262022:CDS	hypothetical protein	Ferroplasma:1768492-1769640	KNPMNEEE_02054

DiscRep_SUB:FEATURE_LOCATION_CONFLICT::Coding region xref gene does not exist
PROKKA_04262022/PROKKA_04262022:CDS	4-chloro-allylglycine synthase	Ferroplasma:c1770347-1769676	KNPMNEEE_02055

DiscRep_SUB:FEATURE_LOCATION_CONFLICT::Coding region xref gene does not exist
PROKKA_04262022/PROKKA_04262022:CDS	hypothetical protein	Ferroplasma:1770894-1771196	KNPMNEEE_02056

DiscRep_SUB:FEATURE_LOCATION_CONFLICT::Coding region xref gene does not exist
PROKKA_04262022/PROKKA_04262022:CDS	hypothetical protein	Ferroplasma:c1772326-1771262	KNPMNEEE_02057

DiscRep_SUB:FEATURE_LOCATION_CONFLICT::Coding region xref gene does not exist
PROKKA_04262022/PROKKA_04262022:CDS	Riboflavin biosynthesis protein RibD	Ferroplasma:1772344-1772925	KNPMNEEE_02058

DiscRep_SUB:FEATURE_LOCATION_CONFLICT::Coding region xref gene does not exist
PROKKA_04262022/PROKKA_04262022:CDS	Riboflavin biosynthesis protein RibBA	Ferroplasma:1773028-1773720	KNPMNEEE_02059

DiscRep_SUB:FEATURE_LOCATION_CONFLICT::Coding region xref gene does not exist
PROKKA_04262022/PROKKA_04262022:CDS	hypothetical protein	Ferroplasma:1773717-1774205	KNPMNEEE_02060

DiscRep_SUB:FEATURE_LOCATION_CONFLICT::Coding region xref gene does not exist
PROKKA_04262022/PROKKA_04262022:CDS	6,7-dimethyl-8-ribityllumazine synthase	Ferroplasma:1774215-1774619	KNPMNEEE_02061

DiscRep_SUB:FEATURE_LOCATION_CONFLICT::Coding region xref gene does not exist
PROKKA_04262022/PROKKA_04262022:CDS	hypothetical protein	Ferroplasma:1775159-1775836	KNPMNEEE_02062

DiscRep_SUB:FEATURE_LOCATION_CONFLICT::Coding region xref gene does not exist
PROKKA_04262022/PROKKA_04262022:CDS	hypothetical protein	Ferroplasma:1776152-1776574	KNPMNEEE_02063

DiscRep_SUB:FEATURE_LOCATION_CONFLICT::Coding region xref gene does not exist
PROKKA_04262022/PROKKA_04262022:CDS	hypothetical protein	Ferroplasma:1776561-1776845	KNPMNEEE_02064

DiscRep_SUB:FEATURE_LOCATION_CONFLICT::Coding region xref gene does not exist
PROKKA_04262022/PROKKA_04262022:CDS	hypothetical protein	Ferroplasma:1776965-1777369	KNPMNEEE_02065

DiscRep_SUB:FEATURE_LOCATION_CONFLICT::Coding region xref gene does not exist
PROKKA_04262022/PROKKA_04262022:CDS	hypothetical protein	Ferroplasma:1777324-1777830	KNPMNEEE_02066

DiscRep_SUB:FEATURE_LOCATION_CONFLICT::Coding region xref gene does not exist
PROKKA_04262022/PROKKA_04262022:CDS	hypothetical protein	Ferroplasma:1777805-1777975	KNPMNEEE_02067

DiscRep_SUB:FEATURE_LOCATION_CONFLICT::Coding region xref gene does not exist
PROKKA_04262022/PROKKA_04262022:CDS	hypothetical protein	Ferroplasma:1777985-1778287	KNPMNEEE_02068

DiscRep_SUB:FEATURE_LOCATION_CONFLICT::Coding region xref gene does not exist
PROKKA_04262022/PROKKA_04262022:CDS	Neutral endopeptidase	Ferroplasma:1778318-1780315	KNPMNEEE_02069

DiscRep_SUB:FEATURE_LOCATION_CONFLICT::Coding region xref gene does not exist
PROKKA_04262022/PROKKA_04262022:CDS	hypothetical protein	Ferroplasma:c1781674-1780589	KNPMNEEE_02070

DiscRep_SUB:FEATURE_LOCATION_CONFLICT::Coding region xref gene does not exist
PROKKA_04262022/PROKKA_04262022:CDS	hypothetical protein	Ferroplasma:c1781825-1781709	KNPMNEEE_02071

DiscRep_SUB:FEATURE_LOCATION_CONFLICT::Coding region xref gene does not exist
PROKKA_04262022/PROKKA_04262022:CDS	hypothetical protein	Ferroplasma:c1782013-1781801	KNPMNEEE_02072

DiscRep_SUB:FEATURE_LOCATION_CONFLICT::Coding region xref gene does not exist
PROKKA_04262022/PROKKA_04262022:CDS	Phosphoenolpyruvate carboxykinase [GTP]	Ferroplasma:1782568-1784364	KNPMNEEE_02073

DiscRep_SUB:FEATURE_LOCATION_CONFLICT::Coding region xref gene does not exist
PROKKA_04262022/PROKKA_04262022:CDS	hypothetical protein	Ferroplasma:1784592-1784837	KNPMNEEE_02074

DiscRep_SUB:FEATURE_LOCATION_CONFLICT::Coding region xref gene does not exist
PROKKA_04262022/PROKKA_04262022:CDS	Na(+), Li(+), K(+)/H(+) antiporter	Ferroplasma:1784842-1786131	KNPMNEEE_02075

DiscRep_SUB:FEATURE_LOCATION_CONFLICT::Coding region xref gene does not exist
PROKKA_04262022/PROKKA_04262022:CDS	hypothetical protein	Ferroplasma:1786533-1788299	KNPMNEEE_02076

DiscRep_SUB:FEATURE_LOCATION_CONFLICT::Coding region xref gene does not exist
PROKKA_04262022/PROKKA_04262022:CDS	hypothetical protein	Ferroplasma:c1788995-1788459	KNPMNEEE_02077

DiscRep_SUB:FEATURE_LOCATION_CONFLICT::Coding region xref gene does not exist
PROKKA_04262022/PROKKA_04262022:CDS	hypothetical protein	Ferroplasma:1789091-1790125	KNPMNEEE_02078

DiscRep_SUB:FEATURE_LOCATION_CONFLICT::Coding region xref gene does not exist
PROKKA_04262022/PROKKA_04262022:CDS	hypothetical protein	Ferroplasma:c1792042-1790864	KNPMNEEE_02079

DiscRep_SUB:FEATURE_LOCATION_CONFLICT::Coding region xref gene does not exist
PROKKA_04262022/PROKKA_04262022:CDS	hypothetical protein	Ferroplasma:1792147-1792887	KNPMNEEE_02080

DiscRep_SUB:FEATURE_LOCATION_CONFLICT::Coding region xref gene does not exist
PROKKA_04262022/PROKKA_04262022:CDS	hypothetical protein	Ferroplasma:1793184-1793336	KNPMNEEE_02081

DiscRep_SUB:FEATURE_LOCATION_CONFLICT::Coding region xref gene does not exist
PROKKA_04262022/PROKKA_04262022:CDS	hypothetical protein	Ferroplasma:1793326-1793424	KNPMNEEE_02082

DiscRep_SUB:FEATURE_LOCATION_CONFLICT::Coding region xref gene does not exist
PROKKA_04262022/PROKKA_04262022:CDS	hypothetical protein	Ferroplasma:1793768-1794853	KNPMNEEE_02083

DiscRep_SUB:FEATURE_LOCATION_CONFLICT::Coding region xref gene does not exist
PROKKA_04262022/PROKKA_04262022:CDS	hypothetical protein	Ferroplasma:c1795285-1794884	KNPMNEEE_02084

DiscRep_SUB:FEATURE_LOCATION_CONFLICT::Coding region xref gene does not exist
PROKKA_04262022/PROKKA_04262022:CDS	hypothetical protein	Ferroplasma:c1795969-1795307	KNPMNEEE_02085

DiscRep_SUB:FEATURE_LOCATION_CONFLICT::Coding region xref gene does not exist
PROKKA_04262022/PROKKA_04262022:CDS	hypothetical protein	Ferroplasma:1796155-1796646	KNPMNEEE_02086

DiscRep_SUB:FEATURE_LOCATION_CONFLICT::Coding region xref gene does not exist
PROKKA_04262022/PROKKA_04262022:CDS	hypothetical protein	Ferroplasma:1797101-1797427	KNPMNEEE_02087

DiscRep_SUB:FEATURE_LOCATION_CONFLICT::Coding region xref gene does not exist
PROKKA_04262022/PROKKA_04262022:CDS	hypothetical protein	Ferroplasma:1797460-1797654	KNPMNEEE_02088

DiscRep_SUB:FEATURE_LOCATION_CONFLICT::Coding region xref gene does not exist
PROKKA_04262022/PROKKA_04262022:CDS	Beta-barrel assembly-enhancing protease	Ferroplasma:1797728-1799272	KNPMNEEE_02089

DiscRep_SUB:FEATURE_LOCATION_CONFLICT::Coding region xref gene does not exist
PROKKA_04262022/PROKKA_04262022:CDS	hypothetical protein	Ferroplasma:1799723-1800829	KNPMNEEE_02090

DiscRep_SUB:FEATURE_LOCATION_CONFLICT::Coding region xref gene does not exist
PROKKA_04262022/PROKKA_04262022:CDS	Protein hit	Ferroplasma:1800925-1801338	KNPMNEEE_02091

DiscRep_SUB:FEATURE_LOCATION_CONFLICT::Coding region xref gene does not exist
PROKKA_04262022/PROKKA_04262022:CDS	hypothetical protein	Ferroplasma:1801537-1801653	KNPMNEEE_02092

DiscRep_SUB:FEATURE_LOCATION_CONFLICT::Coding region xref gene does not exist
PROKKA_04262022/PROKKA_04262022:CDS	Amino-acid permease RocC	Ferroplasma:c1803006-1801684	KNPMNEEE_02093

DiscRep_SUB:FEATURE_LOCATION_CONFLICT::Coding region xref gene does not exist
PROKKA_04262022/PROKKA_04262022:CDS	hypothetical protein	Ferroplasma:1803831-1804187	KNPMNEEE_02094

DiscRep_SUB:FEATURE_LOCATION_CONFLICT::Coding region xref gene does not exist
PROKKA_04262022/PROKKA_04262022:CDS	hypothetical protein	Ferroplasma:1804715-1805971	KNPMNEEE_02095

DiscRep_SUB:FEATURE_LOCATION_CONFLICT::Coding region xref gene does not exist
PROKKA_04262022/PROKKA_04262022:CDS	hypothetical protein	Ferroplasma:c1806677-1806288	KNPMNEEE_02096

DiscRep_SUB:FEATURE_LOCATION_CONFLICT::Coding region xref gene does not exist
PROKKA_04262022/PROKKA_04262022:CDS	hypothetical protein	Ferroplasma:c1808124-1806823	KNPMNEEE_02097

DiscRep_SUB:FEATURE_LOCATION_CONFLICT::Coding region xref gene does not exist
PROKKA_04262022/PROKKA_04262022:CDS	hypothetical protein	Ferroplasma:c1811773-1808654	KNPMNEEE_02098

DiscRep_SUB:FEATURE_LOCATION_CONFLICT::Coding region xref gene does not exist
PROKKA_04262022/PROKKA_04262022:CDS	Long-chain-fatty-acid--CoA ligase	Ferroplasma:c1813794-1812103	KNPMNEEE_02099

DiscRep_SUB:FEATURE_LOCATION_CONFLICT::Coding region xref gene does not exist
PROKKA_04262022/PROKKA_04262022:CDS	hypothetical protein	Ferroplasma:c1814183-1813782	KNPMNEEE_02100

DiscRep_SUB:FEATURE_LOCATION_CONFLICT::Coding region xref gene does not exist
PROKKA_04262022/PROKKA_04262022:CDS	IS200/IS605 family transposase ISHvo24	Ferroplasma:1814393-1815520	KNPMNEEE_02101

DiscRep_SUB:FEATURE_LOCATION_CONFLICT::Coding region xref gene does not exist
PROKKA_04262022/PROKKA_04262022:CDS	Trehalase	Ferroplasma:1815825-1817666	KNPMNEEE_02102

DiscRep_SUB:FEATURE_LOCATION_CONFLICT::Coding region xref gene does not exist
PROKKA_04262022/PROKKA_04262022:CDS	IS200/IS605 family transposase ISMma19	Ferroplasma:1817808-1818983	KNPMNEEE_02103

DiscRep_SUB:FEATURE_LOCATION_CONFLICT::Coding region xref gene does not exist
PROKKA_04262022/PROKKA_04262022:CDS	hypothetical protein	Ferroplasma:c1819242-1819066	KNPMNEEE_02104

DiscRep_SUB:FEATURE_LOCATION_CONFLICT::Coding region xref gene does not exist
PROKKA_04262022/PROKKA_04262022:CDS	hypothetical protein	Ferroplasma:1819818-1821212	KNPMNEEE_02105

DiscRep_SUB:FEATURE_LOCATION_CONFLICT::Coding region xref gene does not exist
PROKKA_04262022/PROKKA_04262022:CDS	2-methoxy-6-polyprenyl-1,4-benzoquinol methylase, mitochondrial	Ferroplasma:1821435-1821944	KNPMNEEE_02106

DiscRep_SUB:FEATURE_LOCATION_CONFLICT::Coding region xref gene does not exist
PROKKA_04262022/PROKKA_04262022:CDS	hypothetical protein	Ferroplasma:1822142-1822393	KNPMNEEE_02107

DiscRep_SUB:FEATURE_LOCATION_CONFLICT::Coding region xref gene does not exist
PROKKA_04262022/PROKKA_04262022:CDS	Glycerol uptake facilitator protein	Ferroplasma:c1823149-1822406	KNPMNEEE_02108

DiscRep_SUB:FEATURE_LOCATION_CONFLICT::Coding region xref gene does not exist
PROKKA_04262022/PROKKA_04262022:CDS	Glycerol kinase	Ferroplasma:c1824794-1823292	KNPMNEEE_02109

DiscRep_SUB:FEATURE_LOCATION_CONFLICT::Coding region xref gene does not exist
PROKKA_04262022/PROKKA_04262022:CDS	hypothetical protein	Ferroplasma:1825278-1827131	KNPMNEEE_02110

DiscRep_SUB:FEATURE_LOCATION_CONFLICT::Coding region xref gene does not exist
PROKKA_04262022/PROKKA_04262022:CDS	hypothetical protein	Ferroplasma:c1828038-1827841	KNPMNEEE_02111

DiscRep_SUB:FEATURE_LOCATION_CONFLICT::Coding region xref gene does not exist
PROKKA_04262022/PROKKA_04262022:CDS	hypothetical protein	Ferroplasma:1828363-1829562	KNPMNEEE_02112

DiscRep_SUB:FEATURE_LOCATION_CONFLICT::Coding region xref gene does not exist
PROKKA_04262022/PROKKA_04262022:CDS	hypothetical protein	Ferroplasma:1829614-1830411	KNPMNEEE_02113

DiscRep_SUB:FEATURE_LOCATION_CONFLICT::Coding region xref gene does not exist
PROKKA_04262022/PROKKA_04262022:CDS	Vitamin B12 import ATP-binding protein BtuD	Ferroplasma:1830395-1831318	KNPMNEEE_02114

DiscRep_SUB:FEATURE_LOCATION_CONFLICT::Coding region xref gene does not exist
PROKKA_04262022/PROKKA_04262022:CDS	hypothetical protein	Ferroplasma:1831385-1833295	KNPMNEEE_02115

DiscRep_SUB:FEATURE_LOCATION_CONFLICT::Coding region xref gene does not exist
PROKKA_04262022/PROKKA_04262022:CDS	hypothetical protein	Ferroplasma:c1833571-1833296	KNPMNEEE_02116

DiscRep_SUB:FEATURE_LOCATION_CONFLICT::Coding region xref gene does not exist
PROKKA_04262022/PROKKA_04262022:CDS	hypothetical protein	Ferroplasma:c1835578-1833686	KNPMNEEE_02117

DiscRep_SUB:FEATURE_LOCATION_CONFLICT::Coding region xref gene does not exist
PROKKA_04262022/PROKKA_04262022:CDS	Molybdopterin molybdenumtransferase	Ferroplasma:c1836792-1835578	KNPMNEEE_02118

DiscRep_SUB:FEATURE_LOCATION_CONFLICT::Coding region xref gene does not exist
PROKKA_04262022/PROKKA_04262022:CDS	putative protein YihR	Ferroplasma:1837113-1837952	KNPMNEEE_02119

DiscRep_SUB:FEATURE_LOCATION_CONFLICT::Coding region xref gene does not exist
PROKKA_04262022/PROKKA_04262022:CDS	Putative aminoacrylate peracid reductase RutC	Ferroplasma:c1838359-1838000	KNPMNEEE_02120

DiscRep_SUB:FEATURE_LOCATION_CONFLICT::Coding region xref gene does not exist
PROKKA_04262022/PROKKA_04262022:CDS	IS481 family transposase ISFac5	Ferroplasma:c1838883-1838449	KNPMNEEE_02121

DiscRep_SUB:FEATURE_LOCATION_CONFLICT::Coding region xref gene does not exist
PROKKA_04262022/PROKKA_04262022:CDS	hypothetical protein	Ferroplasma:c1839061-1838846	KNPMNEEE_02122

DiscRep_SUB:FEATURE_LOCATION_CONFLICT::Coding region xref gene does not exist
PROKKA_04262022/PROKKA_04262022:CDS	IS110 family transposase ISBth13	Ferroplasma:1839377-1840498	KNPMNEEE_02123

DiscRep_SUB:FEATURE_LOCATION_CONFLICT::Coding region xref gene does not exist
PROKKA_04262022/PROKKA_04262022:CDS	hypothetical protein	Ferroplasma:c1840720-1840559	KNPMNEEE_02124

DiscRep_SUB:FEATURE_LOCATION_CONFLICT::Coding region xref gene does not exist
PROKKA_04262022/PROKKA_04262022:CDS	hypothetical protein	Ferroplasma:c1840829-1840734	KNPMNEEE_02125

DiscRep_SUB:FEATURE_LOCATION_CONFLICT::Coding region xref gene does not exist
PROKKA_04262022/PROKKA_04262022:CDS	hypothetical protein	Ferroplasma:c1842109-1840970	KNPMNEEE_02126

DiscRep_SUB:FEATURE_LOCATION_CONFLICT::Coding region xref gene does not exist
PROKKA_04262022/PROKKA_04262022:CDS	hypothetical protein	Ferroplasma:c1843546-1842323	KNPMNEEE_02127

DiscRep_SUB:FEATURE_LOCATION_CONFLICT::Coding region xref gene does not exist
PROKKA_04262022/PROKKA_04262022:CDS	hypothetical protein	Ferroplasma:c1844315-1843557	KNPMNEEE_02128

DiscRep_SUB:FEATURE_LOCATION_CONFLICT::Coding region xref gene does not exist
PROKKA_04262022/PROKKA_04262022:CDS	hypothetical protein	Ferroplasma:c1845103-1844453	KNPMNEEE_02129

DiscRep_SUB:FEATURE_LOCATION_CONFLICT::Coding region xref gene does not exist
PROKKA_04262022/PROKKA_04262022:CDS	hypothetical protein	Ferroplasma:c1845628-1845326	KNPMNEEE_02130

DiscRep_SUB:FEATURE_LOCATION_CONFLICT::Coding region xref gene does not exist
PROKKA_04262022/PROKKA_04262022:CDS	hypothetical protein	Ferroplasma:c1846399-1846085	KNPMNEEE_02131

DiscRep_SUB:FEATURE_LOCATION_CONFLICT::Coding region xref gene does not exist
PROKKA_04262022/PROKKA_04262022:CDS	hypothetical protein	Ferroplasma:c1846769-1846383	KNPMNEEE_02132

DiscRep_SUB:FEATURE_LOCATION_CONFLICT::Coding region xref gene does not exist
PROKKA_04262022/PROKKA_04262022:CDS	hypothetical protein	Ferroplasma:1847254-1848144	KNPMNEEE_02133

DiscRep_SUB:FEATURE_LOCATION_CONFLICT::Coding region xref gene does not exist
PROKKA_04262022/PROKKA_04262022:CDS	hypothetical protein	Ferroplasma:c1849602-1848385	KNPMNEEE_02134

DiscRep_SUB:FEATURE_LOCATION_CONFLICT::Coding region xref gene does not exist
PROKKA_04262022/PROKKA_04262022:CDS	IS256 family transposase ISFac8	Ferroplasma:c1850331-1850119	KNPMNEEE_02135

DiscRep_SUB:FEATURE_LOCATION_CONFLICT::Coding region xref gene does not exist
PROKKA_04262022/PROKKA_04262022:CDS	ATP-dependent DNA helicase Rep	Ferroplasma:c1853285-1850529	KNPMNEEE_02136

DiscRep_SUB:FEATURE_LOCATION_CONFLICT::Coding region xref gene does not exist
PROKKA_04262022/PROKKA_04262022:CDS	Alcohol dehydrogenase	Ferroplasma:c1854046-1853453	KNPMNEEE_02137

DiscRep_SUB:FEATURE_LOCATION_CONFLICT::Coding region xref gene does not exist
PROKKA_04262022/PROKKA_04262022:CDS	hypothetical protein	Ferroplasma:c1854439-1854290	KNPMNEEE_02138

DiscRep_SUB:FEATURE_LOCATION_CONFLICT::Coding region xref gene does not exist
PROKKA_04262022/PROKKA_04262022:CDS	hypothetical protein	Ferroplasma:c1854858-1854769	KNPMNEEE_02139

DiscRep_SUB:FEATURE_LOCATION_CONFLICT::Coding region xref gene does not exist
PROKKA_04262022/PROKKA_04262022:CDS	hypothetical protein	Ferroplasma:c1855792-1855241	KNPMNEEE_02140

DiscRep_SUB:FEATURE_LOCATION_CONFLICT::Coding region xref gene does not exist
PROKKA_04262022/PROKKA_04262022:CDS	hypothetical protein	Ferroplasma:c1856861-1856319	KNPMNEEE_02141

DiscRep_SUB:FEATURE_LOCATION_CONFLICT::Coding region xref gene does not exist
PROKKA_04262022/PROKKA_04262022:CDS	hypothetical protein	Ferroplasma:1857025-1857840	KNPMNEEE_02142

DiscRep_SUB:FEATURE_LOCATION_CONFLICT::Coding region xref gene does not exist
PROKKA_04262022/PROKKA_04262022:CDS	GTP 3',8-cyclase	Ferroplasma:1857975-1858991	KNPMNEEE_02143

DiscRep_SUB:FEATURE_LOCATION_CONFLICT::Coding region xref gene does not exist
PROKKA_04262022/PROKKA_04262022:CDS	hypothetical protein	Ferroplasma:c1859750-1859502	KNPMNEEE_02144

DiscRep_SUB:FEATURE_LOCATION_CONFLICT::Coding region xref gene does not exist
PROKKA_04262022/PROKKA_04262022:CDS	hypothetical protein	Ferroplasma:c1860513-1859737	KNPMNEEE_02145

DiscRep_SUB:FEATURE_LOCATION_CONFLICT::Coding region xref gene does not exist
PROKKA_04262022/PROKKA_04262022:CDS	hypothetical protein	Ferroplasma:c1861033-1860824	KNPMNEEE_02146

DiscRep_SUB:FEATURE_LOCATION_CONFLICT::Coding region xref gene does not exist
PROKKA_04262022/PROKKA_04262022:CDS	hypothetical protein	Ferroplasma:c1861199-1861044	KNPMNEEE_02147

DiscRep_SUB:FEATURE_LOCATION_CONFLICT::Coding region xref gene does not exist
PROKKA_04262022/PROKKA_04262022:CDS	hypothetical protein	Ferroplasma:1861399-1861677	KNPMNEEE_02148

DiscRep_SUB:FEATURE_LOCATION_CONFLICT::Coding region xref gene does not exist
PROKKA_04262022/PROKKA_04262022:CDS	hypothetical protein	Ferroplasma:c1861990-1861748	KNPMNEEE_02149

DiscRep_SUB:FEATURE_LOCATION_CONFLICT::Coding region xref gene does not exist
PROKKA_04262022/PROKKA_04262022:CDS	IS481 family transposase ISFac5	Ferroplasma:1862135-1862602	KNPMNEEE_02150

DiscRep_SUB:FEATURE_LOCATION_CONFLICT::Coding region xref gene does not exist
PROKKA_04262022/PROKKA_04262022:CDS	hypothetical protein	Ferroplasma:c1863195-1862908	KNPMNEEE_02151

DiscRep_SUB:FEATURE_LOCATION_CONFLICT::Coding region xref gene does not exist
PROKKA_04262022/PROKKA_04262022:CDS	hypothetical protein	Ferroplasma:1863367-1864554	KNPMNEEE_02152

DiscRep_SUB:FEATURE_LOCATION_CONFLICT::Coding region xref gene does not exist
PROKKA_04262022/PROKKA_04262022:CDS	hypothetical protein	Ferroplasma:1864650-1864859	KNPMNEEE_02153

DiscRep_SUB:FEATURE_LOCATION_CONFLICT::Coding region xref gene does not exist
PROKKA_04262022/PROKKA_04262022:CDS	hypothetical protein	Ferroplasma:1864844-1864933	KNPMNEEE_02154

DiscRep_SUB:FEATURE_LOCATION_CONFLICT::Coding region xref gene does not exist
PROKKA_04262022/PROKKA_04262022:CDS	hypothetical protein	Ferroplasma:1864979-1865332	KNPMNEEE_02155

DiscRep_SUB:FEATURE_LOCATION_CONFLICT::Coding region xref gene does not exist
PROKKA_04262022/PROKKA_04262022:CDS	hypothetical protein	Ferroplasma:1865338-1865772	KNPMNEEE_02156

DiscRep_SUB:FEATURE_LOCATION_CONFLICT::Coding region xref gene does not exist
PROKKA_04262022/PROKKA_04262022:CDS	hypothetical protein	Ferroplasma:c1867245-1866262	KNPMNEEE_02157

DiscRep_SUB:FEATURE_LOCATION_CONFLICT::Coding region xref gene does not exist
PROKKA_04262022/PROKKA_04262022:CDS	hypothetical protein	Ferroplasma:c1867586-1867374	KNPMNEEE_02158

DiscRep_SUB:FEATURE_LOCATION_CONFLICT::Coding region xref gene does not exist
PROKKA_04262022/PROKKA_04262022:CDS	hypothetical protein	Ferroplasma:c1868170-1868027	KNPMNEEE_02159

DiscRep_SUB:FEATURE_LOCATION_CONFLICT::Coding region xref gene does not exist
PROKKA_04262022/PROKKA_04262022:CDS	hypothetical protein	Ferroplasma:1868704-1869087	KNPMNEEE_02160

DiscRep_SUB:FEATURE_LOCATION_CONFLICT::Coding region xref gene does not exist
PROKKA_04262022/PROKKA_04262022:CDS	Cyclopentanol dehydrogenase	Ferroplasma:c1869930-1869181	KNPMNEEE_02161

DiscRep_SUB:FEATURE_LOCATION_CONFLICT::Coding region xref gene does not exist
PROKKA_04262022/PROKKA_04262022:CDS	IS4 family transposase ISFac10	Ferroplasma:1870508-1871539	KNPMNEEE_02162

DiscRep_SUB:FEATURE_LOCATION_CONFLICT::Coding region xref gene does not exist
PROKKA_04262022/PROKKA_04262022:CDS	hypothetical protein	Ferroplasma:1871803-1873464	KNPMNEEE_02163

DiscRep_SUB:FEATURE_LOCATION_CONFLICT::Coding region xref gene does not exist
PROKKA_04262022/PROKKA_04262022:CDS	hypothetical protein	Ferroplasma:1873548-1873736	KNPMNEEE_02164

DiscRep_SUB:FEATURE_LOCATION_CONFLICT::Coding region xref gene does not exist
PROKKA_04262022/PROKKA_04262022:CDS	hypothetical protein	Ferroplasma:c1874017-1873823	KNPMNEEE_02165

DiscRep_SUB:FEATURE_LOCATION_CONFLICT::Coding region xref gene does not exist
PROKKA_04262022/PROKKA_04262022:CDS	hypothetical protein	Ferroplasma:c1874270-1873962	KNPMNEEE_02166

DiscRep_SUB:FEATURE_LOCATION_CONFLICT::Coding region xref gene does not exist
PROKKA_04262022/PROKKA_04262022:CDS	hypothetical protein	Ferroplasma:c1874828-1874643	KNPMNEEE_02167

DiscRep_SUB:FEATURE_LOCATION_CONFLICT::Coding region xref gene does not exist
PROKKA_04262022/PROKKA_04262022:CDS	hypothetical protein	Ferroplasma:c1876745-1875663	KNPMNEEE_02168

DiscRep_SUB:FEATURE_LOCATION_CONFLICT::Coding region xref gene does not exist
PROKKA_04262022/PROKKA_04262022:CDS	hypothetical protein	Ferroplasma:1876873-1877436	KNPMNEEE_02169

DiscRep_SUB:FEATURE_LOCATION_CONFLICT::Coding region xref gene does not exist
PROKKA_04262022/PROKKA_04262022:CDS	hypothetical protein	Ferroplasma:1877423-1878058	KNPMNEEE_02170

DiscRep_SUB:FEATURE_LOCATION_CONFLICT::Coding region xref gene does not exist
PROKKA_04262022/PROKKA_04262022:CDS	hypothetical protein	Ferroplasma:1878063-1878233	KNPMNEEE_02171

DiscRep_SUB:FEATURE_LOCATION_CONFLICT::Coding region xref gene does not exist
PROKKA_04262022/PROKKA_04262022:CDS	hypothetical protein	Ferroplasma:1879114-1879224	KNPMNEEE_02172

DiscRep_SUB:FEATURE_LOCATION_CONFLICT::Coding region xref gene does not exist
PROKKA_04262022/PROKKA_04262022:CDS	hypothetical protein	Ferroplasma:1879208-1879702	KNPMNEEE_02173

DiscRep_SUB:FEATURE_LOCATION_CONFLICT::Coding region xref gene does not exist
PROKKA_04262022/PROKKA_04262022:CDS	Modification methylase HaeIII	Ferroplasma:1879678-1880433	KNPMNEEE_02174

DiscRep_SUB:FEATURE_LOCATION_CONFLICT::Coding region xref gene does not exist
PROKKA_04262022/PROKKA_04262022:CDS	Adenine DNA glycosylase	Ferroplasma:1880439-1881119	KNPMNEEE_02175

DiscRep_SUB:FEATURE_LOCATION_CONFLICT::Coding region xref gene does not exist
PROKKA_04262022/PROKKA_04262022:CDS	hypothetical protein	Ferroplasma:1881076-1884747	KNPMNEEE_02176

DiscRep_SUB:FEATURE_LOCATION_CONFLICT::Coding region xref gene does not exist
PROKKA_04262022/PROKKA_04262022:CDS	hypothetical protein	Ferroplasma:1884750-1886540	KNPMNEEE_02177

DiscRep_SUB:FEATURE_LOCATION_CONFLICT::Coding region xref gene does not exist
PROKKA_04262022/PROKKA_04262022:CDS	hypothetical protein	Ferroplasma:1886583-1889630	KNPMNEEE_02178

DiscRep_SUB:FEATURE_LOCATION_CONFLICT::Coding region xref gene does not exist
PROKKA_04262022/PROKKA_04262022:CDS	hypothetical protein	Ferroplasma:1889887-1890369	KNPMNEEE_02179

DiscRep_SUB:FEATURE_LOCATION_CONFLICT::RNA feature xref gene does not exist
PROKKA_04262022/PROKKA_04262022:tRNA	Arg	Ferroplasma:110526-110601	KNPMNEEE_00133

DiscRep_SUB:FEATURE_LOCATION_CONFLICT::RNA feature xref gene does not exist
PROKKA_04262022/PROKKA_04262022:tRNA	Ser	Ferroplasma:c190378-190294	KNPMNEEE_00214

DiscRep_SUB:FEATURE_LOCATION_CONFLICT::RNA feature xref gene does not exist
PROKKA_04262022/PROKKA_04262022:tRNA	Asp	Ferroplasma:c295612-295539	KNPMNEEE_00330

DiscRep_SUB:FEATURE_LOCATION_CONFLICT::RNA feature xref gene does not exist
PROKKA_04262022/PROKKA_04262022:tRNA	Ala	Ferroplasma:304187-304258	KNPMNEEE_00339

DiscRep_SUB:FEATURE_LOCATION_CONFLICT::RNA feature xref gene does not exist
PROKKA_04262022/PROKKA_04262022:tRNA	Gly	Ferroplasma:c332414-332341	KNPMNEEE_00373

DiscRep_SUB:FEATURE_LOCATION_CONFLICT::RNA feature xref gene does not exist
PROKKA_04262022/PROKKA_04262022:tRNA	Pro	Ferroplasma:c356883-356811	KNPMNEEE_00399

DiscRep_SUB:FEATURE_LOCATION_CONFLICT::RNA feature xref gene does not exist
PROKKA_04262022/PROKKA_04262022:tRNA	Thr	Ferroplasma:486326-486400	KNPMNEEE_00551

DiscRep_SUB:FEATURE_LOCATION_CONFLICT::RNA feature xref gene does not exist
PROKKA_04262022/PROKKA_04262022:tRNA	Leu	Ferroplasma:c492992-492908	KNPMNEEE_00561

DiscRep_SUB:FEATURE_LOCATION_CONFLICT::RNA feature xref gene does not exist
PROKKA_04262022/PROKKA_04262022:tRNA	Val	Ferroplasma:c516362-516290	KNPMNEEE_00584

DiscRep_SUB:FEATURE_LOCATION_CONFLICT::RNA feature xref gene does not exist
PROKKA_04262022/PROKKA_04262022:tRNA	Arg	Ferroplasma:c553321-553245	KNPMNEEE_00621

DiscRep_SUB:FEATURE_LOCATION_CONFLICT::RNA feature xref gene does not exist
PROKKA_04262022/PROKKA_04262022:tRNA	Ile	Ferroplasma:564927-565001	KNPMNEEE_00638

DiscRep_SUB:FEATURE_LOCATION_CONFLICT::RNA feature xref gene does not exist
PROKKA_04262022/PROKKA_04262022:tRNA	Met	Ferroplasma:c628139-628065	KNPMNEEE_00710

DiscRep_SUB:FEATURE_LOCATION_CONFLICT::RNA feature xref gene does not exist
PROKKA_04262022/PROKKA_04262022:tRNA	Asn	Ferroplasma:c628215-628142	KNPMNEEE_00711

DiscRep_SUB:FEATURE_LOCATION_CONFLICT::RNA feature xref gene does not exist
PROKKA_04262022/PROKKA_04262022:tRNA	Leu	Ferroplasma:642798-642883	KNPMNEEE_00730

DiscRep_SUB:FEATURE_LOCATION_CONFLICT::RNA feature xref gene does not exist
PROKKA_04262022/PROKKA_04262022:tRNA	Arg	Ferroplasma:645457-645530	KNPMNEEE_00732

DiscRep_SUB:FEATURE_LOCATION_CONFLICT::RNA feature xref gene does not exist
PROKKA_04262022/PROKKA_04262022:tRNA	Gln	Ferroplasma:c652606-652534	KNPMNEEE_00740

DiscRep_SUB:FEATURE_LOCATION_CONFLICT::RNA feature xref gene does not exist
PROKKA_04262022/PROKKA_04262022:tRNA	Val	Ferroplasma:688981-689053	KNPMNEEE_00777

DiscRep_SUB:FEATURE_LOCATION_CONFLICT::RNA feature xref gene does not exist
PROKKA_04262022/PROKKA_04262022:tRNA	Glu	Ferroplasma:c696232-696157	KNPMNEEE_00788

DiscRep_SUB:FEATURE_LOCATION_CONFLICT::RNA feature xref gene does not exist
PROKKA_04262022/PROKKA_04262022:tRNA	Pro	Ferroplasma:c708889-708817	KNPMNEEE_00804

DiscRep_SUB:FEATURE_LOCATION_CONFLICT::RNA feature xref gene does not exist
PROKKA_04262022/PROKKA_04262022:rRNA	16S ribosomal RNA	Ferroplasma:724017-725445	KNPMNEEE_00820

DiscRep_SUB:FEATURE_LOCATION_CONFLICT::RNA feature xref gene does not exist
PROKKA_04262022/PROKKA_04262022:tRNA	Leu	Ferroplasma:c802438-802353	KNPMNEEE_00908

DiscRep_SUB:FEATURE_LOCATION_CONFLICT::RNA feature xref gene does not exist
PROKKA_04262022/PROKKA_04262022:tRNA	Ala	Ferroplasma:832969-833040	KNPMNEEE_00939

DiscRep_SUB:FEATURE_LOCATION_CONFLICT::RNA feature xref gene does not exist
PROKKA_04262022/PROKKA_04262022:tRNA	Ala	Ferroplasma:c939645-939572	KNPMNEEE_01075

DiscRep_SUB:FEATURE_LOCATION_CONFLICT::RNA feature xref gene does not exist
PROKKA_04262022/PROKKA_04262022:tRNA	Phe	Ferroplasma:942229-942301	KNPMNEEE_01078

DiscRep_SUB:FEATURE_LOCATION_CONFLICT::RNA feature xref gene does not exist
PROKKA_04262022/PROKKA_04262022:tRNA	Gln	Ferroplasma:948550-948623	KNPMNEEE_01085

DiscRep_SUB:FEATURE_LOCATION_CONFLICT::RNA feature xref gene does not exist
PROKKA_04262022/PROKKA_04262022:rRNA	23S ribosomal RNA	Ferroplasma:963781-966662	KNPMNEEE_01102

DiscRep_SUB:FEATURE_LOCATION_CONFLICT::RNA feature xref gene does not exist
PROKKA_04262022/PROKKA_04262022:tRNA	Pro	Ferroplasma:1021662-1021734	KNPMNEEE_01172

DiscRep_SUB:FEATURE_LOCATION_CONFLICT::RNA feature xref gene does not exist
PROKKA_04262022/PROKKA_04262022:tRNA	Gly	Ferroplasma:1067832-1067905	KNPMNEEE_01232

DiscRep_SUB:FEATURE_LOCATION_CONFLICT::RNA feature xref gene does not exist
PROKKA_04262022/PROKKA_04262022:tRNA	Thr	Ferroplasma:1078438-1078513	KNPMNEEE_01246

DiscRep_SUB:FEATURE_LOCATION_CONFLICT::RNA feature xref gene does not exist
PROKKA_04262022/PROKKA_04262022:tRNA	Lys	Ferroplasma:c1094092-1094017	KNPMNEEE_01266

DiscRep_SUB:FEATURE_LOCATION_CONFLICT::RNA feature xref gene does not exist
PROKKA_04262022/PROKKA_04262022:tRNA	Met	Ferroplasma:c1140696-1140621	KNPMNEEE_01330

DiscRep_SUB:FEATURE_LOCATION_CONFLICT::RNA feature xref gene does not exist
PROKKA_04262022/PROKKA_04262022:tRNA	Lys	Ferroplasma:c1153392-1153317	KNPMNEEE_01342

DiscRep_SUB:FEATURE_LOCATION_CONFLICT::RNA feature xref gene does not exist
PROKKA_04262022/PROKKA_04262022:tRNA	His	Ferroplasma:c1158993-1158921	KNPMNEEE_01347

DiscRep_SUB:FEATURE_LOCATION_CONFLICT::RNA feature xref gene does not exist
PROKKA_04262022/PROKKA_04262022:tRNA	Cys	Ferroplasma:1182732-1182803	KNPMNEEE_01374

DiscRep_SUB:FEATURE_LOCATION_CONFLICT::RNA feature xref gene does not exist
PROKKA_04262022/PROKKA_04262022:tRNA	Thr	Ferroplasma:c1197099-1197026	KNPMNEEE_01391

DiscRep_SUB:FEATURE_LOCATION_CONFLICT::RNA feature xref gene does not exist
PROKKA_04262022/PROKKA_04262022:tRNA	Leu	Ferroplasma:c1321634-1321550	KNPMNEEE_01528

DiscRep_SUB:FEATURE_LOCATION_CONFLICT::RNA feature xref gene does not exist
PROKKA_04262022/PROKKA_04262022:tRNA	Leu	Ferroplasma:c1335760-1335676	KNPMNEEE_01541

DiscRep_SUB:FEATURE_LOCATION_CONFLICT::RNA feature xref gene does not exist
PROKKA_04262022/PROKKA_04262022:tRNA	Gly	Ferroplasma:c1348854-1348782	KNPMNEEE_01557

DiscRep_SUB:FEATURE_LOCATION_CONFLICT::RNA feature xref gene does not exist
PROKKA_04262022/PROKKA_04262022:tRNA	Arg	Ferroplasma:c1351635-1351559	KNPMNEEE_01561

DiscRep_SUB:FEATURE_LOCATION_CONFLICT::RNA feature xref gene does not exist
PROKKA_04262022/PROKKA_04262022:tRNA	Ser	Ferroplasma:1394671-1394753	KNPMNEEE_01615

DiscRep_SUB:FEATURE_LOCATION_CONFLICT::RNA feature xref gene does not exist
PROKKA_04262022/PROKKA_04262022:tRNA	Val	Ferroplasma:c1437977-1437905	KNPMNEEE_01665

DiscRep_SUB:FEATURE_LOCATION_CONFLICT::RNA feature xref gene does not exist
PROKKA_04262022/PROKKA_04262022:tRNA	Glu	Ferroplasma:1578250-1578324	KNPMNEEE_01833

DiscRep_SUB:FEATURE_LOCATION_CONFLICT::RNA feature xref gene does not exist
PROKKA_04262022/PROKKA_04262022:tRNA	Ser	Ferroplasma:1631790-1631874	KNPMNEEE_01892

DiscRep_SUB:FEATURE_LOCATION_CONFLICT::RNA feature xref gene does not exist
PROKKA_04262022/PROKKA_04262022:tRNA	Ala	Ferroplasma:1651775-1651846	KNPMNEEE_01919

DiscRep_SUB:FEATURE_LOCATION_CONFLICT::RNA feature xref gene does not exist
PROKKA_04262022/PROKKA_04262022:tRNA	Arg	Ferroplasma:c1716985-1716913	KNPMNEEE_02003

DiscRep_SUB:FEATURE_LOCATION_CONFLICT::RNA feature xref gene does not exist
PROKKA_04262022/PROKKA_04262022:tRNA	Ser	Ferroplasma:c1742898-1742814	KNPMNEEE_02030

DiscRep_ALL:OVERLAPPING_CDS::17 coding regions overlap another coding region with a similar or identical name.
DiscRep_SUB:OVERLAPPING_CDS::17 coding regions overlap another coding region with a similar or identical name that do not have the appropriate note text
PROKKA_04262022/PROKKA_04262022:CDS	DNA mismatch repair protein MutS	Ferroplasma:c74785-73298	KNPMNEEE_00082
PROKKA_04262022/PROKKA_04262022:CDS	DNA mismatch repair protein MutS	Ferroplasma:c76296-74782	KNPMNEEE_00083
PROKKA_04262022/PROKKA_04262022:CDS	Chaperone protein DnaK	Ferroplasma:c220257-219883	KNPMNEEE_00253
PROKKA_04262022/PROKKA_04262022:CDS	Chaperone protein DnaK	Ferroplasma:c221579-220254	KNPMNEEE_00254
PROKKA_04262022/PROKKA_04262022:CDS	Geranylgeranylglyceryl phosphate synthase	Ferroplasma:c454539-454384	KNPMNEEE_00515
PROKKA_04262022/PROKKA_04262022:CDS	Geranylgeranylglyceryl phosphate synthase	Ferroplasma:c455162-454536	KNPMNEEE_00516
PROKKA_04262022/PROKKA_04262022:CDS	Bifunctional purine biosynthesis protein PurH	Ferroplasma:c520873-520409	KNPMNEEE_00589
PROKKA_04262022/PROKKA_04262022:CDS	Bifunctional purine biosynthesis protein PurH	Ferroplasma:c521909-520863	KNPMNEEE_00590
PROKKA_04262022/PROKKA_04262022:CDS	Formate--tetrahydrofolate ligase	Ferroplasma:668933-669253	KNPMNEEE_00758
PROKKA_04262022/PROKKA_04262022:CDS	Formate--tetrahydrofolate ligase	Ferroplasma:669232-670545	KNPMNEEE_00759
PROKKA_04262022/PROKKA_04262022:CDS	DNA-directed RNA polymerase subunit beta'	Ferroplasma:c1146800-1145310	KNPMNEEE_01336
PROKKA_04262022/PROKKA_04262022:CDS	DNA-directed RNA polymerase subunit beta'	Ferroplasma:c1148365-1146797	KNPMNEEE_01337
PROKKA_04262022/PROKKA_04262022:CDS	DNA-directed RNA polymerase subunit beta'	Ferroplasma:c1149459-1148308	KNPMNEEE_01338
PROKKA_04262022/PROKKA_04262022:CDS	Fused isobutyryl-CoA mutase	Ferroplasma:c1239635-1238691	KNPMNEEE_01442
PROKKA_04262022/PROKKA_04262022:CDS	Fused isobutyryl-CoA mutase	Ferroplasma:c1240074-1239625	KNPMNEEE_01443
PROKKA_04262022/PROKKA_04262022:CDS	N5-carboxyaminoimidazole ribonucleotide synthase	Ferroplasma:c1679883-1679104	KNPMNEEE_01959
PROKKA_04262022/PROKKA_04262022:CDS	N5-carboxyaminoimidazole ribonucleotide synthase	Ferroplasma:c1680182-1679862	KNPMNEEE_01960

DiscRep_ALL:SUSPECT_PRODUCT_NAMES::6 product_names contain suspect phrase or characters
DiscRep_SUB:SUSPECT_PRODUCT_NAMES::Putative Typo
DiscRep_SUB:SUSPECT_PRODUCT_NAMES::1 features May contain plural
PROKKA_04262022/PROKKA_04262022:CDS	Naphthalene 1,2-dioxygenase/salicylate 5-hydroxylase systems, ferredoxin component	Ferroplasma:985570-985887	KNPMNEEE_01123

DiscRep_SUB:SUSPECT_PRODUCT_NAMES::May contain database identifier more appropriate in note; remove from product name
DiscRep_SUB:SUSPECT_PRODUCT_NAMES::3 features contains three or more numbers together that may be identifiers more appropriate in note
PROKKA_04262022/PROKKA_04262022:CDS	putative protein/GBAA_2834/BAS2643	Ferroplasma:c865444-864452	KNPMNEEE_00978
PROKKA_04262022/PROKKA_04262022:CDS	putative protein/MSMEI_2713	Ferroplasma:1480836-1481492	KNPMNEEE_01709
PROKKA_04262022/PROKKA_04262022:CDS	Vegetative protein 296	Ferroplasma:1734329-1735072	KNPMNEEE_02023

DiscRep_SUB:SUSPECT_PRODUCT_NAMES::2 features Contains underscore
PROKKA_04262022/PROKKA_04262022:CDS	putative protein/GBAA_2834/BAS2643	Ferroplasma:c865444-864452	KNPMNEEE_00978
PROKKA_04262022/PROKKA_04262022:CDS	putative protein/MSMEI_2713	Ferroplasma:1480836-1481492	KNPMNEEE_01709

DiscRep_ALL:DISC_QUALITY_SCORES::Quality scores are missing on all sequences.

DiscRep_ALL:ONCALLER_COMMENT_PRESENT::1 comment descriptors were found (all same)
PROKKA_04262022/PROKKA_04262022:Ferroplasma:Annotated using prokka 1.14.6 from https://github.com/tseemann/prokka

DiscRep_ALL:SHORT_PROT_SEQUENCES::86 protein sequences are shorter than 50 aa.
PROKKA_04262022/PROKKA_04262022:Ferroplasma_3 (length 46)
PROKKA_04262022/PROKKA_04262022:Ferroplasma_4 (length 42)
PROKKA_04262022/PROKKA_04262022:Ferroplasma_5 (length 32)
PROKKA_04262022/PROKKA_04262022:Ferroplasma_46 (length 30)
PROKKA_04262022/PROKKA_04262022:Ferroplasma_48 (length 42)
PROKKA_04262022/PROKKA_04262022:Ferroplasma_53 (length 41)
PROKKA_04262022/PROKKA_04262022:Ferroplasma_94 (length 35)
PROKKA_04262022/PROKKA_04262022:Ferroplasma_98 (length 41)
PROKKA_04262022/PROKKA_04262022:Ferroplasma_107 (length 45)
PROKKA_04262022/PROKKA_04262022:Ferroplasma_111 (length 31)
PROKKA_04262022/PROKKA_04262022:Ferroplasma_112 (length 30)
PROKKA_04262022/PROKKA_04262022:Ferroplasma_116 (length 41)
PROKKA_04262022/PROKKA_04262022:Ferroplasma_120 (length 37)
PROKKA_04262022/PROKKA_04262022:Ferroplasma_147 (length 41)
PROKKA_04262022/PROKKA_04262022:Ferroplasma_153 (length 44)
PROKKA_04262022/PROKKA_04262022:Ferroplasma_170 (length 37)
PROKKA_04262022/PROKKA_04262022:Ferroplasma_200 (length 45)
PROKKA_04262022/PROKKA_04262022:Ferroplasma_254 (length 44)
PROKKA_04262022/PROKKA_04262022:Ferroplasma_317 (length 31)
PROKKA_04262022/PROKKA_04262022:Ferroplasma_336 (length 42)
PROKKA_04262022/PROKKA_04262022:Ferroplasma_347 (length 35)
PROKKA_04262022/PROKKA_04262022:Ferroplasma_348 (length 49)
PROKKA_04262022/PROKKA_04262022:Ferroplasma_361 (length 46)
PROKKA_04262022/PROKKA_04262022:Ferroplasma_377 (length 29)
PROKKA_04262022/PROKKA_04262022:Ferroplasma_405 (length 44)
PROKKA_04262022/PROKKA_04262022:Ferroplasma_571 (length 35)
PROKKA_04262022/PROKKA_04262022:Ferroplasma_574 (length 44)
PROKKA_04262022/PROKKA_04262022:Ferroplasma_630 (length 48)
PROKKA_04262022/PROKKA_04262022:Ferroplasma_638 (length 29)
PROKKA_04262022/PROKKA_04262022:Ferroplasma_652 (length 47)
PROKKA_04262022/PROKKA_04262022:Ferroplasma_670 (length 46)
PROKKA_04262022/PROKKA_04262022:Ferroplasma_767 (length 39)
PROKKA_04262022/PROKKA_04262022:Ferroplasma_785 (length 37)
PROKKA_04262022/PROKKA_04262022:Ferroplasma_806 (length 48)
PROKKA_04262022/PROKKA_04262022:Ferroplasma_836 (length 35)
PROKKA_04262022/PROKKA_04262022:Ferroplasma_852 (length 36)
PROKKA_04262022/PROKKA_04262022:Ferroplasma_871 (length 36)
PROKKA_04262022/PROKKA_04262022:Ferroplasma_911 (length 42)
PROKKA_04262022/PROKKA_04262022:Ferroplasma_958 (length 38)
PROKKA_04262022/PROKKA_04262022:Ferroplasma_967 (length 48)
PROKKA_04262022/PROKKA_04262022:Ferroplasma_997 (length 38)
PROKKA_04262022/PROKKA_04262022:Ferroplasma_1026 (length 35)
PROKKA_04262022/PROKKA_04262022:Ferroplasma_1044 (length 47)
PROKKA_04262022/PROKKA_04262022:Ferroplasma_1048 (length 46)
PROKKA_04262022/PROKKA_04262022:Ferroplasma_1111 (length 29)
PROKKA_04262022/PROKKA_04262022:Ferroplasma_1114 (length 49)
PROKKA_04262022/PROKKA_04262022:Ferroplasma_1117 (length 29)
PROKKA_04262022/PROKKA_04262022:Ferroplasma_1171 (length 34)
PROKKA_04262022/PROKKA_04262022:Ferroplasma_1176 (length 32)
PROKKA_04262022/PROKKA_04262022:Ferroplasma_1328 (length 48)
PROKKA_04262022/PROKKA_04262022:Ferroplasma_1420 (length 44)
PROKKA_04262022/PROKKA_04262022:Ferroplasma_1423 (length 35)
PROKKA_04262022/PROKKA_04262022:Ferroplasma_1435 (length 39)
PROKKA_04262022/PROKKA_04262022:Ferroplasma_1461 (length 49)
PROKKA_04262022/PROKKA_04262022:Ferroplasma_1533 (length 39)
PROKKA_04262022/PROKKA_04262022:Ferroplasma_1548 (length 48)
PROKKA_04262022/PROKKA_04262022:Ferroplasma_1599 (length 29)
PROKKA_04262022/PROKKA_04262022:Ferroplasma_1619 (length 41)
PROKKA_04262022/PROKKA_04262022:Ferroplasma_1665 (length 47)
PROKKA_04262022/PROKKA_04262022:Ferroplasma_1680 (length 32)
PROKKA_04262022/PROKKA_04262022:Ferroplasma_1710 (length 34)
PROKKA_04262022/PROKKA_04262022:Ferroplasma_1714 (length 44)
PROKKA_04262022/PROKKA_04262022:Ferroplasma_1741 (length 43)
PROKKA_04262022/PROKKA_04262022:Ferroplasma_1742 (length 29)
PROKKA_04262022/PROKKA_04262022:Ferroplasma_1765 (length 45)
PROKKA_04262022/PROKKA_04262022:Ferroplasma_1786 (length 43)
PROKKA_04262022/PROKKA_04262022:Ferroplasma_1803 (length 47)
PROKKA_04262022/PROKKA_04262022:Ferroplasma_1871 (length 49)
PROKKA_04262022/PROKKA_04262022:Ferroplasma_1883 (length 46)
PROKKA_04262022/PROKKA_04262022:Ferroplasma_1893 (length 29)
PROKKA_04262022/PROKKA_04262022:Ferroplasma_1895 (length 30)
PROKKA_04262022/PROKKA_04262022:Ferroplasma_1901 (length 40)
PROKKA_04262022/PROKKA_04262022:Ferroplasma_1902 (length 45)
PROKKA_04262022/PROKKA_04262022:Ferroplasma_1910 (length 42)
PROKKA_04262022/PROKKA_04262022:Ferroplasma_1911 (length 40)
PROKKA_04262022/PROKKA_04262022:Ferroplasma_1962 (length 47)
PROKKA_04262022/PROKKA_04262022:Ferroplasma_1994 (length 29)
PROKKA_04262022/PROKKA_04262022:Ferroplasma_2025 (length 38)
PROKKA_04262022/PROKKA_04262022:Ferroplasma_2036 (length 32)
PROKKA_04262022/PROKKA_04262022:Ferroplasma_2046 (length 38)
PROKKA_04262022/PROKKA_04262022:Ferroplasma_2079 (length 31)
PROKKA_04262022/PROKKA_04262022:Ferroplasma_2092 (length 49)
PROKKA_04262022/PROKKA_04262022:Ferroplasma_2093 (length 29)
PROKKA_04262022/PROKKA_04262022:Ferroplasma_2108 (length 29)
PROKKA_04262022/PROKKA_04262022:Ferroplasma_2113 (length 47)
PROKKA_04262022/PROKKA_04262022:Ferroplasma_2126 (length 36)

DiscRep_ALL:MISSING_GENOMEASSEMBLY_COMMENTS::1 bioseqs are missing GenomeAssembly structured comments
PROKKA_04262022/PROKKA_04262022:Ferroplasma (length 1890475)

DiscRep_ALL:MOLTYPE_NOT_MRNA::1 molecule types are not set as mRNA.
PROKKA_04262022/PROKKA_04262022:Ferroplasma (length 1890475)

DiscRep_ALL:TECHNIQUE_NOT_TSA::1 technique are not set as TSA
PROKKA_04262022/PROKKA_04262022:Ferroplasma (length 1890475)

DiscRep_ALL:MISSING_STRUCTURED_COMMENT::1 sequences do not include structured comments.
PROKKA_04262022/PROKKA_04262022:Ferroplasma (length 1890475)

DiscRep_ALL:MISSING_PROJECT::2134 sequences do not include project.
PROKKA_04262022/PROKKA_04262022:Ferroplasma (length 1890475)
PROKKA_04262022/PROKKA_04262022:Ferroplasma_1 (length 126)
PROKKA_04262022/PROKKA_04262022:Ferroplasma_2 (length 84)
PROKKA_04262022/PROKKA_04262022:Ferroplasma_3 (length 46)
PROKKA_04262022/PROKKA_04262022:Ferroplasma_4 (length 42)
PROKKA_04262022/PROKKA_04262022:Ferroplasma_5 (length 32)
PROKKA_04262022/PROKKA_04262022:Ferroplasma_6 (length 134)
PROKKA_04262022/PROKKA_04262022:Ferroplasma_7 (length 171)
PROKKA_04262022/PROKKA_04262022:Ferroplasma_8 (length 92)
PROKKA_04262022/PROKKA_04262022:Ferroplasma_9 (length 101)
PROKKA_04262022/PROKKA_04262022:Ferroplasma_10 (length 182)
PROKKA_04262022/PROKKA_04262022:Ferroplasma_11 (length 244)
PROKKA_04262022/PROKKA_04262022:Ferroplasma_12 (length 239)
PROKKA_04262022/PROKKA_04262022:Ferroplasma_13 (length 900)
PROKKA_04262022/PROKKA_04262022:Ferroplasma_14 (length 315)
PROKKA_04262022/PROKKA_04262022:Ferroplasma_15 (length 219)
PROKKA_04262022/PROKKA_04262022:Ferroplasma_16 (length 607)
PROKKA_04262022/PROKKA_04262022:Ferroplasma_17 (length 146)
PROKKA_04262022/PROKKA_04262022:Ferroplasma_18 (length 322)
PROKKA_04262022/PROKKA_04262022:Ferroplasma_19 (length 86)
PROKKA_04262022/PROKKA_04262022:Ferroplasma_20 (length 251)
PROKKA_04262022/PROKKA_04262022:Ferroplasma_21 (length 163)
PROKKA_04262022/PROKKA_04262022:Ferroplasma_22 (length 98)
PROKKA_04262022/PROKKA_04262022:Ferroplasma_23 (length 122)
PROKKA_04262022/PROKKA_04262022:Ferroplasma_24 (length 73)
PROKKA_04262022/PROKKA_04262022:Ferroplasma_25 (length 73)
PROKKA_04262022/PROKKA_04262022:Ferroplasma_26 (length 90)
PROKKA_04262022/PROKKA_04262022:Ferroplasma_27 (length 121)
PROKKA_04262022/PROKKA_04262022:Ferroplasma_28 (length 169)
PROKKA_04262022/PROKKA_04262022:Ferroplasma_29 (length 268)
PROKKA_04262022/PROKKA_04262022:Ferroplasma_30 (length 137)
PROKKA_04262022/PROKKA_04262022:Ferroplasma_31 (length 76)
PROKKA_04262022/PROKKA_04262022:Ferroplasma_32 (length 102)
PROKKA_04262022/PROKKA_04262022:Ferroplasma_33 (length 139)
PROKKA_04262022/PROKKA_04262022:Ferroplasma_34 (length 311)
PROKKA_04262022/PROKKA_04262022:Ferroplasma_35 (length 115)
PROKKA_04262022/PROKKA_04262022:Ferroplasma_36 (length 57)
PROKKA_04262022/PROKKA_04262022:Ferroplasma_37 (length 109)
PROKKA_04262022/PROKKA_04262022:Ferroplasma_38 (length 142)
PROKKA_04262022/PROKKA_04262022:Ferroplasma_39 (length 360)
PROKKA_04262022/PROKKA_04262022:Ferroplasma_40 (length 55)
PROKKA_04262022/PROKKA_04262022:Ferroplasma_41 (length 351)
PROKKA_04262022/PROKKA_04262022:Ferroplasma_42 (length 275)
PROKKA_04262022/PROKKA_04262022:Ferroplasma_43 (length 328)
PROKKA_04262022/PROKKA_04262022:Ferroplasma_44 (length 179)
PROKKA_04262022/PROKKA_04262022:Ferroplasma_45 (length 246)
PROKKA_04262022/PROKKA_04262022:Ferroplasma_46 (length 30)
PROKKA_04262022/PROKKA_04262022:Ferroplasma_47 (length 298)
PROKKA_04262022/PROKKA_04262022:Ferroplasma_48 (length 42)
PROKKA_04262022/PROKKA_04262022:Ferroplasma_49 (length 296)
PROKKA_04262022/PROKKA_04262022:Ferroplasma_50 (length 312)
PROKKA_04262022/PROKKA_04262022:Ferroplasma_51 (length 60)
PROKKA_04262022/PROKKA_04262022:Ferroplasma_52 (length 215)
PROKKA_04262022/PROKKA_04262022:Ferroplasma_53 (length 41)
PROKKA_04262022/PROKKA_04262022:Ferroplasma_54 (length 134)
PROKKA_04262022/PROKKA_04262022:Ferroplasma_55 (length 290)
PROKKA_04262022/PROKKA_04262022:Ferroplasma_56 (length 87)
PROKKA_04262022/PROKKA_04262022:Ferroplasma_57 (length 320)
PROKKA_04262022/PROKKA_04262022:Ferroplasma_58 (length 236)
PROKKA_04262022/PROKKA_04262022:Ferroplasma_59 (length 64)
PROKKA_04262022/PROKKA_04262022:Ferroplasma_60 (length 413)
PROKKA_04262022/PROKKA_04262022:Ferroplasma_61 (length 356)
PROKKA_04262022/PROKKA_04262022:Ferroplasma_62 (length 840)
PROKKA_04262022/PROKKA_04262022:Ferroplasma_63 (length 87)
PROKKA_04262022/PROKKA_04262022:Ferroplasma_64 (length 320)
PROKKA_04262022/PROKKA_04262022:Ferroplasma_65 (length 105)
PROKKA_04262022/PROKKA_04262022:Ferroplasma_66 (length 264)
PROKKA_04262022/PROKKA_04262022:Ferroplasma_67 (length 242)
PROKKA_04262022/PROKKA_04262022:Ferroplasma_68 (length 272)
PROKKA_04262022/PROKKA_04262022:Ferroplasma_69 (length 98)
PROKKA_04262022/PROKKA_04262022:Ferroplasma_70 (length 528)
PROKKA_04262022/PROKKA_04262022:Ferroplasma_71 (length 277)
PROKKA_04262022/PROKKA_04262022:Ferroplasma_72 (length 412)
PROKKA_04262022/PROKKA_04262022:Ferroplasma_73 (length 382)
PROKKA_04262022/PROKKA_04262022:Ferroplasma_74 (length 351)
PROKKA_04262022/PROKKA_04262022:Ferroplasma_75 (length 263)
PROKKA_04262022/PROKKA_04262022:Ferroplasma_76 (length 82)
PROKKA_04262022/PROKKA_04262022:Ferroplasma_77 (length 303)
PROKKA_04262022/PROKKA_04262022:Ferroplasma_78 (length 343)
PROKKA_04262022/PROKKA_04262022:Ferroplasma_79 (length 89)
PROKKA_04262022/PROKKA_04262022:Ferroplasma_80 (length 253)
PROKKA_04262022/PROKKA_04262022:Ferroplasma_81 (length 209)
PROKKA_04262022/PROKKA_04262022:Ferroplasma_82 (length 495)
PROKKA_04262022/PROKKA_04262022:Ferroplasma_83 (length 504)
PROKKA_04262022/PROKKA_04262022:Ferroplasma_84 (length 137)
PROKKA_04262022/PROKKA_04262022:Ferroplasma_85 (length 78)
PROKKA_04262022/PROKKA_04262022:Ferroplasma_86 (length 72)
PROKKA_04262022/PROKKA_04262022:Ferroplasma_87 (length 59)
PROKKA_04262022/PROKKA_04262022:Ferroplasma_88 (length 85)
PROKKA_04262022/PROKKA_04262022:Ferroplasma_89 (length 159)
PROKKA_04262022/PROKKA_04262022:Ferroplasma_90 (length 112)
PROKKA_04262022/PROKKA_04262022:Ferroplasma_91 (length 198)
PROKKA_04262022/PROKKA_04262022:Ferroplasma_92 (length 89)
PROKKA_04262022/PROKKA_04262022:Ferroplasma_93 (length 105)
PROKKA_04262022/PROKKA_04262022:Ferroplasma_94 (length 35)
PROKKA_04262022/PROKKA_04262022:Ferroplasma_95 (length 136)
PROKKA_04262022/PROKKA_04262022:Ferroplasma_96 (length 404)
PROKKA_04262022/PROKKA_04262022:Ferroplasma_97 (length 194)
PROKKA_04262022/PROKKA_04262022:Ferroplasma_98 (length 41)
PROKKA_04262022/PROKKA_04262022:Ferroplasma_99 (length 191)
PROKKA_04262022/PROKKA_04262022:Ferroplasma_100 (length 360)
PROKKA_04262022/PROKKA_04262022:Ferroplasma_101 (length 324)
PROKKA_04262022/PROKKA_04262022:Ferroplasma_102 (length 184)
PROKKA_04262022/PROKKA_04262022:Ferroplasma_103 (length 189)
PROKKA_04262022/PROKKA_04262022:Ferroplasma_104 (length 177)
PROKKA_04262022/PROKKA_04262022:Ferroplasma_105 (length 235)
PROKKA_04262022/PROKKA_04262022:Ferroplasma_106 (length 437)
PROKKA_04262022/PROKKA_04262022:Ferroplasma_107 (length 45)
PROKKA_04262022/PROKKA_04262022:Ferroplasma_108 (length 113)
PROKKA_04262022/PROKKA_04262022:Ferroplasma_109 (length 54)
PROKKA_04262022/PROKKA_04262022:Ferroplasma_110 (length 533)
PROKKA_04262022/PROKKA_04262022:Ferroplasma_111 (length 31)
PROKKA_04262022/PROKKA_04262022:Ferroplasma_112 (length 30)
PROKKA_04262022/PROKKA_04262022:Ferroplasma_113 (length 120)
PROKKA_04262022/PROKKA_04262022:Ferroplasma_114 (length 273)
PROKKA_04262022/PROKKA_04262022:Ferroplasma_115 (length 91)
PROKKA_04262022/PROKKA_04262022:Ferroplasma_116 (length 41)
PROKKA_04262022/PROKKA_04262022:Ferroplasma_117 (length 174)
PROKKA_04262022/PROKKA_04262022:Ferroplasma_118 (length 68)
PROKKA_04262022/PROKKA_04262022:Ferroplasma_119 (length 165)
PROKKA_04262022/PROKKA_04262022:Ferroplasma_120 (length 37)
PROKKA_04262022/PROKKA_04262022:Ferroplasma_121 (length 125)
PROKKA_04262022/PROKKA_04262022:Ferroplasma_122 (length 178)
PROKKA_04262022/PROKKA_04262022:Ferroplasma_123 (length 170)
PROKKA_04262022/PROKKA_04262022:Ferroplasma_124 (length 188)
PROKKA_04262022/PROKKA_04262022:Ferroplasma_125 (length 93)
PROKKA_04262022/PROKKA_04262022:Ferroplasma_126 (length 107)
PROKKA_04262022/PROKKA_04262022:Ferroplasma_127 (length 396)
PROKKA_04262022/PROKKA_04262022:Ferroplasma_128 (length 413)
PROKKA_04262022/PROKKA_04262022:Ferroplasma_129 (length 189)
PROKKA_04262022/PROKKA_04262022:Ferroplasma_130 (length 329)
PROKKA_04262022/PROKKA_04262022:Ferroplasma_131 (length 102)
PROKKA_04262022/PROKKA_04262022:Ferroplasma_132 (length 463)
PROKKA_04262022/PROKKA_04262022:Ferroplasma_133 (length 369)
PROKKA_04262022/PROKKA_04262022:Ferroplasma_134 (length 226)
PROKKA_04262022/PROKKA_04262022:Ferroplasma_135 (length 397)
PROKKA_04262022/PROKKA_04262022:Ferroplasma_136 (length 64)
PROKKA_04262022/PROKKA_04262022:Ferroplasma_137 (length 386)
PROKKA_04262022/PROKKA_04262022:Ferroplasma_138 (length 55)
PROKKA_04262022/PROKKA_04262022:Ferroplasma_139 (length 177)
PROKKA_04262022/PROKKA_04262022:Ferroplasma_140 (length 277)
PROKKA_04262022/PROKKA_04262022:Ferroplasma_141 (length 322)
PROKKA_04262022/PROKKA_04262022:Ferroplasma_142 (length 297)
PROKKA_04262022/PROKKA_04262022:Ferroplasma_143 (length 474)
PROKKA_04262022/PROKKA_04262022:Ferroplasma_144 (length 300)
PROKKA_04262022/PROKKA_04262022:Ferroplasma_145 (length 245)
PROKKA_04262022/PROKKA_04262022:Ferroplasma_146 (length 517)
PROKKA_04262022/PROKKA_04262022:Ferroplasma_147 (length 41)
PROKKA_04262022/PROKKA_04262022:Ferroplasma_148 (length 150)
PROKKA_04262022/PROKKA_04262022:Ferroplasma_149 (length 437)
PROKKA_04262022/PROKKA_04262022:Ferroplasma_150 (length 465)
PROKKA_04262022/PROKKA_04262022:Ferroplasma_151 (length 189)
PROKKA_04262022/PROKKA_04262022:Ferroplasma_152 (length 275)
PROKKA_04262022/PROKKA_04262022:Ferroplasma_153 (length 44)
PROKKA_04262022/PROKKA_04262022:Ferroplasma_154 (length 53)
PROKKA_04262022/PROKKA_04262022:Ferroplasma_155 (length 496)
PROKKA_04262022/PROKKA_04262022:Ferroplasma_156 (length 134)
PROKKA_04262022/PROKKA_04262022:Ferroplasma_157 (length 513)
PROKKA_04262022/PROKKA_04262022:Ferroplasma_158 (length 312)
PROKKA_04262022/PROKKA_04262022:Ferroplasma_159 (length 145)
PROKKA_04262022/PROKKA_04262022:Ferroplasma_160 (length 312)
PROKKA_04262022/PROKKA_04262022:Ferroplasma_161 (length 338)
PROKKA_04262022/PROKKA_04262022:Ferroplasma_162 (length 136)
PROKKA_04262022/PROKKA_04262022:Ferroplasma_163 (length 53)
PROKKA_04262022/PROKKA_04262022:Ferroplasma_164 (length 416)
PROKKA_04262022/PROKKA_04262022:Ferroplasma_165 (length 503)
PROKKA_04262022/PROKKA_04262022:Ferroplasma_166 (length 386)
PROKKA_04262022/PROKKA_04262022:Ferroplasma_167 (length 182)
PROKKA_04262022/PROKKA_04262022:Ferroplasma_168 (length 463)
PROKKA_04262022/PROKKA_04262022:Ferroplasma_169 (length 85)
PROKKA_04262022/PROKKA_04262022:Ferroplasma_170 (length 37)
PROKKA_04262022/PROKKA_04262022:Ferroplasma_171 (length 369)
PROKKA_04262022/PROKKA_04262022:Ferroplasma_172 (length 317)
PROKKA_04262022/PROKKA_04262022:Ferroplasma_173 (length 466)
PROKKA_04262022/PROKKA_04262022:Ferroplasma_174 (length 230)
PROKKA_04262022/PROKKA_04262022:Ferroplasma_175 (length 430)
PROKKA_04262022/PROKKA_04262022:Ferroplasma_176 (length 185)
PROKKA_04262022/PROKKA_04262022:Ferroplasma_177 (length 137)
PROKKA_04262022/PROKKA_04262022:Ferroplasma_178 (length 321)
PROKKA_04262022/PROKKA_04262022:Ferroplasma_179 (length 497)
PROKKA_04262022/PROKKA_04262022:Ferroplasma_180 (length 134)
PROKKA_04262022/PROKKA_04262022:Ferroplasma_181 (length 291)
PROKKA_04262022/PROKKA_04262022:Ferroplasma_182 (length 89)
PROKKA_04262022/PROKKA_04262022:Ferroplasma_183 (length 229)
PROKKA_04262022/PROKKA_04262022:Ferroplasma_184 (length 180)
PROKKA_04262022/PROKKA_04262022:Ferroplasma_185 (length 95)
PROKKA_04262022/PROKKA_04262022:Ferroplasma_186 (length 207)
PROKKA_04262022/PROKKA_04262022:Ferroplasma_187 (length 651)
PROKKA_04262022/PROKKA_04262022:Ferroplasma_188 (length 69)
PROKKA_04262022/PROKKA_04262022:Ferroplasma_189 (length 347)
PROKKA_04262022/PROKKA_04262022:Ferroplasma_190 (length 88)
PROKKA_04262022/PROKKA_04262022:Ferroplasma_191 (length 451)
PROKKA_04262022/PROKKA_04262022:Ferroplasma_192 (length 89)
PROKKA_04262022/PROKKA_04262022:Ferroplasma_193 (length 93)
PROKKA_04262022/PROKKA_04262022:Ferroplasma_194 (length 322)
PROKKA_04262022/PROKKA_04262022:Ferroplasma_195 (length 477)
PROKKA_04262022/PROKKA_04262022:Ferroplasma_196 (length 187)
PROKKA_04262022/PROKKA_04262022:Ferroplasma_197 (length 332)
PROKKA_04262022/PROKKA_04262022:Ferroplasma_198 (length 143)
PROKKA_04262022/PROKKA_04262022:Ferroplasma_199 (length 404)
PROKKA_04262022/PROKKA_04262022:Ferroplasma_200 (length 45)
PROKKA_04262022/PROKKA_04262022:Ferroplasma_201 (length 471)
PROKKA_04262022/PROKKA_04262022:Ferroplasma_202 (length 460)
PROKKA_04262022/PROKKA_04262022:Ferroplasma_203 (length 378)
PROKKA_04262022/PROKKA_04262022:Ferroplasma_204 (length 66)
PROKKA_04262022/PROKKA_04262022:Ferroplasma_205 (length 62)
PROKKA_04262022/PROKKA_04262022:Ferroplasma_206 (length 366)
PROKKA_04262022/PROKKA_04262022:Ferroplasma_207 (length 453)
PROKKA_04262022/PROKKA_04262022:Ferroplasma_208 (length 329)
PROKKA_04262022/PROKKA_04262022:Ferroplasma_209 (length 400)
PROKKA_04262022/PROKKA_04262022:Ferroplasma_210 (length 667)
PROKKA_04262022/PROKKA_04262022:Ferroplasma_211 (length 227)
PROKKA_04262022/PROKKA_04262022:Ferroplasma_212 (length 547)
PROKKA_04262022/PROKKA_04262022:Ferroplasma_213 (length 147)
PROKKA_04262022/PROKKA_04262022:Ferroplasma_214 (length 319)
PROKKA_04262022/PROKKA_04262022:Ferroplasma_215 (length 107)
PROKKA_04262022/PROKKA_04262022:Ferroplasma_216 (length 320)
PROKKA_04262022/PROKKA_04262022:Ferroplasma_217 (length 196)
PROKKA_04262022/PROKKA_04262022:Ferroplasma_218 (length 185)
PROKKA_04262022/PROKKA_04262022:Ferroplasma_219 (length 107)
PROKKA_04262022/PROKKA_04262022:Ferroplasma_220 (length 194)
PROKKA_04262022/PROKKA_04262022:Ferroplasma_221 (length 75)
PROKKA_04262022/PROKKA_04262022:Ferroplasma_222 (length 86)
PROKKA_04262022/PROKKA_04262022:Ferroplasma_223 (length 114)
PROKKA_04262022/PROKKA_04262022:Ferroplasma_224 (length 91)
PROKKA_04262022/PROKKA_04262022:Ferroplasma_225 (length 57)
PROKKA_04262022/PROKKA_04262022:Ferroplasma_226 (length 122)
PROKKA_04262022/PROKKA_04262022:Ferroplasma_227 (length 146)
PROKKA_04262022/PROKKA_04262022:Ferroplasma_228 (length 139)
PROKKA_04262022/PROKKA_04262022:Ferroplasma_229 (length 94)
PROKKA_04262022/PROKKA_04262022:Ferroplasma_230 (length 71)
PROKKA_04262022/PROKKA_04262022:Ferroplasma_231 (length 398)
PROKKA_04262022/PROKKA_04262022:Ferroplasma_232 (length 358)
PROKKA_04262022/PROKKA_04262022:Ferroplasma_233 (length 89)
PROKKA_04262022/PROKKA_04262022:Ferroplasma_234 (length 260)
PROKKA_04262022/PROKKA_04262022:Ferroplasma_235 (length 639)
PROKKA_04262022/PROKKA_04262022:Ferroplasma_236 (length 211)
PROKKA_04262022/PROKKA_04262022:Ferroplasma_237 (length 514)
PROKKA_04262022/PROKKA_04262022:Ferroplasma_238 (length 474)
PROKKA_04262022/PROKKA_04262022:Ferroplasma_239 (length 81)
PROKKA_04262022/PROKKA_04262022:Ferroplasma_240 (length 263)
PROKKA_04262022/PROKKA_04262022:Ferroplasma_241 (length 291)
PROKKA_04262022/PROKKA_04262022:Ferroplasma_242 (length 84)
PROKKA_04262022/PROKKA_04262022:Ferroplasma_243 (length 341)
PROKKA_04262022/PROKKA_04262022:Ferroplasma_244 (length 111)
PROKKA_04262022/PROKKA_04262022:Ferroplasma_245 (length 361)
PROKKA_04262022/PROKKA_04262022:Ferroplasma_246 (length 206)
PROKKA_04262022/PROKKA_04262022:Ferroplasma_247 (length 260)
PROKKA_04262022/PROKKA_04262022:Ferroplasma_248 (length 120)
PROKKA_04262022/PROKKA_04262022:Ferroplasma_249 (length 253)
PROKKA_04262022/PROKKA_04262022:Ferroplasma_250 (length 364)
PROKKA_04262022/PROKKA_04262022:Ferroplasma_251 (length 124)
PROKKA_04262022/PROKKA_04262022:Ferroplasma_252 (length 441)
PROKKA_04262022/PROKKA_04262022:Ferroplasma_253 (length 426)
PROKKA_04262022/PROKKA_04262022:Ferroplasma_254 (length 44)
PROKKA_04262022/PROKKA_04262022:Ferroplasma_255 (length 108)
PROKKA_04262022/PROKKA_04262022:Ferroplasma_256 (length 262)
PROKKA_04262022/PROKKA_04262022:Ferroplasma_257 (length 343)
PROKKA_04262022/PROKKA_04262022:Ferroplasma_258 (length 146)
PROKKA_04262022/PROKKA_04262022:Ferroplasma_259 (length 166)
PROKKA_04262022/PROKKA_04262022:Ferroplasma_260 (length 298)
PROKKA_04262022/PROKKA_04262022:Ferroplasma_261 (length 289)
PROKKA_04262022/PROKKA_04262022:Ferroplasma_262 (length 140)
PROKKA_04262022/PROKKA_04262022:Ferroplasma_263 (length 399)
PROKKA_04262022/PROKKA_04262022:Ferroplasma_264 (length 510)
PROKKA_04262022/PROKKA_04262022:Ferroplasma_265 (length 256)
PROKKA_04262022/PROKKA_04262022:Ferroplasma_266 (length 279)
PROKKA_04262022/PROKKA_04262022:Ferroplasma_267 (length 387)
PROKKA_04262022/PROKKA_04262022:Ferroplasma_268 (length 320)
PROKKA_04262022/PROKKA_04262022:Ferroplasma_269 (length 61)
PROKKA_04262022/PROKKA_04262022:Ferroplasma_270 (length 399)
PROKKA_04262022/PROKKA_04262022:Ferroplasma_271 (length 178)
PROKKA_04262022/PROKKA_04262022:Ferroplasma_272 (length 109)
PROKKA_04262022/PROKKA_04262022:Ferroplasma_273 (length 679)
PROKKA_04262022/PROKKA_04262022:Ferroplasma_274 (length 267)
PROKKA_04262022/PROKKA_04262022:Ferroplasma_275 (length 264)
PROKKA_04262022/PROKKA_04262022:Ferroplasma_276 (length 491)
PROKKA_04262022/PROKKA_04262022:Ferroplasma_277 (length 63)
PROKKA_04262022/PROKKA_04262022:Ferroplasma_278 (length 304)
PROKKA_04262022/PROKKA_04262022:Ferroplasma_279 (length 221)
PROKKA_04262022/PROKKA_04262022:Ferroplasma_280 (length 389)
PROKKA_04262022/PROKKA_04262022:Ferroplasma_281 (length 134)
PROKKA_04262022/PROKKA_04262022:Ferroplasma_282 (length 757)
PROKKA_04262022/PROKKA_04262022:Ferroplasma_283 (length 317)
PROKKA_04262022/PROKKA_04262022:Ferroplasma_284 (length 118)
PROKKA_04262022/PROKKA_04262022:Ferroplasma_285 (length 247)
PROKKA_04262022/PROKKA_04262022:Ferroplasma_286 (length 157)
PROKKA_04262022/PROKKA_04262022:Ferroplasma_287 (length 191)
PROKKA_04262022/PROKKA_04262022:Ferroplasma_288 (length 214)
PROKKA_04262022/PROKKA_04262022:Ferroplasma_289 (length 139)
PROKKA_04262022/PROKKA_04262022:Ferroplasma_290 (length 66)
PROKKA_04262022/PROKKA_04262022:Ferroplasma_291 (length 190)
PROKKA_04262022/PROKKA_04262022:Ferroplasma_292 (length 330)
PROKKA_04262022/PROKKA_04262022:Ferroplasma_293 (length 322)
PROKKA_04262022/PROKKA_04262022:Ferroplasma_294 (length 77)
PROKKA_04262022/PROKKA_04262022:Ferroplasma_295 (length 467)
PROKKA_04262022/PROKKA_04262022:Ferroplasma_296 (length 313)
PROKKA_04262022/PROKKA_04262022:Ferroplasma_297 (length 291)
PROKKA_04262022/PROKKA_04262022:Ferroplasma_298 (length 115)
PROKKA_04262022/PROKKA_04262022:Ferroplasma_299 (length 314)
PROKKA_04262022/PROKKA_04262022:Ferroplasma_300 (length 632)
PROKKA_04262022/PROKKA_04262022:Ferroplasma_301 (length 94)
PROKKA_04262022/PROKKA_04262022:Ferroplasma_302 (length 284)
PROKKA_04262022/PROKKA_04262022:Ferroplasma_303 (length 366)
PROKKA_04262022/PROKKA_04262022:Ferroplasma_304 (length 278)
PROKKA_04262022/PROKKA_04262022:Ferroplasma_305 (length 104)
PROKKA_04262022/PROKKA_04262022:Ferroplasma_306 (length 443)
PROKKA_04262022/PROKKA_04262022:Ferroplasma_307 (length 241)
PROKKA_04262022/PROKKA_04262022:Ferroplasma_308 (length 62)
PROKKA_04262022/PROKKA_04262022:Ferroplasma_309 (length 435)
PROKKA_04262022/PROKKA_04262022:Ferroplasma_310 (length 155)
PROKKA_04262022/PROKKA_04262022:Ferroplasma_311 (length 837)
PROKKA_04262022/PROKKA_04262022:Ferroplasma_312 (length 290)
PROKKA_04262022/PROKKA_04262022:Ferroplasma_313 (length 112)
PROKKA_04262022/PROKKA_04262022:Ferroplasma_314 (length 383)
PROKKA_04262022/PROKKA_04262022:Ferroplasma_315 (length 446)
PROKKA_04262022/PROKKA_04262022:Ferroplasma_316 (length 239)
PROKKA_04262022/PROKKA_04262022:Ferroplasma_317 (length 31)
PROKKA_04262022/PROKKA_04262022:Ferroplasma_318 (length 292)
PROKKA_04262022/PROKKA_04262022:Ferroplasma_319 (length 150)
PROKKA_04262022/PROKKA_04262022:Ferroplasma_320 (length 320)
PROKKA_04262022/PROKKA_04262022:Ferroplasma_321 (length 491)
PROKKA_04262022/PROKKA_04262022:Ferroplasma_322 (length 219)
PROKKA_04262022/PROKKA_04262022:Ferroplasma_323 (length 478)
PROKKA_04262022/PROKKA_04262022:Ferroplasma_324 (length 361)
PROKKA_04262022/PROKKA_04262022:Ferroplasma_325 (length 361)
PROKKA_04262022/PROKKA_04262022:Ferroplasma_326 (length 432)
PROKKA_04262022/PROKKA_04262022:Ferroplasma_327 (length 363)
PROKKA_04262022/PROKKA_04262022:Ferroplasma_328 (length 75)
PROKKA_04262022/PROKKA_04262022:Ferroplasma_329 (length 402)
PROKKA_04262022/PROKKA_04262022:Ferroplasma_330 (length 752)
PROKKA_04262022/PROKKA_04262022:Ferroplasma_331 (length 114)
PROKKA_04262022/PROKKA_04262022:Ferroplasma_332 (length 505)
PROKKA_04262022/PROKKA_04262022:Ferroplasma_333 (length 69)
PROKKA_04262022/PROKKA_04262022:Ferroplasma_334 (length 239)
PROKKA_04262022/PROKKA_04262022:Ferroplasma_335 (length 428)
PROKKA_04262022/PROKKA_04262022:Ferroplasma_336 (length 42)
PROKKA_04262022/PROKKA_04262022:Ferroplasma_337 (length 129)
PROKKA_04262022/PROKKA_04262022:Ferroplasma_338 (length 105)
PROKKA_04262022/PROKKA_04262022:Ferroplasma_339 (length 82)
PROKKA_04262022/PROKKA_04262022:Ferroplasma_340 (length 87)
PROKKA_04262022/PROKKA_04262022:Ferroplasma_341 (length 116)
PROKKA_04262022/PROKKA_04262022:Ferroplasma_342 (length 529)
PROKKA_04262022/PROKKA_04262022:Ferroplasma_343 (length 105)
PROKKA_04262022/PROKKA_04262022:Ferroplasma_344 (length 57)
PROKKA_04262022/PROKKA_04262022:Ferroplasma_345 (length 136)
PROKKA_04262022/PROKKA_04262022:Ferroplasma_346 (length 84)
PROKKA_04262022/PROKKA_04262022:Ferroplasma_347 (length 35)
PROKKA_04262022/PROKKA_04262022:Ferroplasma_348 (length 49)
PROKKA_04262022/PROKKA_04262022:Ferroplasma_349 (length 84)
PROKKA_04262022/PROKKA_04262022:Ferroplasma_350 (length 135)
PROKKA_04262022/PROKKA_04262022:Ferroplasma_351 (length 114)
PROKKA_04262022/PROKKA_04262022:Ferroplasma_352 (length 170)
PROKKA_04262022/PROKKA_04262022:Ferroplasma_353 (length 430)
PROKKA_04262022/PROKKA_04262022:Ferroplasma_354 (length 107)
PROKKA_04262022/PROKKA_04262022:Ferroplasma_355 (length 321)
PROKKA_04262022/PROKKA_04262022:Ferroplasma_356 (length 90)
PROKKA_04262022/PROKKA_04262022:Ferroplasma_357 (length 78)
PROKKA_04262022/PROKKA_04262022:Ferroplasma_358 (length 137)
PROKKA_04262022/PROKKA_04262022:Ferroplasma_359 (length 122)
PROKKA_04262022/PROKKA_04262022:Ferroplasma_360 (length 1025)
PROKKA_04262022/PROKKA_04262022:Ferroplasma_361 (length 46)
PROKKA_04262022/PROKKA_04262022:Ferroplasma_362 (length 1698)
PROKKA_04262022/PROKKA_04262022:Ferroplasma_363 (length 668)
PROKKA_04262022/PROKKA_04262022:Ferroplasma_364 (length 159)
PROKKA_04262022/PROKKA_04262022:Ferroplasma_365 (length 284)
PROKKA_04262022/PROKKA_04262022:Ferroplasma_366 (length 111)
PROKKA_04262022/PROKKA_04262022:Ferroplasma_367 (length 53)
PROKKA_04262022/PROKKA_04262022:Ferroplasma_368 (length 65)
PROKKA_04262022/PROKKA_04262022:Ferroplasma_369 (length 314)
PROKKA_04262022/PROKKA_04262022:Ferroplasma_370 (length 305)
PROKKA_04262022/PROKKA_04262022:Ferroplasma_371 (length 356)
PROKKA_04262022/PROKKA_04262022:Ferroplasma_372 (length 329)
PROKKA_04262022/PROKKA_04262022:Ferroplasma_373 (length 103)
PROKKA_04262022/PROKKA_04262022:Ferroplasma_374 (length 198)
PROKKA_04262022/PROKKA_04262022:Ferroplasma_375 (length 795)
PROKKA_04262022/PROKKA_04262022:Ferroplasma_376 (length 158)
PROKKA_04262022/PROKKA_04262022:Ferroplasma_377 (length 29)
PROKKA_04262022/PROKKA_04262022:Ferroplasma_378 (length 359)
PROKKA_04262022/PROKKA_04262022:Ferroplasma_379 (length 385)
PROKKA_04262022/PROKKA_04262022:Ferroplasma_380 (length 318)
PROKKA_04262022/PROKKA_04262022:Ferroplasma_381 (length 126)
PROKKA_04262022/PROKKA_04262022:Ferroplasma_382 (length 72)
PROKKA_04262022/PROKKA_04262022:Ferroplasma_383 (length 109)
PROKKA_04262022/PROKKA_04262022:Ferroplasma_384 (length 134)
PROKKA_04262022/PROKKA_04262022:Ferroplasma_385 (length 557)
PROKKA_04262022/PROKKA_04262022:Ferroplasma_386 (length 445)
PROKKA_04262022/PROKKA_04262022:Ferroplasma_387 (length 536)
PROKKA_04262022/PROKKA_04262022:Ferroplasma_388 (length 54)
PROKKA_04262022/PROKKA_04262022:Ferroplasma_389 (length 559)
PROKKA_04262022/PROKKA_04262022:Ferroplasma_390 (length 55)
PROKKA_04262022/PROKKA_04262022:Ferroplasma_391 (length 73)
PROKKA_04262022/PROKKA_04262022:Ferroplasma_392 (length 375)
PROKKA_04262022/PROKKA_04262022:Ferroplasma_393 (length 309)
PROKKA_04262022/PROKKA_04262022:Ferroplasma_394 (length 190)
PROKKA_04262022/PROKKA_04262022:Ferroplasma_395 (length 412)
PROKKA_04262022/PROKKA_04262022:Ferroplasma_396 (length 133)
PROKKA_04262022/PROKKA_04262022:Ferroplasma_397 (length 311)
PROKKA_04262022/PROKKA_04262022:Ferroplasma_398 (length 144)
PROKKA_04262022/PROKKA_04262022:Ferroplasma_399 (length 95)
PROKKA_04262022/PROKKA_04262022:Ferroplasma_400 (length 158)
PROKKA_04262022/PROKKA_04262022:Ferroplasma_401 (length 100)
PROKKA_04262022/PROKKA_04262022:Ferroplasma_402 (length 311)
PROKKA_04262022/PROKKA_04262022:Ferroplasma_403 (length 150)
PROKKA_04262022/PROKKA_04262022:Ferroplasma_404 (length 676)
PROKKA_04262022/PROKKA_04262022:Ferroplasma_405 (length 44)
PROKKA_04262022/PROKKA_04262022:Ferroplasma_406 (length 172)
PROKKA_04262022/PROKKA_04262022:Ferroplasma_407 (length 107)
PROKKA_04262022/PROKKA_04262022:Ferroplasma_408 (length 274)
PROKKA_04262022/PROKKA_04262022:Ferroplasma_409 (length 107)
PROKKA_04262022/PROKKA_04262022:Ferroplasma_410 (length 350)
PROKKA_04262022/PROKKA_04262022:Ferroplasma_411 (length 397)
PROKKA_04262022/PROKKA_04262022:Ferroplasma_412 (length 112)
PROKKA_04262022/PROKKA_04262022:Ferroplasma_413 (length 74)
PROKKA_04262022/PROKKA_04262022:Ferroplasma_414 (length 257)
PROKKA_04262022/PROKKA_04262022:Ferroplasma_415 (length 72)
PROKKA_04262022/PROKKA_04262022:Ferroplasma_416 (length 261)
PROKKA_04262022/PROKKA_04262022:Ferroplasma_417 (length 79)
PROKKA_04262022/PROKKA_04262022:Ferroplasma_418 (length 328)
PROKKA_04262022/PROKKA_04262022:Ferroplasma_419 (length 584)
PROKKA_04262022/PROKKA_04262022:Ferroplasma_420 (length 168)
PROKKA_04262022/PROKKA_04262022:Ferroplasma_421 (length 215)
PROKKA_04262022/PROKKA_04262022:Ferroplasma_422 (length 791)
PROKKA_04262022/PROKKA_04262022:Ferroplasma_423 (length 643)
PROKKA_04262022/PROKKA_04262022:Ferroplasma_424 (length 205)
PROKKA_04262022/PROKKA_04262022:Ferroplasma_425 (length 79)
PROKKA_04262022/PROKKA_04262022:Ferroplasma_426 (length 547)
PROKKA_04262022/PROKKA_04262022:Ferroplasma_427 (length 339)
PROKKA_04262022/PROKKA_04262022:Ferroplasma_428 (length 209)
PROKKA_04262022/PROKKA_04262022:Ferroplasma_429 (length 177)
PROKKA_04262022/PROKKA_04262022:Ferroplasma_430 (length 78)
PROKKA_04262022/PROKKA_04262022:Ferroplasma_431 (length 79)
PROKKA_04262022/PROKKA_04262022:Ferroplasma_432 (length 111)
PROKKA_04262022/PROKKA_04262022:Ferroplasma_433 (length 137)
PROKKA_04262022/PROKKA_04262022:Ferroplasma_434 (length 81)
PROKKA_04262022/PROKKA_04262022:Ferroplasma_435 (length 112)
PROKKA_04262022/PROKKA_04262022:Ferroplasma_436 (length 468)
PROKKA_04262022/PROKKA_04262022:Ferroplasma_437 (length 498)
PROKKA_04262022/PROKKA_04262022:Ferroplasma_438 (length 627)
PROKKA_04262022/PROKKA_04262022:Ferroplasma_439 (length 99)
PROKKA_04262022/PROKKA_04262022:Ferroplasma_440 (length 73)
PROKKA_04262022/PROKKA_04262022:Ferroplasma_441 (length 83)
PROKKA_04262022/PROKKA_04262022:Ferroplasma_442 (length 165)
PROKKA_04262022/PROKKA_04262022:Ferroplasma_443 (length 351)
PROKKA_04262022/PROKKA_04262022:Ferroplasma_444 (length 367)
PROKKA_04262022/PROKKA_04262022:Ferroplasma_445 (length 151)
PROKKA_04262022/PROKKA_04262022:Ferroplasma_446 (length 154)
PROKKA_04262022/PROKKA_04262022:Ferroplasma_447 (length 144)
PROKKA_04262022/PROKKA_04262022:Ferroplasma_448 (length 91)
PROKKA_04262022/PROKKA_04262022:Ferroplasma_449 (length 305)
PROKKA_04262022/PROKKA_04262022:Ferroplasma_450 (length 206)
PROKKA_04262022/PROKKA_04262022:Ferroplasma_451 (length 402)
PROKKA_04262022/PROKKA_04262022:Ferroplasma_452 (length 377)
PROKKA_04262022/PROKKA_04262022:Ferroplasma_453 (length 69)
PROKKA_04262022/PROKKA_04262022:Ferroplasma_454 (length 164)
PROKKA_04262022/PROKKA_04262022:Ferroplasma_455 (length 211)
PROKKA_04262022/PROKKA_04262022:Ferroplasma_456 (length 458)
PROKKA_04262022/PROKKA_04262022:Ferroplasma_457 (length 112)
PROKKA_04262022/PROKKA_04262022:Ferroplasma_458 (length 187)
PROKKA_04262022/PROKKA_04262022:Ferroplasma_459 (length 129)
PROKKA_04262022/PROKKA_04262022:Ferroplasma_460 (length 81)
PROKKA_04262022/PROKKA_04262022:Ferroplasma_461 (length 119)
PROKKA_04262022/PROKKA_04262022:Ferroplasma_462 (length 166)
PROKKA_04262022/PROKKA_04262022:Ferroplasma_463 (length 235)
PROKKA_04262022/PROKKA_04262022:Ferroplasma_464 (length 83)
PROKKA_04262022/PROKKA_04262022:Ferroplasma_465 (length 99)
PROKKA_04262022/PROKKA_04262022:Ferroplasma_466 (length 437)
PROKKA_04262022/PROKKA_04262022:Ferroplasma_467 (length 304)
PROKKA_04262022/PROKKA_04262022:Ferroplasma_468 (length 245)
PROKKA_04262022/PROKKA_04262022:Ferroplasma_469 (length 118)
PROKKA_04262022/PROKKA_04262022:Ferroplasma_470 (length 1168)
PROKKA_04262022/PROKKA_04262022:Ferroplasma_471 (length 204)
PROKKA_04262022/PROKKA_04262022:Ferroplasma_472 (length 80)
PROKKA_04262022/PROKKA_04262022:Ferroplasma_473 (length 88)
PROKKA_04262022/PROKKA_04262022:Ferroplasma_474 (length 353)
PROKKA_04262022/PROKKA_04262022:Ferroplasma_475 (length 446)
PROKKA_04262022/PROKKA_04262022:Ferroplasma_476 (length 201)
PROKKA_04262022/PROKKA_04262022:Ferroplasma_477 (length 426)
PROKKA_04262022/PROKKA_04262022:Ferroplasma_478 (length 262)
PROKKA_04262022/PROKKA_04262022:Ferroplasma_479 (length 343)
PROKKA_04262022/PROKKA_04262022:Ferroplasma_480 (length 60)
PROKKA_04262022/PROKKA_04262022:Ferroplasma_481 (length 161)
PROKKA_04262022/PROKKA_04262022:Ferroplasma_482 (length 256)
PROKKA_04262022/PROKKA_04262022:Ferroplasma_483 (length 130)
PROKKA_04262022/PROKKA_04262022:Ferroplasma_484 (length 288)
PROKKA_04262022/PROKKA_04262022:Ferroplasma_485 (length 492)
PROKKA_04262022/PROKKA_04262022:Ferroplasma_486 (length 139)
PROKKA_04262022/PROKKA_04262022:Ferroplasma_487 (length 69)
PROKKA_04262022/PROKKA_04262022:Ferroplasma_488 (length 193)
PROKKA_04262022/PROKKA_04262022:Ferroplasma_489 (length 71)
PROKKA_04262022/PROKKA_04262022:Ferroplasma_490 (length 298)
PROKKA_04262022/PROKKA_04262022:Ferroplasma_491 (length 175)
PROKKA_04262022/PROKKA_04262022:Ferroplasma_492 (length 381)
PROKKA_04262022/PROKKA_04262022:Ferroplasma_493 (length 1158)
PROKKA_04262022/PROKKA_04262022:Ferroplasma_494 (length 313)
PROKKA_04262022/PROKKA_04262022:Ferroplasma_495 (length 213)
PROKKA_04262022/PROKKA_04262022:Ferroplasma_496 (length 441)
PROKKA_04262022/PROKKA_04262022:Ferroplasma_497 (length 384)
PROKKA_04262022/PROKKA_04262022:Ferroplasma_498 (length 209)
PROKKA_04262022/PROKKA_04262022:Ferroplasma_499 (length 581)
PROKKA_04262022/PROKKA_04262022:Ferroplasma_500 (length 361)
PROKKA_04262022/PROKKA_04262022:Ferroplasma_501 (length 66)
PROKKA_04262022/PROKKA_04262022:Ferroplasma_502 (length 52)
PROKKA_04262022/PROKKA_04262022:Ferroplasma_503 (length 170)
PROKKA_04262022/PROKKA_04262022:Ferroplasma_504 (length 84)
PROKKA_04262022/PROKKA_04262022:Ferroplasma_505 (length 749)
PROKKA_04262022/PROKKA_04262022:Ferroplasma_506 (length 80)
PROKKA_04262022/PROKKA_04262022:Ferroplasma_507 (length 105)
PROKKA_04262022/PROKKA_04262022:Ferroplasma_508 (length 317)
PROKKA_04262022/PROKKA_04262022:Ferroplasma_509 (length 51)
PROKKA_04262022/PROKKA_04262022:Ferroplasma_510 (length 208)
PROKKA_04262022/PROKKA_04262022:Ferroplasma_511 (length 181)
PROKKA_04262022/PROKKA_04262022:Ferroplasma_512 (length 118)
PROKKA_04262022/PROKKA_04262022:Ferroplasma_513 (length 183)
PROKKA_04262022/PROKKA_04262022:Ferroplasma_514 (length 351)
PROKKA_04262022/PROKKA_04262022:Ferroplasma_515 (length 154)
PROKKA_04262022/PROKKA_04262022:Ferroplasma_516 (length 251)
PROKKA_04262022/PROKKA_04262022:Ferroplasma_517 (length 368)
PROKKA_04262022/PROKKA_04262022:Ferroplasma_518 (length 295)
PROKKA_04262022/PROKKA_04262022:Ferroplasma_519 (length 252)
PROKKA_04262022/PROKKA_04262022:Ferroplasma_520 (length 100)
PROKKA_04262022/PROKKA_04262022:Ferroplasma_521 (length 453)
PROKKA_04262022/PROKKA_04262022:Ferroplasma_522 (length 253)
PROKKA_04262022/PROKKA_04262022:Ferroplasma_523 (length 237)
PROKKA_04262022/PROKKA_04262022:Ferroplasma_524 (length 116)
PROKKA_04262022/PROKKA_04262022:Ferroplasma_525 (length 308)
PROKKA_04262022/PROKKA_04262022:Ferroplasma_526 (length 437)
PROKKA_04262022/PROKKA_04262022:Ferroplasma_527 (length 379)
PROKKA_04262022/PROKKA_04262022:Ferroplasma_528 (length 354)
PROKKA_04262022/PROKKA_04262022:Ferroplasma_529 (length 173)
PROKKA_04262022/PROKKA_04262022:Ferroplasma_530 (length 115)
PROKKA_04262022/PROKKA_04262022:Ferroplasma_531 (length 92)
PROKKA_04262022/PROKKA_04262022:Ferroplasma_532 (length 202)
PROKKA_04262022/PROKKA_04262022:Ferroplasma_533 (length 139)
PROKKA_04262022/PROKKA_04262022:Ferroplasma_534 (length 221)
PROKKA_04262022/PROKKA_04262022:Ferroplasma_535 (length 470)
PROKKA_04262022/PROKKA_04262022:Ferroplasma_536 (length 107)
PROKKA_04262022/PROKKA_04262022:Ferroplasma_537 (length 95)
PROKKA_04262022/PROKKA_04262022:Ferroplasma_538 (length 419)
PROKKA_04262022/PROKKA_04262022:Ferroplasma_539 (length 457)
PROKKA_04262022/PROKKA_04262022:Ferroplasma_540 (length 54)
PROKKA_04262022/PROKKA_04262022:Ferroplasma_541 (length 376)
PROKKA_04262022/PROKKA_04262022:Ferroplasma_542 (length 503)
PROKKA_04262022/PROKKA_04262022:Ferroplasma_543 (length 237)
PROKKA_04262022/PROKKA_04262022:Ferroplasma_544 (length 287)
PROKKA_04262022/PROKKA_04262022:Ferroplasma_545 (length 70)
PROKKA_04262022/PROKKA_04262022:Ferroplasma_546 (length 83)
PROKKA_04262022/PROKKA_04262022:Ferroplasma_547 (length 104)
PROKKA_04262022/PROKKA_04262022:Ferroplasma_548 (length 277)
PROKKA_04262022/PROKKA_04262022:Ferroplasma_549 (length 481)
PROKKA_04262022/PROKKA_04262022:Ferroplasma_550 (length 196)
PROKKA_04262022/PROKKA_04262022:Ferroplasma_551 (length 66)
PROKKA_04262022/PROKKA_04262022:Ferroplasma_552 (length 162)
PROKKA_04262022/PROKKA_04262022:Ferroplasma_553 (length 376)
PROKKA_04262022/PROKKA_04262022:Ferroplasma_554 (length 890)
PROKKA_04262022/PROKKA_04262022:Ferroplasma_555 (length 272)
PROKKA_04262022/PROKKA_04262022:Ferroplasma_556 (length 143)
PROKKA_04262022/PROKKA_04262022:Ferroplasma_557 (length 964)
PROKKA_04262022/PROKKA_04262022:Ferroplasma_558 (length 198)
PROKKA_04262022/PROKKA_04262022:Ferroplasma_559 (length 152)
PROKKA_04262022/PROKKA_04262022:Ferroplasma_560 (length 181)
PROKKA_04262022/PROKKA_04262022:Ferroplasma_561 (length 134)
PROKKA_04262022/PROKKA_04262022:Ferroplasma_562 (length 425)
PROKKA_04262022/PROKKA_04262022:Ferroplasma_563 (length 250)
PROKKA_04262022/PROKKA_04262022:Ferroplasma_564 (length 157)
PROKKA_04262022/PROKKA_04262022:Ferroplasma_565 (length 550)
PROKKA_04262022/PROKKA_04262022:Ferroplasma_566 (length 503)
PROKKA_04262022/PROKKA_04262022:Ferroplasma_567 (length 63)
PROKKA_04262022/PROKKA_04262022:Ferroplasma_568 (length 821)
PROKKA_04262022/PROKKA_04262022:Ferroplasma_569 (length 237)
PROKKA_04262022/PROKKA_04262022:Ferroplasma_570 (length 396)
PROKKA_04262022/PROKKA_04262022:Ferroplasma_571 (length 35)
PROKKA_04262022/PROKKA_04262022:Ferroplasma_572 (length 261)
PROKKA_04262022/PROKKA_04262022:Ferroplasma_573 (length 188)
PROKKA_04262022/PROKKA_04262022:Ferroplasma_574 (length 44)
PROKKA_04262022/PROKKA_04262022:Ferroplasma_575 (length 99)
PROKKA_04262022/PROKKA_04262022:Ferroplasma_576 (length 125)
PROKKA_04262022/PROKKA_04262022:Ferroplasma_577 (length 91)
PROKKA_04262022/PROKKA_04262022:Ferroplasma_578 (length 678)
PROKKA_04262022/PROKKA_04262022:Ferroplasma_579 (length 297)
PROKKA_04262022/PROKKA_04262022:Ferroplasma_580 (length 154)
PROKKA_04262022/PROKKA_04262022:Ferroplasma_581 (length 348)
PROKKA_04262022/PROKKA_04262022:Ferroplasma_582 (length 391)
PROKKA_04262022/PROKKA_04262022:Ferroplasma_583 (length 180)
PROKKA_04262022/PROKKA_04262022:Ferroplasma_584 (length 130)
PROKKA_04262022/PROKKA_04262022:Ferroplasma_585 (length 151)
PROKKA_04262022/PROKKA_04262022:Ferroplasma_586 (length 258)
PROKKA_04262022/PROKKA_04262022:Ferroplasma_587 (length 404)
PROKKA_04262022/PROKKA_04262022:Ferroplasma_588 (length 130)
PROKKA_04262022/PROKKA_04262022:Ferroplasma_589 (length 133)
PROKKA_04262022/PROKKA_04262022:Ferroplasma_590 (length 329)
PROKKA_04262022/PROKKA_04262022:Ferroplasma_591 (length 525)
PROKKA_04262022/PROKKA_04262022:Ferroplasma_592 (length 85)
PROKKA_04262022/PROKKA_04262022:Ferroplasma_593 (length 108)
PROKKA_04262022/PROKKA_04262022:Ferroplasma_594 (length 697)
PROKKA_04262022/PROKKA_04262022:Ferroplasma_595 (length 631)
PROKKA_04262022/PROKKA_04262022:Ferroplasma_596 (length 379)
PROKKA_04262022/PROKKA_04262022:Ferroplasma_597 (length 258)
PROKKA_04262022/PROKKA_04262022:Ferroplasma_598 (length 617)
PROKKA_04262022/PROKKA_04262022:Ferroplasma_599 (length 322)
PROKKA_04262022/PROKKA_04262022:Ferroplasma_600 (length 239)
PROKKA_04262022/PROKKA_04262022:Ferroplasma_601 (length 311)
PROKKA_04262022/PROKKA_04262022:Ferroplasma_602 (length 220)
PROKKA_04262022/PROKKA_04262022:Ferroplasma_603 (length 171)
PROKKA_04262022/PROKKA_04262022:Ferroplasma_604 (length 201)
PROKKA_04262022/PROKKA_04262022:Ferroplasma_605 (length 199)
PROKKA_04262022/PROKKA_04262022:Ferroplasma_606 (length 519)
PROKKA_04262022/PROKKA_04262022:Ferroplasma_607 (length 433)
PROKKA_04262022/PROKKA_04262022:Ferroplasma_608 (length 299)
PROKKA_04262022/PROKKA_04262022:Ferroplasma_609 (length 285)
PROKKA_04262022/PROKKA_04262022:Ferroplasma_610 (length 212)
PROKKA_04262022/PROKKA_04262022:Ferroplasma_611 (length 178)
PROKKA_04262022/PROKKA_04262022:Ferroplasma_612 (length 81)
PROKKA_04262022/PROKKA_04262022:Ferroplasma_613 (length 136)
PROKKA_04262022/PROKKA_04262022:Ferroplasma_614 (length 236)
PROKKA_04262022/PROKKA_04262022:Ferroplasma_615 (length 409)
PROKKA_04262022/PROKKA_04262022:Ferroplasma_616 (length 257)
PROKKA_04262022/PROKKA_04262022:Ferroplasma_617 (length 242)
PROKKA_04262022/PROKKA_04262022:Ferroplasma_618 (length 139)
PROKKA_04262022/PROKKA_04262022:Ferroplasma_619 (length 127)
PROKKA_04262022/PROKKA_04262022:Ferroplasma_620 (length 77)
PROKKA_04262022/PROKKA_04262022:Ferroplasma_621 (length 54)
PROKKA_04262022/PROKKA_04262022:Ferroplasma_622 (length 181)
PROKKA_04262022/PROKKA_04262022:Ferroplasma_623 (length 210)
PROKKA_04262022/PROKKA_04262022:Ferroplasma_624 (length 200)
PROKKA_04262022/PROKKA_04262022:Ferroplasma_625 (length 379)
PROKKA_04262022/PROKKA_04262022:Ferroplasma_626 (length 240)
PROKKA_04262022/PROKKA_04262022:Ferroplasma_627 (length 311)
PROKKA_04262022/PROKKA_04262022:Ferroplasma_628 (length 283)
PROKKA_04262022/PROKKA_04262022:Ferroplasma_629 (length 293)
PROKKA_04262022/PROKKA_04262022:Ferroplasma_630 (length 48)
PROKKA_04262022/PROKKA_04262022:Ferroplasma_631 (length 202)
PROKKA_04262022/PROKKA_04262022:Ferroplasma_632 (length 69)
PROKKA_04262022/PROKKA_04262022:Ferroplasma_633 (length 182)
PROKKA_04262022/PROKKA_04262022:Ferroplasma_634 (length 125)
PROKKA_04262022/PROKKA_04262022:Ferroplasma_635 (length 207)
PROKKA_04262022/PROKKA_04262022:Ferroplasma_636 (length 558)
PROKKA_04262022/PROKKA_04262022:Ferroplasma_637 (length 396)
PROKKA_04262022/PROKKA_04262022:Ferroplasma_638 (length 29)
PROKKA_04262022/PROKKA_04262022:Ferroplasma_639 (length 418)
PROKKA_04262022/PROKKA_04262022:Ferroplasma_640 (length 149)
PROKKA_04262022/PROKKA_04262022:Ferroplasma_641 (length 274)
PROKKA_04262022/PROKKA_04262022:Ferroplasma_642 (length 316)
PROKKA_04262022/PROKKA_04262022:Ferroplasma_643 (length 299)
PROKKA_04262022/PROKKA_04262022:Ferroplasma_644 (length 143)
PROKKA_04262022/PROKKA_04262022:Ferroplasma_645 (length 97)
PROKKA_04262022/PROKKA_04262022:Ferroplasma_646 (length 140)
PROKKA_04262022/PROKKA_04262022:Ferroplasma_647 (length 173)
PROKKA_04262022/PROKKA_04262022:Ferroplasma_648 (length 72)
PROKKA_04262022/PROKKA_04262022:Ferroplasma_649 (length 432)
PROKKA_04262022/PROKKA_04262022:Ferroplasma_650 (length 229)
PROKKA_04262022/PROKKA_04262022:Ferroplasma_651 (length 210)
PROKKA_04262022/PROKKA_04262022:Ferroplasma_652 (length 47)
PROKKA_04262022/PROKKA_04262022:Ferroplasma_653 (length 109)
PROKKA_04262022/PROKKA_04262022:Ferroplasma_654 (length 274)
PROKKA_04262022/PROKKA_04262022:Ferroplasma_655 (length 78)
PROKKA_04262022/PROKKA_04262022:Ferroplasma_656 (length 85)
PROKKA_04262022/PROKKA_04262022:Ferroplasma_657 (length 1370)
PROKKA_04262022/PROKKA_04262022:Ferroplasma_658 (length 113)
PROKKA_04262022/PROKKA_04262022:Ferroplasma_659 (length 702)
PROKKA_04262022/PROKKA_04262022:Ferroplasma_660 (length 729)
PROKKA_04262022/PROKKA_04262022:Ferroplasma_661 (length 329)
PROKKA_04262022/PROKKA_04262022:Ferroplasma_662 (length 247)
PROKKA_04262022/PROKKA_04262022:Ferroplasma_663 (length 199)
PROKKA_04262022/PROKKA_04262022:Ferroplasma_664 (length 331)
PROKKA_04262022/PROKKA_04262022:Ferroplasma_665 (length 103)
PROKKA_04262022/PROKKA_04262022:Ferroplasma_666 (length 361)
PROKKA_04262022/PROKKA_04262022:Ferroplasma_667 (length 276)
PROKKA_04262022/PROKKA_04262022:Ferroplasma_668 (length 466)
PROKKA_04262022/PROKKA_04262022:Ferroplasma_669 (length 134)
PROKKA_04262022/PROKKA_04262022:Ferroplasma_670 (length 46)
PROKKA_04262022/PROKKA_04262022:Ferroplasma_671 (length 58)
PROKKA_04262022/PROKKA_04262022:Ferroplasma_672 (length 60)
PROKKA_04262022/PROKKA_04262022:Ferroplasma_673 (length 116)
PROKKA_04262022/PROKKA_04262022:Ferroplasma_674 (length 392)
PROKKA_04262022/PROKKA_04262022:Ferroplasma_675 (length 85)
PROKKA_04262022/PROKKA_04262022:Ferroplasma_676 (length 334)
PROKKA_04262022/PROKKA_04262022:Ferroplasma_677 (length 67)
PROKKA_04262022/PROKKA_04262022:Ferroplasma_678 (length 210)
PROKKA_04262022/PROKKA_04262022:Ferroplasma_679 (length 349)
PROKKA_04262022/PROKKA_04262022:Ferroplasma_680 (length 166)
PROKKA_04262022/PROKKA_04262022:Ferroplasma_681 (length 126)
PROKKA_04262022/PROKKA_04262022:Ferroplasma_682 (length 248)
PROKKA_04262022/PROKKA_04262022:Ferroplasma_683 (length 170)
PROKKA_04262022/PROKKA_04262022:Ferroplasma_684 (length 275)
PROKKA_04262022/PROKKA_04262022:Ferroplasma_685 (length 317)
PROKKA_04262022/PROKKA_04262022:Ferroplasma_686 (length 223)
PROKKA_04262022/PROKKA_04262022:Ferroplasma_687 (length 637)
PROKKA_04262022/PROKKA_04262022:Ferroplasma_688 (length 210)
PROKKA_04262022/PROKKA_04262022:Ferroplasma_689 (length 160)
PROKKA_04262022/PROKKA_04262022:Ferroplasma_690 (length 85)
PROKKA_04262022/PROKKA_04262022:Ferroplasma_691 (length 534)
PROKKA_04262022/PROKKA_04262022:Ferroplasma_692 (length 67)
PROKKA_04262022/PROKKA_04262022:Ferroplasma_693 (length 57)
PROKKA_04262022/PROKKA_04262022:Ferroplasma_694 (length 89)
PROKKA_04262022/PROKKA_04262022:Ferroplasma_695 (length 53)
PROKKA_04262022/PROKKA_04262022:Ferroplasma_696 (length 582)
PROKKA_04262022/PROKKA_04262022:Ferroplasma_697 (length 164)
PROKKA_04262022/PROKKA_04262022:Ferroplasma_698 (length 85)
PROKKA_04262022/PROKKA_04262022:Ferroplasma_699 (length 130)
PROKKA_04262022/PROKKA_04262022:Ferroplasma_700 (length 621)
PROKKA_04262022/PROKKA_04262022:Ferroplasma_701 (length 397)
PROKKA_04262022/PROKKA_04262022:Ferroplasma_702 (length 221)
PROKKA_04262022/PROKKA_04262022:Ferroplasma_703 (length 205)
PROKKA_04262022/PROKKA_04262022:Ferroplasma_704 (length 177)
PROKKA_04262022/PROKKA_04262022:Ferroplasma_705 (length 558)
PROKKA_04262022/PROKKA_04262022:Ferroplasma_706 (length 65)
PROKKA_04262022/PROKKA_04262022:Ferroplasma_707 (length 163)
PROKKA_04262022/PROKKA_04262022:Ferroplasma_708 (length 299)
PROKKA_04262022/PROKKA_04262022:Ferroplasma_709 (length 255)
PROKKA_04262022/PROKKA_04262022:Ferroplasma_710 (length 323)
PROKKA_04262022/PROKKA_04262022:Ferroplasma_711 (length 61)
PROKKA_04262022/PROKKA_04262022:Ferroplasma_712 (length 386)
PROKKA_04262022/PROKKA_04262022:Ferroplasma_713 (length 330)
PROKKA_04262022/PROKKA_04262022:Ferroplasma_714 (length 97)
PROKKA_04262022/PROKKA_04262022:Ferroplasma_715 (length 129)
PROKKA_04262022/PROKKA_04262022:Ferroplasma_716 (length 83)
PROKKA_04262022/PROKKA_04262022:Ferroplasma_717 (length 578)
PROKKA_04262022/PROKKA_04262022:Ferroplasma_718 (length 301)
PROKKA_04262022/PROKKA_04262022:Ferroplasma_719 (length 261)
PROKKA_04262022/PROKKA_04262022:Ferroplasma_720 (length 64)
PROKKA_04262022/PROKKA_04262022:Ferroplasma_721 (length 545)
PROKKA_04262022/PROKKA_04262022:Ferroplasma_722 (length 517)
PROKKA_04262022/PROKKA_04262022:Ferroplasma_723 (length 280)
PROKKA_04262022/PROKKA_04262022:Ferroplasma_724 (length 155)
PROKKA_04262022/PROKKA_04262022:Ferroplasma_725 (length 356)
PROKKA_04262022/PROKKA_04262022:Ferroplasma_726 (length 575)
PROKKA_04262022/PROKKA_04262022:Ferroplasma_727 (length 354)
PROKKA_04262022/PROKKA_04262022:Ferroplasma_728 (length 229)
PROKKA_04262022/PROKKA_04262022:Ferroplasma_729 (length 237)
PROKKA_04262022/PROKKA_04262022:Ferroplasma_730 (length 122)
PROKKA_04262022/PROKKA_04262022:Ferroplasma_731 (length 105)
PROKKA_04262022/PROKKA_04262022:Ferroplasma_732 (length 269)
PROKKA_04262022/PROKKA_04262022:Ferroplasma_733 (length 95)
PROKKA_04262022/PROKKA_04262022:Ferroplasma_734 (length 160)
PROKKA_04262022/PROKKA_04262022:Ferroplasma_735 (length 194)
PROKKA_04262022/PROKKA_04262022:Ferroplasma_736 (length 324)
PROKKA_04262022/PROKKA_04262022:Ferroplasma_737 (length 293)
PROKKA_04262022/PROKKA_04262022:Ferroplasma_738 (length 266)
PROKKA_04262022/PROKKA_04262022:Ferroplasma_739 (length 91)
PROKKA_04262022/PROKKA_04262022:Ferroplasma_740 (length 1101)
PROKKA_04262022/PROKKA_04262022:Ferroplasma_741 (length 200)
PROKKA_04262022/PROKKA_04262022:Ferroplasma_742 (length 106)
PROKKA_04262022/PROKKA_04262022:Ferroplasma_743 (length 437)
PROKKA_04262022/PROKKA_04262022:Ferroplasma_744 (length 416)
PROKKA_04262022/PROKKA_04262022:Ferroplasma_745 (length 149)
PROKKA_04262022/PROKKA_04262022:Ferroplasma_746 (length 410)
PROKKA_04262022/PROKKA_04262022:Ferroplasma_747 (length 374)
PROKKA_04262022/PROKKA_04262022:Ferroplasma_748 (length 401)
PROKKA_04262022/PROKKA_04262022:Ferroplasma_749 (length 89)
PROKKA_04262022/PROKKA_04262022:Ferroplasma_750 (length 209)
PROKKA_04262022/PROKKA_04262022:Ferroplasma_751 (length 488)
PROKKA_04262022/PROKKA_04262022:Ferroplasma_752 (length 363)
PROKKA_04262022/PROKKA_04262022:Ferroplasma_753 (length 360)
PROKKA_04262022/PROKKA_04262022:Ferroplasma_754 (length 180)
PROKKA_04262022/PROKKA_04262022:Ferroplasma_755 (length 894)
PROKKA_04262022/PROKKA_04262022:Ferroplasma_756 (length 372)
PROKKA_04262022/PROKKA_04262022:Ferroplasma_757 (length 517)
PROKKA_04262022/PROKKA_04262022:Ferroplasma_758 (length 354)
PROKKA_04262022/PROKKA_04262022:Ferroplasma_759 (length 52)
PROKKA_04262022/PROKKA_04262022:Ferroplasma_760 (length 299)
PROKKA_04262022/PROKKA_04262022:Ferroplasma_761 (length 84)
PROKKA_04262022/PROKKA_04262022:Ferroplasma_762 (length 174)
PROKKA_04262022/PROKKA_04262022:Ferroplasma_763 (length 361)
PROKKA_04262022/PROKKA_04262022:Ferroplasma_764 (length 86)
PROKKA_04262022/PROKKA_04262022:Ferroplasma_765 (length 93)
PROKKA_04262022/PROKKA_04262022:Ferroplasma_766 (length 127)
PROKKA_04262022/PROKKA_04262022:Ferroplasma_767 (length 39)
PROKKA_04262022/PROKKA_04262022:Ferroplasma_768 (length 85)
PROKKA_04262022/PROKKA_04262022:Ferroplasma_769 (length 304)
PROKKA_04262022/PROKKA_04262022:Ferroplasma_770 (length 462)
PROKKA_04262022/PROKKA_04262022:Ferroplasma_771 (length 426)
PROKKA_04262022/PROKKA_04262022:Ferroplasma_772 (length 229)
PROKKA_04262022/PROKKA_04262022:Ferroplasma_773 (length 276)
PROKKA_04262022/PROKKA_04262022:Ferroplasma_774 (length 225)
PROKKA_04262022/PROKKA_04262022:Ferroplasma_775 (length 61)
PROKKA_04262022/PROKKA_04262022:Ferroplasma_776 (length 90)
PROKKA_04262022/PROKKA_04262022:Ferroplasma_777 (length 161)
PROKKA_04262022/PROKKA_04262022:Ferroplasma_778 (length 135)
PROKKA_04262022/PROKKA_04262022:Ferroplasma_779 (length 79)
PROKKA_04262022/PROKKA_04262022:Ferroplasma_780 (length 345)
PROKKA_04262022/PROKKA_04262022:Ferroplasma_781 (length 372)
PROKKA_04262022/PROKKA_04262022:Ferroplasma_782 (length 454)
PROKKA_04262022/PROKKA_04262022:Ferroplasma_783 (length 414)
PROKKA_04262022/PROKKA_04262022:Ferroplasma_784 (length 105)
PROKKA_04262022/PROKKA_04262022:Ferroplasma_785 (length 37)
PROKKA_04262022/PROKKA_04262022:Ferroplasma_786 (length 73)
PROKKA_04262022/PROKKA_04262022:Ferroplasma_787 (length 134)
PROKKA_04262022/PROKKA_04262022:Ferroplasma_788 (length 137)
PROKKA_04262022/PROKKA_04262022:Ferroplasma_789 (length 122)
PROKKA_04262022/PROKKA_04262022:Ferroplasma_790 (length 64)
PROKKA_04262022/PROKKA_04262022:Ferroplasma_791 (length 447)
PROKKA_04262022/PROKKA_04262022:Ferroplasma_792 (length 236)
PROKKA_04262022/PROKKA_04262022:Ferroplasma_793 (length 257)
PROKKA_04262022/PROKKA_04262022:Ferroplasma_794 (length 493)
PROKKA_04262022/PROKKA_04262022:Ferroplasma_795 (length 559)
PROKKA_04262022/PROKKA_04262022:Ferroplasma_796 (length 542)
PROKKA_04262022/PROKKA_04262022:Ferroplasma_797 (length 357)
PROKKA_04262022/PROKKA_04262022:Ferroplasma_798 (length 262)
PROKKA_04262022/PROKKA_04262022:Ferroplasma_799 (length 272)
PROKKA_04262022/PROKKA_04262022:Ferroplasma_800 (length 423)
PROKKA_04262022/PROKKA_04262022:Ferroplasma_801 (length 72)
PROKKA_04262022/PROKKA_04262022:Ferroplasma_802 (length 298)
PROKKA_04262022/PROKKA_04262022:Ferroplasma_803 (length 455)
PROKKA_04262022/PROKKA_04262022:Ferroplasma_804 (length 149)
PROKKA_04262022/PROKKA_04262022:Ferroplasma_805 (length 166)
PROKKA_04262022/PROKKA_04262022:Ferroplasma_806 (length 48)
PROKKA_04262022/PROKKA_04262022:Ferroplasma_807 (length 100)
PROKKA_04262022/PROKKA_04262022:Ferroplasma_808 (length 318)
PROKKA_04262022/PROKKA_04262022:Ferroplasma_809 (length 214)
PROKKA_04262022/PROKKA_04262022:Ferroplasma_810 (length 158)
PROKKA_04262022/PROKKA_04262022:Ferroplasma_811 (length 221)
PROKKA_04262022/PROKKA_04262022:Ferroplasma_812 (length 224)
PROKKA_04262022/PROKKA_04262022:Ferroplasma_813 (length 375)
PROKKA_04262022/PROKKA_04262022:Ferroplasma_814 (length 71)
PROKKA_04262022/PROKKA_04262022:Ferroplasma_815 (length 249)
PROKKA_04262022/PROKKA_04262022:Ferroplasma_816 (length 331)
PROKKA_04262022/PROKKA_04262022:Ferroplasma_817 (length 334)
PROKKA_04262022/PROKKA_04262022:Ferroplasma_818 (length 400)
PROKKA_04262022/PROKKA_04262022:Ferroplasma_819 (length 52)
PROKKA_04262022/PROKKA_04262022:Ferroplasma_820 (length 176)
PROKKA_04262022/PROKKA_04262022:Ferroplasma_821 (length 470)
PROKKA_04262022/PROKKA_04262022:Ferroplasma_822 (length 373)
PROKKA_04262022/PROKKA_04262022:Ferroplasma_823 (length 282)
PROKKA_04262022/PROKKA_04262022:Ferroplasma_824 (length 313)
PROKKA_04262022/PROKKA_04262022:Ferroplasma_825 (length 868)
PROKKA_04262022/PROKKA_04262022:Ferroplasma_826 (length 172)
PROKKA_04262022/PROKKA_04262022:Ferroplasma_827 (length 179)
PROKKA_04262022/PROKKA_04262022:Ferroplasma_828 (length 193)
PROKKA_04262022/PROKKA_04262022:Ferroplasma_829 (length 138)
PROKKA_04262022/PROKKA_04262022:Ferroplasma_830 (length 337)
PROKKA_04262022/PROKKA_04262022:Ferroplasma_831 (length 732)
PROKKA_04262022/PROKKA_04262022:Ferroplasma_832 (length 103)
PROKKA_04262022/PROKKA_04262022:Ferroplasma_833 (length 426)
PROKKA_04262022/PROKKA_04262022:Ferroplasma_834 (length 104)
PROKKA_04262022/PROKKA_04262022:Ferroplasma_835 (length 172)
PROKKA_04262022/PROKKA_04262022:Ferroplasma_836 (length 35)
PROKKA_04262022/PROKKA_04262022:Ferroplasma_837 (length 116)
PROKKA_04262022/PROKKA_04262022:Ferroplasma_838 (length 1024)
PROKKA_04262022/PROKKA_04262022:Ferroplasma_839 (length 105)
PROKKA_04262022/PROKKA_04262022:Ferroplasma_840 (length 93)
PROKKA_04262022/PROKKA_04262022:Ferroplasma_841 (length 66)
PROKKA_04262022/PROKKA_04262022:Ferroplasma_842 (length 253)
PROKKA_04262022/PROKKA_04262022:Ferroplasma_843 (length 59)
PROKKA_04262022/PROKKA_04262022:Ferroplasma_844 (length 250)
PROKKA_04262022/PROKKA_04262022:Ferroplasma_845 (length 205)
PROKKA_04262022/PROKKA_04262022:Ferroplasma_846 (length 421)
PROKKA_04262022/PROKKA_04262022:Ferroplasma_847 (length 88)
PROKKA_04262022/PROKKA_04262022:Ferroplasma_848 (length 463)
PROKKA_04262022/PROKKA_04262022:Ferroplasma_849 (length 215)
PROKKA_04262022/PROKKA_04262022:Ferroplasma_850 (length 385)
PROKKA_04262022/PROKKA_04262022:Ferroplasma_851 (length 126)
PROKKA_04262022/PROKKA_04262022:Ferroplasma_852 (length 36)
PROKKA_04262022/PROKKA_04262022:Ferroplasma_853 (length 128)
PROKKA_04262022/PROKKA_04262022:Ferroplasma_854 (length 65)
PROKKA_04262022/PROKKA_04262022:Ferroplasma_855 (length 711)
PROKKA_04262022/PROKKA_04262022:Ferroplasma_856 (length 59)
PROKKA_04262022/PROKKA_04262022:Ferroplasma_857 (length 177)
PROKKA_04262022/PROKKA_04262022:Ferroplasma_858 (length 219)
PROKKA_04262022/PROKKA_04262022:Ferroplasma_859 (length 429)
PROKKA_04262022/PROKKA_04262022:Ferroplasma_860 (length 386)
PROKKA_04262022/PROKKA_04262022:Ferroplasma_861 (length 316)
PROKKA_04262022/PROKKA_04262022:Ferroplasma_862 (length 344)
PROKKA_04262022/PROKKA_04262022:Ferroplasma_863 (length 284)
PROKKA_04262022/PROKKA_04262022:Ferroplasma_864 (length 329)
PROKKA_04262022/PROKKA_04262022:Ferroplasma_865 (length 469)
PROKKA_04262022/PROKKA_04262022:Ferroplasma_866 (length 136)
PROKKA_04262022/PROKKA_04262022:Ferroplasma_867 (length 225)
PROKKA_04262022/PROKKA_04262022:Ferroplasma_868 (length 364)
PROKKA_04262022/PROKKA_04262022:Ferroplasma_869 (length 576)
PROKKA_04262022/PROKKA_04262022:Ferroplasma_870 (length 75)
PROKKA_04262022/PROKKA_04262022:Ferroplasma_871 (length 36)
PROKKA_04262022/PROKKA_04262022:Ferroplasma_872 (length 623)
PROKKA_04262022/PROKKA_04262022:Ferroplasma_873 (length 211)
PROKKA_04262022/PROKKA_04262022:Ferroplasma_874 (length 168)
PROKKA_04262022/PROKKA_04262022:Ferroplasma_875 (length 214)
PROKKA_04262022/PROKKA_04262022:Ferroplasma_876 (length 301)
PROKKA_04262022/PROKKA_04262022:Ferroplasma_877 (length 480)
PROKKA_04262022/PROKKA_04262022:Ferroplasma_878 (length 295)
PROKKA_04262022/PROKKA_04262022:Ferroplasma_879 (length 212)
PROKKA_04262022/PROKKA_04262022:Ferroplasma_880 (length 242)
PROKKA_04262022/PROKKA_04262022:Ferroplasma_881 (length 234)
PROKKA_04262022/PROKKA_04262022:Ferroplasma_882 (length 322)
PROKKA_04262022/PROKKA_04262022:Ferroplasma_883 (length 222)
PROKKA_04262022/PROKKA_04262022:Ferroplasma_884 (length 298)
PROKKA_04262022/PROKKA_04262022:Ferroplasma_885 (length 288)
PROKKA_04262022/PROKKA_04262022:Ferroplasma_886 (length 216)
PROKKA_04262022/PROKKA_04262022:Ferroplasma_887 (length 181)
PROKKA_04262022/PROKKA_04262022:Ferroplasma_888 (length 191)
PROKKA_04262022/PROKKA_04262022:Ferroplasma_889 (length 657)
PROKKA_04262022/PROKKA_04262022:Ferroplasma_890 (length 281)
PROKKA_04262022/PROKKA_04262022:Ferroplasma_891 (length 259)
PROKKA_04262022/PROKKA_04262022:Ferroplasma_892 (length 1080)
PROKKA_04262022/PROKKA_04262022:Ferroplasma_893 (length 110)
PROKKA_04262022/PROKKA_04262022:Ferroplasma_894 (length 536)
PROKKA_04262022/PROKKA_04262022:Ferroplasma_895 (length 453)
PROKKA_04262022/PROKKA_04262022:Ferroplasma_896 (length 164)
PROKKA_04262022/PROKKA_04262022:Ferroplasma_897 (length 471)
PROKKA_04262022/PROKKA_04262022:Ferroplasma_898 (length 342)
PROKKA_04262022/PROKKA_04262022:Ferroplasma_899 (length 319)
PROKKA_04262022/PROKKA_04262022:Ferroplasma_900 (length 257)
PROKKA_04262022/PROKKA_04262022:Ferroplasma_901 (length 439)
PROKKA_04262022/PROKKA_04262022:Ferroplasma_902 (length 433)
PROKKA_04262022/PROKKA_04262022:Ferroplasma_903 (length 209)
PROKKA_04262022/PROKKA_04262022:Ferroplasma_904 (length 119)
PROKKA_04262022/PROKKA_04262022:Ferroplasma_905 (length 256)
PROKKA_04262022/PROKKA_04262022:Ferroplasma_906 (length 100)
PROKKA_04262022/PROKKA_04262022:Ferroplasma_907 (length 365)
PROKKA_04262022/PROKKA_04262022:Ferroplasma_908 (length 240)
PROKKA_04262022/PROKKA_04262022:Ferroplasma_909 (length 366)
PROKKA_04262022/PROKKA_04262022:Ferroplasma_910 (length 218)
PROKKA_04262022/PROKKA_04262022:Ferroplasma_911 (length 42)
PROKKA_04262022/PROKKA_04262022:Ferroplasma_912 (length 244)
PROKKA_04262022/PROKKA_04262022:Ferroplasma_913 (length 187)
PROKKA_04262022/PROKKA_04262022:Ferroplasma_914 (length 202)
PROKKA_04262022/PROKKA_04262022:Ferroplasma_915 (length 94)
PROKKA_04262022/PROKKA_04262022:Ferroplasma_916 (length 231)
PROKKA_04262022/PROKKA_04262022:Ferroplasma_917 (length 140)
PROKKA_04262022/PROKKA_04262022:Ferroplasma_918 (length 401)
PROKKA_04262022/PROKKA_04262022:Ferroplasma_919 (length 209)
PROKKA_04262022/PROKKA_04262022:Ferroplasma_920 (length 59)
PROKKA_04262022/PROKKA_04262022:Ferroplasma_921 (length 111)
PROKKA_04262022/PROKKA_04262022:Ferroplasma_922 (length 134)
PROKKA_04262022/PROKKA_04262022:Ferroplasma_923 (length 591)
PROKKA_04262022/PROKKA_04262022:Ferroplasma_924 (length 117)
PROKKA_04262022/PROKKA_04262022:Ferroplasma_925 (length 66)
PROKKA_04262022/PROKKA_04262022:Ferroplasma_926 (length 250)
PROKKA_04262022/PROKKA_04262022:Ferroplasma_927 (length 91)
PROKKA_04262022/PROKKA_04262022:Ferroplasma_928 (length 169)
PROKKA_04262022/PROKKA_04262022:Ferroplasma_929 (length 59)
PROKKA_04262022/PROKKA_04262022:Ferroplasma_930 (length 204)
PROKKA_04262022/PROKKA_04262022:Ferroplasma_931 (length 356)
PROKKA_04262022/PROKKA_04262022:Ferroplasma_932 (length 616)
PROKKA_04262022/PROKKA_04262022:Ferroplasma_933 (length 845)
PROKKA_04262022/PROKKA_04262022:Ferroplasma_934 (length 57)
PROKKA_04262022/PROKKA_04262022:Ferroplasma_935 (length 485)
PROKKA_04262022/PROKKA_04262022:Ferroplasma_936 (length 125)
PROKKA_04262022/PROKKA_04262022:Ferroplasma_937 (length 70)
PROKKA_04262022/PROKKA_04262022:Ferroplasma_938 (length 51)
PROKKA_04262022/PROKKA_04262022:Ferroplasma_939 (length 75)
PROKKA_04262022/PROKKA_04262022:Ferroplasma_940 (length 152)
PROKKA_04262022/PROKKA_04262022:Ferroplasma_941 (length 71)
PROKKA_04262022/PROKKA_04262022:Ferroplasma_942 (length 183)
PROKKA_04262022/PROKKA_04262022:Ferroplasma_943 (length 156)
PROKKA_04262022/PROKKA_04262022:Ferroplasma_944 (length 361)
PROKKA_04262022/PROKKA_04262022:Ferroplasma_945 (length 160)
PROKKA_04262022/PROKKA_04262022:Ferroplasma_946 (length 221)
PROKKA_04262022/PROKKA_04262022:Ferroplasma_947 (length 168)
PROKKA_04262022/PROKKA_04262022:Ferroplasma_948 (length 472)
PROKKA_04262022/PROKKA_04262022:Ferroplasma_949 (length 193)
PROKKA_04262022/PROKKA_04262022:Ferroplasma_950 (length 100)
PROKKA_04262022/PROKKA_04262022:Ferroplasma_951 (length 426)
PROKKA_04262022/PROKKA_04262022:Ferroplasma_952 (length 478)
PROKKA_04262022/PROKKA_04262022:Ferroplasma_953 (length 103)
PROKKA_04262022/PROKKA_04262022:Ferroplasma_954 (length 83)
PROKKA_04262022/PROKKA_04262022:Ferroplasma_955 (length 84)
PROKKA_04262022/PROKKA_04262022:Ferroplasma_956 (length 330)
PROKKA_04262022/PROKKA_04262022:Ferroplasma_957 (length 381)
PROKKA_04262022/PROKKA_04262022:Ferroplasma_958 (length 38)
PROKKA_04262022/PROKKA_04262022:Ferroplasma_959 (length 174)
PROKKA_04262022/PROKKA_04262022:Ferroplasma_960 (length 99)
PROKKA_04262022/PROKKA_04262022:Ferroplasma_961 (length 291)
PROKKA_04262022/PROKKA_04262022:Ferroplasma_962 (length 78)
PROKKA_04262022/PROKKA_04262022:Ferroplasma_963 (length 50)
PROKKA_04262022/PROKKA_04262022:Ferroplasma_964 (length 63)
PROKKA_04262022/PROKKA_04262022:Ferroplasma_965 (length 384)
PROKKA_04262022/PROKKA_04262022:Ferroplasma_966 (length 54)
PROKKA_04262022/PROKKA_04262022:Ferroplasma_967 (length 48)
PROKKA_04262022/PROKKA_04262022:Ferroplasma_968 (length 253)
PROKKA_04262022/PROKKA_04262022:Ferroplasma_969 (length 117)
PROKKA_04262022/PROKKA_04262022:Ferroplasma_970 (length 89)
PROKKA_04262022/PROKKA_04262022:Ferroplasma_971 (length 66)
PROKKA_04262022/PROKKA_04262022:Ferroplasma_972 (length 106)
PROKKA_04262022/PROKKA_04262022:Ferroplasma_973 (length 214)
PROKKA_04262022/PROKKA_04262022:Ferroplasma_974 (length 65)
PROKKA_04262022/PROKKA_04262022:Ferroplasma_975 (length 429)
PROKKA_04262022/PROKKA_04262022:Ferroplasma_976 (length 77)
PROKKA_04262022/PROKKA_04262022:Ferroplasma_977 (length 101)
PROKKA_04262022/PROKKA_04262022:Ferroplasma_978 (length 345)
PROKKA_04262022/PROKKA_04262022:Ferroplasma_979 (length 324)
PROKKA_04262022/PROKKA_04262022:Ferroplasma_980 (length 200)
PROKKA_04262022/PROKKA_04262022:Ferroplasma_981 (length 288)
PROKKA_04262022/PROKKA_04262022:Ferroplasma_982 (length 165)
PROKKA_04262022/PROKKA_04262022:Ferroplasma_983 (length 400)
PROKKA_04262022/PROKKA_04262022:Ferroplasma_984 (length 324)
PROKKA_04262022/PROKKA_04262022:Ferroplasma_985 (length 296)
PROKKA_04262022/PROKKA_04262022:Ferroplasma_986 (length 375)
PROKKA_04262022/PROKKA_04262022:Ferroplasma_987 (length 100)
PROKKA_04262022/PROKKA_04262022:Ferroplasma_988 (length 201)
PROKKA_04262022/PROKKA_04262022:Ferroplasma_989 (length 414)
PROKKA_04262022/PROKKA_04262022:Ferroplasma_990 (length 73)
PROKKA_04262022/PROKKA_04262022:Ferroplasma_991 (length 65)
PROKKA_04262022/PROKKA_04262022:Ferroplasma_992 (length 485)
PROKKA_04262022/PROKKA_04262022:Ferroplasma_993 (length 467)
PROKKA_04262022/PROKKA_04262022:Ferroplasma_994 (length 113)
PROKKA_04262022/PROKKA_04262022:Ferroplasma_995 (length 183)
PROKKA_04262022/PROKKA_04262022:Ferroplasma_996 (length 369)
PROKKA_04262022/PROKKA_04262022:Ferroplasma_997 (length 38)
PROKKA_04262022/PROKKA_04262022:Ferroplasma_998 (length 416)
PROKKA_04262022/PROKKA_04262022:Ferroplasma_999 (length 167)
PROKKA_04262022/PROKKA_04262022:Ferroplasma_1000 (length 389)
PROKKA_04262022/PROKKA_04262022:Ferroplasma_1001 (length 229)
PROKKA_04262022/PROKKA_04262022:Ferroplasma_1002 (length 74)
PROKKA_04262022/PROKKA_04262022:Ferroplasma_1003 (length 77)
PROKKA_04262022/PROKKA_04262022:Ferroplasma_1004 (length 429)
PROKKA_04262022/PROKKA_04262022:Ferroplasma_1005 (length 372)
PROKKA_04262022/PROKKA_04262022:Ferroplasma_1006 (length 323)
PROKKA_04262022/PROKKA_04262022:Ferroplasma_1007 (length 138)
PROKKA_04262022/PROKKA_04262022:Ferroplasma_1008 (length 327)
PROKKA_04262022/PROKKA_04262022:Ferroplasma_1009 (length 267)
PROKKA_04262022/PROKKA_04262022:Ferroplasma_1010 (length 225)
PROKKA_04262022/PROKKA_04262022:Ferroplasma_1011 (length 412)
PROKKA_04262022/PROKKA_04262022:Ferroplasma_1012 (length 330)
PROKKA_04262022/PROKKA_04262022:Ferroplasma_1013 (length 744)
PROKKA_04262022/PROKKA_04262022:Ferroplasma_1014 (length 308)
PROKKA_04262022/PROKKA_04262022:Ferroplasma_1015 (length 361)
PROKKA_04262022/PROKKA_04262022:Ferroplasma_1016 (length 198)
PROKKA_04262022/PROKKA_04262022:Ferroplasma_1017 (length 207)
PROKKA_04262022/PROKKA_04262022:Ferroplasma_1018 (length 209)
PROKKA_04262022/PROKKA_04262022:Ferroplasma_1019 (length 279)
PROKKA_04262022/PROKKA_04262022:Ferroplasma_1020 (length 178)
PROKKA_04262022/PROKKA_04262022:Ferroplasma_1021 (length 184)
PROKKA_04262022/PROKKA_04262022:Ferroplasma_1022 (length 96)
PROKKA_04262022/PROKKA_04262022:Ferroplasma_1023 (length 360)
PROKKA_04262022/PROKKA_04262022:Ferroplasma_1024 (length 642)
PROKKA_04262022/PROKKA_04262022:Ferroplasma_1025 (length 80)
PROKKA_04262022/PROKKA_04262022:Ferroplasma_1026 (length 35)
PROKKA_04262022/PROKKA_04262022:Ferroplasma_1027 (length 216)
PROKKA_04262022/PROKKA_04262022:Ferroplasma_1028 (length 458)
PROKKA_04262022/PROKKA_04262022:Ferroplasma_1029 (length 70)
PROKKA_04262022/PROKKA_04262022:Ferroplasma_1030 (length 507)
PROKKA_04262022/PROKKA_04262022:Ferroplasma_1031 (length 102)
PROKKA_04262022/PROKKA_04262022:Ferroplasma_1032 (length 353)
PROKKA_04262022/PROKKA_04262022:Ferroplasma_1033 (length 189)
PROKKA_04262022/PROKKA_04262022:Ferroplasma_1034 (length 75)
PROKKA_04262022/PROKKA_04262022:Ferroplasma_1035 (length 502)
PROKKA_04262022/PROKKA_04262022:Ferroplasma_1036 (length 298)
PROKKA_04262022/PROKKA_04262022:Ferroplasma_1037 (length 129)
PROKKA_04262022/PROKKA_04262022:Ferroplasma_1038 (length 103)
PROKKA_04262022/PROKKA_04262022:Ferroplasma_1039 (length 242)
PROKKA_04262022/PROKKA_04262022:Ferroplasma_1040 (length 99)
PROKKA_04262022/PROKKA_04262022:Ferroplasma_1041 (length 134)
PROKKA_04262022/PROKKA_04262022:Ferroplasma_1042 (length 69)
PROKKA_04262022/PROKKA_04262022:Ferroplasma_1043 (length 76)
PROKKA_04262022/PROKKA_04262022:Ferroplasma_1044 (length 47)
PROKKA_04262022/PROKKA_04262022:Ferroplasma_1045 (length 166)
PROKKA_04262022/PROKKA_04262022:Ferroplasma_1046 (length 349)
PROKKA_04262022/PROKKA_04262022:Ferroplasma_1047 (length 242)
PROKKA_04262022/PROKKA_04262022:Ferroplasma_1048 (length 46)
PROKKA_04262022/PROKKA_04262022:Ferroplasma_1049 (length 84)
PROKKA_04262022/PROKKA_04262022:Ferroplasma_1050 (length 552)
PROKKA_04262022/PROKKA_04262022:Ferroplasma_1051 (length 77)
PROKKA_04262022/PROKKA_04262022:Ferroplasma_1052 (length 169)
PROKKA_04262022/PROKKA_04262022:Ferroplasma_1053 (length 368)
PROKKA_04262022/PROKKA_04262022:Ferroplasma_1054 (length 75)
PROKKA_04262022/PROKKA_04262022:Ferroplasma_1055 (length 388)
PROKKA_04262022/PROKKA_04262022:Ferroplasma_1056 (length 413)
PROKKA_04262022/PROKKA_04262022:Ferroplasma_1057 (length 160)
PROKKA_04262022/PROKKA_04262022:Ferroplasma_1058 (length 356)
PROKKA_04262022/PROKKA_04262022:Ferroplasma_1059 (length 411)
PROKKA_04262022/PROKKA_04262022:Ferroplasma_1060 (length 215)
PROKKA_04262022/PROKKA_04262022:Ferroplasma_1061 (length 64)
PROKKA_04262022/PROKKA_04262022:Ferroplasma_1062 (length 427)
PROKKA_04262022/PROKKA_04262022:Ferroplasma_1063 (length 110)
PROKKA_04262022/PROKKA_04262022:Ferroplasma_1064 (length 311)
PROKKA_04262022/PROKKA_04262022:Ferroplasma_1065 (length 441)
PROKKA_04262022/PROKKA_04262022:Ferroplasma_1066 (length 772)
PROKKA_04262022/PROKKA_04262022:Ferroplasma_1067 (length 427)
PROKKA_04262022/PROKKA_04262022:Ferroplasma_1068 (length 413)
PROKKA_04262022/PROKKA_04262022:Ferroplasma_1069 (length 196)
PROKKA_04262022/PROKKA_04262022:Ferroplasma_1070 (length 144)
PROKKA_04262022/PROKKA_04262022:Ferroplasma_1071 (length 335)
PROKKA_04262022/PROKKA_04262022:Ferroplasma_1072 (length 122)
PROKKA_04262022/PROKKA_04262022:Ferroplasma_1073 (length 112)
PROKKA_04262022/PROKKA_04262022:Ferroplasma_1074 (length 211)
PROKKA_04262022/PROKKA_04262022:Ferroplasma_1075 (length 74)
PROKKA_04262022/PROKKA_04262022:Ferroplasma_1076 (length 79)
PROKKA_04262022/PROKKA_04262022:Ferroplasma_1077 (length 276)
PROKKA_04262022/PROKKA_04262022:Ferroplasma_1078 (length 298)
PROKKA_04262022/PROKKA_04262022:Ferroplasma_1079 (length 141)
PROKKA_04262022/PROKKA_04262022:Ferroplasma_1080 (length 193)
PROKKA_04262022/PROKKA_04262022:Ferroplasma_1081 (length 507)
PROKKA_04262022/PROKKA_04262022:Ferroplasma_1082 (length 362)
PROKKA_04262022/PROKKA_04262022:Ferroplasma_1083 (length 637)
PROKKA_04262022/PROKKA_04262022:Ferroplasma_1084 (length 86)
PROKKA_04262022/PROKKA_04262022:Ferroplasma_1085 (length 115)
PROKKA_04262022/PROKKA_04262022:Ferroplasma_1086 (length 151)
PROKKA_04262022/PROKKA_04262022:Ferroplasma_1087 (length 469)
PROKKA_04262022/PROKKA_04262022:Ferroplasma_1088 (length 336)
PROKKA_04262022/PROKKA_04262022:Ferroplasma_1089 (length 251)
PROKKA_04262022/PROKKA_04262022:Ferroplasma_1090 (length 190)
PROKKA_04262022/PROKKA_04262022:Ferroplasma_1091 (length 223)
PROKKA_04262022/PROKKA_04262022:Ferroplasma_1092 (length 152)
PROKKA_04262022/PROKKA_04262022:Ferroplasma_1093 (length 361)
PROKKA_04262022/PROKKA_04262022:Ferroplasma_1094 (length 361)
PROKKA_04262022/PROKKA_04262022:Ferroplasma_1095 (length 103)
PROKKA_04262022/PROKKA_04262022:Ferroplasma_1096 (length 276)
PROKKA_04262022/PROKKA_04262022:Ferroplasma_1097 (length 105)
PROKKA_04262022/PROKKA_04262022:Ferroplasma_1098 (length 562)
PROKKA_04262022/PROKKA_04262022:Ferroplasma_1099 (length 193)
PROKKA_04262022/PROKKA_04262022:Ferroplasma_1100 (length 157)
PROKKA_04262022/PROKKA_04262022:Ferroplasma_1101 (length 256)
PROKKA_04262022/PROKKA_04262022:Ferroplasma_1102 (length 255)
PROKKA_04262022/PROKKA_04262022:Ferroplasma_1103 (length 170)
PROKKA_04262022/PROKKA_04262022:Ferroplasma_1104 (length 137)
PROKKA_04262022/PROKKA_04262022:Ferroplasma_1105 (length 294)
PROKKA_04262022/PROKKA_04262022:Ferroplasma_1106 (length 206)
PROKKA_04262022/PROKKA_04262022:Ferroplasma_1107 (length 192)
PROKKA_04262022/PROKKA_04262022:Ferroplasma_1108 (length 185)
PROKKA_04262022/PROKKA_04262022:Ferroplasma_1109 (length 53)
PROKKA_04262022/PROKKA_04262022:Ferroplasma_1110 (length 64)
PROKKA_04262022/PROKKA_04262022:Ferroplasma_1111 (length 29)
PROKKA_04262022/PROKKA_04262022:Ferroplasma_1112 (length 84)
PROKKA_04262022/PROKKA_04262022:Ferroplasma_1113 (length 80)
PROKKA_04262022/PROKKA_04262022:Ferroplasma_1114 (length 49)
PROKKA_04262022/PROKKA_04262022:Ferroplasma_1115 (length 651)
PROKKA_04262022/PROKKA_04262022:Ferroplasma_1116 (length 472)
PROKKA_04262022/PROKKA_04262022:Ferroplasma_1117 (length 29)
PROKKA_04262022/PROKKA_04262022:Ferroplasma_1118 (length 88)
PROKKA_04262022/PROKKA_04262022:Ferroplasma_1119 (length 82)
PROKKA_04262022/PROKKA_04262022:Ferroplasma_1120 (length 276)
PROKKA_04262022/PROKKA_04262022:Ferroplasma_1121 (length 388)
PROKKA_04262022/PROKKA_04262022:Ferroplasma_1122 (length 361)
PROKKA_04262022/PROKKA_04262022:Ferroplasma_1123 (length 202)
PROKKA_04262022/PROKKA_04262022:Ferroplasma_1124 (length 55)
PROKKA_04262022/PROKKA_04262022:Ferroplasma_1125 (length 151)
PROKKA_04262022/PROKKA_04262022:Ferroplasma_1126 (length 78)
PROKKA_04262022/PROKKA_04262022:Ferroplasma_1127 (length 370)
PROKKA_04262022/PROKKA_04262022:Ferroplasma_1128 (length 230)
PROKKA_04262022/PROKKA_04262022:Ferroplasma_1129 (length 159)
PROKKA_04262022/PROKKA_04262022:Ferroplasma_1130 (length 64)
PROKKA_04262022/PROKKA_04262022:Ferroplasma_1131 (length 240)
PROKKA_04262022/PROKKA_04262022:Ferroplasma_1132 (length 260)
PROKKA_04262022/PROKKA_04262022:Ferroplasma_1133 (length 85)
PROKKA_04262022/PROKKA_04262022:Ferroplasma_1134 (length 380)
PROKKA_04262022/PROKKA_04262022:Ferroplasma_1135 (length 98)
PROKKA_04262022/PROKKA_04262022:Ferroplasma_1136 (length 89)
PROKKA_04262022/PROKKA_04262022:Ferroplasma_1137 (length 146)
PROKKA_04262022/PROKKA_04262022:Ferroplasma_1138 (length 239)
PROKKA_04262022/PROKKA_04262022:Ferroplasma_1139 (length 281)
PROKKA_04262022/PROKKA_04262022:Ferroplasma_1140 (length 370)
PROKKA_04262022/PROKKA_04262022:Ferroplasma_1141 (length 390)
PROKKA_04262022/PROKKA_04262022:Ferroplasma_1142 (length 113)
PROKKA_04262022/PROKKA_04262022:Ferroplasma_1143 (length 269)
PROKKA_04262022/PROKKA_04262022:Ferroplasma_1144 (length 501)
PROKKA_04262022/PROKKA_04262022:Ferroplasma_1145 (length 350)
PROKKA_04262022/PROKKA_04262022:Ferroplasma_1146 (length 139)
PROKKA_04262022/PROKKA_04262022:Ferroplasma_1147 (length 296)
PROKKA_04262022/PROKKA_04262022:Ferroplasma_1148 (length 74)
PROKKA_04262022/PROKKA_04262022:Ferroplasma_1149 (length 94)
PROKKA_04262022/PROKKA_04262022:Ferroplasma_1150 (length 134)
PROKKA_04262022/PROKKA_04262022:Ferroplasma_1151 (length 167)
PROKKA_04262022/PROKKA_04262022:Ferroplasma_1152 (length 92)
PROKKA_04262022/PROKKA_04262022:Ferroplasma_1153 (length 457)
PROKKA_04262022/PROKKA_04262022:Ferroplasma_1154 (length 390)
PROKKA_04262022/PROKKA_04262022:Ferroplasma_1155 (length 158)
PROKKA_04262022/PROKKA_04262022:Ferroplasma_1156 (length 118)
PROKKA_04262022/PROKKA_04262022:Ferroplasma_1157 (length 85)
PROKKA_04262022/PROKKA_04262022:Ferroplasma_1158 (length 99)
PROKKA_04262022/PROKKA_04262022:Ferroplasma_1159 (length 210)
PROKKA_04262022/PROKKA_04262022:Ferroplasma_1160 (length 260)
PROKKA_04262022/PROKKA_04262022:Ferroplasma_1161 (length 160)
PROKKA_04262022/PROKKA_04262022:Ferroplasma_1162 (length 171)
PROKKA_04262022/PROKKA_04262022:Ferroplasma_1163 (length 450)
PROKKA_04262022/PROKKA_04262022:Ferroplasma_1164 (length 54)
PROKKA_04262022/PROKKA_04262022:Ferroplasma_1165 (length 121)
PROKKA_04262022/PROKKA_04262022:Ferroplasma_1166 (length 200)
PROKKA_04262022/PROKKA_04262022:Ferroplasma_1167 (length 257)
PROKKA_04262022/PROKKA_04262022:Ferroplasma_1168 (length 518)
PROKKA_04262022/PROKKA_04262022:Ferroplasma_1169 (length 150)
PROKKA_04262022/PROKKA_04262022:Ferroplasma_1170 (length 113)
PROKKA_04262022/PROKKA_04262022:Ferroplasma_1171 (length 34)
PROKKA_04262022/PROKKA_04262022:Ferroplasma_1172 (length 90)
PROKKA_04262022/PROKKA_04262022:Ferroplasma_1173 (length 218)
PROKKA_04262022/PROKKA_04262022:Ferroplasma_1174 (length 166)
PROKKA_04262022/PROKKA_04262022:Ferroplasma_1175 (length 194)
PROKKA_04262022/PROKKA_04262022:Ferroplasma_1176 (length 32)
PROKKA_04262022/PROKKA_04262022:Ferroplasma_1177 (length 207)
PROKKA_04262022/PROKKA_04262022:Ferroplasma_1178 (length 94)
PROKKA_04262022/PROKKA_04262022:Ferroplasma_1179 (length 398)
PROKKA_04262022/PROKKA_04262022:Ferroplasma_1180 (length 336)
PROKKA_04262022/PROKKA_04262022:Ferroplasma_1181 (length 318)
PROKKA_04262022/PROKKA_04262022:Ferroplasma_1182 (length 473)
PROKKA_04262022/PROKKA_04262022:Ferroplasma_1183 (length 342)
PROKKA_04262022/PROKKA_04262022:Ferroplasma_1184 (length 294)
PROKKA_04262022/PROKKA_04262022:Ferroplasma_1185 (length 58)
PROKKA_04262022/PROKKA_04262022:Ferroplasma_1186 (length 360)
PROKKA_04262022/PROKKA_04262022:Ferroplasma_1187 (length 791)
PROKKA_04262022/PROKKA_04262022:Ferroplasma_1188 (length 385)
PROKKA_04262022/PROKKA_04262022:Ferroplasma_1189 (length 273)
PROKKA_04262022/PROKKA_04262022:Ferroplasma_1190 (length 338)
PROKKA_04262022/PROKKA_04262022:Ferroplasma_1191 (length 168)
PROKKA_04262022/PROKKA_04262022:Ferroplasma_1192 (length 107)
PROKKA_04262022/PROKKA_04262022:Ferroplasma_1193 (length 80)
PROKKA_04262022/PROKKA_04262022:Ferroplasma_1194 (length 475)
PROKKA_04262022/PROKKA_04262022:Ferroplasma_1195 (length 260)
PROKKA_04262022/PROKKA_04262022:Ferroplasma_1196 (length 237)
PROKKA_04262022/PROKKA_04262022:Ferroplasma_1197 (length 186)
PROKKA_04262022/PROKKA_04262022:Ferroplasma_1198 (length 383)
PROKKA_04262022/PROKKA_04262022:Ferroplasma_1199 (length 201)
PROKKA_04262022/PROKKA_04262022:Ferroplasma_1200 (length 323)
PROKKA_04262022/PROKKA_04262022:Ferroplasma_1201 (length 244)
PROKKA_04262022/PROKKA_04262022:Ferroplasma_1202 (length 424)
PROKKA_04262022/PROKKA_04262022:Ferroplasma_1203 (length 243)
PROKKA_04262022/PROKKA_04262022:Ferroplasma_1204 (length 220)
PROKKA_04262022/PROKKA_04262022:Ferroplasma_1205 (length 116)
PROKKA_04262022/PROKKA_04262022:Ferroplasma_1206 (length 148)
PROKKA_04262022/PROKKA_04262022:Ferroplasma_1207 (length 465)
PROKKA_04262022/PROKKA_04262022:Ferroplasma_1208 (length 124)
PROKKA_04262022/PROKKA_04262022:Ferroplasma_1209 (length 194)
PROKKA_04262022/PROKKA_04262022:Ferroplasma_1210 (length 69)
PROKKA_04262022/PROKKA_04262022:Ferroplasma_1211 (length 205)
PROKKA_04262022/PROKKA_04262022:Ferroplasma_1212 (length 306)
PROKKA_04262022/PROKKA_04262022:Ferroplasma_1213 (length 201)
PROKKA_04262022/PROKKA_04262022:Ferroplasma_1214 (length 300)
PROKKA_04262022/PROKKA_04262022:Ferroplasma_1215 (length 371)
PROKKA_04262022/PROKKA_04262022:Ferroplasma_1216 (length 238)
PROKKA_04262022/PROKKA_04262022:Ferroplasma_1217 (length 220)
PROKKA_04262022/PROKKA_04262022:Ferroplasma_1218 (length 402)
PROKKA_04262022/PROKKA_04262022:Ferroplasma_1219 (length 86)
PROKKA_04262022/PROKKA_04262022:Ferroplasma_1220 (length 217)
PROKKA_04262022/PROKKA_04262022:Ferroplasma_1221 (length 208)
PROKKA_04262022/PROKKA_04262022:Ferroplasma_1222 (length 493)
PROKKA_04262022/PROKKA_04262022:Ferroplasma_1223 (length 428)
PROKKA_04262022/PROKKA_04262022:Ferroplasma_1224 (length 141)
PROKKA_04262022/PROKKA_04262022:Ferroplasma_1225 (length 204)
PROKKA_04262022/PROKKA_04262022:Ferroplasma_1226 (length 95)
PROKKA_04262022/PROKKA_04262022:Ferroplasma_1227 (length 121)
PROKKA_04262022/PROKKA_04262022:Ferroplasma_1228 (length 257)
PROKKA_04262022/PROKKA_04262022:Ferroplasma_1229 (length 90)
PROKKA_04262022/PROKKA_04262022:Ferroplasma_1230 (length 531)
PROKKA_04262022/PROKKA_04262022:Ferroplasma_1231 (length 182)
PROKKA_04262022/PROKKA_04262022:Ferroplasma_1232 (length 129)
PROKKA_04262022/PROKKA_04262022:Ferroplasma_1233 (length 406)
PROKKA_04262022/PROKKA_04262022:Ferroplasma_1234 (length 94)
PROKKA_04262022/PROKKA_04262022:Ferroplasma_1235 (length 384)
PROKKA_04262022/PROKKA_04262022:Ferroplasma_1236 (length 131)
PROKKA_04262022/PROKKA_04262022:Ferroplasma_1237 (length 165)
PROKKA_04262022/PROKKA_04262022:Ferroplasma_1238 (length 390)
PROKKA_04262022/PROKKA_04262022:Ferroplasma_1239 (length 221)
PROKKA_04262022/PROKKA_04262022:Ferroplasma_1240 (length 258)
PROKKA_04262022/PROKKA_04262022:Ferroplasma_1241 (length 738)
PROKKA_04262022/PROKKA_04262022:Ferroplasma_1242 (length 499)
PROKKA_04262022/PROKKA_04262022:Ferroplasma_1243 (length 51)
PROKKA_04262022/PROKKA_04262022:Ferroplasma_1244 (length 72)
PROKKA_04262022/PROKKA_04262022:Ferroplasma_1245 (length 73)
PROKKA_04262022/PROKKA_04262022:Ferroplasma_1246 (length 249)
PROKKA_04262022/PROKKA_04262022:Ferroplasma_1247 (length 835)
PROKKA_04262022/PROKKA_04262022:Ferroplasma_1248 (length 73)
PROKKA_04262022/PROKKA_04262022:Ferroplasma_1249 (length 205)
PROKKA_04262022/PROKKA_04262022:Ferroplasma_1250 (length 275)
PROKKA_04262022/PROKKA_04262022:Ferroplasma_1251 (length 288)
PROKKA_04262022/PROKKA_04262022:Ferroplasma_1252 (length 175)
PROKKA_04262022/PROKKA_04262022:Ferroplasma_1253 (length 52)
PROKKA_04262022/PROKKA_04262022:Ferroplasma_1254 (length 50)
PROKKA_04262022/PROKKA_04262022:Ferroplasma_1255 (length 54)
PROKKA_04262022/PROKKA_04262022:Ferroplasma_1256 (length 154)
PROKKA_04262022/PROKKA_04262022:Ferroplasma_1257 (length 71)
PROKKA_04262022/PROKKA_04262022:Ferroplasma_1258 (length 96)
PROKKA_04262022/PROKKA_04262022:Ferroplasma_1259 (length 293)
PROKKA_04262022/PROKKA_04262022:Ferroplasma_1260 (length 60)
PROKKA_04262022/PROKKA_04262022:Ferroplasma_1261 (length 330)
PROKKA_04262022/PROKKA_04262022:Ferroplasma_1262 (length 256)
PROKKA_04262022/PROKKA_04262022:Ferroplasma_1263 (length 82)
PROKKA_04262022/PROKKA_04262022:Ferroplasma_1264 (length 232)
PROKKA_04262022/PROKKA_04262022:Ferroplasma_1265 (length 151)
PROKKA_04262022/PROKKA_04262022:Ferroplasma_1266 (length 149)
PROKKA_04262022/PROKKA_04262022:Ferroplasma_1267 (length 223)
PROKKA_04262022/PROKKA_04262022:Ferroplasma_1268 (length 65)
PROKKA_04262022/PROKKA_04262022:Ferroplasma_1269 (length 99)
PROKKA_04262022/PROKKA_04262022:Ferroplasma_1270 (length 100)
PROKKA_04262022/PROKKA_04262022:Ferroplasma_1271 (length 106)
PROKKA_04262022/PROKKA_04262022:Ferroplasma_1272 (length 132)
PROKKA_04262022/PROKKA_04262022:Ferroplasma_1273 (length 238)
PROKKA_04262022/PROKKA_04262022:Ferroplasma_1274 (length 174)
PROKKA_04262022/PROKKA_04262022:Ferroplasma_1275 (length 129)
PROKKA_04262022/PROKKA_04262022:Ferroplasma_1276 (length 174)
PROKKA_04262022/PROKKA_04262022:Ferroplasma_1277 (length 114)
PROKKA_04262022/PROKKA_04262022:Ferroplasma_1278 (length 158)
PROKKA_04262022/PROKKA_04262022:Ferroplasma_1279 (length 157)
PROKKA_04262022/PROKKA_04262022:Ferroplasma_1280 (length 221)
PROKKA_04262022/PROKKA_04262022:Ferroplasma_1281 (length 164)
PROKKA_04262022/PROKKA_04262022:Ferroplasma_1282 (length 135)
PROKKA_04262022/PROKKA_04262022:Ferroplasma_1283 (length 586)
PROKKA_04262022/PROKKA_04262022:Ferroplasma_1284 (length 180)
PROKKA_04262022/PROKKA_04262022:Ferroplasma_1285 (length 228)
PROKKA_04262022/PROKKA_04262022:Ferroplasma_1286 (length 175)
PROKKA_04262022/PROKKA_04262022:Ferroplasma_1287 (length 130)
PROKKA_04262022/PROKKA_04262022:Ferroplasma_1288 (length 351)
PROKKA_04262022/PROKKA_04262022:Ferroplasma_1289 (length 185)
PROKKA_04262022/PROKKA_04262022:Ferroplasma_1290 (length 465)
PROKKA_04262022/PROKKA_04262022:Ferroplasma_1291 (length 84)
PROKKA_04262022/PROKKA_04262022:Ferroplasma_1292 (length 166)
PROKKA_04262022/PROKKA_04262022:Ferroplasma_1293 (length 325)
PROKKA_04262022/PROKKA_04262022:Ferroplasma_1294 (length 91)
PROKKA_04262022/PROKKA_04262022:Ferroplasma_1295 (length 226)
PROKKA_04262022/PROKKA_04262022:Ferroplasma_1296 (length 76)
PROKKA_04262022/PROKKA_04262022:Ferroplasma_1297 (length 194)
PROKKA_04262022/PROKKA_04262022:Ferroplasma_1298 (length 420)
PROKKA_04262022/PROKKA_04262022:Ferroplasma_1299 (length 285)
PROKKA_04262022/PROKKA_04262022:Ferroplasma_1300 (length 185)
PROKKA_04262022/PROKKA_04262022:Ferroplasma_1301 (length 254)
PROKKA_04262022/PROKKA_04262022:Ferroplasma_1302 (length 110)
PROKKA_04262022/PROKKA_04262022:Ferroplasma_1303 (length 582)
PROKKA_04262022/PROKKA_04262022:Ferroplasma_1304 (length 143)
PROKKA_04262022/PROKKA_04262022:Ferroplasma_1305 (length 496)
PROKKA_04262022/PROKKA_04262022:Ferroplasma_1306 (length 522)
PROKKA_04262022/PROKKA_04262022:Ferroplasma_1307 (length 383)
PROKKA_04262022/PROKKA_04262022:Ferroplasma_1308 (length 858)
PROKKA_04262022/PROKKA_04262022:Ferroplasma_1309 (length 354)
PROKKA_04262022/PROKKA_04262022:Ferroplasma_1310 (length 86)
PROKKA_04262022/PROKKA_04262022:Ferroplasma_1311 (length 338)
PROKKA_04262022/PROKKA_04262022:Ferroplasma_1312 (length 430)
PROKKA_04262022/PROKKA_04262022:Ferroplasma_1313 (length 442)
PROKKA_04262022/PROKKA_04262022:Ferroplasma_1314 (length 312)
PROKKA_04262022/PROKKA_04262022:Ferroplasma_1315 (length 198)
PROKKA_04262022/PROKKA_04262022:Ferroplasma_1316 (length 100)
PROKKA_04262022/PROKKA_04262022:Ferroplasma_1317 (length 297)
PROKKA_04262022/PROKKA_04262022:Ferroplasma_1318 (length 192)
PROKKA_04262022/PROKKA_04262022:Ferroplasma_1319 (length 52)
PROKKA_04262022/PROKKA_04262022:Ferroplasma_1320 (length 66)
PROKKA_04262022/PROKKA_04262022:Ferroplasma_1321 (length 524)
PROKKA_04262022/PROKKA_04262022:Ferroplasma_1322 (length 416)
PROKKA_04262022/PROKKA_04262022:Ferroplasma_1323 (length 54)
PROKKA_04262022/PROKKA_04262022:Ferroplasma_1324 (length 129)
PROKKA_04262022/PROKKA_04262022:Ferroplasma_1325 (length 287)
PROKKA_04262022/PROKKA_04262022:Ferroplasma_1326 (length 169)
PROKKA_04262022/PROKKA_04262022:Ferroplasma_1327 (length 124)
PROKKA_04262022/PROKKA_04262022:Ferroplasma_1328 (length 48)
PROKKA_04262022/PROKKA_04262022:Ferroplasma_1329 (length 364)
PROKKA_04262022/PROKKA_04262022:Ferroplasma_1330 (length 237)
PROKKA_04262022/PROKKA_04262022:Ferroplasma_1331 (length 250)
PROKKA_04262022/PROKKA_04262022:Ferroplasma_1332 (length 96)
PROKKA_04262022/PROKKA_04262022:Ferroplasma_1333 (length 132)
PROKKA_04262022/PROKKA_04262022:Ferroplasma_1334 (length 403)
PROKKA_04262022/PROKKA_04262022:Ferroplasma_1335 (length 448)
PROKKA_04262022/PROKKA_04262022:Ferroplasma_1336 (length 241)
PROKKA_04262022/PROKKA_04262022:Ferroplasma_1337 (length 338)
PROKKA_04262022/PROKKA_04262022:Ferroplasma_1338 (length 1426)
PROKKA_04262022/PROKKA_04262022:Ferroplasma_1339 (length 279)
PROKKA_04262022/PROKKA_04262022:Ferroplasma_1340 (length 213)
PROKKA_04262022/PROKKA_04262022:Ferroplasma_1341 (length 137)
PROKKA_04262022/PROKKA_04262022:Ferroplasma_1342 (length 232)
PROKKA_04262022/PROKKA_04262022:Ferroplasma_1343 (length 56)
PROKKA_04262022/PROKKA_04262022:Ferroplasma_1344 (length 91)
PROKKA_04262022/PROKKA_04262022:Ferroplasma_1345 (length 393)
PROKKA_04262022/PROKKA_04262022:Ferroplasma_1346 (length 193)
PROKKA_04262022/PROKKA_04262022:Ferroplasma_1347 (length 409)
PROKKA_04262022/PROKKA_04262022:Ferroplasma_1348 (length 122)
PROKKA_04262022/PROKKA_04262022:Ferroplasma_1349 (length 328)
PROKKA_04262022/PROKKA_04262022:Ferroplasma_1350 (length 222)
PROKKA_04262022/PROKKA_04262022:Ferroplasma_1351 (length 80)
PROKKA_04262022/PROKKA_04262022:Ferroplasma_1352 (length 100)
PROKKA_04262022/PROKKA_04262022:Ferroplasma_1353 (length 361)
PROKKA_04262022/PROKKA_04262022:Ferroplasma_1354 (length 144)
PROKKA_04262022/PROKKA_04262022:Ferroplasma_1355 (length 443)
PROKKA_04262022/PROKKA_04262022:Ferroplasma_1356 (length 341)
PROKKA_04262022/PROKKA_04262022:Ferroplasma_1357 (length 365)
PROKKA_04262022/PROKKA_04262022:Ferroplasma_1358 (length 697)
PROKKA_04262022/PROKKA_04262022:Ferroplasma_1359 (length 95)
PROKKA_04262022/PROKKA_04262022:Ferroplasma_1360 (length 159)
PROKKA_04262022/PROKKA_04262022:Ferroplasma_1361 (length 195)
PROKKA_04262022/PROKKA_04262022:Ferroplasma_1362 (length 127)
PROKKA_04262022/PROKKA_04262022:Ferroplasma_1363 (length 270)
PROKKA_04262022/PROKKA_04262022:Ferroplasma_1364 (length 68)
PROKKA_04262022/PROKKA_04262022:Ferroplasma_1365 (length 215)
PROKKA_04262022/PROKKA_04262022:Ferroplasma_1366 (length 188)
PROKKA_04262022/PROKKA_04262022:Ferroplasma_1367 (length 271)
PROKKA_04262022/PROKKA_04262022:Ferroplasma_1368 (length 110)
PROKKA_04262022/PROKKA_04262022:Ferroplasma_1369 (length 340)
PROKKA_04262022/PROKKA_04262022:Ferroplasma_1370 (length 148)
PROKKA_04262022/PROKKA_04262022:Ferroplasma_1371 (length 184)
PROKKA_04262022/PROKKA_04262022:Ferroplasma_1372 (length 182)
PROKKA_04262022/PROKKA_04262022:Ferroplasma_1373 (length 287)
PROKKA_04262022/PROKKA_04262022:Ferroplasma_1374 (length 804)
PROKKA_04262022/PROKKA_04262022:Ferroplasma_1375 (length 342)
PROKKA_04262022/PROKKA_04262022:Ferroplasma_1376 (length 293)
PROKKA_04262022/PROKKA_04262022:Ferroplasma_1377 (length 310)
PROKKA_04262022/PROKKA_04262022:Ferroplasma_1378 (length 388)
PROKKA_04262022/PROKKA_04262022:Ferroplasma_1379 (length 311)
PROKKA_04262022/PROKKA_04262022:Ferroplasma_1380 (length 125)
PROKKA_04262022/PROKKA_04262022:Ferroplasma_1381 (length 79)
PROKKA_04262022/PROKKA_04262022:Ferroplasma_1382 (length 436)
PROKKA_04262022/PROKKA_04262022:Ferroplasma_1383 (length 381)
PROKKA_04262022/PROKKA_04262022:Ferroplasma_1384 (length 427)
PROKKA_04262022/PROKKA_04262022:Ferroplasma_1385 (length 93)
PROKKA_04262022/PROKKA_04262022:Ferroplasma_1386 (length 220)
PROKKA_04262022/PROKKA_04262022:Ferroplasma_1387 (length 145)
PROKKA_04262022/PROKKA_04262022:Ferroplasma_1388 (length 427)
PROKKA_04262022/PROKKA_04262022:Ferroplasma_1389 (length 172)
PROKKA_04262022/PROKKA_04262022:Ferroplasma_1390 (length 182)
PROKKA_04262022/PROKKA_04262022:Ferroplasma_1391 (length 142)
PROKKA_04262022/PROKKA_04262022:Ferroplasma_1392 (length 391)
PROKKA_04262022/PROKKA_04262022:Ferroplasma_1393 (length 146)
PROKKA_04262022/PROKKA_04262022:Ferroplasma_1394 (length 205)
PROKKA_04262022/PROKKA_04262022:Ferroplasma_1395 (length 109)
PROKKA_04262022/PROKKA_04262022:Ferroplasma_1396 (length 156)
PROKKA_04262022/PROKKA_04262022:Ferroplasma_1397 (length 280)
PROKKA_04262022/PROKKA_04262022:Ferroplasma_1398 (length 351)
PROKKA_04262022/PROKKA_04262022:Ferroplasma_1399 (length 228)
PROKKA_04262022/PROKKA_04262022:Ferroplasma_1400 (length 53)
PROKKA_04262022/PROKKA_04262022:Ferroplasma_1401 (length 89)
PROKKA_04262022/PROKKA_04262022:Ferroplasma_1402 (length 317)
PROKKA_04262022/PROKKA_04262022:Ferroplasma_1403 (length 216)
PROKKA_04262022/PROKKA_04262022:Ferroplasma_1404 (length 58)
PROKKA_04262022/PROKKA_04262022:Ferroplasma_1405 (length 508)
PROKKA_04262022/PROKKA_04262022:Ferroplasma_1406 (length 126)
PROKKA_04262022/PROKKA_04262022:Ferroplasma_1407 (length 314)
PROKKA_04262022/PROKKA_04262022:Ferroplasma_1408 (length 149)
PROKKA_04262022/PROKKA_04262022:Ferroplasma_1409 (length 567)
PROKKA_04262022/PROKKA_04262022:Ferroplasma_1410 (length 245)
PROKKA_04262022/PROKKA_04262022:Ferroplasma_1411 (length 106)
PROKKA_04262022/PROKKA_04262022:Ferroplasma_1412 (length 272)
PROKKA_04262022/PROKKA_04262022:Ferroplasma_1413 (length 82)
PROKKA_04262022/PROKKA_04262022:Ferroplasma_1414 (length 137)
PROKKA_04262022/PROKKA_04262022:Ferroplasma_1415 (length 100)
PROKKA_04262022/PROKKA_04262022:Ferroplasma_1416 (length 105)
PROKKA_04262022/PROKKA_04262022:Ferroplasma_1417 (length 129)
PROKKA_04262022/PROKKA_04262022:Ferroplasma_1418 (length 78)
PROKKA_04262022/PROKKA_04262022:Ferroplasma_1419 (length 89)
PROKKA_04262022/PROKKA_04262022:Ferroplasma_1420 (length 44)
PROKKA_04262022/PROKKA_04262022:Ferroplasma_1421 (length 55)
PROKKA_04262022/PROKKA_04262022:Ferroplasma_1422 (length 64)
PROKKA_04262022/PROKKA_04262022:Ferroplasma_1423 (length 35)
PROKKA_04262022/PROKKA_04262022:Ferroplasma_1424 (length 608)
PROKKA_04262022/PROKKA_04262022:Ferroplasma_1425 (length 133)
PROKKA_04262022/PROKKA_04262022:Ferroplasma_1426 (length 902)
PROKKA_04262022/PROKKA_04262022:Ferroplasma_1427 (length 179)
PROKKA_04262022/PROKKA_04262022:Ferroplasma_1428 (length 899)
PROKKA_04262022/PROKKA_04262022:Ferroplasma_1429 (length 542)
PROKKA_04262022/PROKKA_04262022:Ferroplasma_1430 (length 101)
PROKKA_04262022/PROKKA_04262022:Ferroplasma_1431 (length 443)
PROKKA_04262022/PROKKA_04262022:Ferroplasma_1432 (length 445)
PROKKA_04262022/PROKKA_04262022:Ferroplasma_1433 (length 124)
PROKKA_04262022/PROKKA_04262022:Ferroplasma_1434 (length 151)
PROKKA_04262022/PROKKA_04262022:Ferroplasma_1435 (length 39)
PROKKA_04262022/PROKKA_04262022:Ferroplasma_1436 (length 322)
PROKKA_04262022/PROKKA_04262022:Ferroplasma_1437 (length 148)
PROKKA_04262022/PROKKA_04262022:Ferroplasma_1438 (length 111)
PROKKA_04262022/PROKKA_04262022:Ferroplasma_1439 (length 296)
PROKKA_04262022/PROKKA_04262022:Ferroplasma_1440 (length 378)
PROKKA_04262022/PROKKA_04262022:Ferroplasma_1441 (length 140)
PROKKA_04262022/PROKKA_04262022:Ferroplasma_1442 (length 416)
PROKKA_04262022/PROKKA_04262022:Ferroplasma_1443 (length 787)
PROKKA_04262022/PROKKA_04262022:Ferroplasma_1444 (length 141)
PROKKA_04262022/PROKKA_04262022:Ferroplasma_1445 (length 154)
PROKKA_04262022/PROKKA_04262022:Ferroplasma_1446 (length 107)
PROKKA_04262022/PROKKA_04262022:Ferroplasma_1447 (length 109)
PROKKA_04262022/PROKKA_04262022:Ferroplasma_1448 (length 361)
PROKKA_04262022/PROKKA_04262022:Ferroplasma_1449 (length 215)
PROKKA_04262022/PROKKA_04262022:Ferroplasma_1450 (length 303)
PROKKA_04262022/PROKKA_04262022:Ferroplasma_1451 (length 277)
PROKKA_04262022/PROKKA_04262022:Ferroplasma_1452 (length 131)
PROKKA_04262022/PROKKA_04262022:Ferroplasma_1453 (length 175)
PROKKA_04262022/PROKKA_04262022:Ferroplasma_1454 (length 483)
PROKKA_04262022/PROKKA_04262022:Ferroplasma_1455 (length 204)
PROKKA_04262022/PROKKA_04262022:Ferroplasma_1456 (length 428)
PROKKA_04262022/PROKKA_04262022:Ferroplasma_1457 (length 422)
PROKKA_04262022/PROKKA_04262022:Ferroplasma_1458 (length 96)
PROKKA_04262022/PROKKA_04262022:Ferroplasma_1459 (length 189)
PROKKA_04262022/PROKKA_04262022:Ferroplasma_1460 (length 248)
PROKKA_04262022/PROKKA_04262022:Ferroplasma_1461 (length 49)
PROKKA_04262022/PROKKA_04262022:Ferroplasma_1462 (length 381)
PROKKA_04262022/PROKKA_04262022:Ferroplasma_1463 (length 330)
PROKKA_04262022/PROKKA_04262022:Ferroplasma_1464 (length 355)
PROKKA_04262022/PROKKA_04262022:Ferroplasma_1465 (length 226)
PROKKA_04262022/PROKKA_04262022:Ferroplasma_1466 (length 219)
PROKKA_04262022/PROKKA_04262022:Ferroplasma_1467 (length 414)
PROKKA_04262022/PROKKA_04262022:Ferroplasma_1468 (length 429)
PROKKA_04262022/PROKKA_04262022:Ferroplasma_1469 (length 377)
PROKKA_04262022/PROKKA_04262022:Ferroplasma_1470 (length 158)
PROKKA_04262022/PROKKA_04262022:Ferroplasma_1471 (length 283)
PROKKA_04262022/PROKKA_04262022:Ferroplasma_1472 (length 150)
PROKKA_04262022/PROKKA_04262022:Ferroplasma_1473 (length 403)
PROKKA_04262022/PROKKA_04262022:Ferroplasma_1474 (length 397)
PROKKA_04262022/PROKKA_04262022:Ferroplasma_1475 (length 443)
PROKKA_04262022/PROKKA_04262022:Ferroplasma_1476 (length 254)
PROKKA_04262022/PROKKA_04262022:Ferroplasma_1477 (length 402)
PROKKA_04262022/PROKKA_04262022:Ferroplasma_1478 (length 219)
PROKKA_04262022/PROKKA_04262022:Ferroplasma_1479 (length 657)
PROKKA_04262022/PROKKA_04262022:Ferroplasma_1480 (length 140)
PROKKA_04262022/PROKKA_04262022:Ferroplasma_1481 (length 296)
PROKKA_04262022/PROKKA_04262022:Ferroplasma_1482 (length 533)
PROKKA_04262022/PROKKA_04262022:Ferroplasma_1483 (length 202)
PROKKA_04262022/PROKKA_04262022:Ferroplasma_1484 (length 157)
PROKKA_04262022/PROKKA_04262022:Ferroplasma_1485 (length 317)
PROKKA_04262022/PROKKA_04262022:Ferroplasma_1486 (length 431)
PROKKA_04262022/PROKKA_04262022:Ferroplasma_1487 (length 290)
PROKKA_04262022/PROKKA_04262022:Ferroplasma_1488 (length 104)
PROKKA_04262022/PROKKA_04262022:Ferroplasma_1489 (length 637)
PROKKA_04262022/PROKKA_04262022:Ferroplasma_1490 (length 610)
PROKKA_04262022/PROKKA_04262022:Ferroplasma_1491 (length 372)
PROKKA_04262022/PROKKA_04262022:Ferroplasma_1492 (length 376)
PROKKA_04262022/PROKKA_04262022:Ferroplasma_1493 (length 907)
PROKKA_04262022/PROKKA_04262022:Ferroplasma_1494 (length 74)
PROKKA_04262022/PROKKA_04262022:Ferroplasma_1495 (length 90)
PROKKA_04262022/PROKKA_04262022:Ferroplasma_1496 (length 223)
PROKKA_04262022/PROKKA_04262022:Ferroplasma_1497 (length 355)
PROKKA_04262022/PROKKA_04262022:Ferroplasma_1498 (length 357)
PROKKA_04262022/PROKKA_04262022:Ferroplasma_1499 (length 337)
PROKKA_04262022/PROKKA_04262022:Ferroplasma_1500 (length 82)
PROKKA_04262022/PROKKA_04262022:Ferroplasma_1501 (length 126)
PROKKA_04262022/PROKKA_04262022:Ferroplasma_1502 (length 570)
PROKKA_04262022/PROKKA_04262022:Ferroplasma_1503 (length 585)
PROKKA_04262022/PROKKA_04262022:Ferroplasma_1504 (length 128)
PROKKA_04262022/PROKKA_04262022:Ferroplasma_1505 (length 68)
PROKKA_04262022/PROKKA_04262022:Ferroplasma_1506 (length 289)
PROKKA_04262022/PROKKA_04262022:Ferroplasma_1507 (length 74)
PROKKA_04262022/PROKKA_04262022:Ferroplasma_1508 (length 305)
PROKKA_04262022/PROKKA_04262022:Ferroplasma_1509 (length 246)
PROKKA_04262022/PROKKA_04262022:Ferroplasma_1510 (length 188)
PROKKA_04262022/PROKKA_04262022:Ferroplasma_1511 (length 201)
PROKKA_04262022/PROKKA_04262022:Ferroplasma_1512 (length 132)
PROKKA_04262022/PROKKA_04262022:Ferroplasma_1513 (length 206)
PROKKA_04262022/PROKKA_04262022:Ferroplasma_1514 (length 152)
PROKKA_04262022/PROKKA_04262022:Ferroplasma_1515 (length 184)
PROKKA_04262022/PROKKA_04262022:Ferroplasma_1516 (length 638)
PROKKA_04262022/PROKKA_04262022:Ferroplasma_1517 (length 334)
PROKKA_04262022/PROKKA_04262022:Ferroplasma_1518 (length 415)
PROKKA_04262022/PROKKA_04262022:Ferroplasma_1519 (length 209)
PROKKA_04262022/PROKKA_04262022:Ferroplasma_1520 (length 163)
PROKKA_04262022/PROKKA_04262022:Ferroplasma_1521 (length 416)
PROKKA_04262022/PROKKA_04262022:Ferroplasma_1522 (length 246)
PROKKA_04262022/PROKKA_04262022:Ferroplasma_1523 (length 409)
PROKKA_04262022/PROKKA_04262022:Ferroplasma_1524 (length 274)
PROKKA_04262022/PROKKA_04262022:Ferroplasma_1525 (length 179)
PROKKA_04262022/PROKKA_04262022:Ferroplasma_1526 (length 402)
PROKKA_04262022/PROKKA_04262022:Ferroplasma_1527 (length 312)
PROKKA_04262022/PROKKA_04262022:Ferroplasma_1528 (length 95)
PROKKA_04262022/PROKKA_04262022:Ferroplasma_1529 (length 156)
PROKKA_04262022/PROKKA_04262022:Ferroplasma_1530 (length 186)
PROKKA_04262022/PROKKA_04262022:Ferroplasma_1531 (length 185)
PROKKA_04262022/PROKKA_04262022:Ferroplasma_1532 (length 142)
PROKKA_04262022/PROKKA_04262022:Ferroplasma_1533 (length 39)
PROKKA_04262022/PROKKA_04262022:Ferroplasma_1534 (length 139)
PROKKA_04262022/PROKKA_04262022:Ferroplasma_1535 (length 128)
PROKKA_04262022/PROKKA_04262022:Ferroplasma_1536 (length 90)
PROKKA_04262022/PROKKA_04262022:Ferroplasma_1537 (length 391)
PROKKA_04262022/PROKKA_04262022:Ferroplasma_1538 (length 215)
PROKKA_04262022/PROKKA_04262022:Ferroplasma_1539 (length 62)
PROKKA_04262022/PROKKA_04262022:Ferroplasma_1540 (length 76)
PROKKA_04262022/PROKKA_04262022:Ferroplasma_1541 (length 429)
PROKKA_04262022/PROKKA_04262022:Ferroplasma_1542 (length 477)
PROKKA_04262022/PROKKA_04262022:Ferroplasma_1543 (length 344)
PROKKA_04262022/PROKKA_04262022:Ferroplasma_1544 (length 298)
PROKKA_04262022/PROKKA_04262022:Ferroplasma_1545 (length 202)
PROKKA_04262022/PROKKA_04262022:Ferroplasma_1546 (length 120)
PROKKA_04262022/PROKKA_04262022:Ferroplasma_1547 (length 57)
PROKKA_04262022/PROKKA_04262022:Ferroplasma_1548 (length 48)
PROKKA_04262022/PROKKA_04262022:Ferroplasma_1549 (length 51)
PROKKA_04262022/PROKKA_04262022:Ferroplasma_1550 (length 105)
PROKKA_04262022/PROKKA_04262022:Ferroplasma_1551 (length 168)
PROKKA_04262022/PROKKA_04262022:Ferroplasma_1552 (length 63)
PROKKA_04262022/PROKKA_04262022:Ferroplasma_1553 (length 191)
PROKKA_04262022/PROKKA_04262022:Ferroplasma_1554 (length 437)
PROKKA_04262022/PROKKA_04262022:Ferroplasma_1555 (length 335)
PROKKA_04262022/PROKKA_04262022:Ferroplasma_1556 (length 293)
PROKKA_04262022/PROKKA_04262022:Ferroplasma_1557 (length 299)
PROKKA_04262022/PROKKA_04262022:Ferroplasma_1558 (length 425)
PROKKA_04262022/PROKKA_04262022:Ferroplasma_1559 (length 138)
PROKKA_04262022/PROKKA_04262022:Ferroplasma_1560 (length 455)
PROKKA_04262022/PROKKA_04262022:Ferroplasma_1561 (length 143)
PROKKA_04262022/PROKKA_04262022:Ferroplasma_1562 (length 172)
PROKKA_04262022/PROKKA_04262022:Ferroplasma_1563 (length 777)
PROKKA_04262022/PROKKA_04262022:Ferroplasma_1564 (length 364)
PROKKA_04262022/PROKKA_04262022:Ferroplasma_1565 (length 485)
PROKKA_04262022/PROKKA_04262022:Ferroplasma_1566 (length 606)
PROKKA_04262022/PROKKA_04262022:Ferroplasma_1567 (length 124)
PROKKA_04262022/PROKKA_04262022:Ferroplasma_1568 (length 500)
PROKKA_04262022/PROKKA_04262022:Ferroplasma_1569 (length 108)
PROKKA_04262022/PROKKA_04262022:Ferroplasma_1570 (length 419)
PROKKA_04262022/PROKKA_04262022:Ferroplasma_1571 (length 89)
PROKKA_04262022/PROKKA_04262022:Ferroplasma_1572 (length 172)
PROKKA_04262022/PROKKA_04262022:Ferroplasma_1573 (length 99)
PROKKA_04262022/PROKKA_04262022:Ferroplasma_1574 (length 124)
PROKKA_04262022/PROKKA_04262022:Ferroplasma_1575 (length 168)
PROKKA_04262022/PROKKA_04262022:Ferroplasma_1576 (length 149)
PROKKA_04262022/PROKKA_04262022:Ferroplasma_1577 (length 203)
PROKKA_04262022/PROKKA_04262022:Ferroplasma_1578 (length 140)
PROKKA_04262022/PROKKA_04262022:Ferroplasma_1579 (length 121)
PROKKA_04262022/PROKKA_04262022:Ferroplasma_1580 (length 365)
PROKKA_04262022/PROKKA_04262022:Ferroplasma_1581 (length 150)
PROKKA_04262022/PROKKA_04262022:Ferroplasma_1582 (length 298)
PROKKA_04262022/PROKKA_04262022:Ferroplasma_1583 (length 165)
PROKKA_04262022/PROKKA_04262022:Ferroplasma_1584 (length 379)
PROKKA_04262022/PROKKA_04262022:Ferroplasma_1585 (length 361)
PROKKA_04262022/PROKKA_04262022:Ferroplasma_1586 (length 607)
PROKKA_04262022/PROKKA_04262022:Ferroplasma_1587 (length 60)
PROKKA_04262022/PROKKA_04262022:Ferroplasma_1588 (length 96)
PROKKA_04262022/PROKKA_04262022:Ferroplasma_1589 (length 150)
PROKKA_04262022/PROKKA_04262022:Ferroplasma_1590 (length 244)
PROKKA_04262022/PROKKA_04262022:Ferroplasma_1591 (length 271)
PROKKA_04262022/PROKKA_04262022:Ferroplasma_1592 (length 403)
PROKKA_04262022/PROKKA_04262022:Ferroplasma_1593 (length 784)
PROKKA_04262022/PROKKA_04262022:Ferroplasma_1594 (length 193)
PROKKA_04262022/PROKKA_04262022:Ferroplasma_1595 (length 121)
PROKKA_04262022/PROKKA_04262022:Ferroplasma_1596 (length 250)
PROKKA_04262022/PROKKA_04262022:Ferroplasma_1597 (length 261)
PROKKA_04262022/PROKKA_04262022:Ferroplasma_1598 (length 123)
PROKKA_04262022/PROKKA_04262022:Ferroplasma_1599 (length 29)
PROKKA_04262022/PROKKA_04262022:Ferroplasma_1600 (length 66)
PROKKA_04262022/PROKKA_04262022:Ferroplasma_1601 (length 348)
PROKKA_04262022/PROKKA_04262022:Ferroplasma_1602 (length 254)
PROKKA_04262022/PROKKA_04262022:Ferroplasma_1603 (length 393)
PROKKA_04262022/PROKKA_04262022:Ferroplasma_1604 (length 282)
PROKKA_04262022/PROKKA_04262022:Ferroplasma_1605 (length 350)
PROKKA_04262022/PROKKA_04262022:Ferroplasma_1606 (length 254)
PROKKA_04262022/PROKKA_04262022:Ferroplasma_1607 (length 642)
PROKKA_04262022/PROKKA_04262022:Ferroplasma_1608 (length 525)
PROKKA_04262022/PROKKA_04262022:Ferroplasma_1609 (length 391)
PROKKA_04262022/PROKKA_04262022:Ferroplasma_1610 (length 359)
PROKKA_04262022/PROKKA_04262022:Ferroplasma_1611 (length 328)
PROKKA_04262022/PROKKA_04262022:Ferroplasma_1612 (length 103)
PROKKA_04262022/PROKKA_04262022:Ferroplasma_1613 (length 160)
PROKKA_04262022/PROKKA_04262022:Ferroplasma_1614 (length 78)
PROKKA_04262022/PROKKA_04262022:Ferroplasma_1615 (length 260)
PROKKA_04262022/PROKKA_04262022:Ferroplasma_1616 (length 288)
PROKKA_04262022/PROKKA_04262022:Ferroplasma_1617 (length 109)
PROKKA_04262022/PROKKA_04262022:Ferroplasma_1618 (length 64)
PROKKA_04262022/PROKKA_04262022:Ferroplasma_1619 (length 41)
PROKKA_04262022/PROKKA_04262022:Ferroplasma_1620 (length 87)
PROKKA_04262022/PROKKA_04262022:Ferroplasma_1621 (length 320)
PROKKA_04262022/PROKKA_04262022:Ferroplasma_1622 (length 395)
PROKKA_04262022/PROKKA_04262022:Ferroplasma_1623 (length 100)
PROKKA_04262022/PROKKA_04262022:Ferroplasma_1624 (length 81)
PROKKA_04262022/PROKKA_04262022:Ferroplasma_1625 (length 206)
PROKKA_04262022/PROKKA_04262022:Ferroplasma_1626 (length 351)
PROKKA_04262022/PROKKA_04262022:Ferroplasma_1627 (length 212)
PROKKA_04262022/PROKKA_04262022:Ferroplasma_1628 (length 190)
PROKKA_04262022/PROKKA_04262022:Ferroplasma_1629 (length 321)
PROKKA_04262022/PROKKA_04262022:Ferroplasma_1630 (length 171)
PROKKA_04262022/PROKKA_04262022:Ferroplasma_1631 (length 626)
PROKKA_04262022/PROKKA_04262022:Ferroplasma_1632 (length 367)
PROKKA_04262022/PROKKA_04262022:Ferroplasma_1633 (length 307)
PROKKA_04262022/PROKKA_04262022:Ferroplasma_1634 (length 243)
PROKKA_04262022/PROKKA_04262022:Ferroplasma_1635 (length 380)
PROKKA_04262022/PROKKA_04262022:Ferroplasma_1636 (length 59)
PROKKA_04262022/PROKKA_04262022:Ferroplasma_1637 (length 271)
PROKKA_04262022/PROKKA_04262022:Ferroplasma_1638 (length 274)
PROKKA_04262022/PROKKA_04262022:Ferroplasma_1639 (length 259)
PROKKA_04262022/PROKKA_04262022:Ferroplasma_1640 (length 1156)
PROKKA_04262022/PROKKA_04262022:Ferroplasma_1641 (length 540)
PROKKA_04262022/PROKKA_04262022:Ferroplasma_1642 (length 60)
PROKKA_04262022/PROKKA_04262022:Ferroplasma_1643 (length 329)
PROKKA_04262022/PROKKA_04262022:Ferroplasma_1644 (length 92)
PROKKA_04262022/PROKKA_04262022:Ferroplasma_1645 (length 339)
PROKKA_04262022/PROKKA_04262022:Ferroplasma_1646 (length 236)
PROKKA_04262022/PROKKA_04262022:Ferroplasma_1647 (length 148)
PROKKA_04262022/PROKKA_04262022:Ferroplasma_1648 (length 401)
PROKKA_04262022/PROKKA_04262022:Ferroplasma_1649 (length 305)
PROKKA_04262022/PROKKA_04262022:Ferroplasma_1650 (length 615)
PROKKA_04262022/PROKKA_04262022:Ferroplasma_1651 (length 204)
PROKKA_04262022/PROKKA_04262022:Ferroplasma_1652 (length 523)
PROKKA_04262022/PROKKA_04262022:Ferroplasma_1653 (length 140)
PROKKA_04262022/PROKKA_04262022:Ferroplasma_1654 (length 81)
PROKKA_04262022/PROKKA_04262022:Ferroplasma_1655 (length 459)
PROKKA_04262022/PROKKA_04262022:Ferroplasma_1656 (length 285)
PROKKA_04262022/PROKKA_04262022:Ferroplasma_1657 (length 54)
PROKKA_04262022/PROKKA_04262022:Ferroplasma_1658 (length 80)
PROKKA_04262022/PROKKA_04262022:Ferroplasma_1659 (length 133)
PROKKA_04262022/PROKKA_04262022:Ferroplasma_1660 (length 438)
PROKKA_04262022/PROKKA_04262022:Ferroplasma_1661 (length 258)
PROKKA_04262022/PROKKA_04262022:Ferroplasma_1662 (length 310)
PROKKA_04262022/PROKKA_04262022:Ferroplasma_1663 (length 681)
PROKKA_04262022/PROKKA_04262022:Ferroplasma_1664 (length 52)
PROKKA_04262022/PROKKA_04262022:Ferroplasma_1665 (length 47)
PROKKA_04262022/PROKKA_04262022:Ferroplasma_1666 (length 455)
PROKKA_04262022/PROKKA_04262022:Ferroplasma_1667 (length 194)
PROKKA_04262022/PROKKA_04262022:Ferroplasma_1668 (length 218)
PROKKA_04262022/PROKKA_04262022:Ferroplasma_1669 (length 118)
PROKKA_04262022/PROKKA_04262022:Ferroplasma_1670 (length 76)
PROKKA_04262022/PROKKA_04262022:Ferroplasma_1671 (length 145)
PROKKA_04262022/PROKKA_04262022:Ferroplasma_1672 (length 198)
PROKKA_04262022/PROKKA_04262022:Ferroplasma_1673 (length 477)
PROKKA_04262022/PROKKA_04262022:Ferroplasma_1674 (length 98)
PROKKA_04262022/PROKKA_04262022:Ferroplasma_1675 (length 220)
PROKKA_04262022/PROKKA_04262022:Ferroplasma_1676 (length 454)
PROKKA_04262022/PROKKA_04262022:Ferroplasma_1677 (length 203)
PROKKA_04262022/PROKKA_04262022:Ferroplasma_1678 (length 250)
PROKKA_04262022/PROKKA_04262022:Ferroplasma_1679 (length 181)
PROKKA_04262022/PROKKA_04262022:Ferroplasma_1680 (length 32)
PROKKA_04262022/PROKKA_04262022:Ferroplasma_1681 (length 189)
PROKKA_04262022/PROKKA_04262022:Ferroplasma_1682 (length 176)
PROKKA_04262022/PROKKA_04262022:Ferroplasma_1683 (length 375)
PROKKA_04262022/PROKKA_04262022:Ferroplasma_1684 (length 210)
PROKKA_04262022/PROKKA_04262022:Ferroplasma_1685 (length 254)
PROKKA_04262022/PROKKA_04262022:Ferroplasma_1686 (length 54)
PROKKA_04262022/PROKKA_04262022:Ferroplasma_1687 (length 346)
PROKKA_04262022/PROKKA_04262022:Ferroplasma_1688 (length 308)
PROKKA_04262022/PROKKA_04262022:Ferroplasma_1689 (length 155)
PROKKA_04262022/PROKKA_04262022:Ferroplasma_1690 (length 623)
PROKKA_04262022/PROKKA_04262022:Ferroplasma_1691 (length 203)
PROKKA_04262022/PROKKA_04262022:Ferroplasma_1692 (length 78)
PROKKA_04262022/PROKKA_04262022:Ferroplasma_1693 (length 94)
PROKKA_04262022/PROKKA_04262022:Ferroplasma_1694 (length 134)
PROKKA_04262022/PROKKA_04262022:Ferroplasma_1695 (length 150)
PROKKA_04262022/PROKKA_04262022:Ferroplasma_1696 (length 540)
PROKKA_04262022/PROKKA_04262022:Ferroplasma_1697 (length 263)
PROKKA_04262022/PROKKA_04262022:Ferroplasma_1698 (length 169)
PROKKA_04262022/PROKKA_04262022:Ferroplasma_1699 (length 94)
PROKKA_04262022/PROKKA_04262022:Ferroplasma_1700 (length 89)
PROKKA_04262022/PROKKA_04262022:Ferroplasma_1701 (length 142)
PROKKA_04262022/PROKKA_04262022:Ferroplasma_1702 (length 405)
PROKKA_04262022/PROKKA_04262022:Ferroplasma_1703 (length 354)
PROKKA_04262022/PROKKA_04262022:Ferroplasma_1704 (length 184)
PROKKA_04262022/PROKKA_04262022:Ferroplasma_1705 (length 481)
PROKKA_04262022/PROKKA_04262022:Ferroplasma_1706 (length 545)
PROKKA_04262022/PROKKA_04262022:Ferroplasma_1707 (length 483)
PROKKA_04262022/PROKKA_04262022:Ferroplasma_1708 (length 99)
PROKKA_04262022/PROKKA_04262022:Ferroplasma_1709 (length 255)
PROKKA_04262022/PROKKA_04262022:Ferroplasma_1710 (length 34)
PROKKA_04262022/PROKKA_04262022:Ferroplasma_1711 (length 78)
PROKKA_04262022/PROKKA_04262022:Ferroplasma_1712 (length 675)
PROKKA_04262022/PROKKA_04262022:Ferroplasma_1713 (length 132)
PROKKA_04262022/PROKKA_04262022:Ferroplasma_1714 (length 44)
PROKKA_04262022/PROKKA_04262022:Ferroplasma_1715 (length 392)
PROKKA_04262022/PROKKA_04262022:Ferroplasma_1716 (length 80)
PROKKA_04262022/PROKKA_04262022:Ferroplasma_1717 (length 571)
PROKKA_04262022/PROKKA_04262022:Ferroplasma_1718 (length 354)
PROKKA_04262022/PROKKA_04262022:Ferroplasma_1719 (length 199)
PROKKA_04262022/PROKKA_04262022:Ferroplasma_1720 (length 250)
PROKKA_04262022/PROKKA_04262022:Ferroplasma_1721 (length 66)
PROKKA_04262022/PROKKA_04262022:Ferroplasma_1722 (length 165)
PROKKA_04262022/PROKKA_04262022:Ferroplasma_1723 (length 462)
PROKKA_04262022/PROKKA_04262022:Ferroplasma_1724 (length 488)
PROKKA_04262022/PROKKA_04262022:Ferroplasma_1725 (length 249)
PROKKA_04262022/PROKKA_04262022:Ferroplasma_1726 (length 111)
PROKKA_04262022/PROKKA_04262022:Ferroplasma_1727 (length 125)
PROKKA_04262022/PROKKA_04262022:Ferroplasma_1728 (length 118)
PROKKA_04262022/PROKKA_04262022:Ferroplasma_1729 (length 315)
PROKKA_04262022/PROKKA_04262022:Ferroplasma_1730 (length 382)
PROKKA_04262022/PROKKA_04262022:Ferroplasma_1731 (length 503)
PROKKA_04262022/PROKKA_04262022:Ferroplasma_1732 (length 548)
PROKKA_04262022/PROKKA_04262022:Ferroplasma_1733 (length 257)
PROKKA_04262022/PROKKA_04262022:Ferroplasma_1734 (length 195)
PROKKA_04262022/PROKKA_04262022:Ferroplasma_1735 (length 85)
PROKKA_04262022/PROKKA_04262022:Ferroplasma_1736 (length 307)
PROKKA_04262022/PROKKA_04262022:Ferroplasma_1737 (length 660)
PROKKA_04262022/PROKKA_04262022:Ferroplasma_1738 (length 224)
PROKKA_04262022/PROKKA_04262022:Ferroplasma_1739 (length 92)
PROKKA_04262022/PROKKA_04262022:Ferroplasma_1740 (length 67)
PROKKA_04262022/PROKKA_04262022:Ferroplasma_1741 (length 43)
PROKKA_04262022/PROKKA_04262022:Ferroplasma_1742 (length 29)
PROKKA_04262022/PROKKA_04262022:Ferroplasma_1743 (length 325)
PROKKA_04262022/PROKKA_04262022:Ferroplasma_1744 (length 88)
PROKKA_04262022/PROKKA_04262022:Ferroplasma_1745 (length 174)
PROKKA_04262022/PROKKA_04262022:Ferroplasma_1746 (length 369)
PROKKA_04262022/PROKKA_04262022:Ferroplasma_1747 (length 161)
PROKKA_04262022/PROKKA_04262022:Ferroplasma_1748 (length 172)
PROKKA_04262022/PROKKA_04262022:Ferroplasma_1749 (length 224)
PROKKA_04262022/PROKKA_04262022:Ferroplasma_1750 (length 140)
PROKKA_04262022/PROKKA_04262022:Ferroplasma_1751 (length 298)
PROKKA_04262022/PROKKA_04262022:Ferroplasma_1752 (length 247)
PROKKA_04262022/PROKKA_04262022:Ferroplasma_1753 (length 53)
PROKKA_04262022/PROKKA_04262022:Ferroplasma_1754 (length 112)
PROKKA_04262022/PROKKA_04262022:Ferroplasma_1755 (length 336)
PROKKA_04262022/PROKKA_04262022:Ferroplasma_1756 (length 104)
PROKKA_04262022/PROKKA_04262022:Ferroplasma_1757 (length 579)
PROKKA_04262022/PROKKA_04262022:Ferroplasma_1758 (length 552)
PROKKA_04262022/PROKKA_04262022:Ferroplasma_1759 (length 83)
PROKKA_04262022/PROKKA_04262022:Ferroplasma_1760 (length 51)
PROKKA_04262022/PROKKA_04262022:Ferroplasma_1761 (length 393)
PROKKA_04262022/PROKKA_04262022:Ferroplasma_1762 (length 375)
PROKKA_04262022/PROKKA_04262022:Ferroplasma_1763 (length 98)
PROKKA_04262022/PROKKA_04262022:Ferroplasma_1764 (length 55)
PROKKA_04262022/PROKKA_04262022:Ferroplasma_1765 (length 45)
PROKKA_04262022/PROKKA_04262022:Ferroplasma_1766 (length 55)
PROKKA_04262022/PROKKA_04262022:Ferroplasma_1767 (length 387)
PROKKA_04262022/PROKKA_04262022:Ferroplasma_1768 (length 397)
PROKKA_04262022/PROKKA_04262022:Ferroplasma_1769 (length 172)
PROKKA_04262022/PROKKA_04262022:Ferroplasma_1770 (length 163)
PROKKA_04262022/PROKKA_04262022:Ferroplasma_1771 (length 101)
PROKKA_04262022/PROKKA_04262022:Ferroplasma_1772 (length 242)
PROKKA_04262022/PROKKA_04262022:Ferroplasma_1773 (length 220)
PROKKA_04262022/PROKKA_04262022:Ferroplasma_1774 (length 97)
PROKKA_04262022/PROKKA_04262022:Ferroplasma_1775 (length 189)
PROKKA_04262022/PROKKA_04262022:Ferroplasma_1776 (length 142)
PROKKA_04262022/PROKKA_04262022:Ferroplasma_1777 (length 103)
PROKKA_04262022/PROKKA_04262022:Ferroplasma_1778 (length 94)
PROKKA_04262022/PROKKA_04262022:Ferroplasma_1779 (length 99)
PROKKA_04262022/PROKKA_04262022:Ferroplasma_1780 (length 308)
PROKKA_04262022/PROKKA_04262022:Ferroplasma_1781 (length 151)
PROKKA_04262022/PROKKA_04262022:Ferroplasma_1782 (length 209)
PROKKA_04262022/PROKKA_04262022:Ferroplasma_1783 (length 129)
PROKKA_04262022/PROKKA_04262022:Ferroplasma_1784 (length 118)
PROKKA_04262022/PROKKA_04262022:Ferroplasma_1785 (length 203)
PROKKA_04262022/PROKKA_04262022:Ferroplasma_1786 (length 43)
PROKKA_04262022/PROKKA_04262022:Ferroplasma_1787 (length 125)
PROKKA_04262022/PROKKA_04262022:Ferroplasma_1788 (length 149)
PROKKA_04262022/PROKKA_04262022:Ferroplasma_1789 (length 299)
PROKKA_04262022/PROKKA_04262022:Ferroplasma_1790 (length 273)
PROKKA_04262022/PROKKA_04262022:Ferroplasma_1791 (length 283)
PROKKA_04262022/PROKKA_04262022:Ferroplasma_1792 (length 269)
PROKKA_04262022/PROKKA_04262022:Ferroplasma_1793 (length 218)
PROKKA_04262022/PROKKA_04262022:Ferroplasma_1794 (length 522)
PROKKA_04262022/PROKKA_04262022:Ferroplasma_1795 (length 186)
PROKKA_04262022/PROKKA_04262022:Ferroplasma_1796 (length 224)
PROKKA_04262022/PROKKA_04262022:Ferroplasma_1797 (length 261)
PROKKA_04262022/PROKKA_04262022:Ferroplasma_1798 (length 203)
PROKKA_04262022/PROKKA_04262022:Ferroplasma_1799 (length 294)
PROKKA_04262022/PROKKA_04262022:Ferroplasma_1800 (length 99)
PROKKA_04262022/PROKKA_04262022:Ferroplasma_1801 (length 105)
PROKKA_04262022/PROKKA_04262022:Ferroplasma_1802 (length 129)
PROKKA_04262022/PROKKA_04262022:Ferroplasma_1803 (length 47)
PROKKA_04262022/PROKKA_04262022:Ferroplasma_1804 (length 559)
PROKKA_04262022/PROKKA_04262022:Ferroplasma_1805 (length 374)
PROKKA_04262022/PROKKA_04262022:Ferroplasma_1806 (length 141)
PROKKA_04262022/PROKKA_04262022:Ferroplasma_1807 (length 235)
PROKKA_04262022/PROKKA_04262022:Ferroplasma_1808 (length 608)
PROKKA_04262022/PROKKA_04262022:Ferroplasma_1809 (length 397)
PROKKA_04262022/PROKKA_04262022:Ferroplasma_1810 (length 95)
PROKKA_04262022/PROKKA_04262022:Ferroplasma_1811 (length 262)
PROKKA_04262022/PROKKA_04262022:Ferroplasma_1812 (length 530)
PROKKA_04262022/PROKKA_04262022:Ferroplasma_1813 (length 227)
PROKKA_04262022/PROKKA_04262022:Ferroplasma_1814 (length 1051)
PROKKA_04262022/PROKKA_04262022:Ferroplasma_1815 (length 348)
PROKKA_04262022/PROKKA_04262022:Ferroplasma_1816 (length 303)
PROKKA_04262022/PROKKA_04262022:Ferroplasma_1817 (length 341)
PROKKA_04262022/PROKKA_04262022:Ferroplasma_1818 (length 194)
PROKKA_04262022/PROKKA_04262022:Ferroplasma_1819 (length 406)
PROKKA_04262022/PROKKA_04262022:Ferroplasma_1820 (length 70)
PROKKA_04262022/PROKKA_04262022:Ferroplasma_1821 (length 302)
PROKKA_04262022/PROKKA_04262022:Ferroplasma_1822 (length 259)
PROKKA_04262022/PROKKA_04262022:Ferroplasma_1823 (length 306)
PROKKA_04262022/PROKKA_04262022:Ferroplasma_1824 (length 113)
PROKKA_04262022/PROKKA_04262022:Ferroplasma_1825 (length 88)
PROKKA_04262022/PROKKA_04262022:Ferroplasma_1826 (length 270)
PROKKA_04262022/PROKKA_04262022:Ferroplasma_1827 (length 322)
PROKKA_04262022/PROKKA_04262022:Ferroplasma_1828 (length 189)
PROKKA_04262022/PROKKA_04262022:Ferroplasma_1829 (length 187)
PROKKA_04262022/PROKKA_04262022:Ferroplasma_1830 (length 587)
PROKKA_04262022/PROKKA_04262022:Ferroplasma_1831 (length 223)
PROKKA_04262022/PROKKA_04262022:Ferroplasma_1832 (length 269)
PROKKA_04262022/PROKKA_04262022:Ferroplasma_1833 (length 150)
PROKKA_04262022/PROKKA_04262022:Ferroplasma_1834 (length 86)
PROKKA_04262022/PROKKA_04262022:Ferroplasma_1835 (length 174)
PROKKA_04262022/PROKKA_04262022:Ferroplasma_1836 (length 159)
PROKKA_04262022/PROKKA_04262022:Ferroplasma_1837 (length 225)
PROKKA_04262022/PROKKA_04262022:Ferroplasma_1838 (length 76)
PROKKA_04262022/PROKKA_04262022:Ferroplasma_1839 (length 169)
PROKKA_04262022/PROKKA_04262022:Ferroplasma_1840 (length 239)
PROKKA_04262022/PROKKA_04262022:Ferroplasma_1841 (length 242)
PROKKA_04262022/PROKKA_04262022:Ferroplasma_1842 (length 411)
PROKKA_04262022/PROKKA_04262022:Ferroplasma_1843 (length 268)
PROKKA_04262022/PROKKA_04262022:Ferroplasma_1844 (length 117)
PROKKA_04262022/PROKKA_04262022:Ferroplasma_1845 (length 281)
PROKKA_04262022/PROKKA_04262022:Ferroplasma_1846 (length 84)
PROKKA_04262022/PROKKA_04262022:Ferroplasma_1847 (length 320)
PROKKA_04262022/PROKKA_04262022:Ferroplasma_1848 (length 192)
PROKKA_04262022/PROKKA_04262022:Ferroplasma_1849 (length 53)
PROKKA_04262022/PROKKA_04262022:Ferroplasma_1850 (length 156)
PROKKA_04262022/PROKKA_04262022:Ferroplasma_1851 (length 96)
PROKKA_04262022/PROKKA_04262022:Ferroplasma_1852 (length 101)
PROKKA_04262022/PROKKA_04262022:Ferroplasma_1853 (length 313)
PROKKA_04262022/PROKKA_04262022:Ferroplasma_1854 (length 198)
PROKKA_04262022/PROKKA_04262022:Ferroplasma_1855 (length 106)
PROKKA_04262022/PROKKA_04262022:Ferroplasma_1856 (length 239)
PROKKA_04262022/PROKKA_04262022:Ferroplasma_1857 (length 75)
PROKKA_04262022/PROKKA_04262022:Ferroplasma_1858 (length 162)
PROKKA_04262022/PROKKA_04262022:Ferroplasma_1859 (length 309)
PROKKA_04262022/PROKKA_04262022:Ferroplasma_1860 (length 373)
PROKKA_04262022/PROKKA_04262022:Ferroplasma_1861 (length 222)
PROKKA_04262022/PROKKA_04262022:Ferroplasma_1862 (length 223)
PROKKA_04262022/PROKKA_04262022:Ferroplasma_1863 (length 87)
PROKKA_04262022/PROKKA_04262022:Ferroplasma_1864 (length 142)
PROKKA_04262022/PROKKA_04262022:Ferroplasma_1865 (length 515)
PROKKA_04262022/PROKKA_04262022:Ferroplasma_1866 (length 291)
PROKKA_04262022/PROKKA_04262022:Ferroplasma_1867 (length 274)
PROKKA_04262022/PROKKA_04262022:Ferroplasma_1868 (length 295)
PROKKA_04262022/PROKKA_04262022:Ferroplasma_1869 (length 140)
PROKKA_04262022/PROKKA_04262022:Ferroplasma_1870 (length 399)
PROKKA_04262022/PROKKA_04262022:Ferroplasma_1871 (length 49)
PROKKA_04262022/PROKKA_04262022:Ferroplasma_1872 (length 171)
PROKKA_04262022/PROKKA_04262022:Ferroplasma_1873 (length 94)
PROKKA_04262022/PROKKA_04262022:Ferroplasma_1874 (length 224)
PROKKA_04262022/PROKKA_04262022:Ferroplasma_1875 (length 139)
PROKKA_04262022/PROKKA_04262022:Ferroplasma_1876 (length 206)
PROKKA_04262022/PROKKA_04262022:Ferroplasma_1877 (length 83)
PROKKA_04262022/PROKKA_04262022:Ferroplasma_1878 (length 69)
PROKKA_04262022/PROKKA_04262022:Ferroplasma_1879 (length 104)
PROKKA_04262022/PROKKA_04262022:Ferroplasma_1880 (length 222)
PROKKA_04262022/PROKKA_04262022:Ferroplasma_1881 (length 229)
PROKKA_04262022/PROKKA_04262022:Ferroplasma_1882 (length 56)
PROKKA_04262022/PROKKA_04262022:Ferroplasma_1883 (length 46)
PROKKA_04262022/PROKKA_04262022:Ferroplasma_1884 (length 50)
PROKKA_04262022/PROKKA_04262022:Ferroplasma_1885 (length 598)
PROKKA_04262022/PROKKA_04262022:Ferroplasma_1886 (length 373)
PROKKA_04262022/PROKKA_04262022:Ferroplasma_1887 (length 78)
PROKKA_04262022/PROKKA_04262022:Ferroplasma_1888 (length 51)
PROKKA_04262022/PROKKA_04262022:Ferroplasma_1889 (length 161)
PROKKA_04262022/PROKKA_04262022:Ferroplasma_1890 (length 191)
PROKKA_04262022/PROKKA_04262022:Ferroplasma_1891 (length 443)
PROKKA_04262022/PROKKA_04262022:Ferroplasma_1892 (length 89)
PROKKA_04262022/PROKKA_04262022:Ferroplasma_1893 (length 29)
PROKKA_04262022/PROKKA_04262022:Ferroplasma_1894 (length 165)
PROKKA_04262022/PROKKA_04262022:Ferroplasma_1895 (length 30)
PROKKA_04262022/PROKKA_04262022:Ferroplasma_1896 (length 345)
PROKKA_04262022/PROKKA_04262022:Ferroplasma_1897 (length 154)
PROKKA_04262022/PROKKA_04262022:Ferroplasma_1898 (length 178)
PROKKA_04262022/PROKKA_04262022:Ferroplasma_1899 (length 324)
PROKKA_04262022/PROKKA_04262022:Ferroplasma_1900 (length 185)
PROKKA_04262022/PROKKA_04262022:Ferroplasma_1901 (length 40)
PROKKA_04262022/PROKKA_04262022:Ferroplasma_1902 (length 45)
PROKKA_04262022/PROKKA_04262022:Ferroplasma_1903 (length 436)
PROKKA_04262022/PROKKA_04262022:Ferroplasma_1904 (length 251)
PROKKA_04262022/PROKKA_04262022:Ferroplasma_1905 (length 267)
PROKKA_04262022/PROKKA_04262022:Ferroplasma_1906 (length 77)
PROKKA_04262022/PROKKA_04262022:Ferroplasma_1907 (length 195)
PROKKA_04262022/PROKKA_04262022:Ferroplasma_1908 (length 207)
PROKKA_04262022/PROKKA_04262022:Ferroplasma_1909 (length 260)
PROKKA_04262022/PROKKA_04262022:Ferroplasma_1910 (length 42)
PROKKA_04262022/PROKKA_04262022:Ferroplasma_1911 (length 40)
PROKKA_04262022/PROKKA_04262022:Ferroplasma_1912 (length 107)
PROKKA_04262022/PROKKA_04262022:Ferroplasma_1913 (length 225)
PROKKA_04262022/PROKKA_04262022:Ferroplasma_1914 (length 170)
PROKKA_04262022/PROKKA_04262022:Ferroplasma_1915 (length 259)
PROKKA_04262022/PROKKA_04262022:Ferroplasma_1916 (length 106)
PROKKA_04262022/PROKKA_04262022:Ferroplasma_1917 (length 108)
PROKKA_04262022/PROKKA_04262022:Ferroplasma_1918 (length 547)
PROKKA_04262022/PROKKA_04262022:Ferroplasma_1919 (length 182)
PROKKA_04262022/PROKKA_04262022:Ferroplasma_1920 (length 483)
PROKKA_04262022/PROKKA_04262022:Ferroplasma_1921 (length 78)
PROKKA_04262022/PROKKA_04262022:Ferroplasma_1922 (length 148)
PROKKA_04262022/PROKKA_04262022:Ferroplasma_1923 (length 140)
PROKKA_04262022/PROKKA_04262022:Ferroplasma_1924 (length 240)
PROKKA_04262022/PROKKA_04262022:Ferroplasma_1925 (length 279)
PROKKA_04262022/PROKKA_04262022:Ferroplasma_1926 (length 65)
PROKKA_04262022/PROKKA_04262022:Ferroplasma_1927 (length 85)
PROKKA_04262022/PROKKA_04262022:Ferroplasma_1928 (length 268)
PROKKA_04262022/PROKKA_04262022:Ferroplasma_1929 (length 100)
PROKKA_04262022/PROKKA_04262022:Ferroplasma_1930 (length 64)
PROKKA_04262022/PROKKA_04262022:Ferroplasma_1931 (length 200)
PROKKA_04262022/PROKKA_04262022:Ferroplasma_1932 (length 345)
PROKKA_04262022/PROKKA_04262022:Ferroplasma_1933 (length 463)
PROKKA_04262022/PROKKA_04262022:Ferroplasma_1934 (length 122)
PROKKA_04262022/PROKKA_04262022:Ferroplasma_1935 (length 77)
PROKKA_04262022/PROKKA_04262022:Ferroplasma_1936 (length 340)
PROKKA_04262022/PROKKA_04262022:Ferroplasma_1937 (length 348)
PROKKA_04262022/PROKKA_04262022:Ferroplasma_1938 (length 401)
PROKKA_04262022/PROKKA_04262022:Ferroplasma_1939 (length 470)
PROKKA_04262022/PROKKA_04262022:Ferroplasma_1940 (length 451)
PROKKA_04262022/PROKKA_04262022:Ferroplasma_1941 (length 136)
PROKKA_04262022/PROKKA_04262022:Ferroplasma_1942 (length 142)
PROKKA_04262022/PROKKA_04262022:Ferroplasma_1943 (length 118)
PROKKA_04262022/PROKKA_04262022:Ferroplasma_1944 (length 318)
PROKKA_04262022/PROKKA_04262022:Ferroplasma_1945 (length 277)
PROKKA_04262022/PROKKA_04262022:Ferroplasma_1946 (length 136)
PROKKA_04262022/PROKKA_04262022:Ferroplasma_1947 (length 429)
PROKKA_04262022/PROKKA_04262022:Ferroplasma_1948 (length 283)
PROKKA_04262022/PROKKA_04262022:Ferroplasma_1949 (length 247)
PROKKA_04262022/PROKKA_04262022:Ferroplasma_1950 (length 274)
PROKKA_04262022/PROKKA_04262022:Ferroplasma_1951 (length 145)
PROKKA_04262022/PROKKA_04262022:Ferroplasma_1952 (length 211)
PROKKA_04262022/PROKKA_04262022:Ferroplasma_1953 (length 562)
PROKKA_04262022/PROKKA_04262022:Ferroplasma_1954 (length 276)
PROKKA_04262022/PROKKA_04262022:Ferroplasma_1955 (length 406)
PROKKA_04262022/PROKKA_04262022:Ferroplasma_1956 (length 173)
PROKKA_04262022/PROKKA_04262022:Ferroplasma_1957 (length 77)
PROKKA_04262022/PROKKA_04262022:Ferroplasma_1958 (length 93)
PROKKA_04262022/PROKKA_04262022:Ferroplasma_1959 (length 82)
PROKKA_04262022/PROKKA_04262022:Ferroplasma_1960 (length 100)
PROKKA_04262022/PROKKA_04262022:Ferroplasma_1961 (length 481)
PROKKA_04262022/PROKKA_04262022:Ferroplasma_1962 (length 47)
PROKKA_04262022/PROKKA_04262022:Ferroplasma_1963 (length 169)
PROKKA_04262022/PROKKA_04262022:Ferroplasma_1964 (length 103)
PROKKA_04262022/PROKKA_04262022:Ferroplasma_1965 (length 187)
PROKKA_04262022/PROKKA_04262022:Ferroplasma_1966 (length 372)
PROKKA_04262022/PROKKA_04262022:Ferroplasma_1967 (length 242)
PROKKA_04262022/PROKKA_04262022:Ferroplasma_1968 (length 379)
PROKKA_04262022/PROKKA_04262022:Ferroplasma_1969 (length 767)
PROKKA_04262022/PROKKA_04262022:Ferroplasma_1970 (length 111)
PROKKA_04262022/PROKKA_04262022:Ferroplasma_1971 (length 77)
PROKKA_04262022/PROKKA_04262022:Ferroplasma_1972 (length 115)
PROKKA_04262022/PROKKA_04262022:Ferroplasma_1973 (length 411)
PROKKA_04262022/PROKKA_04262022:Ferroplasma_1974 (length 388)
PROKKA_04262022/PROKKA_04262022:Ferroplasma_1975 (length 275)
PROKKA_04262022/PROKKA_04262022:Ferroplasma_1976 (length 409)
PROKKA_04262022/PROKKA_04262022:Ferroplasma_1977 (length 217)
PROKKA_04262022/PROKKA_04262022:Ferroplasma_1978 (length 247)
PROKKA_04262022/PROKKA_04262022:Ferroplasma_1979 (length 479)
PROKKA_04262022/PROKKA_04262022:Ferroplasma_1980 (length 404)
PROKKA_04262022/PROKKA_04262022:Ferroplasma_1981 (length 607)
PROKKA_04262022/PROKKA_04262022:Ferroplasma_1982 (length 323)
PROKKA_04262022/PROKKA_04262022:Ferroplasma_1983 (length 54)
PROKKA_04262022/PROKKA_04262022:Ferroplasma_1984 (length 334)
PROKKA_04262022/PROKKA_04262022:Ferroplasma_1985 (length 129)
PROKKA_04262022/PROKKA_04262022:Ferroplasma_1986 (length 101)
PROKKA_04262022/PROKKA_04262022:Ferroplasma_1987 (length 456)
PROKKA_04262022/PROKKA_04262022:Ferroplasma_1988 (length 396)
PROKKA_04262022/PROKKA_04262022:Ferroplasma_1989 (length 69)
PROKKA_04262022/PROKKA_04262022:Ferroplasma_1990 (length 476)
PROKKA_04262022/PROKKA_04262022:Ferroplasma_1991 (length 497)
PROKKA_04262022/PROKKA_04262022:Ferroplasma_1992 (length 414)
PROKKA_04262022/PROKKA_04262022:Ferroplasma_1993 (length 169)
PROKKA_04262022/PROKKA_04262022:Ferroplasma_1994 (length 29)
PROKKA_04262022/PROKKA_04262022:Ferroplasma_1995 (length 548)
PROKKA_04262022/PROKKA_04262022:Ferroplasma_1996 (length 127)
PROKKA_04262022/PROKKA_04262022:Ferroplasma_1997 (length 532)
PROKKA_04262022/PROKKA_04262022:Ferroplasma_1998 (length 296)
PROKKA_04262022/PROKKA_04262022:Ferroplasma_1999 (length 563)
PROKKA_04262022/PROKKA_04262022:Ferroplasma_2000 (length 105)
PROKKA_04262022/PROKKA_04262022:Ferroplasma_2001 (length 523)
PROKKA_04262022/PROKKA_04262022:Ferroplasma_2002 (length 89)
PROKKA_04262022/PROKKA_04262022:Ferroplasma_2003 (length 302)
PROKKA_04262022/PROKKA_04262022:Ferroplasma_2004 (length 305)
PROKKA_04262022/PROKKA_04262022:Ferroplasma_2005 (length 646)
PROKKA_04262022/PROKKA_04262022:Ferroplasma_2006 (length 359)
PROKKA_04262022/PROKKA_04262022:Ferroplasma_2007 (length 295)
PROKKA_04262022/PROKKA_04262022:Ferroplasma_2008 (length 382)
PROKKA_04262022/PROKKA_04262022:Ferroplasma_2009 (length 223)
PROKKA_04262022/PROKKA_04262022:Ferroplasma_2010 (length 100)
PROKKA_04262022/PROKKA_04262022:Ferroplasma_2011 (length 354)
PROKKA_04262022/PROKKA_04262022:Ferroplasma_2012 (length 193)
PROKKA_04262022/PROKKA_04262022:Ferroplasma_2013 (length 230)
PROKKA_04262022/PROKKA_04262022:Ferroplasma_2014 (length 162)
PROKKA_04262022/PROKKA_04262022:Ferroplasma_2015 (length 134)
PROKKA_04262022/PROKKA_04262022:Ferroplasma_2016 (length 225)
PROKKA_04262022/PROKKA_04262022:Ferroplasma_2017 (length 140)
PROKKA_04262022/PROKKA_04262022:Ferroplasma_2018 (length 94)
PROKKA_04262022/PROKKA_04262022:Ferroplasma_2019 (length 134)
PROKKA_04262022/PROKKA_04262022:Ferroplasma_2020 (length 168)
PROKKA_04262022/PROKKA_04262022:Ferroplasma_2021 (length 56)
PROKKA_04262022/PROKKA_04262022:Ferroplasma_2022 (length 100)
PROKKA_04262022/PROKKA_04262022:Ferroplasma_2023 (length 665)
PROKKA_04262022/PROKKA_04262022:Ferroplasma_2024 (length 361)
PROKKA_04262022/PROKKA_04262022:Ferroplasma_2025 (length 38)
PROKKA_04262022/PROKKA_04262022:Ferroplasma_2026 (length 70)
PROKKA_04262022/PROKKA_04262022:Ferroplasma_2027 (length 598)
PROKKA_04262022/PROKKA_04262022:Ferroplasma_2028 (length 81)
PROKKA_04262022/PROKKA_04262022:Ferroplasma_2029 (length 429)
PROKKA_04262022/PROKKA_04262022:Ferroplasma_2030 (length 588)
PROKKA_04262022/PROKKA_04262022:Ferroplasma_2031 (length 178)
PROKKA_04262022/PROKKA_04262022:Ferroplasma_2032 (length 344)
PROKKA_04262022/PROKKA_04262022:Ferroplasma_2033 (length 392)
PROKKA_04262022/PROKKA_04262022:Ferroplasma_2034 (length 246)
PROKKA_04262022/PROKKA_04262022:Ferroplasma_2035 (length 50)
PROKKA_04262022/PROKKA_04262022:Ferroplasma_2036 (length 32)
PROKKA_04262022/PROKKA_04262022:Ferroplasma_2037 (length 361)
PROKKA_04262022/PROKKA_04262022:Ferroplasma_2038 (length 133)
PROKKA_04262022/PROKKA_04262022:Ferroplasma_2039 (length 220)
PROKKA_04262022/PROKKA_04262022:Ferroplasma_2040 (length 163)
PROKKA_04262022/PROKKA_04262022:Ferroplasma_2041 (length 108)
PROKKA_04262022/PROKKA_04262022:Ferroplasma_2042 (length 64)
PROKKA_04262022/PROKKA_04262022:Ferroplasma_2043 (length 514)
PROKKA_04262022/PROKKA_04262022:Ferroplasma_2044 (length 368)
PROKKA_04262022/PROKKA_04262022:Ferroplasma_2045 (length 137)
PROKKA_04262022/PROKKA_04262022:Ferroplasma_2046 (length 38)
PROKKA_04262022/PROKKA_04262022:Ferroplasma_2047 (length 440)
PROKKA_04262022/PROKKA_04262022:Ferroplasma_2048 (length 118)
PROKKA_04262022/PROKKA_04262022:Ferroplasma_2049 (length 418)
PROKKA_04262022/PROKKA_04262022:Ferroplasma_2050 (length 129)
PROKKA_04262022/PROKKA_04262022:Ferroplasma_2051 (length 433)
PROKKA_04262022/PROKKA_04262022:Ferroplasma_2052 (length 1039)
PROKKA_04262022/PROKKA_04262022:Ferroplasma_2053 (length 563)
PROKKA_04262022/PROKKA_04262022:Ferroplasma_2054 (length 133)
PROKKA_04262022/PROKKA_04262022:Ferroplasma_2055 (length 375)
PROKKA_04262022/PROKKA_04262022:Ferroplasma_2056 (length 613)
PROKKA_04262022/PROKKA_04262022:Ferroplasma_2057 (length 391)
PROKKA_04262022/PROKKA_04262022:Ferroplasma_2058 (length 58)
PROKKA_04262022/PROKKA_04262022:Ferroplasma_2059 (length 464)
PROKKA_04262022/PROKKA_04262022:Ferroplasma_2060 (length 169)
PROKKA_04262022/PROKKA_04262022:Ferroplasma_2061 (length 83)
PROKKA_04262022/PROKKA_04262022:Ferroplasma_2062 (length 247)
PROKKA_04262022/PROKKA_04262022:Ferroplasma_2063 (length 500)
PROKKA_04262022/PROKKA_04262022:Ferroplasma_2064 (length 617)
PROKKA_04262022/PROKKA_04262022:Ferroplasma_2065 (length 65)
PROKKA_04262022/PROKKA_04262022:Ferroplasma_2066 (length 399)
PROKKA_04262022/PROKKA_04262022:Ferroplasma_2067 (length 265)
PROKKA_04262022/PROKKA_04262022:Ferroplasma_2068 (length 307)
PROKKA_04262022/PROKKA_04262022:Ferroplasma_2069 (length 636)
PROKKA_04262022/PROKKA_04262022:Ferroplasma_2070 (length 91)
PROKKA_04262022/PROKKA_04262022:Ferroplasma_2071 (length 630)
PROKKA_04262022/PROKKA_04262022:Ferroplasma_2072 (length 404)
PROKKA_04262022/PROKKA_04262022:Ferroplasma_2073 (length 279)
PROKKA_04262022/PROKKA_04262022:Ferroplasma_2074 (length 119)
PROKKA_04262022/PROKKA_04262022:Ferroplasma_2075 (length 144)
PROKKA_04262022/PROKKA_04262022:Ferroplasma_2076 (length 71)
PROKKA_04262022/PROKKA_04262022:Ferroplasma_2077 (length 373)
PROKKA_04262022/PROKKA_04262022:Ferroplasma_2078 (length 53)
PROKKA_04262022/PROKKA_04262022:Ferroplasma_2079 (length 31)
PROKKA_04262022/PROKKA_04262022:Ferroplasma_2080 (length 379)
PROKKA_04262022/PROKKA_04262022:Ferroplasma_2081 (length 407)
PROKKA_04262022/PROKKA_04262022:Ferroplasma_2082 (length 252)
PROKKA_04262022/PROKKA_04262022:Ferroplasma_2083 (length 216)
PROKKA_04262022/PROKKA_04262022:Ferroplasma_2084 (length 100)
PROKKA_04262022/PROKKA_04262022:Ferroplasma_2085 (length 104)
PROKKA_04262022/PROKKA_04262022:Ferroplasma_2086 (length 128)
PROKKA_04262022/PROKKA_04262022:Ferroplasma_2087 (length 296)
PROKKA_04262022/PROKKA_04262022:Ferroplasma_2088 (length 405)
PROKKA_04262022/PROKKA_04262022:Ferroplasma_2089 (length 70)
PROKKA_04262022/PROKKA_04262022:Ferroplasma_2090 (length 918)
PROKKA_04262022/PROKKA_04262022:Ferroplasma_2091 (length 197)
PROKKA_04262022/PROKKA_04262022:Ferroplasma_2092 (length 49)
PROKKA_04262022/PROKKA_04262022:Ferroplasma_2093 (length 29)
PROKKA_04262022/PROKKA_04262022:Ferroplasma_2094 (length 183)
PROKKA_04262022/PROKKA_04262022:Ferroplasma_2095 (length 180)
PROKKA_04262022/PROKKA_04262022:Ferroplasma_2096 (length 271)
PROKKA_04262022/PROKKA_04262022:Ferroplasma_2097 (length 338)
PROKKA_04262022/PROKKA_04262022:Ferroplasma_2098 (length 82)
PROKKA_04262022/PROKKA_04262022:Ferroplasma_2099 (length 258)
PROKKA_04262022/PROKKA_04262022:Ferroplasma_2100 (length 69)
PROKKA_04262022/PROKKA_04262022:Ferroplasma_2101 (length 51)
PROKKA_04262022/PROKKA_04262022:Ferroplasma_2102 (length 92)
PROKKA_04262022/PROKKA_04262022:Ferroplasma_2103 (length 80)
PROKKA_04262022/PROKKA_04262022:Ferroplasma_2104 (length 155)
PROKKA_04262022/PROKKA_04262022:Ferroplasma_2105 (length 95)
PROKKA_04262022/PROKKA_04262022:Ferroplasma_2106 (length 395)
PROKKA_04262022/PROKKA_04262022:Ferroplasma_2107 (length 69)
PROKKA_04262022/PROKKA_04262022:Ferroplasma_2108 (length 29)
PROKKA_04262022/PROKKA_04262022:Ferroplasma_2109 (length 117)
PROKKA_04262022/PROKKA_04262022:Ferroplasma_2110 (length 144)
PROKKA_04262022/PROKKA_04262022:Ferroplasma_2111 (length 327)
PROKKA_04262022/PROKKA_04262022:Ferroplasma_2112 (length 70)
PROKKA_04262022/PROKKA_04262022:Ferroplasma_2113 (length 47)
PROKKA_04262022/PROKKA_04262022:Ferroplasma_2114 (length 127)
PROKKA_04262022/PROKKA_04262022:Ferroplasma_2115 (length 249)
PROKKA_04262022/PROKKA_04262022:Ferroplasma_2116 (length 343)
PROKKA_04262022/PROKKA_04262022:Ferroplasma_2117 (length 553)
PROKKA_04262022/PROKKA_04262022:Ferroplasma_2118 (length 62)
PROKKA_04262022/PROKKA_04262022:Ferroplasma_2119 (length 64)
PROKKA_04262022/PROKKA_04262022:Ferroplasma_2120 (length 102)
PROKKA_04262022/PROKKA_04262022:Ferroplasma_2121 (length 61)
PROKKA_04262022/PROKKA_04262022:Ferroplasma_2122 (length 360)
PROKKA_04262022/PROKKA_04262022:Ferroplasma_2123 (length 187)
PROKKA_04262022/PROKKA_04262022:Ferroplasma_2124 (length 211)
PROKKA_04262022/PROKKA_04262022:Ferroplasma_2125 (length 56)
PROKKA_04262022/PROKKA_04262022:Ferroplasma_2126 (length 36)
PROKKA_04262022/PROKKA_04262022:Ferroplasma_2127 (length 164)
PROKKA_04262022/PROKKA_04262022:Ferroplasma_2128 (length 251)
PROKKA_04262022/PROKKA_04262022:Ferroplasma_2129 (length 226)
PROKKA_04262022/PROKKA_04262022:Ferroplasma_2130 (length 1223)
PROKKA_04262022/PROKKA_04262022:Ferroplasma_2131 (length 596)
PROKKA_04262022/PROKKA_04262022:Ferroplasma_2132 (length 1015)
PROKKA_04262022/PROKKA_04262022:Ferroplasma_2133 (length 160)

DiscRep_ALL:DISC_INCONSISTENT_MOLINFO_TECH::Molinfo Technique Report (some missing, all same)
DiscRep_SUB:DISC_INCONSISTENT_MOLINFO_TECH::technique (all missing)
DiscRep_SUB:DISC_INCONSISTENT_MOLINFO_TECH::1 Molinfos are missing field technique
PROKKA_04262022/PROKKA_04262022:Ferroplasma (length 1890475)

