"","KEGG_Module_ACC","p_value","SD_unique_KOs","avg_unique_KOs","avg_unique_KOs_ferroplasma","avg_unique_KOs_other","is_ferroplasma","ratio","NAME","CLASS","PATHWAY-ID","PATHWAY","NR-ORTHOLOGY","class"
"1","M00001",0.457929714471852,2.73687343340466,9.76190476190476,7,10.0526315789474,"FALSE",0.696335078534031,"Glycolysis (Embden-Meyerhof pathway), glucose => pyruvate","Pathway modules; Carbohydrate metabolism; Central carbohydrate metabolism","map00010,map01200,map01100","Glycolysis / Gluconeogenesis,Carbon metabolism,Metabolic pathways","14"," Carbohydrate metabolism"
"2","M00002",0.457929714471852,0.717137165600636,5.71428571428571,5,5.78947368421053,"FALSE",0.863636363636364,"Glycolysis, core module involving three-carbon compounds","Pathway modules; Carbohydrate metabolism; Central carbohydrate metabolism","map00010,map01200,map01230,map01100","Glycolysis / Gluconeogenesis,Carbon metabolism,Biosynthesis of amino acids,Metabolic pathways","7"," Carbohydrate metabolism"
"3","M00003",0.457929714471852,1.81396697612613,7.76190476190476,5.5,8,"FALSE",0.6875,"Gluconeogenesis, oxaloacetate => fructose-6P","Pathway modules; Carbohydrate metabolism; Central carbohydrate metabolism","map00010,map00020,map01100","Glycolysis / Gluconeogenesis,Citrate cycle (TCA cycle),Metabolic pathways","9"," Carbohydrate metabolism"
"4","M00004",0.457929714471852,2.32992949004287,6.85714285714286,5,7.05263157894737,"FALSE",0.708955223880597,"Pentose phosphate pathway (Pentose phosphate cycle)","Pathway modules; Carbohydrate metabolism; Central carbohydrate metabolism","map00030,map01200,map01100,map01120","Pentose phosphate pathway,Carbon metabolism,Metabolic pathways,Microbial metabolism in diverse environments","9"," Carbohydrate metabolism"
"5","M00005",NA,0,1,1,1,"FALSE",1,"PRPP biosynthesis, ribose 5P => PRPP","Pathway modules; Carbohydrate metabolism; Central carbohydrate metabolism","map00030,map00230,map01200,map01230,map01100","Pentose phosphate pathway,Purine metabolism,Carbon metabolism,Biosynthesis of amino acids,Metabolic pathways","1"," Carbohydrate metabolism"
"6","M00006",0.449711055848699,0.703731550548997,2.73333333333333,0,2.73333333333333,"NA",0,"Pentose phosphate pathway, oxidative phase, glucose 6P => ribulose 5P","Pathway modules; Carbohydrate metabolism; Central carbohydrate metabolism","map00030,map01200,map01100,map01120","Pentose phosphate pathway,Carbon metabolism,Metabolic pathways,Microbial metabolism in diverse environments","4"," Carbohydrate metabolism"
"7","M00007",0.456836125591962,0.732695097065047,4.3,4,4.33333333333333,"FALSE",0.923076923076923,"Pentose phosphate pathway, non-oxidative phase, fructose 6P => ribose 5P","Pathway modules; Carbohydrate metabolism; Central carbohydrate metabolism","map00030,map01200,map01230,map01100,map01120","Pentose phosphate pathway,Carbon metabolism,Biosynthesis of amino acids,Metabolic pathways,Microbial metabolism in diverse environments","4"," Carbohydrate metabolism"
"8","M00008",0.449711055848699,0.975900072948533,2.33333333333333,0,2.33333333333333,"NA",0,"Entner-Doudoroff pathway, glucose-6P => glyceraldehyde-3P + pyruvate","Pathway modules; Carbohydrate metabolism; Central carbohydrate metabolism","map00030,map01200,map01100,map01120","Pentose phosphate pathway,Carbon metabolism,Metabolic pathways,Microbial metabolism in diverse environments","4"," Carbohydrate metabolism"
"9","M00009",0.456836125591962,3.48643989735873,12.55,12,12.6111111111111,"FALSE",0.951541850220264,"Citrate cycle (TCA cycle, Krebs cycle)","Pathway modules; Carbohydrate metabolism; Central carbohydrate metabolism","map00020,map01200,map01100","Citrate cycle (TCA cycle),Carbon metabolism,Metabolic pathways","19"," Carbohydrate metabolism"
"10","M00010",0.456836125591962,0.670820393249937,2.65,3,2.61111111111111,"TRUE",1.14893617021277,"Citrate cycle, first carbon oxidation, oxaloacetate => 2-oxoglutarate","Pathway modules; Carbohydrate metabolism; Central carbohydrate metabolism","map00020,map01200,map01210,map01230,map01100","Citrate cycle (TCA cycle),Carbon metabolism,2-Oxocarboxylic acid metabolism,Biosynthesis of amino acids,Metabolic pathways","5"," Carbohydrate metabolism"
"11","M00011",0.456836125591963,3.14391643119148,9.9,9,10,"FALSE",0.9,"Citrate cycle, second carbon oxidation, 2-oxoglutarate => oxaloacetate","Pathway modules; Carbohydrate metabolism; Central carbohydrate metabolism","map00020,map01200,map01210,map01100","Citrate cycle (TCA cycle),Carbon metabolism,2-Oxocarboxylic acid metabolism,Metabolic pathways","12"," Carbohydrate metabolism"
"12","M00012",0.456836125591962,1.40955386745706,3.25,3,3.27777777777778,"FALSE",0.915254237288136,"Glyoxylate cycle","Pathway modules; Carbohydrate metabolism; Other carbohydrate metabolism","map00630,map01200,map01100,map01110","Glyoxylate and dicarboxylate metabolism,Carbon metabolism,Metabolic pathways,Biosynthesis of secondary metabolites","7"," Carbohydrate metabolism"
"13","M00013",0.443263278426466,0.389249472080761,1.16666666666667,0,1.16666666666667,"NA",0,"Malonate semialdehyde pathway, propanoyl-CoA => acetyl-CoA","Pathway modules; Carbohydrate metabolism; Other carbohydrate metabolism","map00410,map00640,map01200,map01100","beta-Alanine metabolism,Propanoate metabolism,Carbon metabolism,Metabolic pathways","7"," Carbohydrate metabolism"
"14","M00014",0.452960809486995,0.874474632195206,1.52941176470588,1,1.5625,"FALSE",0.64,"Glucuronate pathway (uronate pathway)","Pathway modules; Carbohydrate metabolism; Other carbohydrate metabolism","map00040,map01100","Pentose and glucuronate interconversions,Metabolic pathways","11"," Carbohydrate metabolism"
"15","M00015",0.454366113790637,0.777544316035229,2.61111111111111,1,2.8125,"FALSE",0.355555555555556,"Proline biosynthesis, glutamate => proline","Pathway modules; Amino acid metabolism; Arginine and proline metabolism","map00330,map01230,map01100","Arginine and proline metabolism,Biosynthesis of amino acids,Metabolic pathways","4"," Amino acid metabolism"
"16","M00016",0.456836125591962,2.95759504007101,7.7,2.5,8.27777777777778,"FALSE",0.302013422818792,"Lysine biosynthesis, succinyl-DAP pathway, aspartate => lysine","Pathway modules; Amino acid metabolism; Lysine metabolism","map00300,map01230,map01100","Lysine biosynthesis,Biosynthesis of amino acids,Metabolic pathways","9"," Amino acid metabolism"
"17","M00017",0.456836125591962,2.25423577900991,5.65,3.5,5.88888888888889,"FALSE",0.594339622641509,"Methionine biosynthesis, aspartate => homoserine => methionine","Pathway modules; Amino acid metabolism; Cysteine and methionine metabolism","map00270,map01230,map01100","Cysteine and methionine metabolism,Biosynthesis of amino acids,Metabolic pathways","7"," Amino acid metabolism"
"18","M00018",0.456836125591962,1.14707866935281,4.5,3.5,4.61111111111111,"FALSE",0.759036144578313,"Threonine biosynthesis, aspartate => homoserine => threonine","Pathway modules; Amino acid metabolism; Serine and threonine metabolism","map00260,map01230,map01100,map01110","Glycine, serine and threonine metabolism,Biosynthesis of amino acids,Metabolic pathways,Biosynthesis of secondary metabolites","5"," Amino acid metabolism"
"19","M00019",0.456836125591963,1.23117402250218,4.4,3,4.55555555555556,"FALSE",0.658536585365854,"Valine/isoleucine biosynthesis, pyruvate => valine / 2-oxobutanoate => isoleucine","Pathway modules; Amino acid metabolism; Branched-chain amino acid metabolism","map00290,map00770,map01210,map01230,map01100,map01110","Valine, leucine and isoleucine biosynthesis,Pantothenate and CoA biosynthesis,2-Oxocarboxylic acid metabolism,Biosynthesis of amino acids,Metabolic pathways,Biosynthesis of secondary metabolites","4"," Amino acid metabolism"
"20","M00020",0.455652604322418,0.611775290321498,2.52631578947368,2,2.58823529411765,"FALSE",0.772727272727273,"Serine biosynthesis, glycerate-3P => serine","Pathway modules; Amino acid metabolism; Serine and threonine metabolism","map00260,map00680,map01200,map01230,map01100","Glycine, serine and threonine metabolism,Methane metabolism,Carbon metabolism,Biosynthesis of amino acids,Metabolic pathways","3"," Amino acid metabolism"
"21","M00021",0.451417211225725,0.543905629069357,1.8125,1,1.86666666666667,"FALSE",0.535714285714286,"Cysteine biosynthesis, serine => cysteine","Pathway modules; Amino acid metabolism; Cysteine and methionine metabolism","map00270,map00920,map01200,map01230,map01100,map01110","Cysteine and methionine metabolism,Sulfur metabolism,Carbon metabolism,Biosynthesis of amino acids,Metabolic pathways,Biosynthesis of secondary metabolites","2"," Amino acid metabolism"
"22","M00022",0.455652604322419,1.211542924254,6.36842105263158,5,6.52941176470588,"FALSE",0.765765765765766,"Shikimate pathway, phosphoenolpyruvate + erythrose-4P => chorismate","Pathway modules; Amino acid metabolism; Aromatic amino acid metabolism","map00400,map01230,map01100,map01110","Phenylalanine, tyrosine and tryptophan biosynthesis,Biosynthesis of amino acids,Metabolic pathways,Biosynthesis of secondary metabolites","7"," Amino acid metabolism"
"23","M00023",0.456836125591962,1.84889725312998,5.55,4,5.72222222222222,"FALSE",0.699029126213592,"Tryptophan biosynthesis, chorismate => tryptophan","Pathway modules; Amino acid metabolism; Aromatic amino acid metabolism","map00400,map01230,map01100,map01110","Phenylalanine, tyrosine and tryptophan biosynthesis,Biosynthesis of amino acids,Metabolic pathways,Biosynthesis of secondary metabolites","5"," Amino acid metabolism"
"24","M00024",0.455652604322418,0.582392725357819,1.68421052631579,1,1.76470588235294,"FALSE",0.566666666666667,"Phenylalanine biosynthesis, chorismate => phenylpyruvate => phenylalanine","Pathway modules; Amino acid metabolism; Aromatic amino acid metabolism","map00400,map01230,map01100,map01110","Phenylalanine, tyrosine and tryptophan biosynthesis,Biosynthesis of amino acids,Metabolic pathways,Biosynthesis of secondary metabolites","3"," Amino acid metabolism"
"25","M00025",0.451417211225726,0.442530601578392,1.9375,0,1.9375,"NA",0,"Tyrosine biosynthesis, chorismate => HPP => tyrosine","Pathway modules; Amino acid metabolism; Aromatic amino acid metabolism","map00400,map01230,map01100","Phenylalanine, tyrosine and tryptophan biosynthesis,Biosynthesis of amino acids,Metabolic pathways","4"," Amino acid metabolism"
"26","M00026",0.454366113790637,1.50489397711365,8.5,6.5,8.75,"FALSE",0.742857142857143,"Histidine biosynthesis, PRPP => histidine","Pathway modules; Amino acid metabolism; Histidine metabolism","map00340,map01230,map01100,map01110","Histidine metabolism,Biosynthesis of amino acids,Metabolic pathways,Biosynthesis of secondary metabolites","10"," Amino acid metabolism"
"27","M00027",0.455652604322419,0.834210065120613,2.15789473684211,2,2.17647058823529,"FALSE",0.918918918918919,"GABA (gamma-Aminobutyrate) shunt","Pathway modules; Amino acid metabolism; Other amino acid metabolism","map00250,map00650,map01100","Alanine, aspartate and glutamate metabolism,Butanoate metabolism,Metabolic pathways","4"," Amino acid metabolism"
"28","M00028",0.451417211225725,1.35246688191122,4.3125,0,4.3125,"NA",0,"Ornithine biosynthesis, glutamate => ornithine","Pathway modules; Amino acid metabolism; Arginine and proline metabolism","map00220,map01210,map01230,map01100","Arginine biosynthesis,2-Oxocarboxylic acid metabolism,Biosynthesis of amino acids,Metabolic pathways","9"," Amino acid metabolism"
"29","M00029",0.45565260432242,0.577350269189626,3,3,3,"FALSE",1,"Urea cycle","Pathway modules; Amino acid metabolism; Arginine and proline metabolism","map00220,map01230,map01100","Arginine biosynthesis,Biosynthesis of amino acids,Metabolic pathways","5"," Amino acid metabolism"
"30","M00030",NA,0,1,0,1,"NA",0,"Lysine biosynthesis, AAA pathway, 2-oxoglutarate => 2-aminoadipate => lysine","Pathway modules; Amino acid metabolism; Lysine metabolism","map00300,map01230,map01100","Lysine biosynthesis,Biosynthesis of amino acids,Metabolic pathways","8"," Amino acid metabolism"
"31","M00031",0.391625176271089,2,4,5,3,"TRUE",1.66666666666667,"Lysine biosynthesis, mediated by LysW, 2-aminoadipate => lysine","Pathway modules; Amino acid metabolism; Lysine metabolism","map00300,map01210,map01230,map01100","Lysine biosynthesis,2-Oxocarboxylic acid metabolism,Biosynthesis of amino acids,Metabolic pathways","6"," Amino acid metabolism"
"32","M00032",0.456836125591962,1.19097483291276,2.05,1,2.16666666666667,"FALSE",0.461538461538462,"Lysine degradation, lysine => saccharopine => acetoacetyl-CoA","Pathway modules; Amino acid metabolism; Lysine metabolism","map00310,map01210,map01100","Lysine degradation,2-Oxocarboxylic acid metabolism,Metabolic pathways","10"," Amino acid metabolism"
"33","M00033",0.456836125591962,0.366347548532523,1.85,1.5,1.88888888888889,"FALSE",0.794117647058824,"Ectoine biosynthesis, aspartate => ectoine","Pathway modules; Amino acid metabolism; Serine and threonine metabolism","map00260,map01210,map01230,map01100,map01120","Glycine, serine and threonine metabolism,2-Oxocarboxylic acid metabolism,Biosynthesis of amino acids,Metabolic pathways,Microbial metabolism in diverse environments","5"," Amino acid metabolism"
"34","M00034",0.456836125591962,3.05906762541172,4.1,4.5,4.05555555555556,"TRUE",1.10958904109589,"Methionine salvage pathway","Pathway modules; Amino acid metabolism; Cysteine and methionine metabolism","map00270,map01100","Cysteine and methionine metabolism,Metabolic pathways","17"," Amino acid metabolism"
"35","M00035",0.456836125591962,0.944513241388333,2.45,2.5,2.44444444444444,"TRUE",1.02272727272727,"Methionine degradation","Pathway modules; Amino acid metabolism; Cysteine and methionine metabolism","map00270,map00670,map01100","Cysteine and methionine metabolism,One carbon pool by folate,Metabolic pathways","5"," Amino acid metabolism"
"36","M00036",0.456836125591962,2.06219096568367,4.4,3,4.55555555555556,"FALSE",0.658536585365854,"Leucine degradation, leucine => acetoacetate + acetyl-CoA","Pathway modules; Amino acid metabolism; Branched-chain amino acid metabolism","map00280,map01100","Valine, leucine and isoleucine degradation,Metabolic pathways","9"," Amino acid metabolism"
"37","M00037",NA,NA,1,0,1,"NA",0,"Melatonin biosynthesis, animals, tryptophan => serotonin => melatonin","Pathway modules; Amino acid metabolism; Aromatic amino acid metabolism","map00380,map01100","Tryptophan metabolism,Metabolic pathways","4"," Amino acid metabolism"
"38","M00038",0.428879857553054,1.16496474502144,1.75,1,1.85714285714286,"FALSE",0.538461538461538,"Tryptophan metabolism, tryptophan => kynurenine => 2-aminomuconate","Pathway modules; Amino acid metabolism; Aromatic amino acid metabolism","map00380,map01100","Tryptophan metabolism,Metabolic pathways","8"," Amino acid metabolism"
"39","M00039",NA,0,1,0,1,"NA",0,"Monolignol biosynthesis, phenylalanine/tyrosine => monolignol","Pathway modules; Biosynthesis of other secondary metabolites; Biosynthesis of phytochemical compounds","map00940,map01100,map01110","Phenylpropanoid biosynthesis,Metabolic pathways,Biosynthesis of secondary metabolites","11"," Biosynthesis of other secondary metabolites"
"40","M00040",0.415880186995508,0.408248290463863,1.16666666666667,0,1.16666666666667,"NA",0,"Tyrosine biosynthesis, chorismate => arogenate => tyrosine","Pathway modules; Amino acid metabolism; Aromatic amino acid metabolism","map00400,map01230,map01100,map01110","Phenylalanine, tyrosine and tryptophan biosynthesis,Biosynthesis of amino acids,Metabolic pathways,Biosynthesis of secondary metabolites","5"," Amino acid metabolism"
"41","M00042",NA,NA,1,0,1,"NA",0,"Catecholamine biosynthesis, tyrosine => dopamine => noradrenaline => adrenaline","Pathway modules; Amino acid metabolism; Aromatic amino acid metabolism","map00350,map01100","Tyrosine metabolism,Metabolic pathways","5"," Amino acid metabolism"
"42","M00044",0.440493285065212,1.07871977994119,2.18181818181818,2.5,2.11111111111111,"TRUE",1.18421052631579,"Tyrosine degradation, tyrosine => homogentisate","Pathway modules; Amino acid metabolism; Aromatic amino acid metabolism","map00350,map01100","Tyrosine metabolism,Metabolic pathways","8"," Amino acid metabolism"
"43","M00045",0.445679641364612,1.06818801763811,3.84615384615385,2,4.18181818181818,"FALSE",0.478260869565217,"Histidine degradation, histidine => N-formiminoglutamate => glutamate","Pathway modules; Amino acid metabolism; Histidine metabolism","map00340,map01100","Histidine metabolism,Metabolic pathways","7"," Amino acid metabolism"
"44","M00046",0.447811674319491,1.32598708826359,2.28571428571429,1.5,2.41666666666667,"FALSE",0.620689655172414,"Pyrimidine degradation, uracil => beta-alanine, thymine => 3-aminoisobutanoate","Pathway modules; Nucleotide metabolism; Pyrimidine metabolism","map00240,map00410,map00770,map01100","Pyrimidine metabolism,beta-Alanine metabolism,Pantothenate and CoA biosynthesis,Metabolic pathways","4"," Nucleotide metabolism"
"45","M00047",NA,NA,1,0,1,"NA",0,"Creatine pathway","Pathway modules; Amino acid metabolism; Arginine and proline metabolism","map00330,map00260,map01100","Arginine and proline metabolism,Glycine, serine and threonine metabolism,Metabolic pathways","3"," Amino acid metabolism"
"46","M00048",0.456836125591963,1.05131496607569,11.5,11,11.5555555555556,"FALSE",0.951923076923077,"De novo purine biosynthesis, PRPP + glutamine => IMP","Pathway modules; Nucleotide metabolism; Purine metabolism","map00230,map01100","Purine metabolism,Metabolic pathways","15"," Nucleotide metabolism"
"47","M00049",0.457929714471852,0.740012869900955,4.61904761904762,5,4.57894736842105,"TRUE",1.09195402298851,"Adenine ribonucleotide biosynthesis, IMP => ADP,ATP","Pathway modules; Nucleotide metabolism; Purine metabolism","map00230,map01232,map01240,map01100","Purine metabolism,Nucleotide metabolism,Biosynthesis of cofactors,Metabolic pathways","5"," Nucleotide metabolism"
"48","M00050",0.457929714471852,1.06458129484475,4.33333333333333,4,4.36842105263158,"FALSE",0.91566265060241,"Guanine ribonucleotide biosynthesis, IMP => GDP,GTP","Pathway modules; Nucleotide metabolism; Purine metabolism","map00230,map01232,map01100","Purine metabolism,Nucleotide metabolism,Metabolic pathways","4"," Nucleotide metabolism"
"49","M00051",0.456836125591962,0.998683343734455,6.95,6.5,7,"FALSE",0.928571428571429,"De novo pyrimidine biosynthesis, glutamine (+ PRPP) => UMP","Pathway modules; Nucleotide metabolism; Pyrimidine metabolism","map00240,map01240,map01100","Pyrimidine metabolism,Biosynthesis of cofactors,Metabolic pathways","8"," Nucleotide metabolism"
"50","M00052",0.457929714471853,0.358568582800318,2.85714285714286,3,2.84210526315789,"TRUE",1.05555555555556,"Pyrimidine ribonucleotide biosynthesis, UMP => UDP/UTP,CDP/CTP","Pathway modules; Nucleotide metabolism; Pyrimidine metabolism","map00240,map01232,map01240,map01100","Pyrimidine metabolism,Nucleotide metabolism,Biosynthesis of cofactors,Metabolic pathways","4"," Nucleotide metabolism"
"51","M00053",0.457929714471852,1.46547570693582,5.61904761904762,3.5,5.84210526315789,"FALSE",0.599099099099099,"Deoxyribonucleotide biosynthesis, ADP/GDP/CDP/UDP => dATP/dGTP/dCTP/dUTP","Pathway modules; Nucleotide metabolism; Purine metabolism","map00230,map00240,map01232,map01100","Purine metabolism,Pyrimidine metabolism,Nucleotide metabolism,Metabolic pathways","2"," Nucleotide metabolism"
"52","M00055",NA,0,1,0,1,"NA",0,"N-glycan precursor biosynthesis","Pathway modules; Glycan metabolism; Glycan biosynthesis","map00510,map01100","N-Glycan biosynthesis,Metabolic pathways","13"," Glycan metabolism"
"53","M00060",0.406005849709838,1.4142135623731,8,0,8,"NA",0,"KDO2-lipid A biosynthesis, Raetz pathway, LpxL-LpxM type","Pathway modules; Glycan metabolism; Lipopolysaccharide metabolism","map00540,map01100","Lipopolysaccharide biosynthesis,Metabolic pathways","10"," Glycan metabolism"
"54","M00061",0.428879857553055,1.60356745147455,3,1,3.66666666666667,"FALSE",0.272727272727273,"D-Glucuronate degradation, D-glucuronate => pyruvate + D-glyceraldehyde 3P","Pathway modules; Carbohydrate metabolism; Other carbohydrate metabolism","map00040,map00030,map01100","Pentose and glucuronate interconversions,Pentose phosphate pathway,Metabolic pathways","5"," Carbohydrate metabolism"
"55","M00063",0.406005849709838,0.836660026534076,3.8,0,3.8,"NA",0,"CMP-3-deoxy-D-manno-octulosonate biosynthesis, ribulose-5P => CMP-KDO","Pathway modules; Glycan metabolism; Lipopolysaccharide metabolism","map00540,map01250,map01100","Lipopolysaccharide biosynthesis,Biosynthesis of nucleotide sugars,Metabolic pathways","4"," Glycan metabolism"
"56","M00064",0.440493285065212,1.18321595661992,2,1.5,2.11111111111111,"FALSE",0.710526315789474,"ADP-L-glycero-D-manno-heptose biosynthesis, sedoheptulose-7P => ADP-LDmanHep","Pathway modules; Glycan metabolism; Lipopolysaccharide metabolism","map00540,map01250,map01100","Lipopolysaccharide biosynthesis,Biosynthesis of nucleotide sugars,Metabolic pathways","5"," Glycan metabolism"
"57","M00066",NA,0,1,1,1,"FALSE",1,"Lactosylceramide biosynthesis","Pathway modules; Lipid metabolism; Lipid metabolism","map00600,map01100","Sphingolipid metabolism,Metabolic pathways","2"," Lipid metabolism"
"58","M00076",NA,0,1,0,1,"NA",0,"Dermatan sulfate degradation","Pathway modules; Glycan metabolism; Glycosaminoglycan metabolism","map00531,map01100","Glycosaminoglycan degradation,Metabolic pathways","5"," Glycan metabolism"
"59","M00077",NA,0,1,0,1,"NA",0,"Chondroitin sulfate degradation","Pathway modules; Glycan metabolism; Glycosaminoglycan metabolism","map00531,map01100","Glycosaminoglycan degradation,Metabolic pathways","4"," Glycan metabolism"
"60","M00078",NA,0,1,0,1,"NA",0,"Heparan sulfate degradation","Pathway modules; Glycan metabolism; Glycosaminoglycan metabolism","map00531,map01100","Glycosaminoglycan degradation,Metabolic pathways","8"," Glycan metabolism"
"61","M00079",NA,NA,1,0,1,"NA",0,"Keratan sulfate degradation","Pathway modules; Glycan metabolism; Glycosaminoglycan metabolism","map00531,map01100","Glycosaminoglycan degradation,Metabolic pathways","4"," Glycan metabolism"
"62","M00081",NA,NA,1,0,1,"NA",0,"Pectin degradation","Pathway modules; Carbohydrate metabolism; Other carbohydrate metabolism","map00040,map01100","Pentose and glucuronate interconversions,Metabolic pathways","3"," Carbohydrate metabolism"
"63","M00082",0.449711055848699,1.83095083286825,3.73333333333333,0,3.73333333333333,"NA",0,"Fatty acid biosynthesis, initiation","Pathway modules; Lipid metabolism; Fatty acid metabolism","map00061,map01212,map01100","Fatty acid biosynthesis,Fatty acid metabolism,Metabolic pathways","11"," Lipid metabolism"
"64","M00083",0.454366113790636,2.06432504913755,3.44444444444444,1,3.75,"FALSE",0.266666666666667,"Fatty acid biosynthesis, elongation","Pathway modules; Lipid metabolism; Fatty acid metabolism","map00061,map01212,map01100","Fatty acid biosynthesis,Fatty acid metabolism,Metabolic pathways","8"," Lipid metabolism"
"65","M00085",NA,0,1,0,1,"NA",0,"Fatty acid elongation in mitochondria","Pathway modules; Lipid metabolism; Fatty acid metabolism","map00062,map01212,map01100","Fatty acid elongation,Fatty acid metabolism,Metabolic pathways","5"," Lipid metabolism"
"66","M00086",0.454366113790638,0.235702260395516,1.05555555555556,1,1.0625,"FALSE",0.941176470588235,"beta-Oxidation, acyl-CoA synthesis","Pathway modules; Lipid metabolism; Fatty acid metabolism","map00061,map00071,map01212,map01100","Fatty acid biosynthesis,Fatty acid degradation,Fatty acid metabolism,Metabolic pathways","2"," Lipid metabolism"
"67","M00087",0.454366113790636,2.24918285815355,3.66666666666667,2,3.875,"FALSE",0.516129032258065,"beta-Oxidation","Pathway modules; Lipid metabolism; Fatty acid metabolism","map00071,map01212,map01100","Fatty acid degradation,Fatty acid metabolism,Metabolic pathways","12"," Lipid metabolism"
"68","M00088",0.451417211225725,1.10867789130417,2.8125,2,2.92857142857143,"FALSE",0.682926829268293,"Ketone body biosynthesis, acetyl-CoA => acetoacetate/3-hydroxybutyrate/acetone","Pathway modules; Lipid metabolism; Lipid metabolism","map00650,map01100","Butanoate metabolism,Metabolic pathways","5"," Lipid metabolism"
"69","M00089",0.452960809486995,0.392952623996688,1.17647058823529,0,1.17647058823529,"NA",0,"Triacylglycerol biosynthesis","Pathway modules; Lipid metabolism; Lipid metabolism","map00561,map01100","Glycerolipid metabolism,Metabolic pathways","5"," Lipid metabolism"
"70","M00091",NA,0,1,0,1,"NA",0,"Phosphatidylcholine (PC) biosynthesis, PE => PC","Pathway modules; Lipid metabolism; Lipid metabolism","map00564,map01100","Glycerophospholipid metabolism,Metabolic pathways","2"," Lipid metabolism"
"71","M00093",0.452960809486995,1.02899151085505,1.94117647058824,0,1.94117647058824,"NA",0,"Phosphatidylethanolamine (PE) biosynthesis, PA => PS => PE","Pathway modules; Lipid metabolism; Lipid metabolism","map00564,map01100","Glycerophospholipid metabolism,Metabolic pathways","3"," Lipid metabolism"
"72","M00095",0.452960809486995,0.707106781186548,2,2,2,"FALSE",1,"C5 isoprenoid biosynthesis, mevalonate pathway","Pathway modules; Biosynthesis of terpenoids and polyketides; Terpenoid backbone biosynthesis","map00900,map01100,map01110","Terpenoid backbone biosynthesis,Metabolic pathways,Biosynthesis of secondary metabolites","7"," Biosynthesis of terpenoids and polyketides"
"73","M00096",0.452960809486995,1.74052054417806,6.17647058823529,0,6.17647058823529,"NA",0,"C5 isoprenoid biosynthesis, non-mevalonate pathway","Pathway modules; Biosynthesis of terpenoids and polyketides; Terpenoid backbone biosynthesis","map00900,map01100,map01110","Terpenoid backbone biosynthesis,Metabolic pathways,Biosynthesis of secondary metabolites","8"," Biosynthesis of terpenoids and polyketides"
"74","M00097",0.423190081126843,0.377964473009227,1.14285714285714,0,1.14285714285714,"NA",0,"beta-Carotene biosynthesis, GGAP => beta-carotene","Pathway modules; Biosynthesis of terpenoids and polyketides; Plant terpenoid biosynthesis","map00906,map01100,map01110","Carotenoid biosynthesis,Metabolic pathways,Biosynthesis of secondary metabolites","6"," Biosynthesis of terpenoids and polyketides"
"75","M00098",0.428879857553055,0.517549169506766,1.375,0,1.375,"NA",0,"Acylglycerol degradation","Pathway modules; Lipid metabolism; Lipid metabolism","map00561,map01100","Glycerolipid metabolism,Metabolic pathways","3"," Lipid metabolism"
"76","M00100",NA,0,1,1,1,"FALSE",1,"Sphingosine degradation","Pathway modules; Lipid metabolism; Lipid metabolism","map00600,map01100","Sphingolipid metabolism,Metabolic pathways","2"," Lipid metabolism"
"77","M00101",0.367879441171442,0.577350269189626,1.66666666666667,0,1.66666666666667,"NA",0,"Cholesterol biosynthesis, FPP => cholesterol","Pathway modules; Lipid metabolism; Sterol biosynthesis","map00100,map01100","Steroid biosynthesis,Metabolic pathways","12"," Lipid metabolism"
"78","M00102",0.317310507862914,0.707106781186548,1.5,0,1.5,"NA",0,"Ergocalciferol biosynthesis, FPP => ergosterol/ergocalciferol","Pathway modules; Lipid metabolism; Sterol biosynthesis","map00100,map01100,map01110","Steroid biosynthesis,Metabolic pathways,Biosynthesis of secondary metabolites","13"," Lipid metabolism"
"79","M00104",0.415880186995508,0.516397779494322,1.33333333333333,0,1.33333333333333,"NA",0,"Bile acid biosynthesis, cholesterol => cholate/chenodeoxycholate","Pathway modules; Lipid metabolism; Sterol biosynthesis","map00120,map01100","Primary bile acid biosynthesis,Metabolic pathways","12"," Lipid metabolism"
"80","M00113",NA,0,1,0,1,"NA",0,"Jasmonic acid biosynthesis","Pathway modules; Lipid metabolism; Lipid metabolism","map00592,map01100,map01110","alpha-Linolenic acid metabolism,Metabolic pathways,Biosynthesis of secondary metabolites","8"," Lipid metabolism"
"81","M00114",0.428879857553054,0.744023809142845,1.625,0,1.625,"NA",0,"Ascorbate biosynthesis, plants, fructose-6P => ascorbate","Pathway modules; Carbohydrate metabolism; Other carbohydrate metabolism","map00051,map00053,map01240,map01100,map01110","Fructose and mannose metabolism,Ascorbate and aldarate metabolism,Biosynthesis of cofactors,Metabolic pathways,Biosynthesis of secondary metabolites","8"," Carbohydrate metabolism"
"82","M00115",0.456836125591962,1.63835604381825,3.5,1,3.77777777777778,"FALSE",0.264705882352941,"NAD biosynthesis, aspartate => quinolinate => NAD","Pathway modules; Metabolism of cofactors and vitamins; Cofactor and vitamin metabolism","map00760,map01240,map01100","Nicotinate and nicotinamide metabolism,Biosynthesis of cofactors,Metabolic pathways","7"," Metabolism of cofactors and vitamins"
"83","M00116",0.455652604322418,3.08836715691422,4.73684210526316,1,5.17647058823529,"FALSE",0.193181818181818,"Menaquinone biosynthesis, chorismate (+ polyprenyl-PP) => menaquinol","Pathway modules; Metabolism of cofactors and vitamins; Cofactor and vitamin metabolism","map00130,map01240,map01100,map01110","Ubiquinone and other terpenoid-quinone biosynthesis,Biosynthesis of cofactors,Metabolic pathways,Biosynthesis of secondary metabolites","9"," Metabolism of cofactors and vitamins"
"84","M00117",0.454366113790636,2.45548605467551,2.83333333333333,3,2.8125,"TRUE",1.06666666666667,"Ubiquinone biosynthesis, prokaryotes, chorismate (+ polyprenyl-PP) => ubiquinol","Pathway modules; Metabolism of cofactors and vitamins; Cofactor and vitamin metabolism","map00130,map01240,map01100,map01110","Ubiquinone and other terpenoid-quinone biosynthesis,Biosynthesis of cofactors,Metabolic pathways,Biosynthesis of secondary metabolites","9"," Metabolism of cofactors and vitamins"
"85","M00118",0.428879857553055,0.517549169506766,1.375,0,1.375,"NA",0,"Glutathione biosynthesis, glutamate => glutathione","Pathway modules; Amino acid metabolism; Other amino acid metabolism","map00480,map01240,map01100","Glutathione metabolism,Biosynthesis of cofactors,Metabolic pathways","2"," Amino acid metabolism"
"86","M00119",0.454366113790637,1.64495664165995,3.33333333333333,0,3.33333333333333,"NA",0,"Pantothenate biosynthesis, valine/L-aspartate => pantothenate","Pathway modules; Metabolism of cofactors and vitamins; Cofactor and vitamin metabolism","map00770,map01240,map01100,map01110","Pantothenate and CoA biosynthesis,Biosynthesis of cofactors,Metabolic pathways,Biosynthesis of secondary metabolites","5"," Metabolism of cofactors and vitamins"
"87","M00120",0.456836125591962,0.864504725870618,3.7,3,3.77777777777778,"FALSE",0.794117647058824,"Coenzyme A biosynthesis, pantothenate => CoA","Pathway modules; Metabolism of cofactors and vitamins; Cofactor and vitamin metabolism","map00770,map01240,map01100","Pantothenate and CoA biosynthesis,Biosynthesis of cofactors,Metabolic pathways","6"," Metabolism of cofactors and vitamins"
"88","M00121",0.457929714471852,2.41424344848887,8.85714285714286,7.5,9,"FALSE",0.833333333333333,"Heme biosynthesis, plants and bacteria, glutamate => heme","Pathway modules; Metabolism of cofactors and vitamins; Cofactor and vitamin metabolism","map00860,map01240,map01100,map01110","Porphyrin metabolism,Biosynthesis of cofactors,Metabolic pathways,Biosynthesis of secondary metabolites","13"," Metabolism of cofactors and vitamins"
"89","M00122",0.454366113790636,2.71102807115942,4.94444444444444,4,5.0625,"FALSE",0.790123456790123,"Cobalamin biosynthesis, cobyrinate a,c-diamide => cobalamin","Pathway modules; Metabolism of cofactors and vitamins; Cofactor and vitamin metabolism","map00860,map01240,map01100","Porphyrin metabolism,Biosynthesis of cofactors,Metabolic pathways","9"," Metabolism of cofactors and vitamins"
"90","M00123",0.447811674319491,1.36880472443164,3.21428571428571,0,3.21428571428571,"NA",0,"Biotin biosynthesis, pimeloyl-ACP/CoA => biotin","Pathway modules; Metabolism of cofactors and vitamins; Cofactor and vitamin metabolism","map00780,map01240,map01100","Biotin metabolism,Biosynthesis of cofactors,Metabolic pathways","6"," Metabolism of cofactors and vitamins"
"91","M00124",0.449711055848699,1.44749372891149,2.33333333333333,0,2.33333333333333,"NA",0,"Pyridoxal-P biosynthesis, erythrose-4P => pyridoxal-P","Pathway modules; Metabolism of cofactors and vitamins; Cofactor and vitamin metabolism","map00750,map01240,map01100","Vitamin B6 metabolism,Biosynthesis of cofactors,Metabolic pathways","6"," Metabolism of cofactors and vitamins"
"92","M00125",0.456836125591962,1.94395148304196,4.9,2,5.22222222222222,"FALSE",0.382978723404255,"Riboflavin biosynthesis, plants and bacteria, GTP => riboflavin/FMN/FAD","Pathway modules; Metabolism of cofactors and vitamins; Cofactor and vitamin metabolism","map00740,map01240,map01100,map01110","Riboflavin metabolism,Biosynthesis of cofactors,Metabolic pathways,Biosynthesis of secondary metabolites","9"," Metabolism of cofactors and vitamins"
"93","M00126",0.456836125591962,1.98613615900453,5.45,3,5.72222222222222,"FALSE",0.524271844660194,"Tetrahydrofolate biosynthesis, GTP => THF","Pathway modules; Metabolism of cofactors and vitamins; Cofactor and vitamin metabolism","map00790,map00670,map01240,map01100","Folate biosynthesis,One carbon pool by folate,Biosynthesis of cofactors,Metabolic pathways","8"," Metabolism of cofactors and vitamins"
"94","M00127",0.456836125591962,1.84319516629483,4.65,3.5,4.77777777777778,"FALSE",0.732558139534884,"Thiamine biosynthesis, prokaryotes, AIR (+ DXP/tyrosine) => TMP/TPP","Pathway modules; Metabolism of cofactors and vitamins; Cofactor and vitamin metabolism","map00730,map01240,map01100","Thiamine metabolism,Biosynthesis of cofactors,Metabolic pathways","10"," Metabolism of cofactors and vitamins"
"95","M00128",NA,0,1,0,1,"NA",0,"Ubiquinone biosynthesis, eukaryotes, 4-hydroxybenzoate + polyprenyl-PP => ubiquinol","Pathway modules; Metabolism of cofactors and vitamins; Cofactor and vitamin metabolism","map00130,map01240,map01100","Ubiquinone and other terpenoid-quinone biosynthesis,Biosynthesis of cofactors,Metabolic pathways","5"," Metabolism of cofactors and vitamins"
"96","M00129",0.455652604322419,0.816496580927726,2,1,2.11764705882353,"FALSE",0.472222222222222,"Ascorbate biosynthesis, animals, glucose-1P => ascorbate","Pathway modules; Carbohydrate metabolism; Other carbohydrate metabolism","map00040,map00053,map01240,map01100","Pentose and glucuronate interconversions,Ascorbate and aldarate metabolism,Biosynthesis of cofactors,Metabolic pathways","7"," Carbohydrate metabolism"
"97","M00131",NA,0,1,0,1,"NA",0,"Inositol phosphate metabolism, Ins(1,3,4,5)P4 => Ins(1,3,4)P3 => myo-inositol","Pathway modules; Carbohydrate metabolism; Other carbohydrate metabolism","map00562,map01100","Inositol phosphate metabolism,Metabolic pathways","4"," Carbohydrate metabolism"
"98","M00133",0.449711055848699,1.66761877566558,2.93333333333333,4,2.76923076923077,"TRUE",1.44444444444444,"Polyamine biosynthesis, arginine => agmatine => putrescine => spermidine","Pathway modules; Amino acid metabolism; Polyamine biosynthesis","map00330,map01100","Arginine and proline metabolism,Metabolic pathways","4"," Amino acid metabolism"
"99","M00134",0.367879441171442,0.577350269189626,1.33333333333333,0,1.33333333333333,"NA",0,"Polyamine biosynthesis, arginine => ornithine => putrescine","Pathway modules; Amino acid metabolism; Polyamine biosynthesis","map00330,map01100","Arginine and proline metabolism,Metabolic pathways","3"," Amino acid metabolism"
"100","M00135",NA,0,1,1,1,"FALSE",1,"GABA biosynthesis, eukaryotes, putrescine => GABA","Pathway modules; Amino acid metabolism; Polyamine biosynthesis","map00330,map01100","Arginine and proline metabolism,Metabolic pathways","3"," Amino acid metabolism"
"101","M00136",0.437274188913867,0.97182531580755,1.5,0,1.5,"NA",0,"GABA biosynthesis, prokaryotes, putrescine => GABA","Pathway modules; Amino acid metabolism; Polyamine biosynthesis","map00330,map01100","Arginine and proline metabolism,Metabolic pathways","4"," Amino acid metabolism"
"102","M00137",NA,NA,1,0,1,"NA",0,"Flavanone biosynthesis, phenylalanine => naringenin","Pathway modules; Biosynthesis of other secondary metabolites; Biosynthesis of phytochemical compounds","map00940,map00941,map01100,map01110","Phenylpropanoid biosynthesis,Flavonoid biosynthesis,Metabolic pathways,Biosynthesis of secondary metabolites","5"," Biosynthesis of other secondary metabolites"
"103","M00140",0.457929714471852,0.679635756787974,2.47619047619048,2.5,2.47368421052632,"TRUE",1.01063829787234,"C1-unit interconversion, prokaryotes","Pathway modules; Metabolism of cofactors and vitamins; Cofactor and vitamin metabolism","map00670,map01240,map01100","One carbon pool by folate,Biosynthesis of cofactors,Metabolic pathways","5"," Metabolism of cofactors and vitamins"
"104","M00141",NA,0,1,1,1,"FALSE",1,"C1-unit interconversion, eukaryotes","Pathway modules; Metabolism of cofactors and vitamins; Cofactor and vitamin metabolism","map00670,map01240,map01100","One carbon pool by folate,Biosynthesis of cofactors,Metabolic pathways","4"," Metabolism of cofactors and vitamins"
"105","M00143",0.317310507862914,0.707106781186548,1.5,0,1.5,"NA",0,"NADH dehydrogenase (ubiquinone) Fe-S protein/flavoprotein complex, mitochondria","Pathway modules; Energy metabolism; ATP synthesis","map00190,map01100","Oxidative phosphorylation,Metabolic pathways","11"," Energy metabolism"
"106","M00144",0.454366113790637,2.98799340279784,12.1111111111111,6.5,12.8125,"FALSE",0.507317073170732,"NADH:quinone oxidoreductase, prokaryotes","Pathway modules; Energy metabolism; ATP synthesis","map00190,map01100","Oxidative phosphorylation,Metabolic pathways","16"," Energy metabolism"
"107","M00145",0.317310507862914,1.4142135623731,2,0,2,"NA",0,"NAD(P)H:quinone oxidoreductase, chloroplasts and cyanobacteria","Pathway modules; Energy metabolism; ATP synthesis","map00190,map01100","Oxidative phosphorylation,Metabolic pathways","14"," Energy metabolism"
"108","M00146",NA,0,2,0,2,"NA",0,"NADH dehydrogenase (ubiquinone) 1 alpha subcomplex","Pathway modules; Energy metabolism; ATP synthesis","map00190,map01100","Oxidative phosphorylation,Metabolic pathways","14"," Energy metabolism"
"109","M00149",0.454366113790636,1.05564155136453,3.05555555555556,3,3.0625,"FALSE",0.979591836734694,"Succinate dehydrogenase, prokaryotes","Pathway modules; Energy metabolism; ATP synthesis","map00190,map01100","Oxidative phosphorylation,Metabolic pathways","4"," Energy metabolism"
"110","M00150",NA,NA,4,0,4,"NA",0,"Fumarate reductase, prokaryotes","Pathway modules; Energy metabolism; ATP synthesis","map00190,map01100","Oxidative phosphorylation,Metabolic pathways","4"," Energy metabolism"
"111","M00151",0.440493285065212,0.603022689155527,2.81818181818182,0,2.81818181818182,"NA",0,"Cytochrome bc1 complex respiratory unit","Pathway modules; Energy metabolism; ATP synthesis","map00190,map01100","Oxidative phosphorylation,Metabolic pathways","10"," Energy metabolism"
"112","M00152",0.317310507862914,1.4142135623731,2,0,2,"NA",0,"Cytochrome bc1 complex","Pathway modules; Energy metabolism; ATP synthesis","map00190,map01100","Oxidative phosphorylation,Metabolic pathways","10"," Energy metabolism"
"113","M00153",0.454366113790637,0.707106781186548,2.16666666666667,2,2.1875,"FALSE",0.914285714285714,"Cytochrome bd ubiquinol oxidase","Pathway modules; Energy metabolism; ATP synthesis","map00190","Oxidative phosphorylation","4"," Energy metabolism"
"114","M00154",0.454366113790636,0.594088525786005,1.66666666666667,1,1.75,"FALSE",0.571428571428571,"Cytochrome c oxidase","Pathway modules; Energy metabolism; ATP synthesis","map00190,map01100","Oxidative phosphorylation,Metabolic pathways","17"," Energy metabolism"
"115","M00155",0.447811674319491,0.841897386141095,2.35714285714286,1,2.46153846153846,"FALSE",0.40625,"Cytochrome c oxidase, prokaryotes","Pathway modules; Energy metabolism; ATP synthesis","map00190,map01100","Oxidative phosphorylation,Metabolic pathways","5"," Energy metabolism"
"116","M00156",NA,NA,4,0,4,"NA",0,"Cytochrome c oxidase, cbb3-type","Pathway modules; Energy metabolism; ATP synthesis","map00190,map01100","Oxidative phosphorylation,Metabolic pathways","5"," Energy metabolism"
"117","M00157",0.452960809486994,0.848874687627165,7.70588235294118,0,7.70588235294118,"NA",0,"F-type ATPase, prokaryotes and chloroplasts","Pathway modules; Energy metabolism; ATP synthesis","map00190,map00195,map01100","Oxidative phosphorylation,Photosynthesis,Metabolic pathways","8"," Energy metabolism"
"118","M00159",0.391625176271089,0.577350269189626,6.5,6.5,6.5,"FALSE",1,"V/A-type ATPase, prokaryotes","Pathway modules; Energy metabolism; ATP synthesis","map00190,map01100","Oxidative phosphorylation,Metabolic pathways","9"," Energy metabolism"
"119","M00162",NA,NA,1,0,1,"NA",0,"Cytochrome b6f complex","Pathway modules; Energy metabolism; ATP synthesis","map00195,map01100","Photosynthesis,Metabolic pathways","8"," Energy metabolism"
"120","M00165",0.457929714471852,2.7800308323059,6.85714285714286,4,7.15789473684211,"FALSE",0.558823529411765,"Reductive pentose phosphate cycle (Calvin cycle)","Pathway modules; Energy metabolism; Carbon fixation","map00710,map01200,map01100,map01120","Carbon fixation by Calvin cycle,Carbon metabolism,Metabolic pathways,Microbial metabolism in diverse environments","11"," Energy metabolism"
"121","M00166",0.457929714471852,1.37840487520902,3,2,3.10526315789474,"FALSE",0.64406779661017,NA,NA,NA,NA,NA," Energy metabolism"
"122","M00167",0.457929714471852,1.68183573174416,3.85714285714286,2,4.05263157894737,"FALSE",0.493506493506494,NA,NA,NA,NA,NA," Energy metabolism"
"123","M00168",0.452960809486995,0.492592183071889,1.35294117647059,2,1.26666666666667,"TRUE",1.57894736842105,"CAM (Crassulacean acid metabolism), dark","Pathway modules; Energy metabolism; Carbon fixation","map00620,map00710,map01200,map01100,map01120","Pyruvate metabolism,Carbon fixation by Calvin cycle,Carbon metabolism,Metabolic pathways,Microbial metabolism in diverse environments","2"," Energy metabolism"
"124","M00169",0.443263278426465,0.514928650544437,1.41666666666667,0,1.41666666666667,"NA",0,"CAM (Crassulacean acid metabolism), light","Pathway modules; Energy metabolism; Carbon fixation","map00620,map00710,map01200,map01100,map01120","Pyruvate metabolism,Carbon fixation by Calvin cycle,Carbon metabolism,Metabolic pathways,Microbial metabolism in diverse environments","2"," Energy metabolism"
"125","M00170",0.440493285065212,0.301511344577764,1.09090909090909,1,1.11111111111111,"FALSE",0.9,"C4-dicarboxylic acid cycle, phosphoenolpyruvate carboxykinase type","Pathway modules; Energy metabolism; Carbon fixation","map00710,map01200,map01100,map01120","Carbon fixation by Calvin cycle,Carbon metabolism,Metabolic pathways,Microbial metabolism in diverse environments","4"," Energy metabolism"
"126","M00171",0.451417211225725,0.478713553878169,1.3125,1,1.35714285714286,"FALSE",0.736842105263158,"C4-dicarboxylic acid cycle, NAD - malic enzyme type","Pathway modules; Energy metabolism; Carbon fixation","map00710,map01200,map01100,map01120","Carbon fixation by Calvin cycle,Carbon metabolism,Metabolic pathways,Microbial metabolism in diverse environments","7"," Energy metabolism"
"127","M00172",0.451417211225725,0.704154339142587,1.6875,1,1.78571428571429,"FALSE",0.56,"C4-dicarboxylic acid cycle, NADP - malic enzyme type","Pathway modules; Energy metabolism; Carbon fixation","map00620,map00710,map01200,map01100,map01120","Pyruvate metabolism,Carbon fixation by Calvin cycle,Carbon metabolism,Metabolic pathways,Microbial metabolism in diverse environments","4"," Energy metabolism"
"128","M00173",0.457929714471852,4.22238930329398,10.8571428571429,11,10.8421052631579,"TRUE",1.01456310679612,"Reductive citrate cycle (Arnon-Buchanan cycle)","Pathway modules; Energy metabolism; Carbon fixation","map00720,map01200,map01100,map01120","Other carbon fixation pathways,Carbon metabolism,Metabolic pathways,Microbial metabolism in diverse environments","17"," Energy metabolism"
"129","M00174",0.317310507862914,2.82842712474619,3,0,3,"NA",0,"Methane oxidation, methanotroph, methane => formaldehyde","Pathway modules; Energy metabolism; Methane metabolism","map00680,map01200,map01220,map01100,map01120","Methane metabolism,Carbon metabolism,Degradation of aromatic compounds,Metabolic pathways,Microbial metabolism in diverse environments","7"," Energy metabolism"
"130","M00175",NA,0,3,0,3,"NA",0,"Nitrogen fixation, nitrogen => ammonia","Pathway modules; Energy metabolism; Nitrogen metabolism","map00910,map01310,map01100,map01120","Nitrogen metabolism,Nitrogen cycle,Metabolic pathways,Microbial metabolism in diverse environments","6"," Energy metabolism"
"131","M00176",0.451417211225726,1.65201896679992,3.0625,1,3.2,"FALSE",0.3125,"Assimilatory sulfate reduction, sulfate => H2S","Pathway modules; Energy metabolism; Sulfur metabolism","map00920,map01100,map01120","Sulfur metabolism,Metabolic pathways,Microbial metabolism in diverse environments","5"," Energy metabolism"
"132","M00307",0.456836125591962,1.9269556026896,3.85,1,4.16666666666667,"FALSE",0.24,"Pyruvate oxidation, pyruvate => acetyl-CoA","Pathway modules; Carbohydrate metabolism; Central carbohydrate metabolism","map00010,map00020,map00620,map00785,map01200,map01210,map01100","Glycolysis / Gluconeogenesis,Citrate cycle (TCA cycle),Pyruvate metabolism,Lipoic acid metabolism,Carbon metabolism,2-Oxocarboxylic acid metabolism,Metabolic pathways","2"," Carbohydrate metabolism"
"133","M00308",0.457929714471852,1.06458129484475,2.33333333333333,1,2.47368421052632,"FALSE",0.404255319148936,"Semi-phosphorylative Entner-Doudoroff pathway, gluconate => glycerate-3P","Pathway modules; Carbohydrate metabolism; Central carbohydrate metabolism","map00030,map01200,map01100,map01120","Pentose phosphate pathway,Carbon metabolism,Metabolic pathways,Microbial metabolism in diverse environments","7"," Carbohydrate metabolism"
"134","M00309",0.406005849709838,0.836660026534076,1.8,2.5,1.33333333333333,"TRUE",1.875,"Non-phosphorylative Entner-Doudoroff pathway, gluconate/galactonate => glycerate","Pathway modules; Carbohydrate metabolism; Central carbohydrate metabolism","map00030,map00052,map01200,map01100,map01120","Pentose phosphate pathway,Galactose metabolism,Carbon metabolism,Metabolic pathways,Microbial metabolism in diverse environments","6"," Carbohydrate metabolism"
"135","M00338",NA,0,1,0,1,"NA",0,"Cysteine biosynthesis, homocysteine + serine => cysteine","Pathway modules; Amino acid metabolism; Cysteine and methionine metabolism","map00260,map00270,map00670,map01230,map01100","Glycine, serine and threonine metabolism,Cysteine and methionine metabolism,One carbon pool by folate,Biosynthesis of amino acids,Metabolic pathways","2"," Amino acid metabolism"
"136","M00344",0.440493285065212,0.687551650952329,1.45454545454545,0,1.45454545454545,"NA",0,"Formaldehyde assimilation, xylulose monophosphate pathway","Pathway modules; Energy metabolism; Methane metabolism","map00680,map01200,map01100,map01120","Methane metabolism,Carbon metabolism,Metabolic pathways,Microbial metabolism in diverse environments","4"," Energy metabolism"
"137","M00345",0.445679641364611,1.10940039245046,1.69230769230769,0,1.69230769230769,"NA",0,"Formaldehyde assimilation, ribulose monophosphate pathway","Pathway modules; Energy metabolism; Methane metabolism","map00030,map00680,map01200,map01230,map01100,map01120","Pentose phosphate pathway,Methane metabolism,Carbon metabolism,Biosynthesis of amino acids,Metabolic pathways,Microbial metabolism in diverse environments","4"," Energy metabolism"
"138","M00346",0.457929714471852,1.24976188208185,3.52380952380952,5.5,3.31578947368421,"TRUE",1.65873015873016,"Formaldehyde assimilation, serine pathway","Pathway modules; Energy metabolism; Methane metabolism","map00680,map01200,map01100,map01120","Methane metabolism,Carbon metabolism,Metabolic pathways,Microbial metabolism in diverse environments","9"," Energy metabolism"
"139","M00356",0.447811674319491,1.02710518202619,1.85714285714286,1,2,"FALSE",0.5,"Methanogenesis, methanol => methane","Pathway modules; Energy metabolism; Methane metabolism","map00680,map01200,map01100,map01120","Methane metabolism,Carbon metabolism,Metabolic pathways,Microbial metabolism in diverse environments","10"," Energy metabolism"
"140","M00357",0.454366113790636,1.30484266449445,2.94444444444444,2,3.0625,"FALSE",0.653061224489796,"Methanogenesis, acetate => methane","Pathway modules; Energy metabolism; Methane metabolism","map00680,map01200,map01100,map01120","Methane metabolism,Carbon metabolism,Metabolic pathways,Microbial metabolism in diverse environments","12"," Energy metabolism"
"141","M00358",0.406005849709838,0.547722557505166,1.6,1,2,"FALSE",0.5,"Coenzyme M biosynthesis","Pathway modules; Energy metabolism; Methane metabolism","map00680,map01240,map01100,map01120","Methane metabolism,Biosynthesis of cofactors,Metabolic pathways,Microbial metabolism in diverse environments","4"," Energy metabolism"
"142","M00364",0.454366113790637,0.427792631946499,1.22222222222222,1,1.25,"FALSE",0.8,"C10-C20 isoprenoid biosynthesis, bacteria","Pathway modules; Biosynthesis of terpenoids and polyketides; Terpenoid backbone biosynthesis","map00900,map01100,map01110","Terpenoid backbone biosynthesis,Metabolic pathways,Biosynthesis of secondary metabolites","3"," Biosynthesis of terpenoids and polyketides"
"143","M00365",0.449711055848699,0.414039335605413,1.2,1,1.23076923076923,"FALSE",0.8125,"C10-C20 isoprenoid biosynthesis, archaea","Pathway modules; Biosynthesis of terpenoids and polyketides; Terpenoid backbone biosynthesis","map00900,map01100,map01110","Terpenoid backbone biosynthesis,Metabolic pathways,Biosynthesis of secondary metabolites","2"," Biosynthesis of terpenoids and polyketides"
"144","M00366",NA,0,1,0,1,"NA",0,"C10-C20 isoprenoid biosynthesis, plants","Pathway modules; Biosynthesis of terpenoids and polyketides; Terpenoid backbone biosynthesis","map00900,map01100,map01110","Terpenoid backbone biosynthesis,Metabolic pathways,Biosynthesis of secondary metabolites","4"," Biosynthesis of terpenoids and polyketides"
"145","M00367",NA,0,1,0,1,"NA",0,"C10-C20 isoprenoid biosynthesis, non-plant eukaryotes","Pathway modules; Biosynthesis of terpenoids and polyketides; Terpenoid backbone biosynthesis","map00900,map01100,map01110","Terpenoid backbone biosynthesis,Metabolic pathways,Biosynthesis of secondary metabolites","3"," Biosynthesis of terpenoids and polyketides"
"146","M00368",NA,0,1,1,1,"FALSE",1,"Ethylene biosynthesis, methionine => ethylene","Pathway modules; Amino acid metabolism; Cysteine and methionine metabolism","map00270,map01100,map01110","Cysteine and methionine metabolism,Metabolic pathways,Biosynthesis of secondary metabolites","3"," Amino acid metabolism"
"147","M00372",NA,NA,1,0,1,"NA",0,"Abscisic acid biosynthesis, beta-carotene => abscisic acid","Pathway modules; Biosynthesis of terpenoids and polyketides; Plant terpenoid biosynthesis","map00906,map01100,map01110","Carotenoid biosynthesis,Metabolic pathways,Biosynthesis of secondary metabolites","6"," Biosynthesis of terpenoids and polyketides"
"148","M00373",0.452960809486995,1.6494205756247,3.29411764705882,1,3.6,"FALSE",0.277777777777778,"Ethylmalonyl pathway","Pathway modules; Carbohydrate metabolism; Other carbohydrate metabolism","map00630,map01200,map01100,map01120","Glyoxylate and dicarboxylate metabolism,Carbon metabolism,Metabolic pathways,Microbial metabolism in diverse environments","12"," Carbohydrate metabolism"
"149","M00374",0.457929714471852,2.3794757325732,7.47619047619048,9.5,7.26315789473684,"TRUE",1.30797101449275,"Dicarboxylate-hydroxybutyrate cycle","Pathway modules; Energy metabolism; Carbon fixation","map00720,map01200,map01100,map01120","Other carbon fixation pathways,Carbon metabolism,Metabolic pathways,Microbial metabolism in diverse environments","13"," Energy metabolism"
"150","M00375",0.452960809486994,1.87867287325545,3.82352941176471,6.5,3.46666666666667,"TRUE",1.875,"Hydroxypropionate-hydroxybutylate cycle","Pathway modules; Energy metabolism; Carbon fixation","map00720,map01200,map01100,map01120","Other carbon fixation pathways,Carbon metabolism,Metabolic pathways,Microbial metabolism in diverse environments","15"," Energy metabolism"
"151","M00376",0.456836125591962,2.09259345512239,5.8,4,6,"FALSE",0.666666666666667,"3-Hydroxypropionate bi-cycle","Pathway modules; Energy metabolism; Carbon fixation","map00720,map01200,map01100,map01120","Other carbon fixation pathways,Carbon metabolism,Metabolic pathways,Microbial metabolism in diverse environments","14"," Energy metabolism"
"152","M00377",0.456836125591962,0.85224162622679,1.9,1.5,1.94444444444444,"FALSE",0.771428571428571,"Reductive acetyl-CoA pathway (Wood-Ljungdahl pathway)","Pathway modules; Energy metabolism; Carbon fixation","map00720,map01200,map01100,map01120","Other carbon fixation pathways,Carbon metabolism,Metabolic pathways,Microbial metabolism in diverse environments","10"," Energy metabolism"
"153","M00378",0.415880186995508,0.836660026534076,3.5,0,3.5,"NA",0,"F420 biosynthesis, archaea","Pathway modules; Energy metabolism; Methane metabolism","map00680,map01240,map01100,map01120","Methane metabolism,Biosynthesis of cofactors,Metabolic pathways,Microbial metabolism in diverse environments","5"," Energy metabolism"
"154","M00417",0.39162517627109,1.25830573921179,2.75,0,2.75,"NA",0,"Cytochrome o ubiquinol oxidase","Pathway modules; Energy metabolism; ATP synthesis","map00190,map01100","Oxidative phosphorylation,Metabolic pathways","4"," Energy metabolism"
"155","M00418",NA,0,1,0,1,"NA",0,"Toluene degradation, anaerobic, toluene => benzoyl-CoA","Pathway modules; Xenobiotics biodegradation; Aromatics degradation","map00623,map01220,map01100,map01120","Toluene degradation,Degradation of aromatic compounds,Metabolic pathways,Microbial metabolism in diverse environments","6"," Xenobiotics biodegradation"
"156","M00432",0.456836125591962,1.03998987849326,3.15,2,3.27777777777778,"FALSE",0.610169491525424,"Leucine biosynthesis, 2-oxoisovalerate => 2-oxoisocaproate","Pathway modules; Amino acid metabolism; Branched-chain amino acid metabolism","map00290,map01210,map01230,map01100,map01110","Valine, leucine and isoleucine biosynthesis,2-Oxocarboxylic acid metabolism,Biosynthesis of amino acids,Metabolic pathways,Biosynthesis of secondary metabolites","3"," Amino acid metabolism"
"157","M00433",NA,NA,1,0,1,"NA",0,"Lysine biosynthesis, 2-oxoglutarate => 2-oxoadipate","Pathway modules; Amino acid metabolism; Lysine metabolism","map00300,map01210,map01230,map01100","Lysine biosynthesis,2-Oxocarboxylic acid metabolism,Biosynthesis of amino acids,Metabolic pathways","3"," Amino acid metabolism"
"158","M00525",0.456836125591962,1.83532587096449,5,1.5,5.38888888888889,"FALSE",0.278350515463917,"Lysine biosynthesis, acetyl-DAP pathway, aspartate => lysine","Pathway modules; Amino acid metabolism; Lysine metabolism","map00300,map01230,map01100","Lysine biosynthesis,Biosynthesis of amino acids,Metabolic pathways","9"," Amino acid metabolism"
"159","M00526",0.456836125591962,1.63755273117186,4.45,1.5,4.77777777777778,"FALSE",0.313953488372093,"Lysine biosynthesis, DAP dehydrogenase pathway, aspartate => lysine","Pathway modules; Amino acid metabolism; Lysine metabolism","map00300,map01230,map01100","Lysine biosynthesis,Biosynthesis of amino acids,Metabolic pathways","6"," Amino acid metabolism"
"160","M00527",0.456836125591962,1.95945749742385,5.05,1.5,5.44444444444444,"FALSE",0.275510204081633,"Lysine biosynthesis, DAP aminotransferase pathway, aspartate => lysine","Pathway modules; Amino acid metabolism; Lysine metabolism","map00300,map01230,map01100,map01110","Lysine biosynthesis,Biosynthesis of amino acids,Metabolic pathways,Biosynthesis of secondary metabolites","7"," Amino acid metabolism"
"161","M00529",0.423190081126844,1.88982236504614,3.28571428571429,3,3.33333333333333,"FALSE",0.9,"Denitrification, nitrate => nitrogen","Pathway modules; Energy metabolism; Nitrogen metabolism","map00910,map01310,map01100,map01120","Nitrogen metabolism,Nitrogen cycle,Metabolic pathways,Microbial metabolism in diverse environments","5"," Energy metabolism"
"162","M00530",0.440493285065213,2.34326889001435,2.90909090909091,3,2.9,"TRUE",1.03448275862069,"Dissimilatory nitrate reduction, nitrate => ammonia","Pathway modules; Energy metabolism; Nitrogen metabolism","map00910,map01310,map01100,map01120","Nitrogen metabolism,Nitrogen cycle,Metabolic pathways,Microbial metabolism in diverse environments","4"," Energy metabolism"
"163","M00531",NA,0,1,0,1,"NA",0,"Assimilatory nitrate reduction, nitrate => ammonia","Pathway modules; Energy metabolism; Nitrogen metabolism","map00910,map01310,map01100,map01120","Nitrogen metabolism,Nitrogen cycle,Metabolic pathways,Microbial metabolism in diverse environments","5"," Energy metabolism"
"164","M00532",0.457929714471852,1.82574185835055,5.33333333333333,4.5,5.42105263157895,"FALSE",0.830097087378641,"Photorespiration","Pathway modules; Carbohydrate metabolism; Other carbohydrate metabolism","map00630,map01200,map01100,map01110","Glyoxylate and dicarboxylate metabolism,Carbon metabolism,Metabolic pathways,Biosynthesis of secondary metabolites","10"," Carbohydrate metabolism"
"165","M00533",0.423190081126843,0.534522483824849,1.57142857142857,1,1.66666666666667,"FALSE",0.6,"Homoprotocatechuate degradation, homoprotocatechuate => 2-oxohept-3-enedioate","Pathway modules; Amino acid metabolism; Aromatic amino acid metabolism","map00350,map01220,map01100,map01120","Tyrosine metabolism,Degradation of aromatic compounds,Metabolic pathways,Microbial metabolism in diverse environments","4"," Amino acid metabolism"
"166","M00535",0.455652604322419,0.611775290321498,2.47368421052632,2,2.52941176470588,"FALSE",0.790697674418605,"Isoleucine biosynthesis, pyruvate => 2-oxobutanoate","Pathway modules; Amino acid metabolism; Branched-chain amino acid metabolism","map00290,map00660,map01210,map01230,map01100","Valine, leucine and isoleucine biosynthesis,C5-Branched dibasic acid metabolism,2-Oxocarboxylic acid metabolism,Biosynthesis of amino acids,Metabolic pathways","3"," Amino acid metabolism"
"167","M00537",NA,NA,1,0,1,"NA",0,"Xylene degradation, xylene => methylbenzoate","Pathway modules; Xenobiotics biodegradation; Aromatics degradation","map00622,map01220,map01100,map01120","Xylene degradation,Degradation of aromatic compounds,Metabolic pathways,Microbial metabolism in diverse environments","4"," Xenobiotics biodegradation"
"168","M00538",0.39162517627109,2.06155281280883,2.75,0,2.75,"NA",0,"Toluene degradation, toluene => benzoate","Pathway modules; Xenobiotics biodegradation; Aromatics degradation","map00623,map01220,map01100,map01120","Toluene degradation,Degradation of aromatic compounds,Metabolic pathways,Microbial metabolism in diverse environments","3"," Xenobiotics biodegradation"
"169","M00539",NA,NA,1,0,1,"NA",0,"Cumate degradation, p-cumate => 2-oxopent-4-enoate + 2-methylpropanoate","Pathway modules; Xenobiotics biodegradation; Aromatics degradation","map00622,map01220,map01100,map01120","Xylene degradation,Degradation of aromatic compounds,Metabolic pathways,Microbial metabolism in diverse environments","5"," Xenobiotics biodegradation"
"170","M00540",0.367879441171442,0.577350269189626,1.33333333333333,0,1.33333333333333,"NA",0,"Benzoate degradation, cyclohexanecarboxylic acid =>pimeloyl-CoA","Pathway modules; Xenobiotics biodegradation; Aromatics degradation","map00362,map01220,map01100,map01120","Benzoate degradation,Degradation of aromatic compounds,Metabolic pathways,Microbial metabolism in diverse environments","5"," Xenobiotics biodegradation"
"171","M00545",0.447811674319492,2.63638947246977,2.78571428571429,1,2.92307692307692,"FALSE",0.342105263157895,"Trans-cinnamate degradation, trans-cinnamate => acetyl-CoA","Pathway modules; Xenobiotics biodegradation; Aromatics degradation","map00360,map01220,map01100,map01120","Phenylalanine metabolism,Degradation of aromatic compounds,Metabolic pathways,Microbial metabolism in diverse environments","8"," Xenobiotics biodegradation"
"172","M00546",0.437274188913867,2.76686746259295,2.9,0,2.9,"NA",0,"Purine degradation, xanthine => urea","Pathway modules; Nucleotide metabolism; Purine metabolism","map00230,map01100","Purine metabolism,Metabolic pathways","8"," Nucleotide metabolism"
"173","M00548",NA,NA,4,0,4,"NA",0,"Benzene degradation, benzene => catechol","Pathway modules; Xenobiotics biodegradation; Aromatics degradation","map00361,map00362,map01220,map01100,map01120","Chlorocyclohexane and chlorobenzene degradation,Benzoate degradation,Degradation of aromatic compounds,Metabolic pathways,Microbial metabolism in diverse environments","6"," Xenobiotics biodegradation"
"174","M00549",0.456836125591962,1.03998987849326,2.85,1,3.05555555555556,"FALSE",0.327272727272727,"Nucleotide sugar biosynthesis, glucose => UDP-glucose","Pathway modules; Carbohydrate metabolism; Other carbohydrate metabolism","map00520,map01250,map01100","Amino sugar and nucleotide sugar metabolism,Biosynthesis of nucleotide sugars,Metabolic pathways","6"," Carbohydrate metabolism"
"175","M00550",0.391625176271089,2.75378527364305,3.75,0,3.75,"NA",0,"Ascorbate degradation, ascorbate => D-xylulose-5P","Pathway modules; Carbohydrate metabolism; Other carbohydrate metabolism","map00053,map01100,map01120","Ascorbate and aldarate metabolism,Metabolic pathways,Microbial metabolism in diverse environments","5"," Carbohydrate metabolism"
"176","M00552",0.457929714471852,0.995226703056239,2.23809523809524,1.5,2.31578947368421,"FALSE",0.647727272727273,"D-galactonate degradation, De Ley-Doudoroff pathway, D-galactonate => glycerate-3P","Pathway modules; Carbohydrate metabolism; Other carbohydrate metabolism","map00052,map01100","Galactose metabolism,Metabolic pathways","5"," Carbohydrate metabolism"
"177","M00554",0.440493285065212,0.522232967867094,1.54545454545455,0,1.54545454545455,"NA",0,"Nucleotide sugar biosynthesis, galactose => UDP-galactose","Pathway modules; Carbohydrate metabolism; Other carbohydrate metabolism","map00520,map00052,map01250,map01100","Amino sugar and nucleotide sugar metabolism,Galactose metabolism,Biosynthesis of nucleotide sugars,Metabolic pathways","2"," Carbohydrate metabolism"
"178","M00555",NA,0,1,0,1,"NA",0,"Betaine biosynthesis, choline => betaine","Pathway modules; Amino acid metabolism; Serine and threonine metabolism","map00260,map00670,map01100","Glycine, serine and threonine metabolism,One carbon pool by folate,Metabolic pathways","4"," Amino acid metabolism"
"179","M00563",0.447811674319491,1.02710518202619,1.85714285714286,1,2,"FALSE",0.5,"Methanogenesis, methylamine/dimethylamine/trimethylamine => methane","Pathway modules; Energy metabolism; Methane metabolism","map00680,map01200,map01100,map01120","Methane metabolism,Carbon metabolism,Metabolic pathways,Microbial metabolism in diverse environments","14"," Energy metabolism"
"180","M00564",NA,NA,1,0,1,"NA",0,"Helicobacter pylori pathogenicity signature, cagA pathogenicity island","Signature modules; Gene set; Pathogenicity","map05120","Epithelial cell signaling in Helicobacter pylori infection","27"," Gene set"
"181","M00565",0.447811674319491,1.65748386032949,3.85714285714286,4,3.84615384615385,"TRUE",1.04,"Trehalose biosynthesis, D-glucose 1P => trehalose","Pathway modules; Carbohydrate metabolism; Other carbohydrate metabolism","map00500,map01100,map01110","Starch and sucrose metabolism,Metabolic pathways,Biosynthesis of secondary metabolites","6"," Carbohydrate metabolism"
"182","M00567",0.447811674319491,1.08940955880384,2.42857142857143,1,2.66666666666667,"FALSE",0.375,"Methanogenesis, CO2 => methane","Pathway modules; Energy metabolism; Methane metabolism","map00680,map01200,map01100,map01120","Methane metabolism,Carbon metabolism,Metabolic pathways,Microbial metabolism in diverse environments","15"," Energy metabolism"
"183","M00568",NA,0,1,0,1,"NA",0,"Catechol ortho-cleavage, catechol => 3-oxoadipate","Pathway modules; Xenobiotics biodegradation; Aromatics degradation","map00362,map01220,map01100,map01120","Benzoate degradation,Degradation of aromatic compounds,Metabolic pathways,Microbial metabolism in diverse environments","5"," Xenobiotics biodegradation"
"184","M00569",0.443263278426465,2.06522432562458,2.58333333333333,0,2.58333333333333,"NA",0,"Catechol meta-cleavage, catechol => acetyl-CoA / 4-methylcatechol => propanoyl-CoA","Pathway modules; Xenobiotics biodegradation; Aromatics degradation","map00362,map00622,map01220,map01100,map01120","Benzoate degradation,Xylene degradation,Degradation of aromatic compounds,Metabolic pathways,Microbial metabolism in diverse environments","11"," Xenobiotics biodegradation"
"185","M00570",0.456836125591963,1.30887657735053,5.35,4,5.5,"FALSE",0.727272727272727,"Isoleucine biosynthesis, threonine => 2-oxobutanoate => isoleucine","Pathway modules; Amino acid metabolism; Branched-chain amino acid metabolism","map00290,map01230,map01100","Valine, leucine and isoleucine biosynthesis,Biosynthesis of amino acids,Metabolic pathways","5"," Amino acid metabolism"
"186","M00572",0.454366113790637,2.45282283691282,3.38888888888889,1,3.6875,"FALSE",0.271186440677966,"Pimeloyl-ACP biosynthesis, BioC-BioH pathway, malonyl-ACP => pimeloyl-ACP","Pathway modules; Metabolism of cofactors and vitamins; Cofactor and vitamin metabolism","map00780,map01240,map01100","Biotin metabolism,Biosynthesis of cofactors,Metabolic pathways","6"," Metabolism of cofactors and vitamins"
"187","M00573",0.447811674319491,1.01634985756236,2.42857142857143,0,2.42857142857143,"NA",0,"Biotin biosynthesis, BioI pathway, long-chain-acyl-ACP => pimeloyl-ACP => biotin","Pathway modules; Metabolism of cofactors and vitamins; Cofactor and vitamin metabolism","map00780,map01240,map01100","Biotin metabolism,Biosynthesis of cofactors,Metabolic pathways","5"," Metabolism of cofactors and vitamins"
"188","M00575",0.406005849709838,0.447213595499958,1.2,0,1.2,"NA",0,"Pertussis pathogenicity signature, T1SS","Signature modules; Gene set; Pathogenicity","map05133","Pertussis","5"," Gene set"
"189","M00577",0.447811674319492,1.38278266986823,3.28571428571429,0,3.28571428571429,"NA",0,"Biotin biosynthesis, BioW pathway, pimelate => pimeloyl-CoA => biotin","Pathway modules; Metabolism of cofactors and vitamins; Cofactor and vitamin metabolism","map00780,map01240,map01100","Biotin metabolism,Biosynthesis of cofactors,Metabolic pathways","6"," Metabolism of cofactors and vitamins"
"190","M00579",0.437274188913867,0.674948557710553,1.7,0,1.7,"NA",0,"Phosphate acetyltransferase-acetate kinase pathway, acetyl-CoA => acetate","Pathway modules; Energy metabolism; Carbon fixation","map00430,map00620,map00720,map01200,map01100,map01120","Taurine and hypotaurine metabolism,Pyruvate metabolism,Other carbon fixation pathways,Carbon metabolism,Metabolic pathways,Microbial metabolism in diverse environments","2"," Energy metabolism"
"191","M00580",0.445679641364612,0.554700196225229,1.15384615384615,1,1.18181818181818,"FALSE",0.846153846153846,"Pentose phosphate pathway, archaea, fructose 6P => ribose 5P","Pathway modules; Carbohydrate metabolism; Central carbohydrate metabolism","map00030,map01200,map01230,map01100,map01120","Pentose phosphate pathway,Carbon metabolism,Biosynthesis of amino acids,Metabolic pathways,Microbial metabolism in diverse environments","3"," Carbohydrate metabolism"
"192","M00595",0.39162517627109,2.21735578260835,4.25,0,4.25,"NA",0,"Sulfur oxidation, SOX system, thiosulfate => sulfate","Pathway modules; Energy metabolism; Sulfur metabolism","map00920,map01100,map01120","Sulfur metabolism,Metabolic pathways,Microbial metabolism in diverse environments","7"," Energy metabolism"
"193","M00596",0.43347012036671,0.666666666666667,1.22222222222222,0,1.22222222222222,"NA",0,"Dissimilatory sulfate reduction, sulfate => H2S","Pathway modules; Energy metabolism; Sulfur metabolism","map00920,map01100,map01120","Sulfur metabolism,Metabolic pathways,Microbial metabolism in diverse environments","4"," Energy metabolism"
"194","M00597",NA,NA,2,0,2,"NA",0,"Anoxygenic photosystem II","Pathway modules; Energy metabolism; Photosynthesis","","","2"," Energy metabolism"
"195","M00608",NA,NA,1,1,0,"NA",Inf,"2-Oxocarboxylic acid chain extension, 2-oxoglutarate => 2-oxoadipate => 2-oxopimelate => 2-oxosuberate","Pathway modules; Energy metabolism; Methane metabolism","map00300,map00680,map01210,map01230,map01240,map01100,map01120","Lysine biosynthesis,Methane metabolism,2-Oxocarboxylic acid metabolism,Biosynthesis of amino acids,Biosynthesis of cofactors,Metabolic pathways,Microbial metabolism in diverse environments","3"," Energy metabolism"
"196","M00609",0.456836125591962,0.680557047378721,1.4,1,1.44444444444444,"FALSE",0.692307692307692,"Cysteine biosynthesis, methionine => cysteine","Pathway modules; Amino acid metabolism; Cysteine and methionine metabolism","map00270,map01230,map01100","Cysteine and methionine metabolism,Biosynthesis of amino acids,Metabolic pathways","6"," Amino acid metabolism"
"197","M00611",0.457929714471852,2.64395086763657,6.76190476190476,4,7.05263157894737,"FALSE",0.567164179104478,"Oxygenic photosynthesis in plants and cyanobacteria","Signature modules; Module set; Metabolic capacity","","","24"," Module set"
"198","M00612",0.457929714471852,2.83347338589432,6.85714285714286,4,7.15789473684211,"FALSE",0.558823529411765,"Anoxygenic photosynthesis in purple bacteria","Signature modules; Module set; Metabolic capacity","","","13"," Module set"
"199","M00613",0.456836125591962,3.08476732893815,7.4,5,7.66666666666667,"FALSE",0.652173913043478,"Anoxygenic photosynthesis in green nonsulfur bacteria","Signature modules; Module set; Metabolic capacity","","","23"," Module set"
"200","M00614",0.457929714471852,4.22238930329398,10.8571428571429,11,10.8421052631579,"TRUE",1.01456310679612,"Anoxygenic photosynthesis in green sulfur bacteria","Signature modules; Module set; Metabolic capacity","","","22"," Module set"
"201","M00615",0.433470120366709,0.5,1.33333333333333,0,1.33333333333333,"NA",0,"Nitrate assimilation","Signature modules; Module set; Metabolic capacity","","","9"," Module set"
"202","M00616",0.451417211225725,2.7741365022892,3.6875,1,3.86666666666667,"FALSE",0.258620689655172,"Sulfate-sulfur assimilation","Signature modules; Module set; Metabolic capacity","","","10"," Module set"
"203","M00617",0.454366113790637,1.07405529245092,2.72222222222222,2,2.8125,"FALSE",0.711111111111111,"Methanogen","Signature modules; Module set; Metabolic capacity","","","24"," Module set"
"204","M00618",0.456836125591962,1.01954582251634,2.75,1.5,2.88888888888889,"FALSE",0.519230769230769,"Acetogen","Signature modules; Module set; Metabolic capacity","","","12"," Module set"
"205","M00620",0.456836125591962,1.71372171173244,4.1,5,4,"TRUE",1.25,"Incomplete reductive citrate cycle, acetyl-CoA => oxoglutarate","Pathway modules; Energy metabolism; Carbon fixation","map00720,map01200,map01100,map01120","Other carbon fixation pathways,Carbon metabolism,Metabolic pathways,Microbial metabolism in diverse environments","7"," Energy metabolism"
"206","M00622",NA,0,1,1,1,"FALSE",1,"Nicotinate degradation, nicotinate => fumarate","Pathway modules; Metabolism of cofactors and vitamins; Cofactor and vitamin metabolism","map00760,map01100,map01120","Nicotinate and nicotinamide metabolism,Metabolic pathways,Microbial metabolism in diverse environments","6"," Metabolism of cofactors and vitamins"
"207","M00627",0.428879857553054,0.534522483824849,1.5,1,1.57142857142857,"FALSE",0.636363636363636,"beta-Lactam resistance, Bla system","Signature modules; Gene set; Drug resistance","map01501","beta-Lactam resistance","4"," Gene set"
"208","M00631",0.415880186995508,1.16904519445001,2.83333333333333,0,2.83333333333333,"NA",0,"D-Galacturonate degradation (bacteria), D-galacturonate => pyruvate + D-glyceraldehyde 3P","Pathway modules; Carbohydrate metabolism; Other carbohydrate metabolism","map00040,map00030,map01100","Pentose and glucuronate interconversions,Pentose phosphate pathway,Metabolic pathways","5"," Carbohydrate metabolism"
"209","M00632",0.457929714471852,1.19721899973786,2.66666666666667,1.5,2.78947368421053,"FALSE",0.537735849056604,"Galactose degradation, Leloir pathway, galactose => alpha-D-glucose-1P","Pathway modules; Carbohydrate metabolism; Other carbohydrate metabolism","map00052,map01100","Galactose metabolism,Metabolic pathways","4"," Carbohydrate metabolism"
"210","M00633",NA,0,1,1,1,"FALSE",1,"Semi-phosphorylative Entner-Doudoroff pathway, gluconate/galactonate => glycerate-3P","Pathway modules; Carbohydrate metabolism; Central carbohydrate metabolism","map00030,map00052,map01200,map01100","Pentose phosphate pathway,Galactose metabolism,Carbon metabolism,Metabolic pathways","4"," Carbohydrate metabolism"
"211","M00642",0.367879441171442,1.15470053837925,1.66666666666667,0,1.66666666666667,"NA",0,"Multidrug resistance, efflux pump MexJK-OprM","Signature modules; Gene set; Drug resistance","","","4"," Gene set"
"212","M00643",0.367879441171442,0.577350269189626,1.33333333333333,0,1.33333333333333,"NA",0,"Multidrug resistance, efflux pump MexXY-OprM","Signature modules; Gene set; Drug resistance","","","4"," Gene set"
"213","M00651",0.43347012036671,0.333333333333333,1.11111111111111,0,1.11111111111111,"NA",0,"Vancomycin resistance, D-Ala-D-Lac type","Signature modules; Gene set; Drug resistance","map01502,map02020","Vancomycin resistance,Two-component system","11"," Gene set"
"214","M00673",NA,NA,1,0,1,"NA",0,"Cephamycin C biosynthesis, aminoadipate + cycteine + valine => cephamycin C","Pathway modules; Biosynthesis of other secondary metabolites; Biosynthesis of beta-lactams","map00311,map01100,map01110","Penicillin and cephalosporin biosynthesis,Metabolic pathways,Biosynthesis of secondary metabolites","8"," Biosynthesis of other secondary metabolites"
"215","M00696",0.406005849709838,0.447213595499958,1.2,0,1.2,"NA",0,"Multidrug resistance, efflux pump AcrEF-TolC","Signature modules; Gene set; Drug resistance","","","4"," Gene set"
"216","M00697",0.406005849709838,0.447213595499958,1.2,0,1.2,"NA",0,"Multidrug resistance, efflux pump MdtEF-TolC","Signature modules; Gene set; Drug resistance","","","4"," Gene set"
"217","M00698",NA,NA,1,0,1,"NA",0,"Multidrug resistance, efflux pump BpeEF-OprC","Signature modules; Gene set; Drug resistance","","","4"," Gene set"
"218","M00714",NA,0,1,0,1,"NA",0,"Multidrug resistance, efflux pump QacA","Signature modules; Gene set; Drug resistance","","","2"," Gene set"
"219","M00718",0.406005849709838,1.51657508881031,2.6,0,2.6,"NA",0,"Multidrug resistance, efflux pump MexAB-OprM","Signature modules; Gene set; Drug resistance","","","4"," Gene set"
"220","M00725",NA,0,1,0,1,"NA",0,"Cationic antimicrobial peptide (CAMP) resistance, dltABCD operon","Signature modules; Gene set; Drug resistance","map01503","Cationic antimicrobial peptide (CAMP) resistance","6"," Gene set"
"221","M00726",NA,0,1,0,1,"NA",0,"Cationic antimicrobial peptide (CAMP) resistance, lysyl-phosphatidylglycerol (L-PG) synthase MprF","Signature modules; Gene set; Drug resistance","map01503","Cationic antimicrobial peptide (CAMP) resistance","3"," Gene set"
"222","M00736",NA,0,1,0,1,"NA",0,"Nocardicin A biosynthesis, L-pHPG + arginine + serine => nocardicin A","Pathway modules; Biosynthesis of other secondary metabolites; Biosynthesis of beta-lactams","map00261,map01100,map01110","Monobactam biosynthesis,Metabolic pathways,Biosynthesis of secondary metabolites","5"," Biosynthesis of other secondary metabolites"
"223","M00740",0.456836125591962,1.03998987849326,3.35,4,3.27777777777778,"TRUE",1.22033898305085,"Methylaspartate cycle","Pathway modules; Carbohydrate metabolism; Other carbohydrate metabolism","map00020,map00250,map00630,map01200,map01100,map01120","Citrate cycle (TCA cycle),Alanine, aspartate and glutamate metabolism,Glyoxylate and dicarboxylate metabolism,Carbon metabolism,Metabolic pathways,Microbial metabolism in diverse environments","12"," Carbohydrate metabolism"
"224","M00741",0.451417211225725,1.69312334656004,3.25,2,3.42857142857143,"FALSE",0.583333333333333,"Propanoyl-CoA metabolism, propanoyl-CoA => succinyl-CoA","Pathway modules; Carbohydrate metabolism; Other carbohydrate metabolism","map00280,map00630,map00640,map01200,map01100","Valine, leucine and isoleucine degradation,Glyoxylate and dicarboxylate metabolism,Propanoate metabolism,Carbon metabolism,Metabolic pathways","3"," Carbohydrate metabolism"
"225","M00744",0.317310507862914,0.707106781186548,1.5,0,1.5,"NA",0,"Cationic antimicrobial peptide (CAMP) resistance, protease PgtE","Signature modules; Gene set; Drug resistance","","","3"," Gene set"
"226","M00745",0.391625176271089,0.5,1.75,0,1.75,"NA",0,"Imipenem resistance, repression of porin OprD","Signature modules; Gene set; Drug resistance","","","6"," Gene set"
"227","M00746",NA,NA,4,0,4,"NA",0,"Multidrug resistance, repression of porin OmpF","Signature modules; Gene set; Drug resistance","","","3"," Gene set"
"228","M00761",0.317310507862914,1.4142135623731,2,0,2,"NA",0,"Undecaprenylphosphate alpha-L-Ara4N biosynthesis, UDP-GlcA => undecaprenyl phosphate alpha-L-Ara4N","Pathway modules; Carbohydrate metabolism; Other carbohydrate metabolism","map00520,map01100","Amino sugar and nucleotide sugar metabolism,Metabolic pathways","4"," Carbohydrate metabolism"
"229","M00763",0.391625176271089,1.5,3.25,4,2.5,"TRUE",1.6,"Ornithine biosynthesis, mediated by LysW, glutamate => ornithine","Pathway modules; Amino acid metabolism; Arginine and proline metabolism","map00220,map01210,map01230,map01100","Arginine biosynthesis,2-Oxocarboxylic acid metabolism,Biosynthesis of amino acids,Metabolic pathways","6"," Amino acid metabolism"
"230","M00769",NA,0,1,0,1,"NA",0,"Multidrug resistance, efflux pump MexPQ-OpmE","Signature modules; Gene set; Drug resistance","","","5"," Gene set"
"231","M00778",NA,0,1,0,1,"NA",0,"Type II polyketide backbone biosynthesis, acyl-CoA + malonyl-CoA => polyketide","Pathway modules; Biosynthesis of terpenoids and polyketides; Type II polyketide biosynthesis","map01056,map00253,map01100,map01110","Biosynthesis of type II polyketide backbone,Tetracycline biosynthesis,Metabolic pathways,Biosynthesis of secondary metabolites","11"," Biosynthesis of terpenoids and polyketides"
"232","M00780",NA,NA,1,0,1,"NA",0,"Tetracycline/oxytetracycline biosynthesis, pretetramide => tetracycline/oxytetracycline","Pathway modules; Biosynthesis of terpenoids and polyketides; Type II polyketide biosynthesis","map00253,map01057,map01100,map01110","Tetracycline biosynthesis,Biosynthesis of type II polyketide products,Metabolic pathways,Biosynthesis of secondary metabolites","7"," Biosynthesis of terpenoids and polyketides"
"233","M00789",NA,NA,1,0,1,"NA",0,"Rebeccamycin biosynthesis, tryptophan => rebeccamycin","Pathway modules; Biosynthesis of other secondary metabolites; Biosynthesis of other bacterial compounds","map00404,map01100,map01110","Staurosporine biosynthesis,Metabolic pathways,Biosynthesis of secondary metabolites","7"," Biosynthesis of other secondary metabolites"
"234","M00790",NA,NA,1,0,1,"NA",0,"Pyrrolnitrin biosynthesis, tryptophan => pyrrolnitrin","Pathway modules; Biosynthesis of other secondary metabolites; Biosynthesis of other bacterial compounds","map00404,map01100,map01110","Staurosporine biosynthesis,Metabolic pathways,Biosynthesis of secondary metabolites","4"," Biosynthesis of other secondary metabolites"
"235","M00793",0.452960809486994,0.618346942400842,3.58823529411765,4,3.53333333333333,"TRUE",1.13207547169811,"dTDP-L-rhamnose biosynthesis, glucose-1P => dTDP-L-Rha","Pathway modules; Carbohydrate metabolism; Other carbohydrate metabolism","map00521,map00523,map00541,map01250,map01100,map01110","Streptomycin biosynthesis,Polyketide sugar unit biosynthesis,Biosynthesis of various nucleotide sugars,Biosynthesis of nucleotide sugars,Metabolic pathways,Biosynthesis of secondary metabolites","5"," Carbohydrate metabolism"
"236","M00798",NA,NA,1,0,1,"NA",0,"dTDP-L-mycarose biosynthesis","Pathway modules; Biosynthesis of terpenoids and polyketides; Polyketide sugar unit biosynthesis","map00523,map01250,map01100,map01110","Polyketide sugar unit biosynthesis,Biosynthesis of nucleotide sugars,Metabolic pathways,Biosynthesis of secondary metabolites","6"," Biosynthesis of terpenoids and polyketides"
"237","M00799",NA,NA,1,0,1,"NA",0,"dTDP-L-oleandrose biosynthesis","Pathway modules; Biosynthesis of terpenoids and polyketides; Polyketide sugar unit biosynthesis","map00523,map01250,map01100,map01110","Polyketide sugar unit biosynthesis,Biosynthesis of nucleotide sugars,Metabolic pathways,Biosynthesis of secondary metabolites","5"," Biosynthesis of terpenoids and polyketides"
"238","M00804",0.415880186995508,0.408248290463863,1.83333333333333,2,1.8,"TRUE",1.11111111111111,"Complete nitrification, comammox, ammonia => nitrite => nitrate","Pathway modules; Energy metabolism; Nitrogen metabolism","map00910,map01310,map01100,map01120","Nitrogen metabolism,Nitrogen cycle,Metabolic pathways,Microbial metabolism in diverse environments","3"," Energy metabolism"
"239","M00814",NA,NA,1,0,1,"NA",0,"Acarbose biosynthesis, sedoheptulopyranose-7P => acarbose","Pathway modules; Biosynthesis of other secondary metabolites; Biosynthesis of other bacterial compounds","map00525,map01100,map01110","Acarbose and validamycin biosynthesis,Metabolic pathways,Biosynthesis of secondary metabolites","8"," Biosynthesis of other secondary metabolites"
"240","M00815",NA,NA,1,0,1,"NA",0,"Validamycin A biosynthesis, sedoheptulopyranose-7P => validamycin A","Pathway modules; Biosynthesis of other secondary metabolites; Biosynthesis of other antibiotics","map00525,map01100,map01110","Acarbose and validamycin biosynthesis,Metabolic pathways,Biosynthesis of secondary metabolites","9"," Biosynthesis of other secondary metabolites"
"241","M00823",NA,NA,1,0,1,"NA",0,"Chlortetracycline biosynthesis, pretetramide => chlortetracycline","Pathway modules; Biosynthesis of terpenoids and polyketides; Type II polyketide biosynthesis","map00253,map01057,map01100,map01110","Tetracycline biosynthesis,Biosynthesis of type II polyketide products,Metabolic pathways,Biosynthesis of secondary metabolites","9"," Biosynthesis of terpenoids and polyketides"
"242","M00824",NA,NA,1,0,1,"NA",0,"9-membered enediyne core biosynthesis, malonyl-CoA => 3-hydroxyhexadeca-4,6,8,10,12,14-hexaenoyl-ACP => 9-membered enediyne core","Pathway modules; Biosynthesis of terpenoids and polyketides; Enediyne biosynthesis","map01059,map01100,map01110","Biosynthesis of enediyne antibiotics,Metabolic pathways,Biosynthesis of secondary metabolites","9"," Biosynthesis of terpenoids and polyketides"
"243","M00827",NA,0,1,0,1,"NA",0,"C-1027 beta-amino acid moiety biosynthesis, tyrosine => 3-chloro-4,5-dihydroxy-beta-phenylalanyl-PCP","Pathway modules; Biosynthesis of terpenoids and polyketides; Enediyne biosynthesis","map01059,map01100,map01110","Biosynthesis of enediyne antibiotics,Metabolic pathways,Biosynthesis of secondary metabolites","6"," Biosynthesis of terpenoids and polyketides"
"244","M00832",NA,0,1,0,1,"NA",0,"Kedarcidin 2-aza-3-chloro-beta-tyrosine moiety biosynthesis, azatyrosine => 2-aza-3-chloro-beta-tyrosyl-PCP","Pathway modules; Biosynthesis of terpenoids and polyketides; Enediyne biosynthesis","map01059,map01100,map01110","Biosynthesis of enediyne antibiotics,Metabolic pathways,Biosynthesis of secondary metabolites","5"," Biosynthesis of terpenoids and polyketides"
"245","M00835",NA,0,1,0,1,"NA",0,"Pyocyanine biosynthesis, chorismate => pyocyanine","Pathway modules; Biosynthesis of other secondary metabolites; Biosynthesis of other bacterial compounds","map00405,map01100,map01110","Phenazine biosynthesis,Metabolic pathways,Biosynthesis of secondary metabolites","7"," Biosynthesis of other secondary metabolites"
"246","M00840",0.451417211225725,0.51234753829798,1.5625,0,1.5625,"NA",0,"Tetrahydrofolate biosynthesis, mediated by ribA and trpF, GTP => THF","Pathway modules; Metabolism of cofactors and vitamins; Cofactor and vitamin metabolism","map00790,map01240,map01100","Folate biosynthesis,Biosynthesis of cofactors,Metabolic pathways","6"," Metabolism of cofactors and vitamins"
"247","M00841",0.456836125591963,0.444261658319319,1.75,2,1.72222222222222,"TRUE",1.16129032258065,"Tetrahydrofolate biosynthesis, mediated by PTPS, GTP => THF","Pathway modules; Metabolism of cofactors and vitamins; Cofactor and vitamin metabolism","map00790,map01240,map01100","Folate biosynthesis,Biosynthesis of cofactors,Metabolic pathways","5"," Metabolism of cofactors and vitamins"
"248","M00842",0.454366113790637,0.485071250072666,1.33333333333333,2,1.25,"TRUE",1.6,"Tetrahydrobiopterin biosynthesis, GTP => BH4","Pathway modules; Metabolism of cofactors and vitamins; Cofactor and vitamin metabolism","map00790,map01240,map01100","Folate biosynthesis,Biosynthesis of cofactors,Metabolic pathways","3"," Metabolism of cofactors and vitamins"
"249","M00843",0.454366113790637,0.485071250072666,1.33333333333333,2,1.25,"TRUE",1.6,"L-threo-Tetrahydrobiopterin biosynthesis, GTP => L-threo-BH4","Pathway modules; Metabolism of cofactors and vitamins; Cofactor and vitamin metabolism","map00790,map01240,map01100","Folate biosynthesis,Biosynthesis of cofactors,Metabolic pathways","3"," Metabolism of cofactors and vitamins"
"250","M00844",0.455652604322418,0.458831467741124,2.89473684210526,3,2.88235294117647,"TRUE",1.04081632653061,"Arginine biosynthesis, ornithine => arginine","Pathway modules; Amino acid metabolism; Arginine and proline metabolism","map00220,map01230,map01100","Arginine biosynthesis,Biosynthesis of amino acids,Metabolic pathways","3"," Amino acid metabolism"
"251","M00845",0.455652604322419,1.20428086327933,3.68421052631579,2,3.88235294117647,"FALSE",0.515151515151515,"Arginine biosynthesis, glutamate => acetylcitrulline => arginine","Pathway modules; Amino acid metabolism; Arginine and proline metabolism","map00220,map01230,map01100","Arginine biosynthesis,Biosynthesis of amino acids,Metabolic pathways","7"," Amino acid metabolism"
"252","M00846",0.456836125591962,1.23544153624268,5.5,6.5,5.38888888888889,"TRUE",1.20618556701031,"Siroheme biosynthesis, glutamyl-tRNA => siroheme","Pathway modules; Metabolism of cofactors and vitamins; Cofactor and vitamin metabolism","map00860,map01240,map01100,map01110","Porphyrin metabolism,Biosynthesis of cofactors,Metabolic pathways,Biosynthesis of secondary metabolites","8"," Metabolism of cofactors and vitamins"
"253","M00847",NA,0,1,1,1,"FALSE",1,"Heme biosynthesis, archaea, siroheme => heme","Pathway modules; Metabolism of cofactors and vitamins; Cofactor and vitamin metabolism","map00860,map01240,map01100,map01110","Porphyrin metabolism,Biosynthesis of cofactors,Metabolic pathways,Biosynthesis of secondary metabolites","4"," Metabolism of cofactors and vitamins"
"254","M00848",0.451417211225726,0.341565025531987,1.125,0,1.125,"NA",0,"Aurachin biosynthesis, anthranilate => aurachin A","Pathway modules; Biosynthesis of other secondary metabolites; Biosynthesis of other antibiotics","map00998,map01100,map01110","Biosynthesis of various antibiotics,Metabolic pathways,Biosynthesis of secondary metabolites","11"," Biosynthesis of other secondary metabolites"
"255","M00849",0.452960809486995,2.34207047666099,3.11764705882353,7,2.6,"TRUE",2.69230769230769,"C5 isoprenoid biosynthesis, mevalonate pathway, archaea","Pathway modules; Biosynthesis of terpenoids and polyketides; Terpenoid backbone biosynthesis","map00900,map01100,map01110","Terpenoid backbone biosynthesis,Metabolic pathways,Biosynthesis of secondary metabolites","13"," Biosynthesis of terpenoids and polyketides"
"256","M00850",NA,NA,1,0,1,"NA",0,"Vibrio cholerae pathogenicity signature, cholera toxins","Signature modules; Gene set; Pathogenicity","map05110","Vibrio cholerae infection","7"," Gene set"
"257","M00854",0.454366113790637,1.4950900031928,3,1,3.11764705882353,"FALSE",0.320754716981132,"Glycogen biosynthesis, glucose-1P => glycogen/starch","Pathway modules; Carbohydrate metabolism; Other carbohydrate metabolism","map00500,map01100","Starch and sucrose metabolism,Metabolic pathways","7"," Carbohydrate metabolism"
"258","M00855",0.443263278426466,1.15470053837925,2.66666666666667,0,2.66666666666667,"NA",0,"Glycogen degradation, glycogen => glucose-6P","Pathway modules; Carbohydrate metabolism; Other carbohydrate metabolism","map00500,map01100","Starch and sucrose metabolism,Metabolic pathways","6"," Carbohydrate metabolism"
"259","M00861",NA,0,1,0,1,"NA",0,"beta-Oxidation, peroxisome, VLCFA","Pathway modules; Lipid metabolism; Fatty acid metabolism","map01040,map01212,map01100","Biosynthesis of unsaturated fatty acids,Fatty acid metabolism,Metabolic pathways","4"," Lipid metabolism"
"260","M00862",NA,0,1,0,1,"NA",0,"beta-Oxidation, peroxisome, tri/dihydroxycholestanoyl-CoA => choloyl/chenodeoxycholoyl-CoA","Pathway modules; Lipid metabolism; Sterol biosynthesis","map00120,map01100","Primary bile acid biosynthesis,Metabolic pathways","3"," Lipid metabolism"
"261","M00866",0.406005849709838,1.14017542509914,8.6,0,8.6,"NA",0,"KDO2-lipid A biosynthesis, Raetz pathway, non-LpxL-LpxM type","Pathway modules; Glycan metabolism; Lipopolysaccharide metabolism","map00540,map01100","Lipopolysaccharide biosynthesis,Metabolic pathways","11"," Glycan metabolism"
"262","M00867",NA,0,1,0,1,"NA",0,"KDO2-lipid A modification pathway","Pathway modules; Glycan metabolism; Lipopolysaccharide metabolism","map00540,map01100","Lipopolysaccharide biosynthesis,Metabolic pathways","6"," Glycan metabolism"
"263","M00868",0.456836125591962,1.356271980176,5.45,4.5,5.55555555555556,"FALSE",0.81,"Heme biosynthesis, animals and fungi, glycine => heme","Pathway modules; Metabolism of cofactors and vitamins; Cofactor and vitamin metabolism","map00860,map01240,map01100,map01110","Porphyrin metabolism,Biosynthesis of cofactors,Metabolic pathways,Biosynthesis of secondary metabolites","8"," Metabolism of cofactors and vitamins"
"264","M00872",NA,0,1,0,1,"NA",0,"O-glycan biosynthesis, mannose type (core M3)","Pathway modules; Glycan metabolism; Glycan biosynthesis","map00515,map01100","Mannose type O-glycan biosynthesis,Metabolic pathways","10"," Glycan metabolism"
"265","M00873",0.445679641364611,0.518874521662771,1.53846153846154,0,1.53846153846154,"NA",0,"Fatty acid biosynthesis in mitochondria, animals","Pathway modules; Lipid metabolism; Fatty acid metabolism","map00061,map01212,map01100","Fatty acid biosynthesis,Fatty acid metabolism,Metabolic pathways","7"," Lipid metabolism"
"266","M00874",0.454366113790637,1.42457423980145,2.83333333333333,1,3.0625,"FALSE",0.326530612244898,"Fatty acid biosynthesis in mitochondria, fungi","Pathway modules; Lipid metabolism; Fatty acid metabolism","map00061,map01212,map01100","Fatty acid biosynthesis,Fatty acid metabolism,Metabolic pathways","7"," Lipid metabolism"
"267","M00875",0.317310507862914,1.4142135623731,2,0,2,"NA",0,"Staphyloferrin B biosynthesis, L-serine => staphyloferrin B","Pathway modules; Biosynthesis of other secondary metabolites; Biosynthesis of other bacterial compounds","map00997,map01100,map01110","Biosynthesis of various other secondary metabolites,Metabolic pathways,Biosynthesis of secondary metabolites","7"," Biosynthesis of other secondary metabolites"
"268","M00876",NA,0,1,0,1,"NA",0,"Staphyloferrin A biosynthesis, L-ornithine => staphyloferrin A","Pathway modules; Biosynthesis of other secondary metabolites; Biosynthesis of other bacterial compounds","map00997,map01100,map01110","Biosynthesis of various other secondary metabolites,Metabolic pathways,Biosynthesis of secondary metabolites","3"," Biosynthesis of other secondary metabolites"
"269","M00878",0.451417211225725,3.91578004149024,5.5,1.5,6.07142857142857,"FALSE",0.247058823529412,"Phenylacetate degradation, phenylaxetate => acetyl-CoA/succinyl-CoA","Pathway modules; Xenobiotics biodegradation; Aromatics degradation","map00360,map01100,map01120","Phenylalanine metabolism,Metabolic pathways,Microbial metabolism in diverse environments","7"," Xenobiotics biodegradation"
"270","M00879",0.317310507862914,2.12132034355964,3.5,0,3.5,"NA",0,"Arginine succinyltransferase pathway, arginine => glutamate","Pathway modules; Amino acid metabolism; Arginine and proline metabolism","map00330,map01100","Arginine and proline metabolism,Metabolic pathways","5"," Amino acid metabolism"
"271","M00880",0.454366113790637,1.23669388480168,4,4.5,3.9375,"TRUE",1.14285714285714,"Molybdenum cofactor biosynthesis, GTP => molybdenum cofactor","Pathway modules; Metabolism of cofactors and vitamins; Cofactor and vitamin metabolism","map00790,map01240,map01100","Folate biosynthesis,Biosynthesis of cofactors,Metabolic pathways","8"," Metabolism of cofactors and vitamins"
"272","M00881",0.455652604322419,0.418853908291695,1.78947368421053,2,1.76470588235294,"TRUE",1.13333333333333,"Lipoic acid biosynthesis, plants and bacteria, octanoyl-ACP => dihydrolipoyl-E2/H","Pathway modules; Metabolism of cofactors and vitamins; Cofactor and vitamin metabolism","map00785,map01240,map01100","Lipoic acid metabolism,Biosynthesis of cofactors,Metabolic pathways","2"," Metabolism of cofactors and vitamins"
"273","M00882",NA,0,1,1,1,"FALSE",1,"Lipoic acid biosynthesis, eukaryotes, octanoyl-ACP => dihydrolipoyl-H","Pathway modules; Metabolism of cofactors and vitamins; Cofactor and vitamin metabolism","map00785,map01240,map01100","Lipoic acid metabolism,Biosynthesis of cofactors,Metabolic pathways","2"," Metabolism of cofactors and vitamins"
"274","M00883",0.451417211225726,0.341565025531987,1.125,1,1.14285714285714,"FALSE",0.875,"Lipoic acid biosynthesis, animals and bacteria, octanoyl-ACP => dihydrolipoyl-H => dihydrolipoyl-E2","Pathway modules; Metabolism of cofactors and vitamins; Cofactor and vitamin metabolism","map00785,map01240,map01100","Lipoic acid metabolism,Biosynthesis of cofactors,Metabolic pathways","3"," Metabolism of cofactors and vitamins"
"275","M00884",NA,0,1,1,1,"FALSE",1,"Lipoic acid biosynthesis, octanoyl-CoA => dihydrolipoyl-E2","Pathway modules; Metabolism of cofactors and vitamins; Cofactor and vitamin metabolism","map00785,map01240,map01100","Lipoic acid metabolism,Biosynthesis of cofactors,Metabolic pathways","2"," Metabolism of cofactors and vitamins"
"276","M00892",0.457929714471853,0.717137165600636,2.28571428571429,2,2.31578947368421,"FALSE",0.863636363636364,"UDP-N-acetyl-D-glucosamine biosynthesis, eukaryotes, glucose => UDP-GlcNAc","Pathway modules; Carbohydrate metabolism; Other carbohydrate metabolism","map00520,map01250,map01100","Amino sugar and nucleotide sugar metabolism,Biosynthesis of nucleotide sugars,Metabolic pathways","7"," Carbohydrate metabolism"
"277","M00895",0.456836125591962,2.02289526747133,5.25,3.5,5.44444444444444,"FALSE",0.642857142857143,"Thiamine biosynthesis, prokaryotes, AIR (+ DXP/glycine) => TMP/TPP","Pathway modules; Metabolism of cofactors and vitamins; Cofactor and vitamin metabolism","map00730,map01240,map01100","Thiamine metabolism,Biosynthesis of cofactors,Metabolic pathways","10"," Metabolism of cofactors and vitamins"
"278","M00896",0.456836125591962,1.0711528467276,2.9,2.5,2.94444444444444,"FALSE",0.849056603773585,"Thiamine biosynthesis, archaea, AIR (+ NAD+) => TMP/TPP","Pathway modules; Metabolism of cofactors and vitamins; Cofactor and vitamin metabolism","map00730,map01240,map01100","Thiamine metabolism,Biosynthesis of cofactors,Metabolic pathways","6"," Metabolism of cofactors and vitamins"
"279","M00897",NA,0,1,0,1,"NA",0,"Thiamine biosynthesis, plants, AIR (+ NAD+) => TMP/thiamine/TPP","Pathway modules; Metabolism of cofactors and vitamins; Cofactor and vitamin metabolism","map00730,map01240,map01100","Thiamine metabolism,Biosynthesis of cofactors,Metabolic pathways","5"," Metabolism of cofactors and vitamins"
"280","M00898",NA,NA,1,0,1,"NA",0,"Thiamine biosynthesis, pyridoxal-5P => TMP/thiamine/TPP","Pathway modules; Metabolism of cofactors and vitamins; Cofactor and vitamin metabolism","map00730,map01240,map01100","Thiamine metabolism,Biosynthesis of cofactors,Metabolic pathways","5"," Metabolism of cofactors and vitamins"
"281","M00899",0.452960809486994,0.63593377383646,1.82352941176471,1.5,1.86666666666667,"FALSE",0.803571428571429,"Thiamine salvage pathway, HMP/HET => TMP","Pathway modules; Metabolism of cofactors and vitamins; Cofactor and vitamin metabolism","map00730,map01100","Thiamine metabolism,Metabolic pathways","4"," Metabolism of cofactors and vitamins"
"282","M00909",0.457929714471852,1.31475147026783,4.14285714285714,3,4.26315789473684,"FALSE",0.703703703703704,"UDP-N-acetyl-D-glucosamine biosynthesis, prokaryotes, glucose => UDP-GlcNAc","Pathway modules; Carbohydrate metabolism; Other carbohydrate metabolism","map00520,map01250,map01100","Amino sugar and nucleotide sugar metabolism,Biosynthesis of nucleotide sugars,Metabolic pathways","5"," Carbohydrate metabolism"
"283","M00911",0.455652604322418,0.65337629647495,2.73684210526316,2,2.82352941176471,"FALSE",0.708333333333333,"Riboflavin biosynthesis, fungi, GTP => riboflavin/FMN/FAD","Pathway modules; Metabolism of cofactors and vitamins; Cofactor and vitamin metabolism","map00740,map01240,map01100","Riboflavin metabolism,Biosynthesis of cofactors,Metabolic pathways","8"," Metabolism of cofactors and vitamins"
"284","M00912",0.456836125591962,1.1697953037312,3,1.5,3.16666666666667,"FALSE",0.473684210526316,"NAD biosynthesis, tryptophan => quinolinate => NAD","Pathway modules; Metabolism of cofactors and vitamins; Cofactor and vitamin metabolism","map00380,map00760,map01240,map01100","Tryptophan metabolism,Nicotinate and nicotinamide metabolism,Biosynthesis of cofactors,Metabolic pathways","10"," Metabolism of cofactors and vitamins"
"285","M00913",0.449711055848699,1.0555973258235,2.4,0,2.4,"NA",0,"Pantothenate biosynthesis, 2-oxoisovalerate/spermine => pantothenate","Pathway modules; Metabolism of cofactors and vitamins; Cofactor and vitamin metabolism","map00770,map01240,map01100","Pantothenate and CoA biosynthesis,Biosynthesis of cofactors,Metabolic pathways","5"," Metabolism of cofactors and vitamins"
"286","M00914",0.456836125591962,0.812727700887249,2.35,3,2.27777777777778,"TRUE",1.31707317073171,"Coenzyme A biosynthesis, archaea, 2-oxoisovalerate => 4-phosphopantoate => CoA","Pathway modules; Metabolism of cofactors and vitamins; Cofactor and vitamin metabolism","map00770,map01240,map01100","Pantothenate and CoA biosynthesis,Biosynthesis of cofactors,Metabolic pathways","7"," Metabolism of cofactors and vitamins"
"287","M00916",0.449711055848699,0.258198889747161,1.93333333333333,2,1.92307692307692,"TRUE",1.04,"Pyridoxal-P biosynthesis, R5P + glyceraldehyde-3P + glutamine => pyridoxal-P","Pathway modules; Metabolism of cofactors and vitamins; Cofactor and vitamin metabolism","map00750,map01240,map01100","Vitamin B6 metabolism,Biosynthesis of cofactors,Metabolic pathways","2"," Metabolism of cofactors and vitamins"
"288","M00917",0.367879441171442,0.577350269189626,1.66666666666667,0,1.66666666666667,"NA",0,"Phytosterol biosynthesis, squalene 2,3-epoxide => campesterol/sitosterol","Pathway modules; Lipid metabolism; Sterol biosynthesis","map00100,map01100,map01110","Steroid biosynthesis,Metabolic pathways,Biosynthesis of secondary metabolites","13"," Lipid metabolism"
"289","M00918",NA,0,1,0,1,"NA",0,"Aerobactin biosynthesis, lysine => aerobactin","Pathway modules; Biosynthesis of other secondary metabolites; Biosynthesis of other bacterial compounds","map00997,map01100,map01110","Biosynthesis of various other secondary metabolites,Metabolic pathways,Biosynthesis of secondary metabolites","4"," Biosynthesis of other secondary metabolites"
"290","M00919",NA,NA,4,0,4,"NA",0,"Ectoine degradation, ectoine => aspartate","Pathway modules; Amino acid metabolism; Serine and threonine metabolism","map00260,map01100,map01120","Glycine, serine and threonine metabolism,Metabolic pathways,Microbial metabolism in diverse environments","4"," Amino acid metabolism"
"291","M00921",NA,0,1,1,1,"FALSE",1,"Cyclooctatin biosynthesis, dimethylallyl-PP + isopentenyl-PP => cyclooctatin","Pathway modules; Biosynthesis of other secondary metabolites; Biosynthesis of other bacterial compounds","map00900,map00997,map01100,map01110","Terpenoid backbone biosynthesis,Biosynthesis of various other secondary metabolites,Metabolic pathways,Biosynthesis of secondary metabolites","4"," Biosynthesis of other secondary metabolites"
"292","M00924",0.452960809486995,4.16038742539824,4.94117647058824,10,4.26666666666667,"TRUE",2.34375,"Cobalamin biosynthesis, anaerobic, uroporphyrinogen III => sirohydrochlorin => cobyrinate a,c-diamide","Pathway modules; Metabolism of cofactors and vitamins; Cofactor and vitamin metabolism","map00860,map01240,map01100","Porphyrin metabolism,Biosynthesis of cofactors,Metabolic pathways","15"," Metabolism of cofactors and vitamins"
"293","M00925",0.452960809486995,4.80808143221634,5.35294117647059,8.5,4.93333333333333,"TRUE",1.72297297297297,"Cobalamin biosynthesis, aerobic, uroporphyrinogen III => precorrin 2 => cobyrinate a,c-diamide","Pathway modules; Metabolism of cofactors and vitamins; Cofactor and vitamin metabolism","map00860,map01240,map01100","Porphyrin metabolism,Biosynthesis of cofactors,Metabolic pathways","12"," Metabolism of cofactors and vitamins"
"294","M00926",0.456836125591962,1.7614288458372,7.55,6.5,7.66666666666667,"FALSE",0.847826086956522,"Heme biosynthesis, bacteria, glutamyl-tRNA => coproporphyrin III => heme","Pathway modules; Metabolism of cofactors and vitamins; Cofactor and vitamin metabolism","map00860,map01240,map01100","Porphyrin metabolism,Biosynthesis of cofactors,Metabolic pathways","9"," Metabolism of cofactors and vitamins"
"295","M00930",0.39162517627109,0.816496580927726,2,2.5,1.5,"TRUE",1.66666666666667,"Menaquinone biosynthesis, futalosine pathway","Pathway modules; Metabolism of cofactors and vitamins; Cofactor and vitamin metabolism","map00130,map01240,map01100","Ubiquinone and other terpenoid-quinone biosynthesis,Biosynthesis of cofactors,Metabolic pathways","6"," Metabolism of cofactors and vitamins"
"296","M00931",0.39162517627109,0.816496580927726,2,2.5,1.5,"TRUE",1.66666666666667,"Menaquinone biosynthesis, modified futalosine pathway","Pathway modules; Metabolism of cofactors and vitamins; Cofactor and vitamin metabolism","map00130,map01240,map01100","Ubiquinone and other terpenoid-quinone biosynthesis,Biosynthesis of cofactors,Metabolic pathways","5"," Metabolism of cofactors and vitamins"
"297","M00932",0.449711055848699,2.07708587070581,4.2,1,4.42857142857143,"FALSE",0.225806451612903,"Phylloquinone biosynthesis, chorismate (+ phytyl-PP) => phylloquinol","Pathway modules; Metabolism of cofactors and vitamins; Cofactor and vitamin metabolism","map00130,map01240,map01100,map01110","Ubiquinone and other terpenoid-quinone biosynthesis,Biosynthesis of cofactors,Metabolic pathways,Biosynthesis of secondary metabolites","12"," Metabolism of cofactors and vitamins"
"298","M00935",NA,0,1,0,1,"NA",0,"Methanofuran biosynthesis","Pathway modules; Energy metabolism; Methane metabolism","map00680,map01240,map01100","Methane metabolism,Biosynthesis of cofactors,Metabolic pathways","6"," Energy metabolism"
"299","M00936",NA,NA,1,0,1,"NA",0,"Melatonin biosynthesis, plants, tryptophan => serotonin => melatonin","Pathway modules; Amino acid metabolism; Aromatic amino acid metabolism","map00380,map01100,map01110","Tryptophan metabolism,Metabolic pathways,Biosynthesis of secondary metabolites","4"," Amino acid metabolism"
